cohort_id,cohort_name,n_studies,n_papers,study_accessions,paper_ids,index_publication_pmid,countries,first_public_min,n_samples_total,unique_infants_est,unique_infants_outcome,body_sites,controlled_access,confidence,evidence,decision,cluster_id,paper_years,dropped_member_ids_not_in_dossier,unique_infants_est_prev,unique_infants_est_partial,unique_infants_est_source,included_study_accessions,n_included_studies,unique_infants_display,unique_infants_display_source,release_added,release_retired,package_added
COH0001,CHILD,1,18,PRJNA838575,23401405|23607879|26069286|26424567|27634868|30247646|31921134|32220282|32779963|36603585|36830570|37644001|38326891|39393830|40187613|40623174|40912476|42337243,37644001.0,Canada,2022-12-07,2934,3542.0,predicted,stool,False,0.88,"{""name"": {""source"": ""paper.title"", ""quote"": ""the CHILD Cohort Study"", ""in_dossier"": true}, ""index"": {""source"": ""paper.abstract"", ""quote"": ""linked: PRJNA838575(own_data)"", ""in_dossier"": true}, ""infants"": {""source"": ""paper.abstract"", ""quote"": ""3624 pregnant women, most partners and 3542 eligible offspring"", ""in_dossier"": true}}",confirm,CC0001,2013|2015|2016|2018|2019|2020|2023|2024|2025|2026,,3542.0,,cohorts_v3:unresolved,PRJNA838575,1,"unknown (≤ 2934, no subject evidence)",study_display:PRJNA838575 (no_subject_evidence),1.0.0,,1.0.0
COH0002,Stewart/Rose UK preterm infant cohort,2,14,PRJEB39610|PRJEB15257,24023682|28034304|28701177|30832576|33328245|34362295|PPR268123|PPR292270|39716092|PPR378487|PPR563270|39216480|28149696|39138199,39216480.0,United Kingdom,2016-09-23,659,318.0,predicted,stool|breast milk|intestinal tissue,False,0.5,"{""name"": null, ""index"": {""source"": ""study.title"", ""quote"": ""Longitudinal metagenomic analysis of the gut microbiome in preterm infants"", ""in_dossier"": true}, ""infants"": {""source"": ""paper.abstract"", ""quote"": ""From a cohort of 318 infants"", ""in_dossier"": true}}",confirm,CC0002,2013|2016|2017|2019|2021|2022|2024,,318.0,48.0,cohorts_v3:subject_resolution:1/2_members,PRJEB39610|PRJEB15257,2,≈ 318 (cohorts_v3:subject_resolution:1/2_members),cohort_rule:predicted,1.0.0,,1.0.0
COH0003,COPSAC2010,1,13,PRJNA715601,33338536|33887206|36642652|37037943|38135681|38730321|40108202|41673465|42372831|PPR618573|PPR627222|PPR835751|PPR854548,36642652.0,Denmark,2021-04-02,662,661.0,predicted,gut,False,0.8,"{""name"": {""source"": ""study.title"", ""quote"": ""COPSAC corhot study of infant gut microbiome"", ""in_dossier"": true}, ""index"": {""source"": ""paper.title"", ""quote"": ""25 Years of translational research in the Copenhagen Prospective Studies"", ""in_dossier"": true}, ""infants"": {""source"": ""paper.abstract"", ""quote"": ""cohort of 662 Danish children"", ""in_dossier"": true}}",confirm,CC0003,2021|2023|2024|2025|2026,,662.0,,subject_resolution:all_members,PRJNA715601,1,661,study_display:PRJNA715601 (subject_ids),1.0.0,,1.0.0
COH0008,Robertson 2023 Zimbabwe,1,7,PRJEB51728,34139432|34393020|36788215|39341154|39352457|PPR303243|PPR484760,36788215.0,Zimbabwe,2023-02-14,875,852.0,sentinel_no_evidence,stool,False,0.72,"{""name"": null, ""index"": {""source"": ""study.title"", ""quote"": ""Infant stool metagenomic datasets"", ""in_dossier"": true}, ""infants"": null}",split,CC0005,2021|2022|2023|2024|2025,,,,subject_resolution:all_members,PRJEB51728,1,583–836 (subject ids on 606/859 samples),study_display:PRJEB51728 (subject_ids_partial),1.0.0,,1.0.0
COH0009,Brown 2018 USA,2,2,PRJNA273761|PRJNA294605,29636439|PPR12047,29636439.0,USA,2015-06-05,71,67.0,predicted,stool,False,0.62,"{""name"": null, ""index"": {""source"": ""paper.title"", ""quote"": ""Hospitalized Premature Infants Are Colonized by Related Bacterial Strains"", ""in_dossier"": true}, ""infants"": {""source"": ""study.title"", ""quote"": ""n_samples=60"", ""in_dossier"": true}}",split,CC0006,2017|2018,,60.0,,subject_resolution:all_members,PRJNA273761|PRJNA294605,2,≈ 67 (subject_resolution:all_members),cohort_rule:predicted,1.0.0,,1.0.0
COH0010,New Hampshire Birth Cohort Study,1,7,PRJNA296814,29973274|32968156|34215179|35568730|35847562|35906254|36777525,,USA,2019-03-07,1063,1063.0,sentinel_no_evidence,stool|saliva,False,0.85,"{""name"": {""source"": ""study.title"", ""quote"": ""New Hampshire Birth Cohort Study microbiome"", ""in_dossier"": true}, ""index"": null, ""infants"": null}",confirm,CC0007,2018|2020|2021|2022|2023,,,,subject_resolution:all_members,PRJNA296814,1,≤ 1063 (one subject id per sample),study_display:PRJNA296814 (subject_ids_all_distinct),1.0.0,,1.0.0
COH0011,Ta 2020 Singapore,1,1,PRJNA642723,33023370,33023370.0,Singapore,2021-01-17,162,162.0,sentinel_no_evidence,gut,False,0.75,"{""name"": null, ""index"": {""source"": ""paper.abstract"", ""quote"": ""In this longitudinal study, we used integrated multi-omics analyses"", ""in_dossier"": true}, ""infants"": null}",split,CC0008,2020,,,,subject_resolution:all_members,PRJNA642723,1,unknown (no infant-role samples),study_display:PRJNA642723 (no_infant_role_samples),1.0.0,,1.0.0
COH0015,MicrobeMom,1,5,PRJEB48251,37142190|37230981|37720155|40755225|PPR636988,37230981.0,Ireland,2025-02-21,205,205.0,predicted,infant_gut|breast_milk,False,0.88,"{""name"": {""source"": ""study.title"", ""quote"": ""MicrobeMom"", ""in_dossier"": true}, ""index"": {""source"": ""paper.title"", ""quote"": ""Detailed mapping of Bifidobacterium strain transmission from mother to infant"", ""in_dossier"": true}, ""infants"": {""source"": ""paper.abstract"", ""quote"": ""cohort of 135 mother-infant (F = 72, M = 63) dyads"", ""in_dossier"": true}}",confirm,CC0010,2023|2025,,135.0,,subject_resolution:all_members,PRJEB48251,1,≤ 205 (one subject id per sample),study_display:PRJEB48251 (subject_ids_all_distinct),1.0.0,,1.0.0
COH0016,RoVI,1,4,PRJEB62041,28360258|37980461|PPR233897|PPR637891,37980461.0,India|Malawi,2023-05-17,344,344.0,sentinel_no_evidence,gut,False,0.8,"{""name"": {""source"": ""study.title"", ""quote"": ""Rotavirus Vaccine Immunogenicity (RoVI) shotgun metagenomics"", ""in_dossier"": true}, ""index"": {""source"": ""paper.title"", ""quote"": ""impaired rotavirus vaccine immunogenicity in infants from India and Malawi"", ""in_dossier"": true}, ""infants"": null}",split,CC0011,2017|2020|2023,,,,subject_resolution:all_members,PRJEB62041,1,≤ 344 (one subject id per sample),study_display:PRJEB62041 (subject_ids_all_distinct),1.0.0,,1.0.0
COH0017,LucKi Gut Study,1,5,PRJEB89491,34444798|40518985|42057198|PPR1033249|PPR1097230,42057198.0,Netherlands,2025-05-19,929,139.0,predicted,gut,False,0.68,"{""name"": {""source"": ""study.title"", ""quote"": ""LucKi Gut - Longitudinal metagenomic sequencing of infant gut microbiota"", ""in_dossier"": true}, ""index"": {""source"": ""paper.abstract"", ""quote"": ""Using longitudinal data from 139 infants"", ""in_dossier"": true}, ""infants"": {""source"": ""paper.abstract"", ""quote"": ""longitudinal data from 139 infants"", ""in_dossier"": true}}",confirm,CC0012,2021|2025|2026,,139.0,,subject_resolution:all_members,PRJEB89491,1,139,study_display:PRJEB89491 (subject_ids),1.0.0,,1.0.0
COH0018,Brooks 2014 USA,1,1,PRJNA221723,24468033,24468033.0,USA,2014-02-05,2,2.0,predicted,stool,False,0.75,"{""name"": null, ""index"": {""source"": ""paper.title"", ""quote"": ""Microbes in the neonatal intensive care unit resemble those found"", ""in_dossier"": true}, ""infants"": {""source"": ""study.title"", ""quote"": ""Gut metagenome from two premature infants"", ""in_dossier"": true}}",split,CC0013,2014,,2.0,,cohorts_v3:unresolved,PRJNA221723,1,"unknown (≤ 2, no subject evidence)",study_display:PRJNA221723 (no_subject_evidence),1.0.0,,1.0.0
COH0019,Brooks 2017 USA,1,3,PRJNA376566,29180750|29925423|PPR13305,29180750.0,USA,2017-12-06,407,407.0,sentinel_no_evidence,stool,False,0.7,"{""name"": null, ""index"": {""source"": ""paper.title"", ""quote"": ""Strain-resolved analysis of hospital rooms and infants reveals overlap"", ""in_dossier"": true}, ""infants"": null}",split,CC0013,2017|2018,,,,subject_resolution:all_members,PRJNA376566,1,≤ 407 (one subject id per sample),study_display:PRJNA376566 (subject_ids_all_distinct),1.0.0,,1.0.0
COH0020,Li 2021,1,0,PRJNA543520,,32239170.0,,2019-07-27,64,,sentinel_no_evidence,gut,False,0.6,"{""name"": {""source"": ""paper.title"", ""quote"": ""Vertical Transmission of Gut Microbiome and Antimicrobial Resistance Genes"", ""in_dossier"": true}, ""index"": {""source"": ""paper.title"", ""quote"": ""Vertical Transmission of Gut Microbiome and Antimicrobial Resistance Genes in Infants"", ""in_dossier"": true}, ""infants"": null}",split,CC0014,,,,,cohorts_v3:unresolved,PRJNA543520,1,"unknown (≤ 64, no subject evidence)",study_display:PRJNA543520 (no_subject_evidence),1.0.0,,1.0.0
COH0023,Milkome,1,1,PRJEB97976,42203770,42203770.0,Denmark,2025-11-11,108,13.0,predicted,gut/fecal,False,0.55,"{""name"": {""source"": ""paper.abstract"", ""quote"": ""forming the Milkome cohort"", ""in_dossier"": true}, ""index"": {""source"": ""paper.abstract"", ""quote"": ""collected faecal samples at pre-, early and late weaning"", ""in_dossier"": true}, ""infants"": {""source"": ""paper.abstract"", ""quote"": ""seven mother-infant dyads forming the Milkome cohort"", ""in_dossier"": true}}",split,CC0017,2026,,7.0,,subject_resolution:all_members,PRJEB97976,1,13,study_display:PRJEB97976 (subject_ids),1.0.0,,1.0.0
COH0024,MILK study,2,3,PRJNA1019702|PRJNA1198101,39043677|39265573|41274878,39265573.0,USA,2024-01-10,537,,sentinel_no_evidence,milk|stool,False,0.85,"{""name"": {""source"": ""study.title"", ""quote"": ""MILK study metagenomic sequencing of human milk and infant feces"", ""in_dossier"": true}, ""index"": {""source"": ""paper.title"", ""quote"": ""Human milk variation is shaped by maternal genetics"", ""in_dossier"": true}, ""infants"": null}",confirm,CC0018,2024|2025,,,,cohorts_v3:unresolved,PRJNA1019702|PRJNA1198101,2,unknown (≤ 537 sample rows; sentinel_no_evidence),cohort_rule:sentinel_no_evidence,1.0.0,,1.0.0
COH0025,Benitez 2025 USA,3,2,PRJNA1042647|PRJNA1106565|PRJNA1145027,39440978|39856742,39856742.0,USA,2023-11-19,930,325.0,predicted,gut,False,0.7,"{""name"": {""source"": ""paper.abstract"", ""quote"": ""prospective longitudinal birth cohort of n = 323 healthy term African American"", ""in_dossier"": true}, ""index"": {""source"": ""paper.title"", ""quote"": ""Antibiotic exposure is associated with minimal gut microbiome perturbations"", ""in_dossier"": true}, ""infants"": {""source"": ""paper.abstract"", ""quote"": ""prospective longitudinal birth cohort of n = 323 healthy term African American"", ""in_dossier"": true}}",confirm,CC0019,2024|2025,,323.0,,subject_resolution:all_members,PRJNA1042647|PRJNA1106565|PRJNA1145027,3,≈ 325 (subject_resolution:all_members),cohort_rule:predicted,1.0.0,,1.0.0
COH0026,Ferretti 2018 Italy,1,1,PRJNA352475,30001516,30001516.0,Italy,2018-02-03,230,159.0,sentinel_no_evidence,gut,False,0.9,"{""name"": {""source"": ""paper.title"", ""quote"": ""Mother-to-Infant Microbial Transmission from Different Body Sites"", ""in_dossier"": true}, ""index"": {""source"": ""paper.title"", ""quote"": ""Mother-to-Infant Microbial Transmission from Different Body Sites"", ""in_dossier"": true}, ""infants"": null}",split,CC0020,2018,,,,subject_resolution:all_members,PRJNA352475,1,121,study_display:PRJNA352475 (subject_ids),1.0.0,,1.0.0
COH0027,Mancabelli 2024 Italy,1,1,PRJNA1046438,38441032,38441032.0,Italy,2024-01-05,467,,sentinel_no_evidence,gut,False,0.55,"{""name"": {""source"": ""study.title"", ""quote"": ""Profiling the gut microbiota throughout human lifespan"", ""in_dossier"": true}, ""index"": {""source"": ""study.title"", ""quote"": ""Profiling the gut microbiota throughout human lifespan"", ""in_dossier"": true}, ""infants"": null}",split,CC0020,2024,,,,cohorts_v3:unresolved,PRJNA1046438,1,unknown (no infant-role samples),study_display:PRJNA1046438 (no_infant_role_samples),1.0.0,,1.0.0
COH0028,DIABIMMUNE,1,2,PRJNA497734,27133167|30559407,30559407.0,Estonia|Finland|Russia,2018-10-22,1154,269.0,predicted,stool,False,0.85,"{""name"": {""source"": ""study.title"", ""quote"": ""several DIABIMMUNE microbiome studies"", ""in_dossier"": true}, ""index"": {""source"": ""paper.title"", ""quote"": ""Genomic variation and strain-specific functional adaptation in the human"", ""in_dossier"": true}, ""infants"": {""source"": ""paper.abstract"", ""quote"": ""222 infants in Northern Europe"", ""in_dossier"": true}}",confirm,CC0021,2016|2019,,222.0,,subject_resolution:all_members,PRJNA497734,1,269,study_display:PRJNA497734 (subject_ids),1.0.0,,1.0.0
COH0029,Schwartz 2012 United States,1,2,PRJEB2778,22546241|33353204,22546241.0,United States,2012-04-17,12,12.0,sentinel_no_evidence,gut,False,0.75,"{""name"": null, ""index"": {""source"": ""paper.title"", ""quote"": ""metagenomic study of diet-dependent interaction between gut microbiota"", ""in_dossier"": true}, ""infants"": null}",confirm,CC0022,2012|2020,,12.0,,cohorts_v3:unresolved,PRJEB2778,1,"unknown (≤ 12, no subject evidence)",study_display:PRJEB2778 (no_subject_evidence),1.0.0,,1.0.0
COH0030,Shao 2019 UK,1,3,PRJEB32631,31534227|36456554|39242817,31534227.0,,2019-07-01,1679,1679.0,sentinel_no_evidence,stool,False,0.7,"{""name"": null, ""index"": {""source"": ""paper.title"", ""quote"": ""Stunted microbiota and opportunistic pathogen colonization in caesarean-section birth"", ""in_dossier"": true}, ""infants"": null}",confirm,CC0023,2019|2022|2024,,,,subject_resolution:all_members,PRJEB32631,1,≤ 1679 (one subject id per sample),study_display:PRJEB32631 (subject_ids_all_distinct),1.0.0,,1.0.0
COH0031,MAMI,2,2,PRJEB74322|PRJNA1227883,38870906|40603287,38870906.0,Spain,2024-04-01,267,,sentinel_no_evidence,stool|milk,False,0.8,"{""name"": {""source"": ""study.title"", ""quote"": ""MAMI cohort Metagenome"", ""in_dossier"": true}, ""index"": {""source"": ""paper.abstract"", ""quote"": ""we analyzed mother-to-infant microbiota transmission"", ""in_dossier"": true}, ""infants"": null}",confirm,CC0024,2024|2025,,,,cohorts_v3:unresolved,PRJEB74322|PRJNA1227883,2,unknown (≤ 267 sample rows; sentinel_no_evidence),cohort_rule:sentinel_no_evidence,1.0.0,,1.0.0
COH0032,Zhang 2025 Hong Kong,1,1,PRJNA1031773,41411654,41411654.0,Hong Kong,2024-03-06,624,,sentinel_no_evidence,gut,False,0.75,"{""name"": null, ""index"": {""source"": ""paper.title"", ""quote"": ""Impacts of COVID-19 pandemic on early life gut microbiome."", ""in_dossier"": true}, ""infants"": null}",split,CC0025,2025,,,,cohorts_v3:unresolved,PRJNA1031773,1,unknown (no infant-role samples),study_display:PRJNA1031773 (no_infant_role_samples),1.0.0,,1.0.0
COH0034,Bonham 2025 South Africa,1,3,PRJNA1128723,39809768|40586263|42311381,40586263.0,South Africa,2025-01-04,65,65.0,sentinel_no_evidence,gut,False,0.6,"{""name"": null, ""index"": {""source"": ""paper.title"", ""quote"": ""Codevelopment of gut microbial metabolism and visual neural circuitry"", ""in_dossier"": true}, ""infants"": null}",confirm,CC0026,2025|2026,,65.0,,cohorts_v3:unresolved,PRJNA1128723,1,"unknown (≤ 65, no subject evidence)",study_display:PRJNA1128723 (no_subject_evidence),1.0.0,,1.0.0
COH0035,Baumann-Dudenhoeffer 2018 USA,1,1,PRJNA473126,30374198,30374198.0,USA,2018-05-26,402,60.0,sentinel_no_evidence,stool,False,0.8,"{""name"": null, ""index"": {""source"": ""paper.title"", ""quote"": ""Infant diet and maternal gestational weight gain predict early metabolic maturation"", ""in_dossier"": true}, ""infants"": null}",confirm,CC0027,2018,,,,subject_resolution:all_members,PRJNA473126,1,60,study_display:PRJNA473126 (subject_ids),1.0.0,,1.0.0
COH0036,Aguado-García 2020 Mexico,1,3,PRJNA592261,32788688|35196791|36650178,36650178.0,Mexico,2020-02-29,211,85.0,predicted,stool|oropharynx,False,0.9,"{""name"": null, ""index"": {""source"": ""paper.abstract"", ""quote"": ""nine asymptomatic children in a semi-rural community setting"", ""in_dossier"": true}, ""infants"": {""source"": ""paper.abstract"", ""quote"": ""97 stool samples from nine children were collected"", ""in_dossier"": true}}",confirm,CC0028,2020|2022|2023,,9.0,,subject_resolution:all_members,PRJNA592261,1,13–85 (subject ids on 131/203 samples),study_display:PRJNA592261 (subject_ids_partial),1.0.0,,1.0.0
COH0037,Peterson 2021 USA,1,3,PRJNA695570,34335499|34442687|34444993,34335499.0,USA,2021-03-01,1767,682.0,sentinel_no_evidence,gut,False,0.7,"{""name"": null, ""index"": {""source"": ""paper.title"", ""quote"": ""Comparative Analysis of 16S rRNA Gene and Metagenome Sequencing"", ""in_dossier"": true}, ""infants"": null}",confirm,CC0029,2021,,,,subject_resolution:all_members,PRJNA695570,1,281,study_display:PRJNA695570 (subject_ids),1.0.0,,1.0.0
COH0038,de Goffau 2022 Gambia,1,2,PRJEB28671,34972822|41387413,34972822.0,,2019-12-03,1605,633.0,predicted,stool,False,0.75,"{""name"": null, ""index"": {""source"": ""paper.title"", ""quote"": ""Gut microbiomes from Gambian infants reveal the development"", ""in_dossier"": true}, ""infants"": {""source"": ""paper.abstract"", ""quote"": ""633 Gambian children aged 7-37 months enroled in"", ""in_dossier"": true}}",confirm,CC0032,2022|2025,,633.0,,cohorts_v3:unresolved,PRJEB28671,1,unknown (no infant-role samples),study_display:PRJEB28671 (no_infant_role_samples),1.0.0,,1.0.0
COH0039,Kim 2022 South Korea,2,1,PRJEB33013|PRJEB55713,36504822,36504822.0,South Korea,2020-09-15,116,,sentinel_no_evidence,gut,False,0.8,"{""name"": null, ""index"": {""source"": ""paper.title"", ""quote"": ""Different maturation of gut microbiome in Korean children"", ""in_dossier"": true}, ""infants"": null}",confirm,CC0033,2022,,,,cohorts_v3:unresolved,PRJEB33013|PRJEB55713,2,unknown (≤ 116 sample rows; sentinel_no_evidence),cohort_rule:sentinel_no_evidence,1.0.0,,1.0.0
COH0040,Ngwese 2025 Gabon,1,1,PRJEB86954,41358671,41358671.0,Gabon,2025-12-12,51,,sentinel_no_evidence,gut,False,0.6,"{""name"": null, ""index"": {""source"": ""study.title"", ""quote"": ""Integrating Metagenomics for Helminth Detection"", ""in_dossier"": true}, ""infants"": null}",split,CC0034,2025,,,,cohorts_v3:unresolved,PRJEB86954,1,"unknown (≤ 23, no subject evidence)",study_display:PRJEB86954 (no_subject_evidence),1.0.0,,1.0.0
COH0041,MAP,1,2,PRJEB52147,35440708|PPR429179,35440708.0,USA,2022-04-11,90,18.0,sentinel_no_evidence,stool,False,0.75,"{""name"": {""source"": ""paper.title"", ""quote"": ""Microbiome, Atopic Disease, and Prematurity (MAP) Study"", ""in_dossier"": true}, ""index"": {""source"": ""paper.title"", ""quote"": ""impact of maternal asthma on the preterm infants' gut microbiome"", ""in_dossier"": true}, ""infants"": null}",confirm,CC0035,2021|2022,,,,subject_resolution:all_members,PRJEB52147,1,18,study_display:PRJEB52147 (subject_ids),1.0.0,,1.0.0
COH0042,BRISC,1,2,PRJNA1081952,39143045|39367018,,Bangladesh,2024-08-07,1422,,sentinel_no_evidence,stool,False,0.8,"{""name"": {""source"": ""study.title"", ""quote"": ""BRISC microbiome sub study"", ""in_dossier"": true}, ""index"": null, ""infants"": null}",confirm,CC0036,2024,,,,cohorts_v3:unresolved,PRJNA1081952,1,"unknown (≤ 940, no subject evidence)",study_display:PRJNA1081952 (no_subject_evidence),1.0.0,,1.0.0
COH0043,IMPRINT,1,2,PRJNA390646,30338216|31423298,30338216.0,USA,2018-12-07,60,60.0,sentinel_no_evidence,gut,False,0.85,"{""name"": {""source"": ""study.title"", ""quote"": ""Infant Microbiota and Probiotic Intake Study (IMPRINT)"", ""in_dossier"": true}, ""index"": {""source"": ""paper.title"", ""quote"": ""Reduced colonic mucin degradation in breastfed infants colonized"", ""in_dossier"": true}, ""infants"": null}",confirm,CC0037,2018|2019,,60.0,,cohorts_v3:unresolved,PRJNA390646,1,"unknown (≤ 60, no subject evidence)",study_display:PRJNA390646 (no_subject_evidence),1.0.0,,1.0.0
COH0044,Leonard 2020 USA,1,2,PRJNA486782,32917289|34253606,32917289.0,Italy|USA,2024-12-01,199,116.0,sentinel_no_evidence,gut,False,0.7,"{""name"": null, ""index"": {""source"": ""paper.title"", ""quote"": ""Multi-omics analysis reveals the influence of genetic"", ""in_dossier"": true}, ""infants"": null}",confirm,CC0038,2020|2021,,,,subject_resolution:all_members,PRJNA486782,1,88,study_display:PRJNA486782 (subject_ids),1.0.0,,1.0.0
COH0045,Hayden 2020,1,2,PRJNA510445,31959989|34525965,31959989.0,,2019-11-14,1279,329.0,sentinel_no_evidence,stool,False,0.8,"{""name"": null, ""index"": {""source"": ""study.title"", ""quote"": ""fecal microbiomes and nutritional status in cystic fibrosis"", ""in_dossier"": true}, ""infants"": null}",confirm,CC0039,2020|2021,,,,subject_resolution:all_members,PRJNA510445,1,207–329 (subject ids on 1157/1279 samples),study_display:PRJNA510445 (subject_ids_partial),1.0.0,,1.0.0
COH0046,Reyman 2022 Netherlands,2,1,PRJNA613032|PRJNA613054,35173154,35173154.0,Netherlands,2022-01-12,52,147.0,predicted,fecal,False,0.92,"{""name"": null, ""index"": {""source"": ""paper.title"", ""quote"": ""Effects of early-life antibiotics on the developing infant gut microbiome and resistome"", ""in_dossier"": true}, ""infants"": {""source"": ""paper.abstract"", ""quote"": ""147 infants born a"", ""in_dossier"": true}}",confirm,CC0040,2022,,147.0,,cohorts_v3:unresolved,PRJNA613032|PRJNA613054,2,≈ 147 (cohorts_v3:unresolved),cohort_rule:predicted,1.0.0,,1.0.0
COH0047,Nguyen 2021 USA,1,2,PRJNA630999,33665175|PPR227935,33665175.0,USA,2021-03-01,293,77.0,sentinel_no_evidence,stool,False,0.85,"{""name"": null, ""index"": {""source"": ""paper.abstract"", ""quote"": ""We prospectively and longitudinally followed two cohorts of preterm inf"", ""in_dossier"": true}, ""infants"": null}",confirm,CC0041,2020|2021,,,,subject_resolution:all_members,PRJNA630999,1,77,study_display:PRJNA630999 (subject_ids),1.0.0,,1.0.0
COH0048,Lou 2021 USA,1,2,PRJNA698986,34622230|37973815,34622230.0,USA,2021-02-04,819,76.0,sentinel_no_evidence,stool,False,0.85,"{""name"": null, ""index"": {""source"": ""study.title"", ""quote"": ""matched maternal sample"", ""in_dossier"": true}, ""infants"": null}",confirm,CC0042,2021|2023,,,,subject_resolution:all_members,PRJNA698986,1,50–76 (subject ids on 709/735 samples),study_display:PRJNA698986 (subject_ids_partial),1.0.0,,1.0.0
COH0049,Song 2021 China,1,2,PRJNA730640,34262484|34646837,34262484.0,China,2021-05-20,40,40.0,sentinel_no_evidence,gut,False,0.65,"{""name"": null, ""index"": {""source"": ""paper.title"", ""quote"": ""Characteristics of Gut Microbiota in Children With Biliary Atresia"", ""in_dossier"": true}, ""infants"": null}",confirm,CC0043,2021,,40.0,,cohorts_v3:unresolved,PRJNA730640,1,unknown (no infant-role samples),study_display:PRJNA730640 (no_infant_role_samples),1.0.0,,1.0.0
COH0050,Westaway 2022 Australia,1,2,PRJNA751712,35345612|35796792,35345612.0,Australia,2022-03-03,1,,sentinel_no_evidence,gut,False,0.72,"{""name"": null, ""index"": {""source"": ""paper.title"", ""quote"": ""Metagenomic Comparison of the Discharge Gut Microbiome"", ""in_dossier"": true}, ""infants"": null}",confirm,CC0044,2022,,,,cohorts_v3:unresolved,PRJNA751712,1,unknown (no infant-role samples),study_display:PRJNA751712 (no_infant_role_samples),1.0.0,,1.0.0
COH0051,Ma 2022 USA,1,2,PRJNA774819,35695455|PPR495310,35695455.0,USA,2021-10-28,29,,sentinel_no_evidence,stool,False,0.8,"{""name"": null, ""index"": {""source"": ""paper.title"", ""quote"": ""associated with intestinal barrier maturation in early preterm"", ""in_dossier"": true}, ""infants"": null}",confirm,CC0045,2022,,,,cohorts_v3:unresolved,PRJNA774819,1,"unknown (≤ 29, no subject evidence)",study_display:PRJNA774819 (no_subject_evidence),1.0.0,,1.0.0
COH0052,Subramanian 2025 USA,1,2,PRJNA988496,38773685|40823537,40823537.0,USA,2024-02-04,273,59.0,sentinel_no_evidence,gut,False,0.85,"{""name"": null, ""index"": {""source"": ""study.title"", ""quote"": ""Delivery mode impacts gut bacteriophage colonization during infancy"", ""in_dossier"": true}, ""infants"": null}",confirm,CC0046,2024|2025,,,,subject_resolution:all_members,PRJNA988496,1,54–59 (subject ids on 268/273 samples),study_display:PRJNA988496 (subject_ids_partial),1.0.0,,1.0.0
COH0060,Niu 2026 China,1,1,PRJEB108038,41834868,41834868.0,China,2026-02-11,16,,sentinel_no_evidence,stool,False,0.85,"{""name"": null, ""index"": {""source"": ""paper.title"", ""quote"": ""Neonatal jaundice and the infant gut microbiome"", ""in_dossier"": true}, ""infants"": null}",confirm,CC0055,2026,,,,cohorts_v3:unresolved,PRJEB108038,1,"unknown (≤ 16, no subject evidence)",study_display:PRJEB108038 (no_subject_evidence),1.0.0,,1.0.0
COH0061,Smith-Brown 2016 Australia,1,1,PRJEB14969,27694811,27694811.0,,2016-07-31,37,37.0,sentinel_no_evidence,fecal,False,0.85,"{""name"": {""source"": ""paper.title"", ""quote"": ""Australian children"", ""in_dossier"": true}, ""index"": {""source"": ""paper.abstract"", ""quote"": ""examine the associations between food intakes and microbiota composition"", ""in_dossier"": true}, ""infants"": null}",confirm,CC0056,2016,,,,subject_resolution:all_members,PRJEB14969,1,≤ 37 (one subject id per sample),study_display:PRJEB14969 (subject_ids_all_distinct),1.0.0,,1.0.0
COH0062,Davis 2017 Gambia,1,1,PRJEB15633,28079170,28079170.0,The Gambia,2016-11-01,85,33.0,sentinel_no_evidence,gut,False,0.87,"{""name"": null, ""index"": {""source"": ""paper.title"", ""quote"": ""Growth and Morbidity of Gambian Infants are Influenced"", ""in_dossier"": true}, ""infants"": null}",confirm,CC0057,2017,,,,subject_resolution:all_members,PRJEB15633,1,33,study_display:PRJEB15633 (subject_ids),1.0.0,,1.0.0
COH0063,Leggett 2020,1,1,PRJEB22207,31844297,31844297.0,,2017-08-21,17,17.0,sentinel_no_evidence,gut,False,0.75,"{""name"": null, ""index"": {""source"": ""paper.title"", ""quote"": ""Rapid MinION profiling of preterm microbiota and antimicrobial-resistant pathogens"", ""in_dossier"": true}, ""infants"": null}",confirm,CC0058,2020,,17.0,,cohorts_v3:unresolved,PRJEB22207,1,unknown (no infant-role samples),study_display:PRJEB22207 (no_infant_role_samples),1.0.0,,1.0.0
COH0064,Korpela 2018 Netherlands,1,1,PRJEB24041,29496731,29496731.0,Germany|Luxembourg|Netherlands,2018-02-12,212,,sentinel_no_evidence,gut,False,0.85,"{""name"": null, ""index"": {""source"": ""paper.title"", ""quote"": ""Selective maternal seeding and environment shape the human gut microbiome"", ""in_dossier"": true}, ""infants"": null}",confirm,CC0059,2018,,,,cohorts_v3:unresolved,PRJEB24041,1,unknown (no infant-role samples),study_display:PRJEB24041 (no_infant_role_samples),1.0.0,,1.0.0
COH0065,Guernier-Cambert 2021 Australia,1,1,PRJEB36405,34603219,34603219.0,Australia,2020-08-22,22,3.0,sentinel_no_evidence,gut,False,0.8,"{""name"": null, ""index"": {""source"": ""paper.title"", ""quote"": ""clinically healthy women and infants in Australia"", ""in_dossier"": true}, ""infants"": null}",confirm,CC0060,2021,,,,subject_resolution:all_members,PRJEB36405,1,3,study_display:PRJEB36405 (subject_ids),1.0.0,,1.0.0
COH0066,Valles-Colomer 2023 Italy,1,1,PRJEB45799,36653448,36653448.0,,2022-03-29,2394,2358.0,sentinel_no_evidence,gut|oral,False,0.85,"{""name"": null, ""index"": {""source"": ""paper.title"", ""quote"": ""person-to-person transmission landscape of the gut and oral microbiomes"", ""in_dossier"": true}, ""infants"": null}",confirm,CC0061,2023,,,,subject_resolution:all_members,PRJEB45799,1,182,study_display:PRJEB45799 (subject_ids),1.0.0,,1.0.0
COH0067,Derrien 2023 Kenya,1,1,PRJEB52748,36794816,36794816.0,Kenya,2023-03-03,105,105.0,sentinel_no_evidence,gut,False,0.85,"{""name"": null, ""index"": {""source"": ""paper.title"", ""quote"": ""Gut microbiome function and composition in infants from rural Kenya"", ""in_dossier"": true}, ""infants"": null}",confirm,CC0062,2023,,105.0,,cohorts_v3:unresolved,PRJEB52748,1,unknown (no infant-role samples),study_display:PRJEB52748 (no_infant_role_samples),1.0.0,,1.0.0
COH0068,Valles-Colomer 2024 Italy,1,1,PRJEB63351,38104504,38104504.0,Italy,2023-08-20,288,,sentinel_no_evidence,gut,False,0.85,"{""name"": null, ""index"": {""source"": ""paper.title"", ""quote"": ""Neuroblastoma is associated with alterations in gut microbiome composition"", ""in_dossier"": true}, ""infants"": null}",confirm,CC0063,2024,,,,cohorts_v3:unresolved,PRJEB63351,1,"unknown (≤ 86, no subject evidence)",study_display:PRJEB63351 (no_subject_evidence),1.0.0,,1.0.0
COH0069,Pucci 2025 Netherlands,1,1,PRJEB66728,39866568,39866568.0,Netherlands,2023-12-08,60,,sentinel_no_evidence,gut,False,0.75,"{""name"": null, ""index"": {""source"": ""paper.title"", ""quote"": ""Priority effects, nutrition and milk glycan-metabolic potential drive"", ""in_dossier"": true}, ""infants"": null}",confirm,CC0064,2025,,,,cohorts_v3:unresolved,PRJEB66728,1,"unknown (≤ 36, no subject evidence)",study_display:PRJEB66728 (no_subject_evidence),1.0.0,,1.0.0
COH0070,Renk 2024 Germany,1,1,PRJEB76913,39881980,39881980.0,Germany,2025-02-28,35,,sentinel_no_evidence,stool,False,0.75,"{""name"": null, ""index"": {""source"": ""paper.title"", ""quote"": ""Oxygenation and intestinal perfusion and its association with perturbations of"", ""in_dossier"": true}, ""infants"": null}",confirm,CC0065,2024,,,,cohorts_v3:unresolved,PRJEB76913,1,unknown (no infant-role samples),study_display:PRJEB76913 (no_infant_role_samples),1.0.0,,1.0.0
COH0071,Coates 2025 UK,1,1,PRJEB82926,40431157,40431157.0,United Kingdom,2025-01-01,34,34.0,sentinel_no_evidence,gut,False,0.9,"{""name"": null, ""index"": {""source"": ""paper.title"", ""quote"": ""Impact of Probiotic Supplementation on the Development of the Infant Gut Microbiota"", ""in_dossier"": true}, ""infants"": null}",confirm,CC0066,2025,,34.0,,cohorts_v3:unresolved,PRJEB82926,1,unknown (no infant-role samples),study_display:PRJEB82926 (no_infant_role_samples),1.0.0,,1.0.0
COH0072,ALADDIN,1,1,PRJEB84944,40885737,40885737.0,Sweden,2025-08-04,547,192.0,predicted,stool,False,0.9,"{""name"": {""source"": ""study.title"", ""quote"": ""56 mother-infant dyads from the ALADDIN birth cohort"", ""in_dossier"": true}, ""index"": null, ""infants"": {""source"": ""study.title"", ""quote"": ""56 mother-infant dyads"", ""in_dossier"": true}}",confirm,CC0067,2025,,56.0,,subject_resolution:all_members,PRJEB84944,1,46–106 (subject ids on 355/415 samples),study_display:PRJEB84944 (subject_ids_partial),1.0.0,,1.0.0
COH0073,Harrison 2025 Australia,1,1,PRJEB87209,41339319,41339319.0,Australia,2025-10-06,50,50.0,predicted,gut,False,0.9,"{""name"": null, ""index"": {""source"": ""paper.title"", ""quote"": ""Indigenous infants in remote Australia retain an ancestral gut microbiome"", ""in_dossier"": true}, ""infants"": {""source"": ""paper.abstract"", ""quote"": ""the gut metagenomes of 50 Indigenous Australian infants"", ""in_dossier"": true}}",confirm,CC0068,2025,,50.0,,cohorts_v3:unresolved,PRJEB87209,1,"unknown (≤ 50, no subject evidence)",study_display:PRJEB87209 (no_subject_evidence),1.0.0,,1.0.0
COH0074,Valenzuela-Diaz 2026 Finland,1,1,PRJEB89462,41873970,41873970.0,Finland,2026-03-04,1366,55.0,sentinel_no_evidence,gut,False,0.85,"{""name"": null, ""index"": {""source"": ""paper.title"", ""quote"": ""Impact of phage enrichment on the observed infant gut phageome"", ""in_dossier"": true}, ""infants"": null}",confirm,CC0069,2026,,,,subject_resolution:all_members,PRJEB89462,1,55,study_display:PRJEB89462 (subject_ids),1.0.0,,1.0.0
COH0075,Hayden 2025,1,1,PRJNA1015704,40042126,40042126.0,,2025-05-23,148,,sentinel_no_evidence,stool|oropharynx,False,0.9,"{""name"": {""source"": ""paper.title"", ""quote"": ""Effects of Therapeutic Antibiotic Exposure on the Oropharyngeal and Fecal Microbiota"", ""in_dossier"": true}, ""index"": {""source"": ""paper.title"", ""quote"": ""Effects of Therapeutic Antibiotic Exposure on the Oropharyngeal and Fecal Microbiota"", ""in_dossier"": true}, ""infants"": null}",confirm,CC0070,2025,,,,cohorts_v3:unresolved,PRJNA1015704,1,unknown (no infant-role samples),study_display:PRJNA1015704 (no_infant_role_samples),1.0.0,,1.0.0
COH0076,Maqsood 2024 Kenya,1,1,PRJNA1045584,39185682,39185682.0,Kenya|USA,2024-09-11,655,150.0,predicted,stool,False,0.85,"{""name"": null, ""index"": {""source"": ""paper.title"", ""quote"": ""Gut virome and microbiome dynamics before and after SARS-CoV-2 infection"", ""in_dossier"": true}, ""infants"": {""source"": ""paper.abstract"", ""quote"": ""including 23 mothers (13 WLHI"", ""in_dossier"": true}}",confirm,CC0071,2024,,23.0,,subject_resolution:all_members,PRJNA1045584,1,unknown (no infant-role samples),study_display:PRJNA1045584 (no_infant_role_samples),1.0.0,,1.0.0
COH0077,van Tilburg Bernardes 2026 Canada,1,1,PRJNA1055141,42336834,42336834.0,Canada,2023-12-22,1,,sentinel_no_evidence,stool,False,0.9,"{""name"": null, ""index"": null, ""infants"": null}",confirm,CC0072,2026,,,,cohorts_v3:unresolved,PRJNA1055141,1,"unknown (≤ 94, no subject evidence)",study_display:PRJNA1055141 (no_subject_evidence),1.0.0,,1.0.0
COH0078,Lee 2024 Taiwan,1,1,PRJNA1056831,39006502,39006502.0,Taiwan,2024-08-02,10,10.0,sentinel_no_evidence,stool,False,0.8,"{""name"": null, ""index"": {""source"": ""paper.title"", ""quote"": ""Gut Bifidobacterium longum is associated with better native liver survival"", ""in_dossier"": false}, ""infants"": null}",confirm,CC0073,2024,,10.0,,cohorts_v3:unresolved,PRJNA1056831,1,unknown (no infant-role samples),study_display:PRJNA1056831 (no_infant_role_samples),1.0.0,,1.0.0
COH0079,Shi 2024 China,1,1,PRJNA1065277,39268487,39268487.0,China,2024-04-28,68,68.0,sentinel_no_evidence,gut,False,0.75,"{""name"": null, ""index"": {""source"": ""paper.title"", ""quote"": ""Delivery mode and maternal gestational diabetes are important factors"", ""in_dossier"": true}, ""infants"": null}",confirm,CC0074,2024,,68.0,,cohorts_v3:unresolved,PRJNA1065277,1,unknown (no infant-role samples),study_display:PRJNA1065277 (no_infant_role_samples),1.0.0,,1.0.0
COH0080,BRAINRISE,1,1,PRJNA1072081,40237336,40237336.0,Brazil,2024-02-23,961,525.0,predicted,stool,False,0.92,"{""name"": {""source"": ""study.title"", ""quote"": ""the BRAINRISE Initiative"", ""in_dossier"": true}, ""index"": {""source"": ""paper.abstract"", ""quote"": ""applied whole metagenomic sequencing to assess the gut microbiome assembly"", ""in_dossier"": true}, ""infants"": {""source"": ""paper.abstract"", ""quote"": ""gut microbiome assembly in 525 Bra"", ""in_dossier"": true}}",confirm,CC0075,2025,,525.0,,cohorts_v3:unresolved,PRJNA1072081,1,"unknown (≤ 961, no subject evidence)",study_display:PRJNA1072081 (no_subject_evidence),1.0.0,,1.0.0
COH0081,Leech 2024 Australia,1,1,PRJNA1076911,38995243,38995243.0,Australia,2024-02-24,50,50.0,sentinel_no_evidence,gut,False,0.85,"{""name"": null, ""index"": {""source"": ""paper.title"", ""quote"": ""Delivery mode is a larger determinant of infant gut microbiome composition"", ""in_dossier"": true}, ""infants"": null}",confirm,CC0076,2024,,50.0,,cohorts_v3:unresolved,PRJNA1076911,1,"unknown (≤ 25, no subject evidence)",study_display:PRJNA1076911 (no_subject_evidence),1.0.0,,1.0.0
COH0082,Trosvik 2024 Norway,1,1,PRJNA1085219,39134593,39134593.0,Norway,2024-04-09,149,116.0,sentinel_no_evidence,gut,False,0.85,"{""name"": {""source"": ""study.title"", ""quote"": ""Antibiotic resistance gene dynamics in the commensal infant gut microbiome"", ""in_dossier"": true}, ""index"": {""source"": ""paper.abstract"", ""quote"": ""Colonization of the infant gut is an important developmental process"", ""in_dossier"": true}, ""infants"": null}",confirm,CC0077,2024,,,,subject_resolution:all_members,PRJNA1085219,1,3–116 (subject ids on 36/149 samples),study_display:PRJNA1085219 (subject_ids_partial),1.0.0,,1.0.0
COH0083,Ojeda 2024 USA,1,1,PRJNA1095378,39373498,39373498.0,USA,2024-04-03,60,,sentinel_no_evidence,stool,False,0.9,"{""name"": null, ""index"": {""source"": ""paper.title"", ""quote"": ""antibiotic resistance in preterm neonates under early antibiotic use"", ""in_dossier"": true}, ""infants"": null}",confirm,CC0078,2024,,,,cohorts_v3:unresolved,PRJNA1095378,1,"unknown (≤ 60, no subject evidence)",study_display:PRJNA1095378 (no_subject_evidence),1.0.0,,1.0.0
COH0084,Seki 2024 Austria,1,1,PRJNA1112760,39679616,39679616.0,Austria,2026-06-25,64,32.0,sentinel_no_evidence,gut,False,0.8,"{""name"": null, ""index"": {""source"": ""paper.title"", ""quote"": ""Gut microbiota genome features associated with brain injury"", ""in_dossier"": true}, ""infants"": null}",confirm,CC0079,2024,,64.0,,subject_resolution:all_members,PRJNA1112760,1,32,study_display:PRJNA1112760 (subject_ids),1.0.0,,1.0.0
COH0085,MISAME-III,1,1,PRJNA1113165,40102379,40102379.0,Burkina Faso,2024-05-24,736,,sentinel_no_evidence,gut,False,0.85,"{""name"": {""source"": ""paper.abstract"", ""quote"": ""MISAME-III randomized controlled trial"", ""in_dossier"": true}, ""index"": {""source"": ""paper.title"", ""quote"": ""reshapes the maternal gut microbiome and enhances carbohydrate metabolism in infants"", ""in_dossier"": true}, ""infants"": null}",confirm,CC0080,2025,,,,cohorts_v3:unresolved,PRJNA1113165,1,unknown (no infant-role samples),study_display:PRJNA1113165 (no_infant_role_samples),1.0.0,,1.0.0
COH0086,Vallès 2024 United Arab Emirates,1,1,PRJNA1130109,39081889,39081889.0,United Arab Emirates,2024-07-05,203,,sentinel_no_evidence,stool,False,0.85,"{""name"": null, ""index"": {""source"": ""paper.title"", ""quote"": ""infants' gut microbiome: setting the stage"", ""in_dossier"": true}, ""infants"": null}",confirm,CC0081,2024,,,,cohorts_v3:unresolved,PRJNA1130109,1,"unknown (≤ 203, no subject evidence)",study_display:PRJNA1130109 (no_subject_evidence),1.0.0,,1.0.0
COH0087,Nadimpalli 2025 Peru,1,1,PRJNA1138246,40755247,40755247.0,Peru,2025-07-16,298,,sentinel_no_evidence,gut,False,0.85,"{""name"": null, ""index"": {""source"": ""paper.title"", ""quote"": ""gut colonization with extended-spectrum \u03b2 lactamase-producing Enterobacterales"", ""in_dossier"": true}, ""infants"": null}",confirm,CC0082,2025,,,,cohorts_v3:unresolved,PRJNA1138246,1,"unknown (≤ 298, no subject evidence)",study_display:PRJNA1138246 (no_subject_evidence),1.0.0,,1.0.0
COH0088,Ricci 2026 Italy,1,1,PRJNA1140720,41565819,41565819.0,Italy,2024-10-11,1013,43.0,sentinel_no_evidence,stool,False,0.85,"{""name"": null, ""index"": {""source"": ""paper.title"", ""quote"": ""Baby-to-baby strain transmission shapes the developing gut microbiome"", ""in_dossier"": true}, ""infants"": null}",confirm,CC0083,2026,,,,subject_resolution:all_members,PRJNA1140720,1,43,study_display:PRJNA1140720 (subject_ids),1.0.0,,1.0.0
COH0089,Byrne 2024 South Africa,1,1,PRJNA1143669,39707483,39707483.0,South Africa,2024-08-12,65,35.0,sentinel_no_evidence,stool,False,0.9,"{""name"": null, ""index"": {""source"": ""paper.title"", ""quote"": ""Neonates exposed to HIV but uninfected exhibit an altered gut microbiota"", ""in_dossier"": true}, ""infants"": null}",confirm,CC0084,2024,,,,subject_resolution:all_members,PRJNA1143669,1,35,study_display:PRJNA1143669 (subject_ids),1.0.0,,1.0.0
COH0090,DeVeaux 2025 USA,1,1,PRJNA1148144,40128855,40128855.0,USA,2025-04-10,24,24.0,sentinel_no_evidence,stool,False,0.85,"{""name"": null, ""index"": {""source"": ""paper.title"", ""quote"": ""Metagenomic signatures of extraintestinal bacterial infection in the febrile term infant"", ""in_dossier"": true}, ""infants"": null}",confirm,CC0085,2025,,24.0,,subject_resolution:all_members,PRJNA1148144,1,≤ 24 (one subject id per sample),study_display:PRJNA1148144 (subject_ids_all_distinct),1.0.0,,1.0.0
COH0091,Lemons 2025 Belgium,1,1,PRJNA1160256,40941064,40941064.0,Belgium,2025-04-27,21,15.0,sentinel_no_evidence,gut,False,0.55,"{""name"": null, ""index"": {""source"": ""paper.title"", ""quote"": ""The Effect of Sodium Benzoate on the Gut Microbiome"", ""in_dossier"": true}, ""infants"": null}",confirm,CC0086,2025,,,,subject_resolution:all_members,PRJNA1160256,1,unknown (no infant-role samples),study_display:PRJNA1160256 (no_infant_role_samples),1.0.0,,1.0.0
COH0092,Firrman 2024 Belgium,1,1,PRJNA1177813,39796584,39796584.0,Belgium,2024-12-01,126,126.0,sentinel_no_evidence,gut,False,0.85,"{""name"": null, ""index"": {""source"": ""paper.title"", ""quote"": ""Bifidogenic Effect of 2'Fucosyllactose Is Driven by Age-Specific Bifidobacterium"", ""in_dossier"": true}, ""infants"": null}",confirm,CC0087,2024,,126.0,,cohorts_v3:unresolved,PRJNA1177813,1,"unknown (≤ 42, no subject evidence)",study_display:PRJNA1177813 (no_subject_evidence),1.0.0,,1.0.0
COH0093,Kiu 2025 United Kingdom,1,1,PRJNA1191223,40813371,40813371.0,United Kingdom,2025-09-21,92,55.0,sentinel_no_evidence,gut,False,0.85,"{""name"": null, ""index"": {""source"": ""paper.abstract"", ""quote"": ""We also assessed ex vivo horizontal gene transfer"", ""in_dossier"": true}, ""infants"": null}",confirm,CC0088,2025,,,,subject_resolution:all_members,PRJNA1191223,1,37–55 (subject ids on 74/92 samples),study_display:PRJNA1191223 (subject_ids_partial),1.0.0,,1.0.0
COH0094,Meiirmanova 2025 Kazakhstan,1,1,PRJNA1217583,40299456,40299456.0,Kazakhstan,2025-05-15,34,,sentinel_no_evidence,stool,False,0.75,"{""name"": null, ""index"": null, ""infants"": null}",confirm,CC0089,2025,,,,cohorts_v3:unresolved,PRJNA1217583,1,"unknown (≤ 34, no subject evidence)",study_display:PRJNA1217583 (no_subject_evidence),1.0.0,,1.0.0
COH0095,Nunez 2026 USA,1,1,PRJNA1222487,42293161,42293161.0,USA,2026-05-13,95,95.0,predicted,gut,False,0.8,"{""name"": null, ""index"": {""source"": ""paper.title"", ""quote"": ""Age-specific early-life gut microbiome associations with eczema and food"", ""in_dossier"": true}, ""infants"": {""source"": ""paper.abstract"", ""quote"": ""shotgun metagenomic data from 97 c"", ""in_dossier"": true}}",confirm,CC0090,2026,,97.0,,subject_resolution:all_members,PRJNA1222487,1,≤ 95 (one subject id per sample),study_display:PRJNA1222487 (subject_ids_all_distinct),1.0.0,,1.0.0
COH0096,Liu 2026 China,1,1,PRJNA1231247,42746483,42746483.0,China,2025-03-09,40,40.0,sentinel_no_evidence,gut,False,0.85,"{""name"": null, ""index"": {""source"": ""paper.title"", ""quote"": ""gut microbiota dysbiosis: evidence from metagenomics"", ""in_dossier"": true}, ""infants"": null}",confirm,CC0091,2026,,40.0,,cohorts_v3:unresolved,PRJNA1231247,1,"unknown (≤ 40, no subject evidence)",study_display:PRJNA1231247 (no_subject_evidence),1.0.0,,1.0.0
COH0097,Corona-Cervantes 2026 Mexico,1,1,PRJNA1260751,41536238,41536238.0,Mexico,2025-05-11,26,,sentinel_no_evidence,gut,False,0.85,"{""name"": null, ""index"": {""source"": ""paper.abstract"", ""quote"": ""We conducted a longitudinal"", ""in_dossier"": true}, ""infants"": null}",confirm,CC0092,2026,,,,cohorts_v3:unresolved,PRJNA1260751,1,"unknown (≤ 26, no subject evidence)",study_display:PRJNA1260751 (no_subject_evidence),1.0.0,,1.0.0
COH0098,Ng 2026 Singapore,1,1,PRJNA1273620,41998770,41998770.0,Singapore,2025-06-23,325,,sentinel_no_evidence,stool,False,0.85,"{""name"": null, ""index"": {""source"": ""paper.abstract"", ""quote"": ""Emerging evidence suggests that maternal-prenatal gut microbiome disturbances shape offspring allergic outcomes"", ""in_dossier"": true}, ""infants"": null}",confirm,CC0093,2026,,,,cohorts_v3:unresolved,PRJNA1273620,1,unknown (no infant-role samples),study_display:PRJNA1273620 (no_infant_role_samples),1.0.0,,1.0.0
COH0099,Perdue 2026 USA,1,1,PRJNA1290379,41593042,41593042.0,USA,2026-02-22,261,,sentinel_no_evidence,stool,False,0.9,"{""name"": null, ""index"": {""source"": ""paper.title"", ""quote"": ""enteric DNA virome differs in infants at risk"", ""in_dossier"": true}, ""infants"": null}",confirm,CC0094,2026,,,,cohorts_v3:unresolved,PRJNA1290379,1,"unknown (≤ 261, no subject evidence)",study_display:PRJNA1290379 (no_subject_evidence),1.0.0,,1.0.0
COH0100,Devarajalu 2025 India,1,1,PRJNA1304237,41017911,41017911.0,India,2025-08-12,22,,sentinel_no_evidence,gut,False,0.85,"{""name"": null, ""index"": {""source"": ""paper.title"", ""quote"": ""Characterization of gut microbiota signatures in Indian preterm infants"", ""in_dossier"": true}, ""infants"": null}",confirm,CC0095,2025,,,,cohorts_v3:unresolved,PRJNA1304237,1,"unknown (≤ 22, no subject evidence)",study_display:PRJNA1304237 (no_subject_evidence),1.0.0,,1.0.0
COH0101,Bargheet 2026 Tanzania,1,1,PRJNA1305341,42013844,42013844.0,Tanzania,2026-03-22,250,152.0,sentinel_no_evidence,gut,False,0.7,"{""name"": null, ""index"": {""source"": ""paper.title"", ""quote"": ""Metabolic reprogramming of the infant gut by bifidobacteria-based probiotics"", ""in_dossier"": true}, ""infants"": null}",confirm,CC0096,2026,,,,subject_resolution:all_members,PRJNA1305341,1,152,study_display:PRJNA1305341 (subject_ids),1.0.0,,1.0.0
COH0102,Moriel 2025 Israel,1,1,PRJNA1312123,41203618,41203618.0,Israel,2025-10-23,272,,sentinel_no_evidence,gut|gastric,False,0.85,"{""name"": null, ""index"": {""source"": ""paper.title"", ""quote"": ""Development of the preterm infant gut and gastric residuals microbiome"", ""in_dossier"": true}, ""infants"": null}",confirm,CC0097,2025,,,,cohorts_v3:unresolved,PRJNA1312123,1,unknown (no infant-role samples),study_display:PRJNA1312123 (no_infant_role_samples),1.0.0,,1.0.0
COH0103,Doan 2026 Niger,1,1,PRJNA1337442,41845058,41845058.0,Niger,2026-04-02,450,,sentinel_no_evidence,stool|nasopharynx,False,0.85,"{""name"": null, ""index"": {""source"": ""paper.title"", ""quote"": ""Mass azithromycin distribution and antibiotic resistance in the gut"", ""in_dossier"": true}, ""infants"": null}",confirm,CC0098,2026,,,,cohorts_v3:unresolved,PRJNA1337442,1,unknown (no infant-role samples),study_display:PRJNA1337442 (no_infant_role_samples),1.0.0,,1.0.0
COH0104,Tian 2026 China,1,1,PRJNA1428929,42022809,42022809.0,China,2026-06-30,120,,sentinel_no_evidence,stool,False,0.85,"{""name"": null, ""index"": {""source"": ""paper.abstract"", ""quote"": ""gut microbiome, developing in parallel with the brain"", ""in_dossier"": true}, ""infants"": null}",confirm,CC0099,2026,,,,cohorts_v3:unresolved,PRJNA1428929,1,unknown (no infant-role samples),study_display:PRJNA1428929 (no_infant_role_samples),1.0.0,,1.0.0
COH0105,Parkin 2026 Australia,1,1,PRJNA1452547,42129350,42129350.0,Australia,2026-04-15,299,173.0,sentinel_no_evidence,gut,False,0.9,"{""name"": null, ""index"": {""source"": ""paper.title"", ""quote"": ""Chlorinated drinking water exposure enriches antimicrobial resistance pathways"", ""in_dossier"": true}, ""infants"": null}",confirm,CC0100,2026,,299.0,,subject_resolution:all_members,PRJNA1452547,1,173,study_display:PRJNA1452547 (subject_ids),1.0.0,,1.0.0
COH0107,Brown 2013 USA,1,1,PRJNA215102,24451181,24451181.0,USA,2013-12-07,1,1.0,predicted,gut,False,0.8,"{""name"": {""source"": ""study.title"", ""quote"": ""Premature infant gut Metagenome"", ""in_dossier"": true}, ""index"": {""source"": ""paper.abstract"", ""quote"": ""premature infant gut has low individual but high inter-individual microbial diversity"", ""in_dossier"": true}, ""infants"": {""source"": ""study.title"", ""quote"": ""Premature infant gut Metagenome"", ""in_dossier"": true}}",confirm,CC0102,2013,,1.0,,cohorts_v3:unresolved,PRJNA215102,1,"unknown (≤ 1, no subject evidence)",study_display:PRJNA215102 (no_subject_evidence),1.0.0,,1.0.0
COH0108,Moore 2013 USA,1,1,PRJNA215106,24236055,24236055.0,USA,2014-04-15,22,22.0,sentinel_no_evidence,gut,False,0.8,"{""name"": null, ""index"": {""source"": ""paper.title"", ""quote"": ""Pediatric fecal microbiota harbor diverse and novel antibiotic resistance genes"", ""in_dossier"": true}, ""infants"": null}",confirm,CC0103,2013,,,,subject_resolution:all_members,PRJNA215106,1,"unknown (≤ 10, no subject evidence)",study_display:PRJNA215106 (no_subject_evidence),1.0.0,,1.0.0
COH0109,Oh 2017 Singapore,1,1,PRJNA272371,29049378,29049378.0,Singapore,2015-09-15,12,12.0,sentinel_no_evidence,stool,False,0.85,"{""name"": null, ""index"": {""source"": ""paper.title"", ""quote"": ""gut microbiota of infants with and without eczema"", ""in_dossier"": true}, ""infants"": null}",confirm,CC0105,2017,,12.0,,cohorts_v3:unresolved,PRJNA272371,1,"unknown (≤ 4, no subject evidence)",study_display:PRJNA272371 (no_subject_evidence),1.0.0,,1.0.0
COH0110,Majta 2019 Finland,1,1,PRJNA290380,30894435,30894435.0,Estonia|Finland|Russia,2016-10-07,785,212.0,sentinel_no_evidence,gut,False,0.8,"{""name"": null, ""index"": null, ""infants"": null}",confirm,CC0106,2019,,,,subject_resolution:all_members,PRJNA290380,1,212,study_display:PRJNA290380 (subject_ids),1.0.0,,1.0.0
COH0111,Guo 2016 China,1,1,PRJNA312041,27226242,27226242.0,China,2017-10-05,1,,sentinel_no_evidence,stool,False,0.9,"{""name"": null, ""index"": {""source"": ""paper.title"", ""quote"": ""storage on the microbial community in infant fecal samples"", ""in_dossier"": true}, ""infants"": null}",confirm,CC0108,2016,,,,cohorts_v3:unresolved,PRJNA312041,1,unknown (no infant-role samples),study_display:PRJNA312041 (no_infant_role_samples),1.0.0,,1.0.0
COH0112,Olm 2017 USA,1,1,PRJNA327106,28073918,28073918.0,USA,2016-09-02,45,,sentinel_no_evidence,gut|skin|oral,False,0.85,"{""name"": null, ""index"": {""source"": ""paper.title"", ""quote"": ""Identical bacterial populations colonize premature infant gut, skin, and oral"", ""in_dossier"": true}, ""infants"": null}",confirm,CC0109,2017,,,,cohorts_v3:unresolved,PRJNA327106,1,"unknown (≤ 45, no subject evidence)",study_display:PRJNA327106 (no_subject_evidence),1.0.0,,1.0.0
COH0113,Asnicar 2017 Italy,1,1,PRJNA339914,28144631,28144631.0,Italy,2016-10-01,24,,sentinel_no_evidence,stool,False,0.85,"{""name"": null, ""index"": {""source"": ""paper.title"", ""quote"": ""Studying Vertical Microbiome Transmission from Mothers to Infants"", ""in_dossier"": true}, ""infants"": null}",confirm,CC0110,2017,,,,cohorts_v3:unresolved,PRJNA339914,1,"unknown (≤ 8, no subject evidence)",study_display:PRJNA339914 (no_subject_evidence),1.0.0,,1.0.0
COH0114,Wampach 2018 Luxembourg,1,1,PRJNA379120,30504906,30504906.0,Luxembourg,2018-11-10,65,53.0,sentinel_no_evidence,stool,False,0.9,"{""name"": null, ""index"": {""source"": ""paper.abstract"", ""quote"": ""we perform metagenomic analysis of earliest gut microbial community structures"", ""in_dossier"": true}, ""infants"": null}",confirm,CC0111,2018,,,,subject_resolution:all_members,PRJNA379120,1,≤ 52 (one subject id per sample),study_display:PRJNA379120 (subject_ids_all_distinct),1.0.0,,1.0.0
COH0115,Pärnänen 2018 Finland,1,1,PRJNA384716,30250208,30250208.0,Finland,2018-05-02,96,,sentinel_no_evidence,stool|milk,False,0.85,"{""name"": null, ""index"": {""source"": ""paper.title"", ""quote"": ""Maternal gut and breast milk microbiota affect infant gut antibiotic resistome"", ""in_dossier"": true}, ""infants"": null}",confirm,CC0112,2018,,,,cohorts_v3:unresolved,PRJNA384716,1,"unknown (≤ 64, no subject evidence)",study_display:PRJNA384716 (no_subject_evidence),1.0.0,,1.0.0
COH0116,McCann 2018 Ireland,1,1,PRJNA385126,29761040,29761040.0,Ireland,2018-04-14,40,40.0,sentinel_no_evidence,stool,False,0.9,"{""name"": null, ""index"": {""source"": ""paper.title"", ""quote"": ""Viromes of one year old infants reveal"", ""in_dossier"": true}, ""infants"": null}",confirm,CC0113,2018,,,,subject_resolution:all_members,PRJNA385126,1,≤ 40 (one subject id per sample),study_display:PRJNA385126 (subject_ids_all_distinct),1.0.0,,1.0.0
COH0117,NIH Y4 Cohort,1,1,PRJNA396794,29359195,29359195.0,USA,2017-11-09,305,58.0,sentinel_no_evidence,gut,False,0.9,"{""name"": {""source"": ""study.title"", ""quote"": ""preterm infant gut metagenomes (NIH Y4 Cohort)"", ""in_dossier"": true}, ""index"": {""source"": ""paper.title"", ""quote"": ""Influential Antibiotic Resistance Genes in the Infant Gut Microbiome"", ""in_dossier"": true}, ""infants"": null}",confirm,CC0114,2018,,305.0,,subject_resolution:all_members,PRJNA396794,1,57–58 (subject ids on 304/305 samples),study_display:PRJNA396794 (subject_ids_partial),1.0.0,,1.0.0
COH0118,TEDDY,1,1,PRJNA400115,35729161,35729161.0,,2018-09-01,12266,888.0,sentinel_no_evidence,gut,True,0.92,"{""name"": {""source"": ""study.title"", ""quote"": ""TEDDY Microbiome"", ""in_dossier"": true}, ""index"": {""source"": ""paper.title"", ""quote"": ""metagenome-assembled genomes in infant gut microbiomes"", ""in_dossier"": true}, ""infants"": null}",confirm,CC0115,2022,,,,subject_resolution:all_members,PRJNA400115,1,unknown (no infant-role samples),study_display:PRJNA400115 (no_infant_role_samples),1.0.0,,1.0.0
COH0119,Milani 2018 Italy,1,1,PRJNA422569,30126456,30126456.0,Italy,2018-10-28,31,,sentinel_no_evidence,,False,0.75,"{""name"": null, ""index"": {""source"": ""paper.title"", ""quote"": ""Tracing mother-infant transmission of bacteriophages by means of"", ""in_dossier"": true}, ""infants"": null}",confirm,CC0116,2018,,,,cohorts_v3:unresolved,PRJNA422569,1,"unknown (≤ 12, no subject evidence)",study_display:PRJNA422569 (no_subject_evidence),1.0.0,,1.0.0
COH0120,Taft 2018 Bangladesh,1,1,PRJNA436562,30258040,30258040.0,Bangladesh,2018-03-03,46,46.0,sentinel_no_evidence,gut,False,0.85,"{""name"": null, ""index"": {""source"": ""paper.title"", ""quote"": ""Bifidobacterial Dominance of the Gut in Early Life"", ""in_dossier"": true}, ""infants"": null}",confirm,CC0117,2018,,,,subject_resolution:all_members,PRJNA436562,1,≤ 46 (one subject id per sample),study_display:PRJNA436562 (subject_ids_all_distinct),1.0.0,,1.0.0
COH0121,Lamichhane 2022,1,1,PRJNA475246,35685890,35685890.0,,2018-06-09,286,43.0,sentinel_no_evidence,stool,False,0.85,"{""name"": null, ""index"": {""source"": ""paper.title"", ""quote"": ""Impact of Extensively Hydrolyzed Infant Formula on Circulating Lipids"", ""in_dossier"": true}, ""infants"": null}",confirm,CC0118,2022,,,,subject_resolution:all_members,PRJNA475246,1,43,study_display:PRJNA475246 (subject_ids),1.0.0,,1.0.0
COH0122,Dhakal 2019 USA,1,1,PRJNA484151,31379808,31379808.0,USA,2018-08-04,10,10.0,sentinel_no_evidence,stool,False,0.85,"{""name"": {""source"": ""study.title"", ""quote"": ""Rural and Urban infant''s fecal microbiota study"", ""in_dossier"": true}, ""index"": {""source"": ""paper.title"", ""quote"": ""Amish (Rural) vs. non-Amish (Urban) Infant Fecal Microbiotas"", ""in_dossier"": true}, ""infants"": null}",confirm,CC0119,2019,,10.0,,cohorts_v3:unresolved,PRJNA484151,1,unknown (no infant-role samples),study_display:PRJNA484151 (no_infant_role_samples),1.0.0,,1.0.0
COH0123,Pasolli 2019 Madagascar,1,1,PRJNA485056,30661755,,Madagascar,2018-08-10,112,112.0,sentinel_no_evidence,stool,False,0.35,"{""name"": null, ""index"": null, ""infants"": null}",confirm,CC0120,2019,,,,subject_resolution:all_members,PRJNA485056,1,unknown (no infant-role samples),study_display:PRJNA485056 (no_infant_role_samples),1.0.0,,1.0.0
COH0124,Pärnänen 2022 USA,1,1,PRJNA532310,34677583,34677583.0,USA,2020-04-21,46,46.0,sentinel_no_evidence,stool,False,0.8,"{""name"": null, ""index"": {""source"": ""paper.title"", ""quote"": ""Early-life formula feeding is associated with infant gut microbiota alterations"", ""in_dossier"": true}, ""infants"": null}",confirm,CC0122,2022,,,,subject_resolution:all_members,PRJNA532310,1,≤ 46 (one subject id per sample),study_display:PRJNA532310 (subject_ids_all_distinct),1.0.0,,1.0.0
COH0125,Di Guglielmo 2022 USA,1,1,PRJNA542703,35310842,35310842.0,USA,2020-01-23,30,30.0,sentinel_no_evidence,gut,False,0.8,"{""name"": null, ""index"": {""source"": ""paper.title"", ""quote"": ""Impact of Early Feeding: Metagenomics Analysis of the Infant Gut Microbiome"", ""in_dossier"": true}, ""infants"": null}",confirm,CC0123,2022,,30.0,,subject_resolution:all_members,PRJNA542703,1,≤ 30 (one subject id per sample),study_display:PRJNA542703 (subject_ids_all_distinct),1.0.0,,1.0.0
COH0126,D'Souza 2020 South Africa,1,1,PRJNA549787,31832638,31832638.0,South Africa,2019-11-01,165,71.0,sentinel_no_evidence,stool,False,0.85,"{""name"": null, ""index"": {""source"": ""paper.title"", ""quote"": ""Cotrimoxazole Prophylaxis Increases Resistance Gene Prevalence and \u03b1-Diversity but Decreases"", ""in_dossier"": true}, ""infants"": null}",confirm,CC0124,2020,,,,subject_resolution:all_members,PRJNA549787,1,61–71 (subject ids on 155/165 samples),study_display:PRJNA549787 (subject_ids_partial),1.0.0,,1.0.0
COH0127,Reyman 2019 Netherlands,1,1,PRJNA555020,31676793,31676793.0,Netherlands,2019-09-14,20,20.0,sentinel_no_evidence,gut,False,0.8,"{""name"": null, ""index"": {""source"": ""paper.title"", ""quote"": ""Impact of delivery mode-associated gut microbiota dynamics on health"", ""in_dossier"": true}, ""infants"": null}",confirm,CC0125,2019,,20.0,,cohorts_v3:unresolved,PRJNA555020,1,"unknown (≤ 8, no subject evidence)",study_display:PRJNA555020 (no_subject_evidence),1.0.0,,1.0.0
COH0128,Bittinger 2020,1,1,PRJNA557731,32284564,32284564.0,missing,2019-08-02,191,103.0,sentinel_no_evidence,stool,False,0.85,"{""name"": null, ""index"": {""source"": ""paper.title"", ""quote"": ""Bacterial colonization reprograms the neonatal gut metabolome"", ""in_dossier"": true}, ""infants"": null}",confirm,CC0126,2020,,,,subject_resolution:all_members,PRJNA557731,1,88–103 (subject ids on 176/191 samples),study_display:PRJNA557731 (subject_ids_partial),1.0.0,,1.0.0
COH0130,COSMIC2,1,1,PRJNA595749,36717704,36717704.0,Luxembourg,2019-12-16,753,122.0,sentinel_no_evidence,stool,False,0.9,"{""name"": {""source"": ""study.title"", ""quote"": ""COSMIC2 - Persistence of birth mode-dependent effects"", ""in_dossier"": true}, ""index"": {""source"": ""paper.title"", ""quote"": ""Persistence of birth mode-dependent effects on gut microbiome composition"", ""in_dossier"": true}, ""infants"": null}",confirm,CC0128,2021,,,,subject_resolution:all_members,PRJNA595749,1,84–85 (subject ids on 657/658 samples),study_display:PRJNA595749 (subject_ids_partial),1.0.0,,1.0.0
COH0131,Uzan-Yulzari 2021 Finland,1,1,PRJNA606271,33500411,33500411.0,Finland,2020-09-18,20,20.0,sentinel_no_evidence,stool,False,0.85,"{""name"": null, ""index"": {""source"": ""paper.abstract"", ""quote"": ""investigate the long-term impact of antibiotic treatment in the neonatal period"", ""in_dossier"": true}, ""infants"": null}",confirm,CC0129,2021,,20.0,,cohorts_v3:unresolved,PRJNA606271,1,"unknown (≤ 20, no subject evidence)",study_display:PRJNA606271 (no_subject_evidence),1.0.0,,1.0.0
COH0132,Casaburi 2021 USA,1,1,PRJNA633576,33479326,33479326.0,USA,2021-03-01,227,227.0,sentinel_no_evidence,gut,False,0.85,"{""name"": null, ""index"": null, ""infants"": null}",confirm,CC0130,2021,,,,subject_resolution:all_members,PRJNA633576,1,≤ 227 (one subject id per sample),study_display:PRJNA633576 (subject_ids_all_distinct),1.0.0,,1.0.0
COH0133,Taft 2015 USA,1,1,PRJNA63661,26110908,26110908.0,USA|USA;missing|missing|missing;USA,2011-08-02,667,503.0,sentinel_no_evidence,gut,False,0.8,"{""name"": null, ""index"": {""source"": ""paper.title"", ""quote"": ""Center Variation in Intestinal Microbiota Prior to Late-Onset Sepsis in Preterm Infants"", ""in_dossier"": true}, ""infants"": null}",confirm,CC0131,2015,,,,subject_resolution:all_members,PRJNA63661,1,206–310 (subject ids on 370/474 samples),study_display:PRJNA63661 (subject_ids_partial),1.0.0,,1.0.0
COH0134,Tan 2020 Bangladesh,1,1,PRJNA644725,32958861,32958861.0,,2020-07-10,150,30.0,predicted,stool,False,0.92,"{""name"": null, ""index"": {""source"": ""paper.title"", ""quote"": ""Metagenomic sequencing of stool samples in Bangladeshi infants"", ""in_dossier"": true}, ""infants"": {""source"": ""paper.abstract"", ""quote"": ""3 serially collected stool samples from 30 Bangladeshi infants"", ""in_dossier"": true}}",confirm,CC0132,2020,,30.0,,cohorts_v3:unresolved,PRJNA644725,1,unknown (no infant-role samples),study_display:PRJNA644725 (no_infant_role_samples),1.0.0,,1.0.0
COH0135,DIAMOND,1,1,PRJNA648487,33732655,33732655.0,New Zealand,2020-07-26,94,227.0,predicted,stool,False,0.85,"{""name"": {""source"": ""study.title"", ""quote"": ""the DIAMOND trial - Shotgun Metagenomic data"", ""in_dossier"": true}, ""index"": {""source"": ""paper.title"", ""quote"": ""Factors Associated With the Microbiome in Moderate-Late Preterm Babies"", ""in_dossier"": true}, ""infants"": {""source"": ""paper.abstract"", ""quote"": ""227 moderate-late preterm (MLPT) babies enrolled in a randomized"", ""in_dossier"": true}}",confirm,CC0133,2021,,227.0,,cohorts_v3:unresolved,PRJNA648487,1,"unknown (≤ 94, no subject evidence)",study_display:PRJNA648487 (no_subject_evidence),1.0.0,,1.0.0
COH0136,Wang 2022 China,1,1,PRJNA695070,38818221,38818221.0,China,2021-04-01,572,,sentinel_no_evidence,gut,False,0.8,"{""name"": null, ""index"": {""source"": ""paper.title"", ""quote"": ""Maternal and neonatal viromes indicate the risk of offspring's"", ""in_dossier"": true}, ""infants"": null}",confirm,CC0134,2022,,,,cohorts_v3:unresolved,PRJNA695070,1,unknown (no infant-role samples),study_display:PRJNA695070 (no_infant_role_samples),1.0.0,,1.0.0
COH0137,Wilson 2021 New Zealand,1,1,PRJNA701480,34186487,34186487.0,New Zealand,2021-06-16,116,72.0,sentinel_no_evidence,gut,False,0.88,"{""name"": null, ""index"": {""source"": ""paper.title"", ""quote"": ""Oral administration of maternal vaginal microbes at birth"", ""in_dossier"": true}, ""infants"": null}",confirm,CC0135,2021,,,,subject_resolution:all_members,PRJNA701480,1,47,study_display:PRJNA701480 (subject_ids),1.0.0,,1.0.0
COH0138,Thänert 2021 USA,1,1,PRJNA701982,34264786,34264786.0,USA,2021-07-28,67,,sentinel_no_evidence,stool,False,0.85,"{""name"": null, ""index"": {""source"": ""paper.title"", ""quote"": ""Antibiotic-driven intestinal dysbiosis in pediatric short bowel syndrome"", ""in_dossier"": true}, ""infants"": null}",confirm,CC0136,2021,,,,cohorts_v3:unresolved,PRJNA701982,1,"unknown (≤ 57, no subject evidence)",study_display:PRJNA701982 (no_subject_evidence),1.0.0,,1.0.0
COH0139,NiPPeR,1,1,PRJNA707065,35075183,35075183.0,New Zealand|United Kingdom,2022-01-02,20,20.0,sentinel_no_evidence,stool,False,0.9,"{""name"": {""source"": ""study.title"", ""quote"": ""NiPPeR Study - pilot microbiome investigation"", ""in_dossier"": true}, ""index"": {""source"": ""paper.title"", ""quote"": ""Transcription shifts in gut bacteria shared between mothers and their infants"", ""in_dossier"": true}, ""infants"": null}",confirm,CC0137,2022,,20.0,,cohorts_v3:unresolved,PRJNA707065,1,"unknown (≤ 10, no subject evidence)",study_display:PRJNA707065 (no_subject_evidence),1.0.0,,1.0.0
COH0140,West 2021 USA,1,1,PRJNA717139,34154658,34154658.0,USA,2021-08-25,18,,sentinel_no_evidence,stool,False,0.85,"{""name"": null, ""index"": {""source"": ""paper.title"", ""quote"": ""Genetic and behavioral adaptation of Candida parapsilosis to the microbiome"", ""in_dossier"": true}, ""infants"": null}",confirm,CC0138,2021,,,,cohorts_v3:unresolved,PRJNA717139,1,"unknown (≤ 18, no subject evidence)",study_display:PRJNA717139 (no_subject_evidence),1.0.0,,1.0.0
COH0141,Lay 2021 Singapore,1,1,PRJNA726032,34172012,34172012.0,Singapore|Thailand,2022-06-20,40,40.0,predicted,gut,False,0.9,"{""name"": {""source"": ""study.title"", ""quote"": ""synbiotic intervention modulates meta-omics signatures of gut redox potential"", ""in_dossier"": true}, ""index"": {""source"": ""paper.abstract"", ""quote"": ""In a double-blind randomized controlled study, 153 infants born by elective C-section"", ""in_dossier"": true}, ""infants"": {""source"": ""paper.abstract"", ""quote"": ""153 infants received an infant formula supplemented with"", ""in_dossier"": false}}",confirm,CC0139,2021,,153.0,,subject_resolution:all_members,PRJNA726032,1,unknown (no infant-role samples),study_display:PRJNA726032 (no_infant_role_samples),1.0.0,,1.0.0
COH0142,Tarracchini 2021 France,1,1,PRJNA733860,34704805,34704805.0,France,2021-08-25,47,,sentinel_no_evidence,fecal,False,0.85,"{""name"": {""source"": ""study.title"", ""quote"": ""Preterm infant fecal metagenome"", ""in_dossier"": true}, ""index"": {""source"": ""paper.abstract"", ""quote"": ""role of the gut microbiota remains poorl"", ""in_dossier"": true}, ""infants"": null}",confirm,CC0140,2021,,,,cohorts_v3:unresolved,PRJNA733860,1,"unknown (≤ 47, no subject evidence)",study_display:PRJNA733860 (no_subject_evidence),1.0.0,,1.0.0
COH0143,Kim 2022 USA-Mozambique,1,1,PRJNA747761,37938667,37938667.0,Mozambique|USA,2022-01-18,237,237.0,sentinel_no_evidence,stool,False,0.9,"{""name"": null, ""index"": {""source"": ""paper.title"", ""quote"": ""Higher pathogen load in children from Mozambique vs. USA"", ""in_dossier"": true}, ""infants"": null}",confirm,CC0141,2022,,,,subject_resolution:all_members,PRJNA747761,1,≤ 206 (one subject id per sample),study_display:PRJNA747761 (subject_ids_all_distinct),1.0.0,,1.0.0
COH0144,Hellmann 2021 USA,1,1,PRJNA748448,34523979,34523979.0,USA,2021-07-22,60,4.0,sentinel_no_evidence,skin|stool,False,0.9,"{""name"": null, ""index"": null, ""infants"": null}",confirm,CC0142,2021,,,,subject_resolution:all_members,PRJNA748448,1,4,study_display:PRJNA748448 (subject_ids),1.0.0,,1.0.0
COH0145,Hanachi 2022 Tunisia,1,1,PRJNA762668,35547149,35547149.0,Tunisia,2022-04-08,33,,sentinel_no_evidence,stool,False,0.9,"{""name"": {""source"": ""paper.title"", ""quote"": ""Longitudinal and Comparative Analysis of Gut Microbiota of Tunisian Newborns"", ""in_dossier"": true}, ""index"": {""source"": ""paper.title"", ""quote"": ""Longitudinal and Comparative Analysis of Gut Microbiota of Tunisian Newborns"", ""in_dossier"": true}, ""infants"": null}",confirm,CC0143,2022,,,,cohorts_v3:unresolved,PRJNA762668,1,"unknown (≤ 33, no subject evidence)",study_display:PRJNA762668 (no_subject_evidence),1.0.0,,1.0.0
COH0146,FOUNDATION Study,1,1,PRJNA772730,35071138,35071138.0,USA,2022-11-02,25,25.0,sentinel_no_evidence,gut,False,0.9,"{""name"": {""source"": ""study.title"", ""quote"": ""The FOUNDATION Study: Hospital Formulation Of B. infantis EVC001"", ""in_dossier"": true}, ""index"": null, ""infants"": null}",confirm,CC0144,2021,,,,subject_resolution:all_members,PRJNA772730,1,unknown (no infant-role samples),study_display:PRJNA772730 (no_infant_role_samples),1.0.0,,1.0.0
COH0147,Lemme-Dumit 2022 USA,1,1,PRJNA776332,35280991,35280991.0,USA,2021-11-03,61,,sentinel_no_evidence,stool,False,0.9,"{""name"": null, ""index"": {""source"": ""paper.title"", ""quote"": ""Altered Gut Microbiome and Fecal Immune Phenotype in Early Preterm Infants"", ""in_dossier"": true}, ""infants"": null}",confirm,CC0145,2022,,,,cohorts_v3:unresolved,PRJNA776332,1,"unknown (≤ 61, no subject evidence)",study_display:PRJNA776332 (no_subject_evidence),1.0.0,,1.0.0
COH0148,Ryan 2025 Australia,1,1,PRJNA807448,40175554,40175554.0,Australia,2025-01-21,459,277.0,predicted,stool,False,0.95,"{""name"": null, ""index"": {""source"": ""paper.title"", ""quote"": ""Bifidobacteria support optimal infant vaccine responses"", ""in_dossier"": true}, ""infants"": {""source"": ""paper.abstract"", ""quote"": ""followed 191 healthy, vaginally born, term infants"", ""in_dossier"": true}}",confirm,CC0147,2025,,191.0,,subject_resolution:all_members,PRJNA807448,1,155–277 (subject ids on 337/459 samples),study_display:PRJNA807448 (subject_ids_partial),1.0.0,,1.0.0
COH0149,EDIA,1,1,PRJNA821542,39551356,39551356.0,Finland,2022-12-06,918,,sentinel_no_evidence,gut,False,0.85,"{""name"": {""source"": ""study.title"", ""quote"": ""mothers and their infants in the EDIA study"", ""in_dossier"": true}, ""index"": {""source"": ""paper.title"", ""quote"": ""EDIA longitudinal infant cohort"", ""in_dossier"": true}, ""infants"": null}",confirm,CC0148,2025,,,,cohorts_v3:unresolved,PRJNA821542,1,"unknown (≤ 534, no subject evidence)",study_display:PRJNA821542 (no_subject_evidence),1.0.0,,1.0.0
COH0150,Ligezka 2026 USA-Minnesota,1,1,PRJNA821920,41782637,41782637.0,USA,2022-04-09,37,,sentinel_no_evidence,stool,False,0.85,"{""name"": null, ""index"": {""source"": ""paper.title"", ""quote"": ""Microbiome and Vocalization Biomarkers of Infant Distress Maternal Depression"", ""in_dossier"": true}, ""infants"": null}",confirm,CC0149,2026,,,,cohorts_v3:unresolved,PRJNA821920,1,"unknown (≤ 37, no subject evidence)",study_display:PRJNA821920 (no_subject_evidence),1.0.0,,1.0.0
COH0151,CAGED,1,1,PRJNA843963,41185061,41185061.0,Ethiopia,2025-01-24,177,,sentinel_no_evidence,gut,False,0.7,"{""name"": {""source"": ""study.title"", ""quote"": ""CAGED: CAMPYLOBACTER GENOMICS AND ENVIRONMENTAL ENTERIC DYSFUNCTION"", ""in_dossier"": true}, ""index"": {""source"": ""paper.title"", ""quote"": ""longitudinal cohort of infants, family members and livestock"", ""in_dossier"": true}, ""infants"": null}",confirm,CC0150,2025,,,,cohorts_v3:unresolved,PRJNA843963,1,unknown (no infant-role samples),study_display:PRJNA843963 (no_infant_role_samples),1.0.0,,1.0.0
COH0152,CHOICE,1,1,PRJNA845806,35966074,35966074.0,USA,2022-07-26,131,131.0,sentinel_no_evidence,gut,False,0.85,"{""name"": {""source"": ""study.title"", ""quote"": ""Metabolic Consequences to Mother and Offspring (CHOICE)"", ""in_dossier"": true}, ""index"": {""source"": ""paper.title"", ""quote"": ""increases bifidobacteria and alters early life acquisition of the infant microbiome"", ""in_dossier"": true}, ""infants"": null}",confirm,CC0151,2022,,,,subject_resolution:all_members,PRJNA845806,1,unknown (no infant-role samples),study_display:PRJNA845806 (no_infant_role_samples),1.0.0,,1.0.0
COH0153,Cannon 2022 Nicaragua,1,1,PRJNA853174,35891376,35891376.0,Nicaragua,2022-06-30,22,22.0,sentinel_no_evidence,stool,False,0.9,"{""name"": {""source"": ""paper.title"", ""quote"": ""Longitudinal Birth Cohort in Leon, Nicaragua"", ""in_dossier"": true}, ""index"": {""source"": ""paper.title"", ""quote"": ""Longitudinal Birth Cohort in Leon, Nicaragua"", ""in_dossier"": true}, ""infants"": null}",confirm,CC0152,2022,,,,subject_resolution:all_members,PRJNA853174,1,≤ 22 (one subject id per sample),study_display:PRJNA853174 (subject_ids_all_distinct),1.0.0,,1.0.0
COH0154,Xi 2022 China,1,1,PRJNA858926,36687649,36687649.0,China,2022-12-17,100,50.0,sentinel_no_evidence,stool|breast milk,False,0.85,"{""name"": null, ""index"": {""source"": ""paper.abstract"", ""quote"": ""explore the correlation between maternal diet, breast milk fatty acids"", ""in_dossier"": true}, ""infants"": null}",confirm,CC0153,2022,,100.0,,subject_resolution:all_members,PRJNA858926,1,≤ 50 (one subject id per sample),study_display:PRJNA858926 (subject_ids_all_distinct),1.0.0,,1.0.0
COH0155,Li 2023 China,1,1,PRJNA869587,36973710,36973710.0,China,2022-08-26,2,2.0,sentinel_no_evidence,stool,False,0.7,"{""name"": null, ""index"": {""source"": ""paper.title"", ""quote"": ""Comparison of gut viral communities in children under 5 years old and"", ""in_dossier"": true}, ""infants"": null}",confirm,CC0154,2023,,,,subject_resolution:all_members,PRJNA869587,1,unknown (no infant-role samples),study_display:PRJNA869587 (no_infant_role_samples),1.0.0,,1.0.0
COH0156,Lynch 2023 USA,1,1,PRJNA870588,36843227,36843227.0,USA,2023-01-02,114,,sentinel_no_evidence,stool,False,0.85,"{""name"": null, ""index"": {""source"": ""paper.title"", ""quote"": ""Cholestasis impairs gut microbiota development and bile salt hydrolase activity"", ""in_dossier"": true}, ""infants"": null}",confirm,CC0155,2023,,,,cohorts_v3:unresolved,PRJNA870588,1,"unknown (≤ 114, no subject evidence)",study_display:PRJNA870588 (no_subject_evidence),1.0.0,,1.0.0
COH0157,Mukhopadhyay 2022 USA,1,1,PRJNA872399,36474348,36474348.0,USA,2022-12-06,361,34.0,sentinel_no_evidence,stool,False,0.9,"{""name"": null, ""index"": {""source"": ""paper.title"", ""quote"": ""Preterm infants at low risk for early-onset sepsis differ"", ""in_dossier"": true}, ""infants"": null}",confirm,CC0156,2022,,,,subject_resolution:all_members,PRJNA872399,1,34,study_display:PRJNA872399 (subject_ids),1.0.0,,1.0.0
COH0158,Nhu 2024 Australia,1,1,PRJNA893826,38622998,38622998.0,Australia,2022-10-27,1,1.0,sentinel_no_evidence,blood/CSF or clinical isolate,False,0.4,"{""name"": null, ""index"": {""source"": ""paper.title"", ""quote"": ""High-risk Escherichia coli clones that cause neonatal meningitis"", ""in_dossier"": false}, ""infants"": null}",confirm,CC0157,2024,,1.0,,cohorts_v3:unresolved,PRJNA893826,1,"unknown (≤ 1, no subject evidence)",study_display:PRJNA893826 (no_subject_evidence),1.0.0,,1.0.0
COH0159,Mills 2023 Nicaragua,1,1,PRJNA894152,37715296,37715296.0,Nicaragua,2022-10-26,57,57.0,sentinel_no_evidence,stool,False,0.85,"{""name"": {""source"": ""paper.title"", ""quote"": ""gut microbiome and resistome in young children from rural Nicaragua"", ""in_dossier"": true}, ""index"": {""source"": ""paper.title"", ""quote"": ""Household environment and animal fecal contamination are critical modifiers"", ""in_dossier"": true}, ""infants"": null}",confirm,CC0158,2023,,,,subject_resolution:all_members,PRJNA894152,1,unknown (no infant-role samples),study_display:PRJNA894152 (no_infant_role_samples),1.0.0,,1.0.0
COH0160,PINGU,1,1,PRJNA898628,37187112,37187112.0,Norway,2023-06-05,220,172.0,sentinel_no_evidence,gut,False,0.85,"{""name"": {""source"": ""study.title"", ""quote"": ""PINGU Fecal samples Metagenome"", ""in_dossier"": true}, ""index"": {""source"": ""paper.title"", ""quote"": ""Development of early life gut resistome and mobilome"", ""in_dossier"": true}, ""infants"": null}",confirm,CC0159,2023,,,,subject_resolution:all_members,PRJNA898628,1,69–172 (subject ids on 117/220 samples),study_display:PRJNA898628 (subject_ids_partial),1.0.0,,1.0.0
COH0161,Warner 2023,1,1,PRJNA911205,37726348,37726348.0,missing,2023-02-27,183,,sentinel_no_evidence,gut,False,0.85,"{""name"": null, ""index"": {""source"": ""paper.title"", ""quote"": ""distinct mother and infant gut microbiome variations"", ""in_dossier"": true}, ""infants"": null}",confirm,CC0160,2023,,,,cohorts_v3:unresolved,PRJNA911205,1,unknown (no infant-role samples),study_display:PRJNA911205 (no_infant_role_samples),1.0.0,,1.0.0
COH0162,STORK,1,1,PRJNA916952,36758519,36758519.0,USA,2023-01-03,1144,,sentinel_no_evidence,stool,False,0.8,"{""name"": {""source"": ""study.title"", ""quote"": ""Stanford's Outcomes Research in Kids (STORK) Virome"", ""in_dossier"": true}, ""index"": {""source"": ""paper.title"", ""quote"": ""Longitudinal comparison of the developing gut virome in infants and their mothers"", ""in_dossier"": true}, ""infants"": null}",confirm,CC0161,2023,,,,cohorts_v3:unresolved,PRJNA916952,1,unknown (no infant-role samples),study_display:PRJNA916952 (no_infant_role_samples),1.0.0,,1.0.0
COH0163,HOLA,1,1,PRJNA938144,37754563,37754563.0,,2023-02-27,63,63.0,sentinel_no_evidence,gut,False,0.8,"{""name"": {""source"": ""study.title"", ""quote"": ""HOLA gut microbiome"", ""in_dossier"": true}, ""index"": {""source"": ""paper.abstract"", ""quote"": ""established a birth cohort study named Hurrican"", ""in_dossier"": true}, ""infants"": null}",confirm,CC0162,2023,,63.0,,subject_resolution:all_members,PRJNA938144,1,≤ 63 (one subject id per sample),study_display:PRJNA938144 (subject_ids_all_distinct),1.0.0,,1.0.0
COH0164,Heston 2023 Singapore,1,1,PRJNA947616,37974294,37974294.0,Singapore,2023-07-01,606,76.0,sentinel_no_evidence,stool,False,0.9,"{""name"": null, ""index"": {""source"": ""paper.title"", ""quote"": ""Strain-resolved metagenomic analysis of the gut as a reservoir"", ""in_dossier"": true}, ""infants"": null}",confirm,CC0163,2023,,,,subject_resolution:all_members,PRJNA947616,1,76,study_display:PRJNA947616 (subject_ids),1.0.0,,1.0.0
COH0165,Kazakova 2023 Spain,1,1,PRJNA949443,37175775,37175775.0,Spain,2023-03-30,49,,sentinel_no_evidence,meconium|stool,False,0.85,"{""name"": null, ""index"": {""source"": ""paper.title"", ""quote"": ""Meconium and Milk-FED Infant Stool Samples"", ""in_dossier"": true}, ""infants"": null}",confirm,CC0164,2023,,,,cohorts_v3:unresolved,PRJNA949443,1,"unknown (≤ 49, no subject evidence)",study_display:PRJNA949443 (no_subject_evidence),1.0.0,,1.0.0
COH0166,Kozhakhmetov 2023 Kazakhstan,1,1,PRJNA949528,37308527,37308527.0,Kazakhstan,2023-04-01,183,183.0,sentinel_no_evidence,gut,False,0.8,"{""name"": null, ""index"": {""source"": ""paper.title"", ""quote"": ""Compositional and functional variability of the gut microbiome in children"", ""in_dossier"": true}, ""infants"": null}",confirm,CC0165,2023,,183.0,,cohorts_v3:unresolved,PRJNA949528,1,"unknown (≤ 143, no subject evidence)",study_display:PRJNA949528 (no_subject_evidence),1.0.0,,1.0.0
COH0167,Verster 2025 USA,1,1,PRJNA955235,39945545,39945545.0,USA,2023-06-22,190,190.0,sentinel_no_evidence,stool,False,0.75,"{""name"": null, ""index"": null, ""infants"": null}",confirm,CC0166,2025,,,,subject_resolution:all_members,PRJNA955235,1,≤ 189 (one subject id per sample),study_display:PRJNA955235 (subject_ids_all_distinct),1.0.0,,1.0.0
COH0168,Resismet,1,1,PRJNA971895,38310316,38310316.0,Ireland,2023-06-05,209,45.0,predicted,gut,False,0.9,"{""name"": {""source"": ""study.title"", ""quote"": ""Resismet"", ""in_dossier"": true}, ""index"": {""source"": ""paper.title"", ""quote"": ""persistent amplification of the gut resistome"", ""in_dossier"": true}, ""infants"": {""source"": ""paper.abstract"", ""quote"": ""Two hundred and eight samples from 45 infants collected from"", ""in_dossier"": true}}",confirm,CC0168,2024,,45.0,,cohorts_v3:unresolved,PRJNA971895,1,"unknown (≤ 209, no subject evidence)",study_display:PRJNA971895 (no_subject_evidence),1.0.0,,1.0.0
COH0169,Seong 2025 South Korea AD infant cohort,2,1,PRJNA979436|PRJEB45443,40442154,40442154.0,South Korea,2021-11-10,351,60.0,predicted,gut,False,0.85,"{""name"": null, ""index"": {""source"": ""paper.abstract"", ""quote"": ""gut microbiome-host interactions in 31 infants with AD"", ""in_dossier"": true}, ""infants"": {""source"": ""paper.abstract"", ""quote"": ""31 infants with AD and 29 healthy controls"", ""in_dossier"": true}}",confirm,CC0169,2025,,60.0,13.0,cohorts_v3:subject_resolution:1/2_members,PRJNA979436|PRJEB45443,2,≈ 60 (cohorts_v3:subject_resolution:1/2_members),cohort_rule:predicted,1.0.0,,1.0.0
COH0170,Xiong 2025,1,1,PRJNA986854,40467587,40467587.0,missing,2025-05-01,65,146.0,predicted,stool,False,0.9,"{""name"": {""source"": ""paper.title"", ""quote"": ""Prenatal exposure to trace elements impacts mother-infant gut microbiome"", ""in_dossier"": true}, ""index"": {""source"": ""paper.title"", ""quote"": ""Prenatal exposure to trace elements impacts mother-infant gut microbiome"", ""in_dossier"": true}, ""infants"": {""source"": ""paper.abstract"", ""quote"": ""recruit 146 mother-infant pairs and collect stool samples"", ""in_dossier"": true}}",confirm,CC0170,2025,,146.0,,cohorts_v3:unresolved,PRJNA986854,1,unknown (no infant-role samples),study_display:PRJNA986854 (no_infant_role_samples),1.0.0,,1.0.0
COH0171,Barker-Tejeda 2024 Spain,1,1,PRJNA991269,38589361,38589361.0,Spain,2024-03-24,128,128.0,sentinel_no_evidence,stool,False,0.85,"{""name"": null, ""index"": {""source"": ""paper.title"", ""quote"": ""infant gut microbiome and their maternal lineage"", ""in_dossier"": true}, ""infants"": null}",confirm,CC0171,2024,,,,subject_resolution:all_members,PRJNA991269,1,unknown (no infant-role samples),study_display:PRJNA991269 (no_infant_role_samples),1.0.0,,1.0.0
COH0172,Ennis 2024 Israel,1,1,PRJNA994433,38291346,38291346.0,Israel,2023-07-17,80,,sentinel_no_evidence,gut,False,0.85,"{""name"": null, ""index"": {""source"": ""paper.title"", ""quote"": ""reveals late colonization in the infant gut"", ""in_dossier"": true}, ""infants"": null}",confirm,CC0172,2024,,,,cohorts_v3:unresolved,PRJNA994433,1,"unknown (≤ 80, no subject evidence)",study_display:PRJNA994433 (no_subject_evidence),1.0.0,,1.0.0
COH0191,Beck preterm probiotics UK cohort,1,2,PRJEB49383,39183307|36163498,36163498.0,United Kingdom,2022-10-01,2351,,not_assessed_singleton,,False,0.8,"{""name"": {""source"": ""paper.title"", ""quote"": ""Impact of probiotics on gut microbiome of extremely preterm or extremely low""}}",confirm,CA004,2025|2022,,,,cohorts_v3:unresolved,PRJEB49383,1,"unknown (≤ 2351, no subject evidence)",study_display:PRJEB49383 (no_subject_evidence),1.0.0,,1.0.0
COH0209,singleton study PRJNA521878,1,0,PRJNA521878,,,USA,2020-03-02,64,29.0,not_assessed_singleton,,False,0.5,"{""name"": {""source"": ""study.title"", ""quote"": ""Gut metagenome of infants in the neonatal intensive care unit""}}",singleton_deterministic,CC0014,,,,,subject_resolution:all_members,PRJNA521878,1,29,study_display:PRJNA521878 (subject_ids),1.0.0,,1.0.0
COH0232,singleton study PRJEB46788,1,0,PRJEB46788,,,,2022-09-16,2750,992.0,not_assessed_singleton,,False,0.5,"{""name"": {""source"": ""study.title"", ""quote"": ""Codiversification of gut microbiota with humans""}}",singleton_deterministic,CC0034,,,,,subject_resolution:all_members,PRJEB46788,1,unknown (no infant-role samples),study_display:PRJEB46788 (no_infant_role_samples),1.0.0,,1.0.0
COH0241,singleton study PRJNA231909,1,0,PRJNA231909,,,missing,2015-03-16,124,,not_assessed_singleton,,False,0.5,"{""name"": {""source"": ""study.title"", ""quote"": ""A prospective, longitudinal analysis of the developing gut microbiome in infants en""}}",singleton_deterministic,CC0104,,,,,cohorts_v3:unresolved,PRJNA231909,1,unknown (no infant-role samples),study_display:PRJNA231909 (no_infant_role_samples),1.0.0,,1.0.0
COH0243,singleton study PRJNA301903,1,0,PRJNA301903,,,USA,2016-05-05,403,84.0,not_assessed_singleton,,False,0.5,"{""name"": {""source"": ""study.title"", ""quote"": ""Metagenomic sequencing of preterm infant gut microbiota raw sequence reads""}}",singleton_deterministic,CC0107,,,,,subject_resolution:all_members,PRJNA301903,1,84,study_display:PRJNA301903 (subject_ids),1.0.0,,1.0.0
COH0245,singleton study PRJNA524703,1,0,PRJNA524703,,,USA,2020-01-06,249,204.0,not_assessed_singleton,,False,0.5,"{""name"": {""source"": ""study.title"", ""quote"": ""Human infant gut virome""}}",singleton_deterministic,CC0121,,,,,subject_resolution:all_members,PRJNA524703,1,166,study_display:PRJNA524703 (subject_ids),1.0.0,,1.0.0
COH0247,singleton study PRJNA782810,1,0,PRJNA782810,,,missing,2022-10-27,264,,not_assessed_singleton,,False,0.5,"{""name"": {""source"": ""study.title"", ""quote"": ""Exploring the species-level infant gut bacterial biodiversity through a meta-analysis and the""}}",singleton_deterministic,CC0146,,,,,cohorts_v3:unresolved,PRJNA782810,1,unknown (no infant-role samples),study_display:PRJNA782810 (no_infant_role_samples),1.0.0,,1.0.0
COH0268,singleton study PRJDA72415,1,0,PRJDA72415,,,,2012-10-22,80,34.0,not_assessed_singleton,,False,0.5,"{""name"": {""source"": ""study.title"", ""quote"": ""Comprehensive Detection of Possible Pathogens Associated with Kawasaki Disease""}}",singleton_deterministic,CC0196,,,,,subject_resolution:all_members,PRJDA72415,1,8,study_display:PRJDA72415 (subject_ids),1.0.0,,1.0.0
COH0270,singleton study PRJDB33192,1,0,PRJDB33192,,,missing,2025-09-28,51,,not_assessed_singleton,,False,0.5,"{""name"": {""source"": ""study.title"", ""quote"": ""Infands gut virome (PRJCA031650)""}}",singleton_deterministic,CC0198,,,,,cohorts_v3:unresolved,PRJDB33192,1,unknown (no infant-role samples),study_display:PRJDB33192 (no_infant_role_samples),1.0.0,,1.0.0
COH0272,singleton study PRJDB4525,1,0,PRJDB4525,,,Indonesia|Japan|South Korea|Thailand,2021-12-03,36,36.0,not_assessed_singleton,,False,0.5,"{""name"": {""source"": ""study.title"", ""quote"": ""Shotgun metagenomics of fecal bacterial consortium inhabiting healthy Asian children""}}",singleton_deterministic,CC0200,,,,,subject_resolution:all_members,PRJDB4525,1,unknown (no infant-role samples),study_display:PRJDB4525 (no_infant_role_samples),1.0.0,,1.0.0
COH0274,singleton study PRJEB101714,1,0,PRJEB101714,,,France,2026-03-12,100,,not_assessed_singleton,,False,0.5,"{""name"": {""source"": ""study.title"", ""quote"": ""strepB17""}}",singleton_deterministic,CC0202,,,,,cohorts_v3:unresolved,PRJEB101714,1,unknown (no infant-role samples),study_display:PRJEB101714 (no_infant_role_samples),1.0.0,,1.0.0
COH0275,singleton study PRJEB101960,1,0,PRJEB101960,,,Latvia,2025-12-01,107,,not_assessed_singleton,,False,0.5,"{""name"": {""source"": ""study.title"", ""quote"": ""Gut microbiome of toddlers up to 36 months of age""}}",singleton_deterministic,CC0203,,,,,cohorts_v3:unresolved,PRJEB101960,1,"unknown (≤ 107, no subject evidence)",study_display:PRJEB101960 (no_subject_evidence),1.0.0,,1.0.0
COH0276,singleton study PRJEB102170,1,0,PRJEB102170,,,Latvia,2025-12-01,71,,not_assessed_singleton,,False,0.5,"{""name"": {""source"": ""study.title"", ""quote"": ""Gut microbiome of toddlers up to 12 months of age""}}",singleton_deterministic,CC0204,,,,,cohorts_v3:unresolved,PRJEB102170,1,unknown (no infant-role samples),study_display:PRJEB102170 (no_infant_role_samples),1.0.0,,1.0.0
COH0277,singleton study PRJEB102491,1,0,PRJEB102491,,,Sweden,2025-11-10,176,,not_assessed_singleton,,False,0.5,"{""name"": {""source"": ""study.title"", ""quote"": ""Shotgun sequencing of 91 infants from the ALADDIN birth cohort""}}",singleton_deterministic,CC0205,,,,,cohorts_v3:unresolved,PRJEB102491,1,unknown (no infant-role samples),study_display:PRJEB102491 (no_infant_role_samples),1.0.0,,1.0.0
COH0279,singleton study PRJEB108612,1,0,PRJEB108612,,,Hong Kong,2026-02-22,5328,969.0,not_assessed_singleton,,False,0.5,"{""name"": {""source"": ""study.title"", ""quote"": ""MOMmy-Microbiome_Epigenome_Neurodevelopment""}}",singleton_deterministic,CC0207,,,,,subject_resolution:all_members,PRJEB108612,1,unknown (no infant-role samples),study_display:PRJEB108612 (no_infant_role_samples),1.0.0,,1.0.0
COH0280,singleton study PRJEB108678,1,0,PRJEB108678,,,USA;USA,2026-02-24,572,80.0,not_assessed_singleton,,False,0.5,"{""name"": {""source"": ""study.title"", ""quote"": ""MPRINT: mother-infant dyads and antibiotic exposure""}}",singleton_deterministic,CC0208,,,,,subject_resolution:all_members,PRJEB108678,1,80,study_display:PRJEB108678 (subject_ids),1.0.0,,1.0.0
COH0281,singleton study PRJEB10914,1,0,PRJEB10914,,,GAZ,2016-01-04,1016,114.0,not_assessed_singleton,,False,0.5,"{""name"": {""source"": ""study.title"", ""quote"": ""Developmental Ecology of the Human Microbiome - Restoration Study of babies.""}}",singleton_deterministic,CC0209,,,,,subject_resolution:all_members,PRJEB10914,1,17–114 (subject ids on 317/414 samples),study_display:PRJEB10914 (subject_ids_partial),1.0.0,,1.0.0
COH0282,singleton study PRJEB110410,1,0,PRJEB110410,,,Belgium,2026-04-24,156,,not_assessed_singleton,,False,0.5,"{""name"": {""source"": ""study.title"", ""quote"": ""The impact of dietary fibres on gut microbiome of young children: insights""}}",singleton_deterministic,CC0210,,,,,cohorts_v3:unresolved,PRJEB110410,1,unknown (no infant-role samples),study_display:PRJEB110410 (no_infant_role_samples),1.0.0,,1.0.0
COH0283,singleton study PRJEB111647,1,0,PRJEB111647,,,Sweden,2026-04-17,1441,222.0,not_assessed_singleton,,False,0.5,"{""name"": {""source"": ""study.title"", ""quote"": ""Restoration of Microbiota in Newborns""}}",singleton_deterministic,CC0211,,,,,subject_resolution:all_members,PRJEB111647,1,222,study_display:PRJEB111647 (subject_ids),1.0.0,,1.0.0
COH0284,singleton study PRJEB112735,1,0,PRJEB112735,,,Denmark,2026-05-13,932,,not_assessed_singleton,,False,0.5,"{""name"": {""source"": ""study.title"", ""quote"": ""Investigating infant gut microbial composition (1 month and 10 years)""}}",singleton_deterministic,CC0212,,,,,cohorts_v3:unresolved,PRJEB112735,1,"unknown (≤ 611, no subject evidence)",study_display:PRJEB112735 (no_subject_evidence),1.0.0,,1.0.0
COH0285,singleton study PRJEB11419,1,0,PRJEB11419,,,JP,2015-10-15,7024,6684.0,not_assessed_singleton,,False,0.5,"{""name"": {""source"": ""study.title"", ""quote"": ""American Gut Project""}}",singleton_deterministic,CC0213,,,,,subject_resolution:all_members,PRJEB11419,1,≤ 79 (one subject id per sample),study_display:PRJEB11419 (subject_ids_all_distinct),1.0.0,,1.0.0
COH0287,singleton study PRJEB12669,1,0,PRJEB12669,,,China,2016-06-12,19,19.0,not_assessed_singleton,,False,0.5,"{""name"": {""source"": ""study.title"", ""quote"": ""Gut microbiota of 10 pairs of Chinese infant twins""}}",singleton_deterministic,CC0215,,,,,subject_resolution:all_members,PRJEB12669,1,≤ 15 (one subject id per sample),study_display:PRJEB12669 (subject_ids_all_distinct),1.0.0,,1.0.0
COH0288,singleton study PRJEB14801,1,0,PRJEB14801,,,GAZ,2016-07-14,655,142.0,not_assessed_singleton,,False,0.5,"{""name"": {""source"": ""study.title"", ""quote"": ""Puerto Rico and Plantanal""}}",singleton_deterministic,CC0216,,,,,subject_resolution:all_members,PRJEB14801,1,20,study_display:PRJEB14801 (subject_ids),1.0.0,,1.0.0
COH0289,singleton study PRJEB14935,1,0,PRJEB14935,,,United Kingdom,2017-09-20,3,,not_assessed_singleton,,False,0.5,"{""name"": {""source"": ""study.title"", ""quote"": ""Term and preterm shotgun samples""}}",singleton_deterministic,CC0217,,,,,cohorts_v3:unresolved,PRJEB14935,1,"unknown (≤ 3, no subject evidence)",study_display:PRJEB14935 (no_subject_evidence),1.0.0,,1.0.0
COH0290,singleton study PRJEB14941,1,0,PRJEB14941,,,GAZ,2016-07-29,1118,58.0,not_assessed_singleton,,False,0.5,"{""name"": {""source"": ""study.title"", ""quote"": ""The microbiota at multiple body sites during pregnancy in a rural Tanzanian""}}",singleton_deterministic,CC0218,,,,,subject_resolution:all_members,PRJEB14941,1,39,study_display:PRJEB14941 (subject_ids),1.0.0,,1.0.0
COH0292,singleton study PRJEB22032,1,0,PRJEB22032,,,,2022-08-16,42,42.0,not_assessed_singleton,,False,0.5,"{""name"": {""source"": ""study.title"", ""quote"": ""Characterization_of_healthy_adult_and_infant_gut_microbiota_in_Vietnamese_People""}}",singleton_deterministic,CC0220,,,,,subject_resolution:all_members,PRJEB22032,1,unknown (no infant-role samples),study_display:PRJEB22032 (no_infant_role_samples),1.0.0,,1.0.0
COH0293,singleton study PRJEB24006,1,0,PRJEB24006,,,USA,2019-03-18,25,,not_assessed_singleton,,False,0.5,"{""name"": {""source"": ""study.title"", ""quote"": ""Neonatal gut-microbiome-derived 12,13 DiHOME impedes tolerance and predicts childhood atopy and asthma""}}",singleton_deterministic,CC0221,,,,,cohorts_v3:unresolved,PRJEB24006,1,"unknown (≤ 25, no subject evidence)",study_display:PRJEB24006 (no_subject_evidence),1.0.0,,1.0.0
COH0294,singleton study PRJEB24771,1,0,PRJEB24771,,,Malawi,2018-03-07,1392,268.0,not_assessed_singleton,,False,0.5,"{""name"": {""source"": ""study.title"", ""quote"": ""Legumes and Growth Data""}}",singleton_deterministic,CC0222,,,,,subject_resolution:all_members,PRJEB24771,1,234–268 (subject ids on 1358/1392 samples),study_display:PRJEB24771 (subject_ids_partial),1.0.0,,1.0.0
COH0297,singleton study PRJEB32135,1,0,PRJEB32135,,,Canada,2019-06-11,156,96.0,not_assessed_singleton,,False,0.5,"{""name"": {""source"": ""study.title"", ""quote"": ""The Canadian Healthy Infant Longitudinal Development (CHILD) study is a multicenter longitudinal,""}}",singleton_deterministic,CC0225,,,,,subject_resolution:all_members,PRJEB32135,1,96,study_display:PRJEB32135 (subject_ids),1.0.0,,1.0.0
COH0298,singleton study PRJEB33847,1,0,PRJEB33847,,,USA,2019-08-05,8,5.0,not_assessed_singleton,,False,0.5,"{""name"": {""source"": ""study.title"", ""quote"": ""Optimizing sequencing protocols for leaderboard metagenomics by combining long and short reads""}}",singleton_deterministic,CC0226,,,,,subject_resolution:all_members,PRJEB33847,1,unknown (no infant-role samples),study_display:PRJEB33847 (no_infant_role_samples),1.0.0,,1.0.0
COH0299,singleton study PRJEB41102,1,0,PRJEB41102,,,Germany,2020-11-04,286,160.0,not_assessed_singleton,,False,0.5,"{""name"": {""source"": ""study.title"", ""quote"": ""Analysis of human fecal metagenomes from adults and infants, to investigate strain""}}",singleton_deterministic,CC0227,,,,,subject_resolution:all_members,PRJEB41102,1,≤ 160 (one subject id per sample),study_display:PRJEB41102 (subject_ids_all_distinct),1.0.0,,1.0.0
COH0300,singleton study PRJEB42045,1,0,PRJEB42045,,,,2024-10-10,16,,not_assessed_singleton,,False,0.5,"{""name"": {""source"": ""study.title"", ""quote"": ""Study of infant stool samples in the first year of life.""}}",singleton_deterministic,CC0228,,,,,cohorts_v3:unresolved,PRJEB42045,1,unknown (no infant-role samples),study_display:PRJEB42045 (no_infant_role_samples),1.0.0,,1.0.0
COH0301,singleton study PRJEB42363,1,0,PRJEB42363,,,,2021-04-01,181,,not_assessed_singleton,,False,0.5,"{""name"": {""source"": ""study.title"", ""quote"": ""Impact of azithromycin mass drug administration on the antibiotic resistant gut microbiome:""}}",singleton_deterministic,CC0229,,,,,cohorts_v3:unresolved,PRJEB42363,1,unknown (no infant-role samples),study_display:PRJEB42363 (no_infant_role_samples),1.0.0,,1.0.0
COH0302,Dalhousie pediatric leukemia/lymphoma gut microbiome cohort,4,3,PRJEB46214|PRJEB29237|PRJEB41463|PRJEB59728,30838178|35967843|36909730,30838178.0,Canada,2018-10-18,127,,not_assessed_singleton,,False,0.8,"{""name"": {""source"": ""study.title"", ""quote"": ""Gut bacterial gene changes following pegaspargase treatment in pediatric patients with Acute""}}",confirm,CA002,2019|2022|2023,,,,cohorts_v3:unresolved,PRJEB46214|PRJEB59728,2,unknown (≤ 127 sample rows; not_assessed_singleton),cohort_rule:not_assessed_singleton,1.0.0,,1.0.0
COH0303,singleton study PRJEB50568,1,0,PRJEB50568,,,Ecuador,2022-02-08,119,,not_assessed_singleton,,False,0.5,"{""name"": {""source"": ""study.title"", ""quote"": ""Pediatric gut resistome""}}",singleton_deterministic,CC0231,,,,,cohorts_v3:unresolved,PRJEB50568,1,unknown (no infant-role samples),study_display:PRJEB50568 (no_infant_role_samples),1.0.0,,1.0.0
COH0306,singleton study PRJEB52938,1,0,PRJEB52938,,,Germany,2022-06-22,614,235.0,not_assessed_singleton,,False,0.5,"{""name"": {""source"": ""study.title"", ""quote"": ""Longitudinal stool metagenomics from preterm infants within the first month after birth""}}",singleton_deterministic,CC0234,,,,,subject_resolution:all_members,PRJEB52938,1,unknown (no infant-role samples),study_display:PRJEB52938 (no_infant_role_samples),1.0.0,,1.0.0
COH0307,singleton study PRJEB53954,1,0,PRJEB53954,,,Canada,2022-07-14,67,,not_assessed_singleton,,False,0.5,"{""name"": {""source"": ""study.title"", ""quote"": ""Pediatric Leukemia and Lymphoma patient stool microbiome""}}",singleton_deterministic,CC0235,,,,,cohorts_v3:unresolved,PRJEB53954,1,unknown (no infant-role samples),study_display:PRJEB53954 (no_infant_role_samples),1.0.0,,1.0.0
COH0308,singleton study PRJEB57911,1,0,PRJEB57911,,,China,2024-11-30,58,,not_assessed_singleton,,False,0.5,"{""name"": {""source"": ""study.title"", ""quote"": ""Infant metagemone data""}}",singleton_deterministic,CC0236,,,,,cohorts_v3:unresolved,PRJEB57911,1,unknown (no infant-role samples),study_display:PRJEB57911 (no_infant_role_samples),1.0.0,,1.0.0
COH0309,singleton study PRJEB63183,1,0,PRJEB63183,,,USA,2023-06-22,170,,not_assessed_singleton,,False,0.5,"{""name"": {""source"": ""study.title"", ""quote"": ""Interactions Between Bifidobacterium and Bacteroides and Human Milk Oligosaccharides and Their Associations""}}",singleton_deterministic,CC0237,,,,,cohorts_v3:unresolved,PRJEB63183,1,unknown (no infant-role samples),study_display:PRJEB63183 (no_infant_role_samples),1.0.0,,1.0.0
COH0310,singleton study PRJEB6456,1,0,PRJEB6456,,,Denmark,2015-06-01,400,356.0,not_assessed_singleton,,False,0.5,"{""name"": {""source"": ""study.title"", ""quote"": ""Dynamics and Stabilization of the Human Gut Microbiome during the First Year""}}",singleton_deterministic,CC0238,,,,,subject_resolution:all_members,PRJEB6456,1,348–354 (subject ids on 392/398 samples),study_display:PRJEB6456 (subject_ids_partial),1.0.0,,1.0.0
COH0311,singleton study PRJEB74747,1,0,PRJEB74747,,,Denmark,2024-04-26,59,,not_assessed_singleton,,False,0.5,"{""name"": {""source"": ""study.title"", ""quote"": ""Dynamics of early-life bacteriophage-bacteria interactions in very preterm infants and their implications""}}",singleton_deterministic,CC0239,,,,,cohorts_v3:unresolved,PRJEB74747,1,"unknown (≤ 59, no subject evidence)",study_display:PRJEB74747 (no_subject_evidence),1.0.0,,1.0.0
COH0312,singleton study PRJEB77202,1,0,PRJEB77202,,,Ireland,2025-01-02,538,174.0,not_assessed_singleton,,False,0.5,"{""name"": {""source"": ""study.title"", ""quote"": ""Cork Nutrition Cohort""}}",singleton_deterministic,CC0240,,,,,subject_resolution:all_members,PRJEB77202,1,unknown (no infant-role samples),study_display:PRJEB77202 (no_infant_role_samples),1.0.0,,1.0.0
COH0313,singleton study PRJEB77729,1,0,PRJEB77729,,,Austria,2024-10-24,89,21.0,not_assessed_singleton,,False,0.5,"{""name"": {""source"": ""study.title"", ""quote"": ""First-Year Dynamics of the Microbiome in Infants\u2019 Oral and Gastrointestinal Systems""}}",singleton_deterministic,CC0241,,,,,subject_resolution:all_members,PRJEB77729,1,21,study_display:PRJEB77729 (subject_ids),1.0.0,,1.0.0
COH0314,singleton study PRJEB83236,1,0,PRJEB83236,,,Bangladesh;Bangladesh,2025-08-12,770,55.0,not_assessed_singleton,,False,0.5,"{""name"": {""source"": ""study.title"", ""quote"": ""SEPSIS Human Microbiome Study""}}",singleton_deterministic,CC0242,,,,,subject_resolution:all_members,PRJEB83236,1,55,study_display:PRJEB83236 (subject_ids),1.0.0,,1.0.0
COH0315,singleton study PRJEB83552,1,0,PRJEB83552,,,Bangladesh;Bangladesh,2025-12-12,1674,299.0,not_assessed_singleton,,False,0.5,"{""name"": {""source"": ""study.title"", ""quote"": ""SEPSIS Lactobacillus plantarum ATCC 202195 Microbiome Study""}}",singleton_deterministic,CC0243,,,,,subject_resolution:all_members,PRJEB83552,1,299,study_display:PRJEB83552 (subject_ids),1.0.0,,1.0.0
COH0316,singleton study PRJEB84376,1,0,PRJEB84376,,,Finland,2025-02-07,1368,56.0,not_assessed_singleton,,False,0.5,"{""name"": {""source"": ""study.title"", ""quote"": ""Impact of phage enrichment on the observed infant gut virome""}}",singleton_deterministic,CC0244,,,,,subject_resolution:all_members,PRJEB84376,1,56,study_display:PRJEB84376 (subject_ids),1.0.0,,1.0.0
COH0317,singleton study PRJEB90577,1,0,PRJEB90577,,,South Africa|Uganda|Zambia|Zimbabwe,2026-01-12,631,,not_assessed_singleton,,False,0.5,"{""name"": {""source"": ""study.title"", ""quote"": ""PediCAP metagenomics and metaserotyping""}}",singleton_deterministic,CC0245,,,,,cohorts_v3:unresolved,PRJEB90577,1,"unknown (≤ 631, no subject evidence)",study_display:PRJEB90577 (no_subject_evidence),1.0.0,,1.0.0
COH0318,singleton study PRJEB9150,1,0,PRJEB9150,,,Bangladesh,2015-04-29,49,,not_assessed_singleton,,False,0.5,"{""name"": {""source"": ""study.title"", ""quote"": ""Gut microbial succession follows acute secretory diarrhea in humans""}}",singleton_deterministic,CC0246,,,,,cohorts_v3:unresolved,PRJEB9150,1,unknown (no infant-role samples),study_display:PRJEB9150 (no_infant_role_samples),1.0.0,,1.0.0
COH0319,singleton study PRJEB9403,1,0,PRJEB9403,,,,2018-12-04,1392,1392.0,not_assessed_singleton,,False,0.5,"{""name"": {""source"": ""study.title"", ""quote"": ""BAMBI__Baby_Associated_MicroBiota_of_the_Intestine_""}}",singleton_deterministic,CC0247,,,,,subject_resolution:all_members,PRJEB9403,1,≤ 1392 (one subject id per sample),study_display:PRJEB9403 (subject_ids_all_distinct),1.0.0,,1.0.0
COH0321,singleton study PRJEB9818,1,0,PRJEB9818,,,Malawi,2015-09-11,235,,not_assessed_singleton,,False,0.5,"{""name"": {""source"": ""study.title"", ""quote"": ""The gut DNA viromes of Malawian twins discordant for severe acute undernutrition""}}",singleton_deterministic,CC0249,,,,,cohorts_v3:unresolved,PRJEB9818,1,unknown (no infant-role samples),study_display:PRJEB9818 (no_infant_role_samples),1.0.0,,1.0.0
COH0325,singleton study PRJNA1029046,1,0,PRJNA1029046,,,Spain,2023-10-21,29,29.0,not_assessed_singleton,,False,0.5,"{""name"": {""source"": ""study.title"", ""quote"": ""Microbial Functionality and Its Correlation with Three Fecal Biomarkers""}}",singleton_deterministic,CC0253,,,,,subject_resolution:all_members,PRJNA1029046,1,≤ 29 (one subject id per sample),study_display:PRJNA1029046 (subject_ids_all_distinct),1.0.0,,1.0.0
COH0329,singleton study PRJNA1045596,1,0,PRJNA1045596,,,USA,2025-07-16,436,149.0,not_assessed_singleton,,False,0.5,"{""name"": {""source"": ""study.title"", ""quote"": ""The Intestinal Microbiome of Inflammatory Bowel Disease Across the Pediatric Age Range""}}",singleton_deterministic,CC0257,,,,,subject_resolution:all_members,PRJNA1045596,1,40,study_display:PRJNA1045596 (subject_ids),1.0.0,,1.0.0
COH0331,singleton study PRJNA1049511,1,0,PRJNA1049511,,,Hong Kong,2024-06-30,1566,,not_assessed_singleton,,False,0.5,"{""name"": {""source"": ""study.title"", ""quote"": ""Gestational diabetes mellitus (GDM) impacts the maternal or infant microbiome trajectory""}}",singleton_deterministic,CC0259,,,,,cohorts_v3:unresolved,PRJNA1049511,1,unknown (no infant-role samples),study_display:PRJNA1049511 (no_infant_role_samples),1.0.0,,1.0.0
COH0332,singleton study PRJNA1051094,1,0,PRJNA1051094,,,Kenya,2025-10-25,122,,not_assessed_singleton,,False,0.5,"{""name"": {""source"": ""study.title"", ""quote"": ""Comparing the gut virome of HIV exposed, uninfected verses HIV unexposed Kenyan""}}",singleton_deterministic,CC0260,,,,,cohorts_v3:unresolved,PRJNA1051094,1,"unknown (≤ 122, no subject evidence)",study_display:PRJNA1051094 (no_subject_evidence),1.0.0,,1.0.0
COH0333,singleton study PRJNA1062322,1,0,PRJNA1062322,,,Austria|USA,2024-01-10,57,23.0,not_assessed_singleton,,False,0.5,"{""name"": {""source"": ""study.title"", ""quote"": ""Human milk cream alters intestinal microbiome of preterm infants""}}",singleton_deterministic,CC0261,,,,,subject_resolution:all_members,PRJNA1062322,1,23,study_display:PRJNA1062322 (subject_ids),1.0.0,,1.0.0
COH0334,singleton study PRJNA1067625,1,0,PRJNA1067625,,,Haiti,2025-01-02,16,16.0,not_assessed_singleton,,False,0.5,"{""name"": {""source"": ""study.title"", ""quote"": ""Gut microbiome of children in Haiti""}}",singleton_deterministic,CC0262,,,,,subject_resolution:all_members,PRJNA1067625,1,≤ 14 (one subject id per sample),study_display:PRJNA1067625 (subject_ids_all_distinct),1.0.0,,1.0.0
COH0336,singleton study PRJNA1082298,1,0,PRJNA1082298,,,Ecuador,2024-05-26,2,2.0,not_assessed_singleton,,False,0.5,"{""name"": {""source"": ""study.title"", ""quote"": ""Analysis of fecal resistome in children""}}",singleton_deterministic,CC0264,,,,,subject_resolution:all_members,PRJNA1082298,1,unknown (no infant-role samples),study_display:PRJNA1082298 (no_infant_role_samples),1.0.0,,1.0.0
COH0337,singleton study PRJNA1086532,1,0,PRJNA1086532,,,USA,2025-09-01,404,,not_assessed_singleton,,False,0.5,"{""name"": {""source"": ""study.title"", ""quote"": ""Intestinal microbiomes of premature neonates with bacteremia""}}",singleton_deterministic,CC0265,,,,,cohorts_v3:unresolved,PRJNA1086532,1,"unknown (≤ 404, no subject evidence)",study_display:PRJNA1086532 (no_subject_evidence),1.0.0,,1.0.0
COH0338,singleton study PRJNA1086674,1,0,PRJNA1086674,,,USA,2024-03-24,135,11.0,not_assessed_singleton,,False,0.5,"{""name"": {""source"": ""study.title"", ""quote"": ""The Impact of Oral Feedings on the Preterm Infant Microbiome and Metabolome""}}",singleton_deterministic,CC0266,,,,,subject_resolution:all_members,PRJNA1086674,1,11,study_display:PRJNA1086674 (subject_ids),1.0.0,,1.0.0
COH0339,singleton study PRJNA1087376,1,0,PRJNA1087376,,,Bangladesh,2024-10-03,230,230.0,not_assessed_singleton,,False,0.5,"{""name"": {""source"": ""study.title"", ""quote"": ""M4EFaD - Gut microbiome changes associated with malnutrition""}}",singleton_deterministic,CC0267,,,,,subject_resolution:all_members,PRJNA1087376,1,≤ 230 (one subject id per sample),study_display:PRJNA1087376 (subject_ids_all_distinct),1.0.0,,1.0.0
COH0340,singleton study PRJNA1102671,1,0,PRJNA1102671,,,South Africa,2025-06-23,11,,not_assessed_singleton,,False,0.5,"{""name"": {""source"": ""study.title"", ""quote"": ""High detection frequency of vaccine-associated polioviruses and non-polio enteroviruses in stools of""}}",singleton_deterministic,CC0268,,,,,cohorts_v3:unresolved,PRJNA1102671,1,"unknown (≤ 11, no subject evidence)",study_display:PRJNA1102671 (no_subject_evidence),1.0.0,,1.0.0
COH0342,singleton study PRJNA1105631,1,0,PRJNA1105631,,,Germany,2025-10-23,196,,not_assessed_singleton,,False,0.5,"{""name"": {""source"": ""study.title"", ""quote"": ""Microbiome features of bronchopulmonary dysplasia""}}",singleton_deterministic,CC0270,,,,,cohorts_v3:unresolved,PRJNA1105631,1,unknown (no infant-role samples),study_display:PRJNA1105631 (no_infant_role_samples),1.0.0,,1.0.0
COH0343,singleton study PRJNA1106451,1,0,PRJNA1106451,,,,2026-01-06,1,1.0,not_assessed_singleton,,False,0.5,"{""name"": {""source"": ""study.title"", ""quote"": ""Metagenomic assembly of genomes from a segmented filamentous bacterium present in the""}}",singleton_deterministic,CC0271,,,,,subject_resolution:all_members,PRJNA1106451,1,unknown (no infant-role samples),study_display:PRJNA1106451 (no_infant_role_samples),1.0.0,,1.0.0
COH0344,singleton study PRJNA1112983,1,0,PRJNA1112983,,,China,2024-05-26,202,,not_assessed_singleton,,False,0.5,"{""name"": {""source"": ""study.title"", ""quote"": ""Kawasaki diseases patients metagenome Raw sequence reads""}}",singleton_deterministic,CC0272,,,,,cohorts_v3:unresolved,PRJNA1112983,1,unknown (no infant-role samples),study_display:PRJNA1112983 (no_infant_role_samples),1.0.0,,1.0.0
COH0346,singleton study PRJNA1123170,1,0,PRJNA1123170,,,Bangladesh,2024-10-05,760,,not_assessed_singleton,,False,0.5,"{""name"": {""source"": ""study.title"", ""quote"": ""A microbiota-directed therapeutic food for severely malnourished children evaluated following acute nutritional""}}",singleton_deterministic,CC0274,,,,,cohorts_v3:unresolved,PRJNA1123170,1,"unknown (≤ 760, no subject evidence)",study_display:PRJNA1123170 (no_subject_evidence),1.0.0,,1.0.0
COH0347,singleton study PRJNA1128803,1,0,PRJNA1128803,,,China,2024-06-30,9,,not_assessed_singleton,,False,0.5,"{""name"": {""source"": ""study.title"", ""quote"": ""Macrogenome sequence of the infant gut microbiota""}}",singleton_deterministic,CC0275,,,,,cohorts_v3:unresolved,PRJNA1128803,1,unknown (no infant-role samples),study_display:PRJNA1128803 (no_infant_role_samples),1.0.0,,1.0.0
COH0348,singleton study PRJNA1139951,1,0,PRJNA1139951,,,Malawi|USA,2024-08-31,544,61.0,not_assessed_singleton,,False,0.5,"{""name"": {""source"": ""study.title"", ""quote"": ""Long read metagenomics""}}",singleton_deterministic,CC0276,,,,,subject_resolution:all_members,PRJNA1139951,1,50,study_display:PRJNA1139951 (subject_ids),1.0.0,,1.0.0
COH0349,singleton study PRJNA1141394,1,0,PRJNA1141394,,,USA,2025-06-23,133,12.0,not_assessed_singleton,,False,0.5,"{""name"": {""source"": ""study.title"", ""quote"": ""Biofilm metagenome Raw sequence reads""}}",singleton_deterministic,CC0277,,,,,subject_resolution:all_members,PRJNA1141394,1,≤ 12 (one subject id per sample),study_display:PRJNA1141394 (subject_ids_all_distinct),1.0.0,,1.0.0
COH0351,singleton study PRJNA1154644,1,0,PRJNA1154644,,,China,2025-03-30,94,15.0,not_assessed_singleton,,False,0.5,"{""name"": {""source"": ""study.title"", ""quote"": ""Species- and subspecies-level characterization of health-associated bacterial consortia that colonize the human""}}",singleton_deterministic,CC0279,,,,,subject_resolution:all_members,PRJNA1154644,1,unknown (no infant-role samples),study_display:PRJNA1154644 (no_infant_role_samples),1.0.0,,1.0.0
COH0352,singleton study PRJNA1162635,1,0,PRJNA1162635,,,Hong Kong,2024-12-01,136,,not_assessed_singleton,,False,0.5,"{""name"": {""source"": ""study.title"", ""quote"": ""A Metagenome-Assembled Genome Inventory for Children (MAGIC)""}}",singleton_deterministic,CC0280,,,,,cohorts_v3:unresolved,PRJNA1162635,1,unknown (no infant-role samples),study_display:PRJNA1162635 (no_infant_role_samples),1.0.0,,1.0.0
COH0353,singleton study PRJNA1169661,1,0,PRJNA1169661,,,Ireland,2025-03-07,152,,not_assessed_singleton,,False,0.5,"{""name"": {""source"": ""study.title"", ""quote"": ""Infamilk""}}",singleton_deterministic,CC0281,,,,,cohorts_v3:unresolved,PRJNA1169661,1,unknown (no infant-role samples),study_display:PRJNA1169661 (no_infant_role_samples),1.0.0,,1.0.0
COH0354,singleton study PRJNA1189459,1,0,PRJNA1189459,,,Ireland,2024-11-29,89,89.0,not_assessed_singleton,,False,0.5,"{""name"": {""source"": ""study.title"", ""quote"": ""MicrobeMon threemonth infant""}}",singleton_deterministic,CC0282,,,,,subject_resolution:all_members,PRJNA1189459,1,unknown (no infant-role samples),study_display:PRJNA1189459 (no_infant_role_samples),1.0.0,,1.0.0
COH0355,singleton study PRJNA1195013,1,0,PRJNA1195013,,,Mexico,2026-02-22,44,,not_assessed_singleton,,False,0.5,"{""name"": {""source"": ""study.title"", ""quote"": ""Stool microbiota from Mayan families. Age, town size, season, and food sourcing""}}",singleton_deterministic,CC0283,,,,,cohorts_v3:unresolved,PRJNA1195013,1,unknown (no infant-role samples),study_display:PRJNA1195013 (no_infant_role_samples),1.0.0,,1.0.0
COH0357,singleton study PRJNA1206145,1,0,PRJNA1206145,,,USA,2025-09-21,108,,not_assessed_singleton,,False,0.5,"{""name"": {""source"": ""study.title"", ""quote"": ""Shotgun sequencing of the gut microbiome from infants enrolled in a randomized""}}",singleton_deterministic,CC0285,,,,,cohorts_v3:unresolved,PRJNA1206145,1,"unknown (≤ 108, no subject evidence)",study_display:PRJNA1206145 (no_subject_evidence),1.0.0,,1.0.0
COH0359,singleton study PRJNA1225421,1,0,PRJNA1225421,,,Ecuador,2025-11-23,210,,not_assessed_singleton,,False,0.5,"{""name"": {""source"": ""study.title"", ""quote"": ""Microbiome data from the ECoMiD cohort study in Ecuador""}}",singleton_deterministic,CC0287,,,,,cohorts_v3:unresolved,PRJNA1225421,1,unknown (no infant-role samples),study_display:PRJNA1225421 (no_infant_role_samples),1.0.0,,1.0.0
COH0361,singleton study PRJNA1233922,1,0,PRJNA1233922,,,missing,2025-10-23,38,,not_assessed_singleton,,False,0.5,"{""name"": {""source"": ""study.title"", ""quote"": ""gut metagenome""}}",singleton_deterministic,CC0289,,,,,cohorts_v3:unresolved,PRJNA1233922,1,unknown (no infant-role samples),study_display:PRJNA1233922 (no_infant_role_samples),1.0.0,,1.0.0
COH0363,singleton study PRJNA1241499,1,0,PRJNA1241499,,,USA,2026-04-19,30,,not_assessed_singleton,,False,0.5,"{""name"": {""source"": ""study.title"", ""quote"": ""Pediatric IBD Shotgun Metagenomics, Metatranscriptomics, and 16S rRNA""}}",singleton_deterministic,CC0291,,,,,cohorts_v3:unresolved,PRJNA1241499,1,unknown (no infant-role samples),study_display:PRJNA1241499 (no_infant_role_samples),1.0.0,,1.0.0
COH0364,singleton study PRJNA1249435,1,0,PRJNA1249435,,,USA,2026-04-19,315,63.0,not_assessed_singleton,,False,0.5,"{""name"": {""source"": ""study.title"", ""quote"": ""Neurobiological and neurocognitive consequences of diverse microbiome functional trajectories""}}",singleton_deterministic,CC0292,,,,,subject_resolution:all_members,PRJNA1249435,1,63,study_display:PRJNA1249435 (subject_ids),1.0.0,,1.0.0
COH0367,singleton study PRJNA1257550,1,0,PRJNA1257550,,,Hong Kong,2025-05-28,1737,,not_assessed_singleton,,False,0.5,"{""name"": {""source"": ""study.title"", ""quote"": ""Role of gut microbiota in eczema development""}}",singleton_deterministic,CC0295,,,,,cohorts_v3:unresolved,PRJNA1257550,1,unknown (no infant-role samples),study_display:PRJNA1257550 (no_infant_role_samples),1.0.0,,1.0.0
COH0368,singleton study PRJNA1259152,1,0,PRJNA1259152,,,Hong Kong,2025-06-23,1252,,not_assessed_singleton,,False,0.5,"{""name"": {""source"": ""study.title"", ""quote"": ""MOMMY_IBD""}}",singleton_deterministic,CC0296,,,,,cohorts_v3:unresolved,PRJNA1259152,1,unknown (no infant-role samples),study_display:PRJNA1259152 (no_infant_role_samples),1.0.0,,1.0.0
COH0369,singleton study PRJNA1260441,1,0,PRJNA1260441,,,Nigeria,2025-05-28,20,5.0,not_assessed_singleton,,False,0.5,"{""name"": {""source"": ""study.title"", ""quote"": ""Comparative evaluation of DNA extraction protocols for neonatal gut microbiota profiling in""}}",singleton_deterministic,CC0297,,,,,subject_resolution:all_members,PRJNA1260441,1,5,study_display:PRJNA1260441 (subject_ids),1.0.0,,1.0.0
COH0371,singleton study PRJNA1274946,1,0,PRJNA1274946,,,Ireland,2025-07-03,353,353.0,not_assessed_singleton,,False,0.5,"{""name"": {""source"": ""study.title"", ""quote"": ""Siblings are Reservoirs for Microbial Metabolic Processes that Influence Allergy Development""}}",singleton_deterministic,CC0299,,,,,subject_resolution:all_members,PRJNA1274946,1,unknown (no infant-role samples),study_display:PRJNA1274946 (no_infant_role_samples),1.0.0,,1.0.0
COH0374,singleton study PRJNA1286160,1,0,PRJNA1286160,,,Kazakhstan,2025-07-28,247,,not_assessed_singleton,,False,0.5,"{""name"": {""source"": ""study.title"", ""quote"": ""Antibiotic resistance genes in infants with and without obesity""}}",singleton_deterministic,CC0302,,,,,cohorts_v3:unresolved,PRJNA1286160,1,"unknown (≤ 203, no subject evidence)",study_display:PRJNA1286160 (no_subject_evidence),1.0.0,,1.0.0
COH0375,singleton study PRJNA1320699,1,0,PRJNA1320699,,,USA,2026-01-02,90,30.0,not_assessed_singleton,,False,0.5,"{""name"": {""source"": ""study.title"", ""quote"": ""16S sequencing of infant stool Metagenome""}}",singleton_deterministic,CC0303,,,,,subject_resolution:all_members,PRJNA1320699,1,30,study_display:PRJNA1320699 (subject_ids),1.0.0,,1.0.0
COH0376,singleton study PRJNA1337172,1,0,PRJNA1337172,,,Norway,2025-10-02,168,66.0,not_assessed_singleton,,False,0.5,"{""name"": {""source"": ""study.title"", ""quote"": ""Early prenatal antibiotic usage has limited impact on the microbiomes of infants""}}",singleton_deterministic,CC0304,,,,,subject_resolution:all_members,PRJNA1337172,1,41–66 (subject ids on 99/124 samples),study_display:PRJNA1337172 (subject_ids_partial),1.0.0,,1.0.0
COH0377,singleton study PRJNA1348516,1,0,PRJNA1348516,,,USA,2026-09-03,809,,not_assessed_singleton,,False,0.5,"{""name"": {""source"": ""study.title"", ""quote"": ""Metagenomic sequencing of stool samples of infants raw sequence reads""}}",singleton_deterministic,CC0305,,,,,cohorts_v3:unresolved,PRJNA1348516,1,"unknown (≤ 809, no subject evidence)",study_display:PRJNA1348516 (no_subject_evidence),1.0.0,,1.0.0
COH0378,singleton study PRJNA1356541,1,0,PRJNA1356541,,,Kenya,2026-02-22,511,511.0,not_assessed_singleton,,False,0.5,"{""name"": {""source"": ""study.title"", ""quote"": ""Metagenomic strain tracking among children in urban and rural communities in low-""}}",singleton_deterministic,CC0306,,,,,subject_resolution:all_members,PRJNA1356541,1,unknown (no infant-role samples),study_display:PRJNA1356541 (no_infant_role_samples),1.0.0,,1.0.0
COH0379,singleton study PRJNA1364313,1,0,PRJNA1364313,,,USA,2025-12-26,361,,not_assessed_singleton,,False,0.5,"{""name"": {""source"": ""study.title"", ""quote"": ""Antibiotic impact on preterm infant microbiome maturation""}}",singleton_deterministic,CC0307,,,,,cohorts_v3:unresolved,PRJNA1364313,1,"unknown (≤ 361, no subject evidence)",study_display:PRJNA1364313 (no_subject_evidence),1.0.0,,1.0.0
COH0381,singleton study PRJNA1378986,1,0,PRJNA1378986,,,Australia,2026-04-19,1454,736.0,not_assessed_singleton,,False,0.5,"{""name"": {""source"": ""study.title"", ""quote"": ""Human gut metagenome during the first year of life""}}",singleton_deterministic,CC0309,,,,,subject_resolution:all_members,PRJNA1378986,1,736,study_display:PRJNA1378986 (subject_ids),1.0.0,,1.0.0
COH0384,singleton study PRJNA1404625,1,0,PRJNA1404625,,,Panama|Peru|USA,2026-01-20,835,337.0,not_assessed_singleton,,False,0.5,"{""name"": {""source"": ""study.title"", ""quote"": ""Investigating the role of the infant gut microbiome in rotavirus vaccine efficacy""}}",singleton_deterministic,CC0312,,,,,subject_resolution:all_members,PRJNA1404625,1,337,study_display:PRJNA1404625 (subject_ids),1.0.0,,1.0.0
COH0385,singleton study PRJNA1406796,1,0,PRJNA1406796,,,Egypt,2026-01-25,30,1.0,not_assessed_singleton,,False,0.5,"{""name"": {""source"": ""study.title"", ""quote"": ""Metagenomic Identification""}}",singleton_deterministic,CC0313,,,,,subject_resolution:all_members,PRJNA1406796,1,1,study_display:PRJNA1406796 (subject_ids),1.0.0,,1.0.0
COH0386,singleton study PRJNA1413407,1,0,PRJNA1413407,,,Ireland,2026-01-25,108,32.0,not_assessed_singleton,,False,0.5,"{""name"": {""source"": ""study.title"", ""quote"": ""Microbial-based integrated model to measure and module brain development and function""}}",singleton_deterministic,CC0314,,,,,subject_resolution:all_members,PRJNA1413407,1,32,study_display:PRJNA1413407 (subject_ids),1.0.0,,1.0.0
COH0387,singleton study PRJNA1414141,1,0,PRJNA1414141,,,China,2026-08-13,90,90.0,not_assessed_singleton,,False,0.5,"{""name"": {""source"": ""study.title"", ""quote"": ""Gut Microbiome Dysbiosis in Neonatal Lupus""}}",singleton_deterministic,CC0315,,,,,subject_resolution:all_members,PRJNA1414141,1,≤ 90 (one subject id per sample),study_display:PRJNA1414141 (subject_ids_all_distinct),1.0.0,,1.0.0
COH0388,singleton study PRJNA1435557,1,0,PRJNA1435557,,,Malaysia,2026-03-17,13,,not_assessed_singleton,,False,0.5,"{""name"": {""source"": ""study.title"", ""quote"": ""ROLE OF GUT MICROBIOME AND MICROBIAL EPITOPE IN ROTAVIRUS INFECTION AMONG MALAYSIAN""}}",singleton_deterministic,CC0316,,,,,cohorts_v3:unresolved,PRJNA1435557,1,unknown (no infant-role samples),study_display:PRJNA1435557 (no_infant_role_samples),1.0.0,,1.0.0
COH0390,singleton study PRJNA1452619,1,0,PRJNA1452619,,,India,2026-05-13,159,32.0,not_assessed_singleton,,False,0.5,"{""name"": {""source"": ""study.title"", ""quote"": ""Microbiome and growth faltering in Indian Infants""}}",singleton_deterministic,CC0318,,,,,subject_resolution:all_members,PRJNA1452619,1,unknown (no infant-role samples),study_display:PRJNA1452619 (no_infant_role_samples),1.0.0,,1.0.0
COH0393,singleton study PRJNA1476247,1,0,PRJNA1476247,,,Uganda,2026-06-10,174,174.0,not_assessed_singleton,,False,0.5,"{""name"": {""source"": ""study.title"", ""quote"": ""Evaluating metagenomic sequencing as a stool-based diagnostic in children with presumptive TB""}}",singleton_deterministic,CC0321,,,,,subject_resolution:all_members,PRJNA1476247,1,unknown (no infant-role samples),study_display:PRJNA1476247 (no_infant_role_samples),1.0.0,,1.0.0
COH0395,singleton study PRJNA1490646,1,0,PRJNA1490646,,,USA,2026-08-09,319,,not_assessed_singleton,,False,0.5,"{""name"": {""source"": ""study.title"", ""quote"": ""Gut Microbiome of Pregnancy and Infancy""}}",singleton_deterministic,CC0323,,,,,cohorts_v3:unresolved,PRJNA1490646,1,unknown (no infant-role samples),study_display:PRJNA1490646 (no_infant_role_samples),1.0.0,,1.0.0
COH0396,singleton study PRJNA1513833,1,0,PRJNA1513833,,,Kenya,2026-08-24,5,5.0,not_assessed_singleton,,False,0.5,"{""name"": {""source"": ""study.title"", ""quote"": ""ENTERIC VIRAL DETECTION AND BACTERIAL MICROBIOME PROFILES IN CHILDREN UNDER FIVE YEARS""}}",singleton_deterministic,CC0324,,,,,subject_resolution:all_members,PRJNA1513833,1,unknown (no infant-role samples),study_display:PRJNA1513833 (no_infant_role_samples),1.0.0,,1.0.0
COH0400,singleton study PRJNA268964,1,0,PRJNA268964,,,Peru|USA,2015-02-17,58,58.0,not_assessed_singleton,,False,0.5,"{""name"": {""source"": ""study.title"", ""quote"": ""Human Gut Microbiome Metagenome""}}",singleton_deterministic,CC0328,,,,,subject_resolution:all_members,PRJNA268964,1,≤ 2 (one subject id per sample),study_display:PRJNA268964 (subject_ids_all_distinct),1.0.0,,1.0.0
COH0402,singleton study PRJNA284162,1,0,PRJNA284162,,,USA,2015-09-02,48,,not_assessed_singleton,,False,0.5,"{""name"": {""source"": ""study.title"", ""quote"": ""STL Infant Twins Microbiome""}}",singleton_deterministic,CC0330,,,,,cohorts_v3:unresolved,PRJNA284162,1,"unknown (≤ 48, no subject evidence)",study_display:PRJNA284162 (no_subject_evidence),1.0.0,,1.0.0
COH0403,singleton study PRJNA287207,1,0,PRJNA287207,,,missing,2015-08-29,2,,not_assessed_singleton,,False,0.5,"{""name"": {""source"": ""study.title"", ""quote"": ""Evaluation of vertical transmission between mother-infant""}}",singleton_deterministic,CC0331,,,,,cohorts_v3:unresolved,PRJNA287207,1,unknown (no infant-role samples),study_display:PRJNA287207 (no_infant_role_samples),1.0.0,,1.0.0
COH0405,singleton study PRJNA299342,1,0,PRJNA299342,,,China,2017-02-05,1,,not_assessed_singleton,,False,0.5,"{""name"": {""source"": ""study.title"", ""quote"": ""children intestinal bacteria about SFB metagenome""}}",singleton_deterministic,CC0333,,,,,cohorts_v3:unresolved,PRJNA299342,1,unknown (no infant-role samples),study_display:PRJNA299342 (no_infant_role_samples),1.0.0,,1.0.0
COH0406,singleton study PRJNA311208,1,0,PRJNA311208,,,USA,2016-07-16,11,,not_assessed_singleton,,False,0.5,"{""name"": {""source"": ""study.title"", ""quote"": ""Severe gut microbiota dysbiosis is associated with poor growth in patients with""}}",singleton_deterministic,CC0334,,,,,cohorts_v3:unresolved,PRJNA311208,1,unknown (no infant-role samples),study_display:PRJNA311208 (no_infant_role_samples),1.0.0,,1.0.0
COH0407,singleton study PRJNA320015,1,0,PRJNA320015,,,USA,2016-05-15,2,,not_assessed_singleton,,False,0.5,"{""name"": {""source"": ""study.title"", ""quote"": ""Technical validation of ethanol fixation on stool canine and infant metagenomes""}}",singleton_deterministic,CC0335,,,,,cohorts_v3:unresolved,PRJNA320015,1,unknown (no infant-role samples),study_display:PRJNA320015 (no_infant_role_samples),1.0.0,,1.0.0
COH0408,singleton study PRJNA322188,1,0,PRJNA322188,,,USA,2017-05-08,99,75.0,not_assessed_singleton,,False,0.5,"{""name"": {""source"": ""study.title"", ""quote"": ""Maturation of the Infant Microbiome Community Structure and Function Across Multiple Body""}}",singleton_deterministic,CC0336,,,,,subject_resolution:all_members,PRJNA322188,1,44–48 (subject ids on 45/49 samples),study_display:PRJNA322188 (subject_ids_partial),1.0.0,,1.0.0
COH0409,singleton study PRJNA343008,1,0,PRJNA343008,,,Ireland,2018-03-03,48,,not_assessed_singleton,,False,0.5,"{""name"": {""source"": ""study.title"", ""quote"": ""feces metagenome Raw sequence reads""}}",singleton_deterministic,CC0337,,,,,cohorts_v3:unresolved,PRJNA343008,1,"unknown (≤ 24, no subject evidence)",study_display:PRJNA343008 (no_subject_evidence),1.0.0,,1.0.0
COH0410,singleton study PRJNA343144,1,0,PRJNA343144,,,Finland,2016-10-24,1,,not_assessed_singleton,,False,0.5,"{""name"": {""source"": ""study.title"", ""quote"": ""Infant gut microbiome Metagenomic assembly""}}",singleton_deterministic,CC0338,,,,,cohorts_v3:unresolved,PRJNA343144,1,"unknown (≤ 1, no subject evidence)",study_display:PRJNA343144 (no_subject_evidence),1.0.0,,1.0.0
COH0411,singleton study PRJNA345144,1,0,PRJNA345144,,,,2019-06-02,646,210.0,not_assessed_singleton,,False,0.5,"{""name"": {""source"": ""study.title"", ""quote"": ""Probiotics in Pregnancy study""}}",singleton_deterministic,CC0339,,,,,subject_resolution:all_members,PRJNA345144,1,210,study_display:PRJNA345144 (subject_ids),1.0.0,,1.0.0
COH0413,singleton study PRJNA363003,1,0,PRJNA363003,,,,2017-12-12,27,,not_assessed_singleton,,False,0.5,"{""name"": {""source"": ""study.title"", ""quote"": ""human metagenome Raw sequence reads""}}",singleton_deterministic,CC0341,,,,,cohorts_v3:unresolved,PRJNA363003,1,unknown (no infant-role samples),study_display:PRJNA363003 (no_infant_role_samples),1.0.0,,1.0.0
COH0414,singleton study PRJNA380031,1,0,PRJNA380031,,,Italy,2017-03-30,3,,not_assessed_singleton,,False,0.5,"{""name"": {""source"": ""study.title"", ""quote"": ""Maternal inheritance of bifidobacterial communities and bifidophages in infants through vertical transmission""}}",singleton_deterministic,CC0342,,,,,cohorts_v3:unresolved,PRJNA380031,1,unknown (no infant-role samples),study_display:PRJNA380031 (no_infant_role_samples),1.0.0,,1.0.0
COH0416,singleton study PRJNA387903,1,0,PRJNA387903,,,Estonia|Finland,2017-06-23,220,,not_assessed_singleton,,False,0.5,"{""name"": {""source"": ""study.title"", ""quote"": ""Intestinal Virome Changes Precede Autoimmunity in Type I Diabetes Susceptible Children""}}",singleton_deterministic,CC0344,,,,,cohorts_v3:unresolved,PRJNA387903,1,unknown (no infant-role samples),study_display:PRJNA387903 (no_infant_role_samples),1.0.0,,1.0.0
COH0418,singleton study PRJNA394687,1,0,PRJNA394687,,,India|Mali|Mozambique,2017-12-10,27,,not_assessed_singleton,,False,0.5,"{""name"": {""source"": ""study.title"", ""quote"": ""Confirmation of Shigella detection in culture negative PCR positive diarrheal cases using""}}",singleton_deterministic,CC0346,,,,,cohorts_v3:unresolved,PRJNA394687,1,unknown (no infant-role samples),study_display:PRJNA394687 (no_infant_role_samples),1.0.0,,1.0.0
COH0420,singleton study PRJNA398089,1,0,PRJNA398089,,,USA,2017-10-18,2041,106.0,not_assessed_singleton,,False,0.5,"{""name"": {""source"": ""study.title"", ""quote"": ""Longitudinal Multi'omics of the Human Microbiome in Inflammatory Bowel Disease""}}",singleton_deterministic,CC0348,,,,,subject_resolution:all_members,PRJNA398089,1,unknown (no infant-role samples),study_display:PRJNA398089 (no_infant_role_samples),1.0.0,,1.0.0
COH0421,singleton study PRJNA413160,1,0,PRJNA413160,,,,2017-12-12,16,,not_assessed_singleton,,False,0.5,"{""name"": {""source"": ""study.title"", ""quote"": ""Metagenome data from infant stools samples raw sequence reads""}}",singleton_deterministic,CC0349,,,,,cohorts_v3:unresolved,PRJNA413160,1,unknown (no infant-role samples),study_display:PRJNA413160 (no_infant_role_samples),1.0.0,,1.0.0
COH0422,singleton study PRJNA413162,1,0,PRJNA413162,,,,2017-12-12,19,,not_assessed_singleton,,False,0.5,"{""name"": {""source"": ""study.title"", ""quote"": ""Metagenome data from infant (PD and ProD) stools samples raw sequence reads""}}",singleton_deterministic,CC0350,,,,,cohorts_v3:unresolved,PRJNA413162,1,unknown (no infant-role samples),study_display:PRJNA413162 (no_infant_role_samples),1.0.0,,1.0.0
COH0424,singleton study PRJNA417343,1,0,PRJNA417343,,,USA,2019-08-01,269,53.0,not_assessed_singleton,,False,0.5,"{""name"": {""source"": ""study.title"", ""quote"": ""preterm infant gut metagenomes (NIH Y5 Cohort)""}}",singleton_deterministic,CC0352,,,,,subject_resolution:all_members,PRJNA417343,1,53,study_display:PRJNA417343 (subject_ids),1.0.0,,1.0.0
COH0427,singleton study PRJNA433393,1,0,PRJNA433393,,,USA,2022-02-08,14,2.0,not_assessed_singleton,,False,0.5,"{""name"": {""source"": ""study.title"", ""quote"": ""infant gut metagenomes (NIHL1)""}}",singleton_deterministic,CC0355,,,,,subject_resolution:all_members,PRJNA433393,1,2,study_display:PRJNA433393 (subject_ids),1.0.0,,1.0.0
COH0433,singleton study PRJNA46337,1,0,PRJNA46337,,,,2013-09-02,827,74.0,not_assessed_singleton,,False,0.5,"{""name"": {""source"": ""study.title"", ""quote"": ""The Neonatal Microbiome and Necrotizing Enterocolitis""}}",singleton_deterministic,CC0361,,,,,subject_resolution:all_members,PRJNA46337,1,74,study_display:PRJNA46337 (subject_ids),1.0.0,,1.0.0
COH0435,singleton study PRJNA477357,1,0,PRJNA477357,,,France|USA,2018-06-26,116,13.0,not_assessed_singleton,,False,0.5,"{""name"": {""source"": ""study.title"", ""quote"": ""Microbiome in Severe Combined Immunodeficiency (X-linked)""}}",singleton_deterministic,CC0363,,,,,subject_resolution:all_members,PRJNA477357,1,unknown (no infant-role samples),study_display:PRJNA477357 (no_infant_role_samples),1.0.0,,1.0.0
COH0436,singleton study PRJNA482729,1,0,PRJNA482729,,,India,2019-08-02,24,6.0,not_assessed_singleton,,False,0.5,"{""name"": {""source"": ""study.title"", ""quote"": ""Effect of native and acetylated high amylose maize starch on fecal pH,""}}",singleton_deterministic,CC0364,,,,,subject_resolution:all_members,PRJNA482729,1,unknown (no infant-role samples),study_display:PRJNA482729 (no_infant_role_samples),1.0.0,,1.0.0
COH0437,singleton study PRJNA489090,1,0,PRJNA489090,,,USA,2019-10-07,429,55.0,not_assessed_singleton,,False,0.5,"{""name"": {""source"": ""study.title"", ""quote"": ""Human infant gut metagenome, infant shotgun sequencing""}}",singleton_deterministic,CC0365,,,,,subject_resolution:all_members,PRJNA489090,1,55,study_display:PRJNA489090 (subject_ids),1.0.0,,1.0.0
COH0438,singleton study PRJNA489693,1,0,PRJNA489693,,,USA,2019-06-15,18,8.0,not_assessed_singleton,,False,0.5,"{""name"": {""source"": ""study.title"", ""quote"": ""Microbial Diversity of NICU Infant Feeding Tubes""}}",singleton_deterministic,CC0366,,,,,subject_resolution:all_members,PRJNA489693,1,5–8 (subject ids on 15/18 samples),study_display:PRJNA489693 (subject_ids_partial),1.0.0,,1.0.0
COH0440,singleton study PRJNA508395,1,0,PRJNA508395,,,,2019-12-11,13,,not_assessed_singleton,,False,0.5,"{""name"": {""source"": ""study.title"", ""quote"": ""Nanopore long read assembly of the human gut metagenome""}}",singleton_deterministic,CC0368,,,,,cohorts_v3:unresolved,PRJNA508395,1,"unknown (≤ 1, no subject evidence)",study_display:PRJNA508395 (no_subject_evidence),1.0.0,,1.0.0
COH0442,singleton study PRJNA526942,1,0,PRJNA526942,,,South Africa,2020-08-15,4,4.0,not_assessed_singleton,,False,0.5,"{""name"": {""source"": ""study.title"", ""quote"": ""uncultured crAssphage strain:ZA | isolates :M186D4, C0521BW15,C0526BW15, C0521BD4, and C0531BW4""}}",singleton_deterministic,CC0370,,,,,subject_resolution:all_members,PRJNA526942,1,unknown (no infant-role samples),study_display:PRJNA526942 (no_infant_role_samples),1.0.0,,1.0.0
COH0443,singleton study PRJNA529400,1,0,PRJNA529400,,,Tanzania,2019-03-30,68,,not_assessed_singleton,,False,0.5,"{""name"": {""source"": ""study.title"", ""quote"": ""Homo sapiens Metagenome""}}",singleton_deterministic,CC0371,,,,,cohorts_v3:unresolved,PRJNA529400,1,unknown (no infant-role samples),study_display:PRJNA529400 (no_infant_role_samples),1.0.0,,1.0.0
COH0445,singleton study PRJNA543967,1,0,PRJNA543967,,,China,2020-06-21,126,,not_assessed_singleton,,False,0.5,"{""name"": {""source"": ""study.title"", ""quote"": ""human gut metagenome Metagenome""}}",singleton_deterministic,CC0373,,,,,cohorts_v3:unresolved,PRJNA543967,1,"unknown (≤ 3, no subject evidence)",study_display:PRJNA543967 (no_subject_evidence),1.0.0,,1.0.0
COH0446,singleton study PRJNA544346,1,0,PRJNA544346,,,China,2021-01-04,56,,not_assessed_singleton,,False,0.5,"{""name"": {""source"": ""study.title"", ""quote"": ""fecal sample collected healthy human Raw sequence reads""}}",singleton_deterministic,CC0374,,,,,cohorts_v3:unresolved,PRJNA544346,1,unknown (no infant-role samples),study_display:PRJNA544346 (no_infant_role_samples),1.0.0,,1.0.0
COH0452,singleton study PRJNA588513,1,0,PRJNA588513,,,China,2021-01-04,942,,not_assessed_singleton,,False,0.5,"{""name"": {""source"": ""study.title"", ""quote"": ""human gut metagenome Metagenome""}}",singleton_deterministic,CC0380,,,,,cohorts_v3:unresolved,PRJNA588513,1,unknown (no infant-role samples),study_display:PRJNA588513 (no_infant_role_samples),1.0.0,,1.0.0
COH0454,singleton study PRJNA60717,1,0,PRJNA60717,,,,2012-09-12,1,,not_assessed_singleton,,False,0.5,"{""name"": {""source"": ""study.title"", ""quote"": ""Metagenomic analysis of infant stool sample""}}",singleton_deterministic,CC0382,,,,,cohorts_v3:unresolved,PRJNA60717,1,"unknown (≤ 1, no subject evidence)",study_display:PRJNA60717 (no_subject_evidence),1.0.0,,1.0.0
COH0456,singleton study PRJNA629392,1,0,PRJNA629392,,,Turkey,2020-05-01,21,6.0,not_assessed_singleton,,False,0.5,"{""name"": {""source"": ""study.title"", ""quote"": ""Metabolic recovery with eculizumab precision therapy of CHAPLE disease""}}",singleton_deterministic,CC0384,,,,,subject_resolution:all_members,PRJNA629392,1,1,study_display:PRJNA629392 (subject_ids),1.0.0,,1.0.0
COH0457,singleton study PRJNA657818,1,0,PRJNA657818,,,Not Collected,2020-11-18,263,73.0,not_assessed_singleton,,False,0.5,"{""name"": {""source"": ""study.title"", ""quote"": ""Delivery mode impacts newborn gut colonization efficiency""}}",singleton_deterministic,CC0385,,,,,subject_resolution:all_members,PRJNA657818,1,73,study_display:PRJNA657818 (subject_ids),1.0.0,,1.0.0
COH0465,singleton study PRJNA686821,1,0,PRJNA686821,,,Hong Kong,2021-08-30,128,128.0,not_assessed_singleton,,False,0.5,"{""name"": {""source"": ""study.title"", ""quote"": ""Shotgun metagenomics data from human stool microorganism Raw sequence reads""}}",singleton_deterministic,CC0393,,,,,subject_resolution:all_members,PRJNA686821,1,unknown (no infant-role samples),study_display:PRJNA686821 (no_infant_role_samples),1.0.0,,1.0.0
COH0466,singleton study PRJNA688164,1,0,PRJNA688164,,,Poland,2021-01-05,22,,not_assessed_singleton,,False,0.5,"{""name"": {""source"": ""study.title"", ""quote"": ""Role of synbiotics to prevalence of LRTinfections in infants:gut metagenomic analysis""}}",singleton_deterministic,CC0394,,,,,cohorts_v3:unresolved,PRJNA688164,1,"unknown (≤ 22, no subject evidence)",study_display:PRJNA688164 (no_subject_evidence),1.0.0,,1.0.0
COH0469,singleton study PRJNA715615,1,0,PRJNA715615,,,Cote d'Ivoire,2023-03-11,11,,not_assessed_singleton,,False,0.5,"{""name"": {""source"": ""study.title"", ""quote"": ""Rural infant gut microbiota""}}",singleton_deterministic,CC0397,,,,,cohorts_v3:unresolved,PRJNA715615,1,unknown (no infant-role samples),study_display:PRJNA715615 (no_infant_role_samples),1.0.0,,1.0.0
COH0470,singleton study PRJNA716780,1,0,PRJNA716780,,,Italy,2022-04-04,254,129.0,not_assessed_singleton,,False,0.5,"{""name"": {""source"": ""study.title"", ""quote"": ""Mothers/children Metagenome""}}",singleton_deterministic,CC0398,,,,,subject_resolution:all_members,PRJNA716780,1,≤ 37 (one subject id per sample),study_display:PRJNA716780 (subject_ids_all_distinct),1.0.0,,1.0.0
COH0471,singleton study PRJNA725597,1,0,PRJNA725597,,,Sweden,2021-05-07,355,36.0,not_assessed_singleton,,False,0.5,"{""name"": {""source"": ""study.title"", ""quote"": ""The role of maternal exposures on commensal microbes""}}",singleton_deterministic,CC0399,,,,,subject_resolution:all_members,PRJNA725597,1,unknown (no infant-role samples),study_display:PRJNA725597 (no_infant_role_samples),1.0.0,,1.0.0
COH0472,singleton study PRJNA731529,1,0,PRJNA731529,,,USA,2022-06-20,1,,not_assessed_singleton,,False,0.5,"{""name"": {""source"": ""study.title"", ""quote"": ""Infant gut metagenome Metagenome""}}",singleton_deterministic,CC0400,,,,,cohorts_v3:unresolved,PRJNA731529,1,unknown (no infant-role samples),study_display:PRJNA731529 (no_infant_role_samples),1.0.0,,1.0.0
COH0473,singleton study PRJNA739008,1,0,PRJNA739008,,,Niger,2023-07-31,434,,not_assessed_singleton,,False,0.5,"{""name"": {""source"": ""study.title"", ""quote"": ""Effect of amoxicillin prophylaxis on gut microbiome and resistome for severe acute""}}",singleton_deterministic,CC0401,,,,,cohorts_v3:unresolved,PRJNA739008,1,unknown (no infant-role samples),study_display:PRJNA739008 (no_infant_role_samples),1.0.0,,1.0.0
COH0474,singleton study PRJNA746509,1,0,PRJNA746509,,,Italy,2022-08-22,5,,not_assessed_singleton,,False,0.5,"{""name"": {""source"": ""study.title"", ""quote"": ""Gut microbiota in an infant with propionic acidemia before and after probiotic""}}",singleton_deterministic,CC0402,,,,,cohorts_v3:unresolved,PRJNA746509,1,"unknown (≤ 5, no subject evidence)",study_display:PRJNA746509 (no_subject_evidence),1.0.0,,1.0.0
COH0475,singleton study PRJNA752686,1,0,PRJNA752686,,,USA,2022-09-03,42,27.0,not_assessed_singleton,,False,0.5,"{""name"": {""source"": ""study.title"", ""quote"": ""Metagenomic Profile of the Gut Microbiome of Preterm Infants and its Association""}}",singleton_deterministic,CC0403,,,,,subject_resolution:all_members,PRJNA752686,1,27,study_display:PRJNA752686 (subject_ids),1.0.0,,1.0.0
COH0477,singleton study PRJNA763908,1,0,PRJNA763908,,,China,2021-09-18,66,,not_assessed_singleton,,False,0.5,"{""name"": {""source"": ""study.title"", ""quote"": ""Intestinal flora sequencing of Chinese infants""}}",singleton_deterministic,CC0405,,,,,cohorts_v3:unresolved,PRJNA763908,1,unknown (no infant-role samples),study_display:PRJNA763908 (no_infant_role_samples),1.0.0,,1.0.0
COH0480,singleton study PRJNA770101,1,0,PRJNA770101,,,China,2022-11-02,71,,not_assessed_singleton,,False,0.5,"{""name"": {""source"": ""study.title"", ""quote"": ""the transmission of probio-m9 from mother to infant""}}",singleton_deterministic,CC0408,,,,,cohorts_v3:unresolved,PRJNA770101,1,unknown (no infant-role samples),study_display:PRJNA770101 (no_infant_role_samples),1.0.0,,1.0.0
COH0485,singleton study PRJNA798191,1,0,PRJNA798191,,,Greece,2022-02-15,51,31.0,not_assessed_singleton,,False,0.5,"{""name"": {""source"": ""study.title"", ""quote"": ""Bamboo microbiota study in infants""}}",singleton_deterministic,CC0413,,,,,subject_resolution:all_members,PRJNA798191,1,10–31 (subject ids on 30/51 samples),study_display:PRJNA798191 (subject_ids_partial),1.0.0,,1.0.0
COH0486,singleton study PRJNA799247,1,0,PRJNA799247,,,USA,2023-07-25,2171,147.0,not_assessed_singleton,,False,0.5,"{""name"": {""source"": ""study.title"", ""quote"": ""Metagenomics of preterm infant stool""}}",singleton_deterministic,CC0414,,,,,subject_resolution:all_members,PRJNA799247,1,146–147 (subject ids on 2103/2104 samples),study_display:PRJNA799247 (subject_ids_partial),1.0.0,,1.0.0
COH0489,singleton study PRJNA806984,1,0,PRJNA806984,,,Bangladesh,2022-11-02,1347,,not_assessed_singleton,,False,0.5,"{""name"": {""source"": ""study.title"", ""quote"": ""Microbiota and Health Study (Dhaka, Bangladesh)""}}",singleton_deterministic,CC0417,,,,,cohorts_v3:unresolved,PRJNA806984,1,"unknown (≤ 1347, no subject evidence)",study_display:PRJNA806984 (no_subject_evidence),1.0.0,,1.0.0
COH0495,singleton study PRJNA833139,1,0,PRJNA833139,,,Spain,2023-02-01,43,,not_assessed_singleton,,False,0.5,"{""name"": {""source"": ""study.title"", ""quote"": ""Gender-specific cross-generational microbial persistence of human gut microbes""}}",singleton_deterministic,CC0423,,,,,cohorts_v3:unresolved,PRJNA833139,1,unknown (no infant-role samples),study_display:PRJNA833139 (no_infant_role_samples),1.0.0,,1.0.0
COH0496,singleton study PRJNA835321,1,0,PRJNA835321,,,India,2023-06-05,22,20.0,not_assessed_singleton,,False,0.5,"{""name"": {""source"": ""study.title"", ""quote"": ""Whole metagenome analysis of Infant gut and breast milk microbiota""}}",singleton_deterministic,CC0424,,,,,subject_resolution:all_members,PRJNA835321,1,unknown (no infant-role samples),study_display:PRJNA835321 (no_infant_role_samples),1.0.0,,1.0.0
COH0497,singleton study PRJNA835720,1,0,PRJNA835720,,,China,2024-05-26,298,,not_assessed_singleton,,False,0.5,"{""name"": {""source"": ""study.title"", ""quote"": ""Human feces Viral/Bacterial Metagenome""}}",singleton_deterministic,CC0425,,,,,cohorts_v3:unresolved,PRJNA835720,1,unknown (no infant-role samples),study_display:PRJNA835720 (no_infant_role_samples),1.0.0,,1.0.0
COH0499,singleton study PRJNA844516,1,0,PRJNA844516,,,Japan,2023-08-27,19,,not_assessed_singleton,,False,0.5,"{""name"": {""source"": ""study.title"", ""quote"": ""Investigation of the Interrelationship among Mental, Physical and Intestinal Microbiota in Postpartum""}}",singleton_deterministic,CC0427,,,,,cohorts_v3:unresolved,PRJNA844516,1,unknown (no infant-role samples),study_display:PRJNA844516 (no_infant_role_samples),1.0.0,,1.0.0
COH0502,singleton study PRJNA850838,1,0,PRJNA850838,,,missing,2022-06-29,12,,not_assessed_singleton,,False,0.5,"{""name"": {""source"": ""study.title"", ""quote"": ""Metagenomic analysis of intestinal oligosaccharides in infants""}}",singleton_deterministic,CC0430,,,,,cohorts_v3:unresolved,PRJNA850838,1,"unknown (≤ 12, no subject evidence)",study_display:PRJNA850838 (no_subject_evidence),1.0.0,,1.0.0
COH0505,singleton study PRJNA862908,1,0,PRJNA862908,,,USA,2023-08-27,151,151.0,not_assessed_singleton,,False,0.5,"{""name"": {""source"": ""study.title"", ""quote"": ""Human gut metagenome during and after enteric infection Metagenome""}}",singleton_deterministic,CC0433,,,,,subject_resolution:all_members,PRJNA862908,1,unknown (no infant-role samples),study_display:PRJNA862908 (no_infant_role_samples),1.0.0,,1.0.0
COH0508,singleton study PRJNA884103,1,0,PRJNA884103,,,USA,2023-06-05,449,52.0,not_assessed_singleton,,False,0.5,"{""name"": {""source"": ""study.title"", ""quote"": ""Gut residence of bloodstream infection pathogens in the NICU""}}",singleton_deterministic,CC0436,,,,,subject_resolution:all_members,PRJNA884103,1,52,study_display:PRJNA884103 (subject_ids),1.0.0,,1.0.0
COH0509,singleton study PRJNA884688,1,0,PRJNA884688,,,missing,2024-05-15,109,61.0,not_assessed_singleton,,False,0.5,"{""name"": {""source"": ""study.title"", ""quote"": ""Human gut microbiota and protein source""}}",singleton_deterministic,CC0437,,,,,subject_resolution:all_members,PRJNA884688,1,61,study_display:PRJNA884688 (subject_ids),1.0.0,,1.0.0
COH0510,singleton study PRJNA889771,1,0,PRJNA889771,,,USA,2022-10-15,140,76.0,not_assessed_singleton,,False,0.5,"{""name"": {""source"": ""study.title"", ""quote"": ""Raw reads of the microbiota of premature infant mouth, skin, and gut""}}",singleton_deterministic,CC0438,,,,,subject_resolution:all_members,PRJNA889771,1,8–76 (subject ids on 72/140 samples),study_display:PRJNA889771 (subject_ids_partial),1.0.0,,1.0.0
COH0512,singleton study PRJNA900041,1,0,PRJNA900041,,,Netherlands,2022-11-15,830,,not_assessed_singleton,,False,0.5,"{""name"": {""source"": ""study.title"", ""quote"": ""ITS Bifidobacteria human Gut""}}",singleton_deterministic,CC0440,,,,,cohorts_v3:unresolved,PRJNA900041,1,unknown (no infant-role samples),study_display:PRJNA900041 (no_infant_role_samples),1.0.0,,1.0.0
COH0513,singleton study PRJNA900180,1,0,PRJNA900180,,,Netherlands,2022-11-15,830,,not_assessed_singleton,,False,0.5,"{""name"": {""source"": ""study.title"", ""quote"": ""ITS Bifidobacteria human Gut #2""}}",singleton_deterministic,CC0441,,,,,cohorts_v3:unresolved,PRJNA900180,1,"unknown (≤ 830, no subject evidence)",study_display:PRJNA900180 (no_subject_evidence),1.0.0,,1.0.0
COH0515,singleton study PRJNA906107,1,0,PRJNA906107,,,USA,2023-12-02,156,75.0,not_assessed_singleton,,False,0.5,"{""name"": {""source"": ""study.title"", ""quote"": ""Characterizing microbiome dynamics among maternal and donor breastmilk and infants""}}",singleton_deterministic,CC0443,,,,,subject_resolution:all_members,PRJNA906107,1,unknown (no infant-role samples),study_display:PRJNA906107 (no_infant_role_samples),1.0.0,,1.0.0
COH0517,singleton study PRJNA927010,1,0,PRJNA927010,,,USA,2023-01-28,213,,not_assessed_singleton,,False,0.5,"{""name"": {""source"": ""study.title"", ""quote"": ""PREVAIL Birth Cohort Infant Gut Metagenome""}}",singleton_deterministic,CC0445,,,,,cohorts_v3:unresolved,PRJNA927010,1,"unknown (≤ 213, no subject evidence)",study_display:PRJNA927010 (no_subject_evidence),1.0.0,,1.0.0
COH0522,singleton study PRJNA945262,1,0,PRJNA945262,,,India,2023-04-14,104,,not_assessed_singleton,,False,0.5,"{""name"": {""source"": ""study.title"", ""quote"": ""Neonatal Gut Microbiome in a mother child paired design""}}",singleton_deterministic,CC0450,,,,,cohorts_v3:unresolved,PRJNA945262,1,unknown (no infant-role samples),study_display:PRJNA945262 (no_infant_role_samples),1.0.0,,1.0.0
COH0523,singleton study PRJNA961698,1,0,PRJNA961698,,,,2023-08-19,736,736.0,not_assessed_singleton,,False,0.5,"{""name"": {""source"": ""study.title"", ""quote"": ""Very Early Life Microbiome and Metabolome Correlates with Primary Vaccination Variability in""}}",singleton_deterministic,CC0451,,,,,subject_resolution:all_members,PRJNA961698,1,≤ 659 (one subject id per sample),study_display:PRJNA961698 (subject_ids_all_distinct),1.0.0,,1.0.0
COH0524,singleton study PRJNA978345,1,0,PRJNA978345,,,Australia,2024-05-24,96,31.0,not_assessed_singleton,,False,0.5,"{""name"": {""source"": ""study.title"", ""quote"": ""Infant cystic fibrosis BAL and stool microbiome""}}",singleton_deterministic,CC0452,,,,,subject_resolution:all_members,PRJNA978345,1,31,study_display:PRJNA978345 (subject_ids),1.0.0,,1.0.0
COH0612,Ang 2014 rotavirus infant cohort,1,1,PRJEB6972,25491920,25491920.0,Spain,2014-08-29,15,,not_assessed_singleton,,False,0.8,"{""name"": {""source"": ""paper.title"", ""quote"": ""The establishment of the infant intestinal microbiome is not affected by rotavirus""}}",confirm,CA005,2014,,,,cohorts_v3:unresolved,PRJEB6972,1,unknown (no infant-role samples),study_display:PRJEB6972 (no_infant_role_samples),1.0.0,,1.0.0
COH0802,Korpela 2018 probiotic antibiotic/caesarean cohort,1,3,PRJEB27325,30326954|30214024|36093611,30326954.0,Finland,2018-08-16,402,,not_assessed_singleton,,False,0.8,"{""name"": {""source"": ""paper.title"", ""quote"": ""Probiotic supplementation restores normal microbiota composition and function in antibiotic-treated and in""}}",confirm,CA006,2018|2022,,,,cohorts_v3:unresolved,PRJEB27325,1,"unknown (≤ 402, no subject evidence)",study_display:PRJEB27325 (no_subject_evidence),1.0.0,,1.0.0
COH0815,Esaiassen 2018 preterm probiotic/resistome cohort,1,1,PRJEB29052,30505830,30505830.0,Norway,2019-01-14,184,,not_assessed_singleton,,False,0.8,"{""name"": {""source"": ""paper.title"", ""quote"": ""Effects of Probiotic Supplementation on the Gut Microbiota and Antibiotic Resistome Development""}}",confirm,CA007,2018,,,,cohorts_v3:unresolved,PRJEB29052,1,unknown (no infant-role samples),study_display:PRJEB29052 (no_infant_role_samples),1.0.0,,1.0.0
COH1156,Beller/BaBel infant gut virome cohort,1,1,PRJNA693793,35320047,35320047.0,,2021-05-01,304,8.0,not_assessed_singleton,,False,0.8,"{""name"": {""source"": ""paper.title"", ""quote"": ""The virota and its transkingdom interactions in the healthy infant gut.""}}",confirm,CA009,2022,,,,subject_resolution:all_members,PRJNA693793,1,8,study_display:PRJNA693793 (subject_ids),1.0.0,,1.0.0
COH1229,Martin 2022 2-HMO infant formula cohort,1,1,PRJEB54707,35990340,35990340.0,Belgium|Italy,2022-07-18,80,80.0,not_assessed_singleton,,False,0.8,"{""name"": {""source"": ""paper.title"", ""quote"": ""Host-microbial co-metabolites modulated by human milk oligosaccharides relate to reduced risk of""}}",confirm,CA010,2022,,,,subject_resolution:all_members,PRJEB54707,1,≤ 80 (one subject id per sample),study_display:PRJEB54707 (subject_ids_all_distinct),1.0.0,,1.0.0
COH1240,Sindi reduced fat/sugar maternal diet lactation cohort,1,1,PRJNA819247,36060782,36060782.0,Australia,2022-04-01,20,,not_assessed_singleton,,False,0.8,"{""name"": {""source"": ""paper.title"", ""quote"": ""Effect of a reduced fat and sugar maternal dietary intervention during lactation""}}",confirm,CA011,2022,,,,cohorts_v3:unresolved,PRJNA819247,1,"unknown (≤ 20, no subject evidence)",study_display:PRJNA819247 (no_subject_evidence),1.0.0,,1.0.0
COH1253,Wallingford 2'-FL infant formula growth trial,1,1,PRJEB54991,36211486,36211486.0,USA,2022-08-03,162,,not_assessed_singleton,,False,0.8,"{""name"": {""source"": ""paper.title"", ""quote"": ""Effects of addition of 2-fucosyllactose to infant formula on growth and specific""}}",confirm,CA012,2022,,,,cohorts_v3:unresolved,PRJEB54991,1,"unknown (≤ 162, no subject evidence)",study_display:PRJEB54991 (no_subject_evidence),1.0.0,,1.0.0
COH1259,HELMi Helsinki infant/family microbiome cohort,2,3,PRJEB52774|PRJEB70237,36274732|37731926|39092808,36274732.0,Finland,2022-05-31,3141,748.0,not_assessed_singleton,,False,0.8,"{""name"": {""source"": ""paper.title"", ""quote"": ""<i>Bacteroides</i> abundance drives birth mode dependent infant gut microbiota developmental trajectories.""}}",confirm,CA013,2022|2023|2024,,,,subject_resolution:all_members,PRJEB52774|PRJEB70237,2,unknown (≤ 3141 sample rows; not_assessed_singleton),cohort_rule:not_assessed_singleton,1.0.0,,1.0.0
COH1262,Wei FMT pregnant patient to infant strain transfer,1,1,PRJNA812583,36352460,36352460.0,Denmark,2022-06-30,12,4.0,not_assessed_singleton,,False,0.8,"{""name"": {""source"": ""paper.title"", ""quote"": ""Cross-generational bacterial strain transfer to an infant after fecal microbiota transplantation to""}}",confirm,CA014,2022,,,,subject_resolution:all_members,PRJNA812583,1,1,study_display:PRJNA812583 (subject_ids),1.0.0,,1.0.0
COH1265,Zhong Probio-M8 maternal-infant fecal cohort,1,1,PRJNA810575,36419187,36419187.0,China,2022-05-20,44,,not_assessed_singleton,,False,0.8,"{""name"": {""source"": ""paper.title"", ""quote"": ""Bifidobacterium animalis subsp. lactis Probio-M8 undergoes host adaptive evolution by glcU mutation""}}",confirm,CA015,2022,,,,cohorts_v3:unresolved,PRJNA810575,1,unknown (no infant-role samples),study_display:PRJNA810575 (no_infant_role_samples),1.0.0,,1.0.0
COH1348,MIS BAIR trial neonatal cohort,1,2,PRJEB55714,37397142|41853385,37397142.0,Australia,2023-01-26,393,,not_assessed_singleton,,False,0.8,"{""name"": {""source"": ""paper.title"", ""quote"": ""Metagenomics analysis of the neonatal intestinal resistome.""}}",confirm,CA016,2023,,,,cohorts_v3:unresolved,PRJEB55714,1,unknown (no infant-role samples),study_display:PRJEB55714 (no_infant_role_samples),1.0.0,,1.0.0
COH1410,Precocious infant gut microbiome cohort,1,1,PRJEB52295,38117587,38117587.0,USA,2022-04-26,43,,not_assessed_singleton,,False,0.8,"{""name"": {""source"": ""paper.title"", ""quote"": ""Precocious infant fecal microbiome promotes enterocyte barrier dysfuction, altered neuroendocrine signaling and""}}",confirm,CA017,2024,,,,cohorts_v3:unresolved,PRJEB52295,1,unknown (no infant-role samples),study_display:PRJEB52295 (no_infant_role_samples),1.0.0,,1.0.0
COH1575,STRONG Kids 2 Birth Cohort,1,1,PRJNA778397,39858934,39858934.0,USA,2022-05-02,75,75.0,not_assessed_singleton,,False,0.8,"{""name"": {""source"": ""paper.title"", ""quote"": ""Fecal Microbiome and Metabolomic Profiles of Mixed-Fed Infants Are More Similar to""}}",confirm,CA018,2025,,,,subject_resolution:all_members,PRJNA778397,1,≤ 75 (one subject id per sample),study_display:PRJNA778397 (subject_ids_all_distinct),1.0.0,,1.0.0
COH1586,Stool microbiome freezer storage cohort,1,1,PRJEB79382,39932403,39932403.0,Switzerland,2024-12-12,77,,not_assessed_singleton,,False,0.8,"{""name"": {""source"": ""paper.title"", ""quote"": ""Evaluating stool microbiome integrity after domestic freezer storage using whole-metagenome sequencing, genome""}}",confirm,CA019,2025,,,,cohorts_v3:unresolved,PRJEB79382,1,unknown (no infant-role samples),study_display:PRJEB79382 (no_infant_role_samples),1.0.0,,1.0.0
COH1626,Gut mycobiome maturation cohort,1,1,PRJNA903921,40469735,40469735.0,USA,2023-11-02,1033,187.0,not_assessed_singleton,,False,0.8,"{""name"": {""source"": ""paper.title"", ""quote"": ""Gut mycobiome maturation and its determinants during early childhood: a comparison of""}}",confirm,CA020,2025,,,,subject_resolution:all_members,PRJNA903921,1,187,study_display:PRJNA903921 (subject_ids),1.0.0,,1.0.0
COH1817,Allergic Proctocolitis infant gut microbiome cohort,1,1,PRJNA1445880,42010622,42010622.0,,2026-04-05,740,,not_assessed_singleton,,False,0.8,"{""name"": {""source"": ""paper.title"", ""quote"": ""Strain-level microbial signatures and inferred functional alterations in infants with food protein-induced""}}",confirm,CA003,2026,,,,cohorts_v3:unresolved,PRJNA1445880,1,unknown (no infant-role samples),study_display:PRJNA1445880 (no_infant_role_samples),1.0.0,,1.0.0
COH1833,Parizadeh early-life gut microbiome cohort,1,1,PRJNA1258733,42127418,42127418.0,,2026-06-21,1,,not_assessed_singleton,,False,0.8,"{""name"": {""source"": ""paper.title"", ""quote"": ""Impact of maternal, infant, and household factors on early-life gut microbiome development""}}",confirm,CA004,2026,,,,cohorts_v3:unresolved,PRJNA1258733,1,10–40 (subject ids on 126/156 samples),study_display:PRJNA1258733 (subject_ids_partial),1.0.0,,1.0.0
COH1844,Sun AFMT infant gut cohort,1,1,PRJEB80456,42214386,42214386.0,USA,2024-10-10,12,,not_assessed_singleton,,False,0.8,"{""name"": {""source"": ""paper.title"", ""quote"": ""Autologous fecal microbiota transplantation restores the infant gut microbiome and metabolome after""}}",confirm,CA021,2026,,,,cohorts_v3:unresolved,PRJEB80456,1,unknown (no infant-role samples),study_display:PRJEB80456 (no_infant_role_samples),1.0.0,,1.0.0
COH2284,singleton study PRJEB6921,1,0,PRJEB6921,,,,2015-01-27,772,168.0,not_assessed_singleton,,False,0.5,"{""name"": {""source"": ""study.title"", ""quote"": ""Role_of_early_life_gut_microbiota_in_colonisation_resistance_development""}}",split,CA002,,,,,subject_resolution:all_members,PRJEB6921,1,unknown (no infant-role samples),study_display:PRJEB6921 (no_infant_role_samples),1.0.0,,1.0.0
COH2285,singleton study PRJEB62690,1,0,PRJEB62690,,,Germany|Italy|Spain,2023-07-11,1110,246.0,not_assessed_singleton,,False,0.5,"{""name"": {""source"": ""study.title"", ""quote"": ""Infant stool, 5-HMO supplemented formula vs. control formula vs. breastfed""}}",split,CA010,,,,,subject_resolution:all_members,PRJEB62690,1,246,study_display:PRJEB62690 (subject_ids),1.0.0,,1.0.0
COH2286,singleton study PRJEB64567,1,0,PRJEB64567,,,Finland,2023-08-11,35,7.0,not_assessed_singleton,,False,0.5,"{""name"": {""source"": ""study.title"", ""quote"": ""Maternal FMT in Cesarean-Born Infants - WGS sequencing of infants (1w to""}}",split,CA013,,,,,subject_resolution:all_members,PRJEB64567,1,7,study_display:PRJEB64567 (subject_ids),1.0.0,,1.0.0
COH2292,Peru Loreto LMIC infant stool cohort,2,3,PRJNA834762|PRJNA837236,36194603|36251729|38427700,36194603.0,Peru,2022-05-19,97,,sentinel_no_evidence,,False,0.8,"{""name"": {""source"": ""study.title"", ""quote"": ""LMIC human infant stool whole-genome shotgun metagenomic sequencing""}, ""index"": {""source"": ""paper.title"", ""quote"": ""Shotgun metagenomics of fecal samples from children in Peru reveals frequent complex""}}",confirm,CA023,2022|2024,,,,cohorts_v3:unresolved,PRJNA834762|PRJNA837236,2,unknown (≤ 97 sample rows; sentinel_no_evidence),cohort_rule:sentinel_no_evidence,1.0.0,,1.0.0
COH2294,singleton study PRJNA300541,1,2,PRJNA300541,38049420|42312244,38049420.0,El Salvador|Peru,2016-03-12,191,93.0,not_assessed_singleton,,False,0.5,"{""name"": {""source"": ""study.title"", ""quote"": ""Antibiotic resistance exchange between microbiota in resource-poor settings in Latin America""}, ""index"": {""source"": ""paper.title"", ""quote"": ""Gut microbiomes of agropastoral children from the Adadle region of Ethiopia reflect""}}",singleton_deterministic,CA_single,2023|2026,,,,subject_resolution:all_members,PRJNA300541,1,13,study_display:PRJNA300541 (subject_ids),1.0.0,,1.0.0
COH2295,singleton study PRJNA504891,1,2,PRJNA504891,30661755|41620544,30661755.0,Ethiopia,2018-11-10,50,50.0,not_assessed_singleton,,False,0.5,"{""name"": {""source"": ""study.title"", ""quote"": ""Metagenomic sequencing of stool samples from Ethiopian individuals""}, ""index"": {""source"": ""paper.title"", ""quote"": ""Extensive Unexplored Human Microbiome Diversity Revealed by Over 150,000 Genomes from Metagenomes""}}",singleton_deterministic,CA_single,2019|2026,,,,subject_resolution:all_members,PRJNA504891,1,≤ 25 (one subject id per sample),study_display:PRJNA504891 (subject_ids_all_distinct),1.0.0,,1.0.0
COH2296,singleton study PRJNA529124,1,1,PRJNA529124,40659786,40659786.0,Ghana,2019-03-28,44,,not_assessed_singleton,,False,0.5,"{""name"": {""source"": ""study.title"", ""quote"": ""Metagenomic sequencing of stool samples from Ghanaian individuals""}, ""index"": {""source"": ""paper.title"", ""quote"": ""Microbiota-driven antitumour immunity mediated by dendritic cell migration.""}}",singleton_deterministic,CA_single,2025,,,,cohorts_v3:unresolved,PRJNA529124,1,unknown (no infant-role samples),study_display:PRJNA529124 (no_infant_role_samples),1.0.0,,1.0.0
COH2299,singleton study PRJNA1166969,1,1,PRJNA1166969,39470277,39470277.0,China,2024-10-11,12,,not_assessed_singleton,,False,0.5,"{""name"": {""source"": ""study.title"", ""quote"": ""Multi-Omics Analysis of the Microbial Profile Characteristics Associated with Pulmonary Arterial Hypertension""}, ""index"": {""source"": ""paper.title"", ""quote"": ""Integrated multi-omics analysis of the microbial profile characteristics associated with pulmonary arterial""}}",singleton_deterministic,CA_single,2024,,,,cohorts_v3:unresolved,PRJNA1166969,1,unknown (no infant-role samples),study_display:PRJNA1166969 (no_infant_role_samples),1.0.0,,1.0.0
COH2303,singleton study PRJEB100868,1,1,PRJEB100868,42644416,42644416.0,Sweden,2026-06-29,744,,not_assessed_singleton,,False,0.5,"{""name"": {""source"": ""study.title"", ""quote"": ""PREVENT 1: Gut microbiota development and health in early life""}, ""index"": {""source"": ""paper.title"", ""quote"": ""Nationwide cohort study reveals low bifidobacteria and distinct microbiota composition and function""}}",singleton_deterministic,CA_single,2026,,,,cohorts_v3:unresolved,PRJEB100868,1,"unknown (≤ 744, no subject evidence)",study_display:PRJEB100868 (no_subject_evidence),1.0.0,,1.0.0
COH2304,singleton study PRJEB62848,1,0,PRJEB62848,,,Finland,2023-06-21,181,53.0,not_assessed_singleton,,False,0.5,"{""name"": {""source"": ""study.title"", ""quote"": ""Infant stool, moderate and late preterm infants, probiotic and prebiotic""}}",singleton_deterministic,CA_single,,,,,subject_resolution:all_members,PRJEB62848,1,51–53 (subject ids on 179/181 samples),study_display:PRJEB62848 (subject_ids_partial),1.0.0,,1.0.0
COH2305,singleton study PRJEB79896,1,0,PRJEB79896,,,Germany,2024-09-19,948,,not_assessed_singleton,,False,0.5,"{""name"": {""source"": ""study.title"", ""quote"": ""PRIMAL fecal samples shotgun metagenome sequencing""}}",singleton_deterministic,CA_single,,,,,cohorts_v3:unresolved,PRJEB79896,1,"unknown (≤ 946, no subject evidence)",study_display:PRJEB79896 (no_subject_evidence),1.0.0,,1.0.0
COH2307,singleton study PRJNA1274040,1,0,PRJNA1274040,,,China,2025-06-15,1000,287.0,not_assessed_singleton,,False,0.5,"{""name"": {""source"": ""study.title"", ""quote"": ""Yoghurt supplementation in overweight/obese women from early pregnancy to postpartum augments gut""}}",singleton_deterministic,CA_single,,,,,subject_resolution:all_members,PRJNA1274040,1,240–287 (subject ids on 953/1000 samples),study_display:PRJNA1274040 (subject_ids_partial),1.0.0,,1.0.0
COH2308,singleton study PRJEB45356,1,1,PRJEB45356,38093016,38093016.0,,2023-08-14,949,,not_assessed_singleton,,False,0.5,"{""name"": {""source"": ""study.title"", ""quote"": ""Bioactive glycans in a microbiome-directed food for malnourished children""}, ""index"": {""source"": ""paper.title"", ""quote"": ""Bioactive glycans in a microbiome-directed food for children with malnutrition.""}}",singleton_deterministic,CA_single,2024,,,,cohorts_v3:unresolved,PRJEB45356,1,unknown (no infant-role samples),study_display:PRJEB45356 (no_infant_role_samples),1.0.0,,1.0.0
COH2316,singleton study PRJEB21259,1,1,PRJEB21259,41144256,41144256.0,,2021-10-13,28,,not_assessed_singleton,,False,0.5,"{""name"": {""source"": ""study.title"", ""quote"": ""AMR_metagenomic_sequencing""}, ""index"": {""source"": ""paper.title"", ""quote"": ""Metagenomic identification of disease-causing &lt;i&gt;Salmonella enterica&lt;/i&gt; serovars and antimicrobial resistance genes from""}}",singleton_deterministic,CA_single,2025,,,,cohorts_v3:unresolved,PRJEB21259,1,unknown (no infant-role samples),study_display:PRJEB21259 (no_infant_role_samples),1.0.0,,1.0.0
COH2317,singleton study PRJNA1060349,1,0,PRJNA1060349,,,USA,2024-12-12,1197,78.0,not_assessed_singleton,stool,False,0.5,"{""name"": {""source"": ""study.title"", ""quote"": ""Weaning accelerates and transforms within-host adaptation in the infant gut microbiome""}}",singleton_deterministic,CA_single,,,,,subject_resolution:all_members,PRJNA1060349,1,unknown (no infant-role samples),study_display:PRJNA1060349 (no_infant_role_samples),1.0.0,,1.0.0
COH2323,singleton study PRJEB106892,1,0,PRJEB106892,,,,2026-01-28,1851,,not_assessed_singleton,,False,0.5,"{""name"": {""source"": ""study.title"", ""quote"": ""Chain_Ncc_Metagenomes_Release""}}",singleton_deterministic,CA_single,,,,,cohorts_v3:unresolved,PRJEB106892,1,unknown (no infant-role samples),study_display:PRJEB106892 (no_infant_role_samples),1.0.0,,1.0.0
COH2324,singleton study PRJEB63570,1,0,PRJEB63570,,,Malawi,2024-10-15,928,,not_assessed_singleton,,False,0.5,"{""name"": {""source"": ""study.title"", ""quote"": ""Klebsiella_transmission_and_immunity_on_Chatinkha_nursery__Neo_TRACK_""}}",singleton_deterministic,CA_single,,,,,cohorts_v3:unresolved,PRJEB63570,1,unknown (no infant-role samples),study_display:PRJEB63570 (no_infant_role_samples),1.0.0,,1.0.0
COH2326,singleton study PRJEB46659,1,0,PRJEB46659,,,USA,2022-08-03,49,,not_assessed_singleton,,False,0.5,"{""name"": {""source"": ""study.title"", ""quote"": ""Heritable Vaginal Bacteria Relate to Allergic Sensitization""}}",singleton_deterministic,CA_single,,,,,cohorts_v3:unresolved,PRJEB46659,1,unknown (no infant-role samples),study_display:PRJEB46659 (no_infant_role_samples),1.0.0,,1.0.0
COH2330,singleton study PRJEB23207,1,1,PRJEB23207,29468143,29468143.0,Italy|Netherlands,2017-11-06,14,,not_assessed_singleton,,False,0.5,"{""name"": {""source"": ""study.title"", ""quote"": ""Metagenomic characterization of the human intestinal microbiota in faecal samples from STEC-infected""}, ""index"": {""source"": ""paper.title"", ""quote"": ""Metagenomic Characterization of the Human Intestinal Microbiota in Fecal Samples from STEC-Infected""}}",singleton_deterministic,CA_single,2018,,,,cohorts_v3:unresolved,PRJEB23207,1,unknown (no infant-role samples),study_display:PRJEB23207 (no_infant_role_samples),1.0.0,,1.0.0
COH2332,singleton study PRJEB46943,1,0,PRJEB46943,,,Denmark,2022-02-01,655,,not_assessed_singleton,gut/stool (virome),False,0.5,"{""name"": {""source"": ""study.title"", ""quote"": ""Deep sequencing of faecal DNA viromes from 647 healthy Danish infants""}}",singleton_deterministic,CA_single,,,,,cohorts_v3:unresolved,PRJEB46943,1,"unknown (≤ 655, no subject evidence)",study_display:PRJEB46943 (no_subject_evidence),1.0.0,,1.0.0
COH2333,singleton study PRJDB10675,1,1,PRJDB10675,36376441,36376441.0,India,2023-06-05,53,53.0,not_assessed_singleton,,False,0.5,"{""name"": {""source"": ""study.title"", ""quote"": ""International collaborative studies on the prevention, diagnosis, and drug discovery for diarrheal""}, ""index"": {""source"": ""paper.title"", ""quote"": ""Metagenomic analysis of diarrheal stools in Kolkata, India, indicates the possibility of""}}",singleton_deterministic,CA_single,2022,,,,subject_resolution:all_members,PRJDB10675,1,unknown (no infant-role samples),study_display:PRJDB10675 (no_infant_role_samples),1.0.0,,1.0.0
COH2334,singleton study PRJEB37883,1,0,PRJEB37883,,,,2022-05-30,379,55.0,not_assessed_singleton,,False,0.5,"{""name"": {""source"": ""study.title"", ""quote"": ""Hospital regimes including probiotics guide the individual development of the gut microbiome""}}",singleton_deterministic,CA_single,,,,,subject_resolution:all_members,PRJEB37883,1,55,study_display:PRJEB37883 (subject_ids),1.0.0,,1.0.0
COH2336,singleton study PRJNA1274602,1,0,PRJNA1274602,,,USA,2025-06-15,20,20.0,not_assessed_singleton,gut/stool,False,0.5,"{""name"": {""source"": ""study.title"", ""quote"": ""Association of fentanyl-induced microbiome changes and neurodevelopmental outcomes in preterm infants""}}",singleton_deterministic,CA_single,,,,,subject_resolution:all_members,PRJNA1274602,1,≤ 20 (one subject id per sample),study_display:PRJNA1274602 (subject_ids_all_distinct),1.0.0,,1.0.0
COH2338,singleton study PRJNA417283,1,1,PRJNA417283,38058267,38058267.0,,2018-03-03,86,,not_assessed_singleton,"gut/skin/environment mixed, infant gut subset included",False,0.5,"{""name"": {""source"": ""study.title"", ""quote"": ""human metagenome""}, ""index"": {""source"": ""paper.title"", ""quote"": ""Vaginal delivery provides skin colonization resistance from environmental microbes in the NICU.""}}",singleton_deterministic,CA_single,2023,,,,cohorts_v3:unresolved,PRJNA417283,1,unknown (no infant-role samples),study_display:PRJNA417283 (no_infant_role_samples),1.0.0,,1.0.0
COH2342,singleton study PRJNA706606,1,1,PRJNA706606,36416733,36416733.0,Bangladesh,2021-09-02,95,,not_assessed_singleton,stool,False,0.5,"{""name"": {""source"": ""study.title"", ""quote"": ""Impact of Water Chlorination of Children's Gut Microbiomes in Bangladesh""}, ""index"": {""source"": ""paper.title"", ""quote"": ""Drinking Water Chlorination Impact on Fecal Carriage of Extended-Spectrum Beta-Lactamase-Producing <i>Enterobacteriaceae</i> in""}}",singleton_deterministic,CA_single,2022,,,,cohorts_v3:unresolved,PRJNA706606,1,unknown (no infant-role samples),study_display:PRJNA706606 (no_infant_role_samples),1.0.0,,1.0.0
COH2343,singleton study PRJNA726052,1,0,PRJNA726052,,,Bangladesh,2021-10-02,132,,not_assessed_singleton,stool,False,0.5,"{""name"": {""source"": ""study.title"", ""quote"": ""Effects of drinking water chlorination on childrens intestinal flora and resistomes in""}}",singleton_deterministic,CA_single,,,,,cohorts_v3:unresolved,PRJNA726052,1,unknown (no infant-role samples),study_display:PRJNA726052 (no_infant_role_samples),1.0.0,,1.0.0
COH2344,singleton study PRJNA895372,1,0,PRJNA895372,,,USA,2022-10-29,28,,not_assessed_singleton,,False,0.5,"{""name"": {""source"": ""study.title"", ""quote"": ""Microbiome function and neurodevelopment in Black infants: Vitamin B12 biosynthesis emerges as""}}",singleton_deterministic,CA_single,,,,,cohorts_v3:unresolved,PRJNA895372,1,"unknown (≤ 28, no subject evidence)",study_display:PRJNA895372 (no_subject_evidence),1.0.0,,1.0.0
COH2348,singleton study PRJEB35919,1,0,PRJEB35919,,,United Kingdom,2020-03-03,20,,not_assessed_singleton,,False,0.5,"{""name"": {""source"": ""study.title"", ""quote"": ""Bacteriophages enhance microbiota analysis.""}}",singleton_deterministic,CA_single,,,,,cohorts_v3:unresolved,PRJEB35919,1,"unknown (≤ 20, no subject evidence)",study_display:PRJEB35919 (no_subject_evidence),1.0.0,,1.0.0
COH2350,singleton study PRJEB110894,1,0,PRJEB110894,,,United Kingdom,2026-04-08,365,,not_assessed_singleton,,False,0.5,"{""name"": {""source"": ""study.title"", ""quote"": ""Preterm Neonatal Stool Metagenomes+""}}",singleton_deterministic,CA_single,,,,,cohorts_v3:unresolved,PRJEB110894,1,"unknown (≤ 365, no subject evidence)",study_display:PRJEB110894 (no_subject_evidence),1.0.0,,1.0.0
COH2351,singleton study PRJNA1230889,1,0,PRJNA1230889,,,,2026-03-23,108,,not_assessed_singleton,,False,0.5,"{""name"": {""source"": ""study.title"", ""quote"": ""Mutualistic interactions between Escherichia coli and Bifidobacterium bifidum enable degradation of human""}}",singleton_deterministic,CA_single,,,,,cohorts_v3:unresolved,PRJNA1230889,1,"unknown (≤ 108, no subject evidence)",study_display:PRJNA1230889 (no_subject_evidence),1.0.0,,1.0.0
COH2352,singleton study PRJNA1301887,1,0,PRJNA1301887,,,,2026-03-23,517,,not_assessed_singleton,,False,0.5,"{""name"": {""source"": ""study.title"", ""quote"": ""Preterm infant weight gain patterns are not associated with gut microbiome measures""}}",singleton_deterministic,CA_single,,,,,cohorts_v3:unresolved,PRJNA1301887,1,unknown (no infant-role samples),study_display:PRJNA1301887 (no_infant_role_samples),1.0.0,,1.0.0
COH2353,singleton study PRJNA1280936,1,0,PRJNA1280936,,,,2026-03-22,895,,not_assessed_singleton,,False,0.5,"{""name"": {""source"": ""study.title"", ""quote"": ""Gut Microbiome of Infants in the Neonatal Intensive Care Unit""}}",singleton_deterministic,CA_single,,,,,cohorts_v3:unresolved,PRJNA1280936,1,"unknown (≤ 829, no subject evidence)",study_display:PRJNA1280936 (no_subject_evidence),1.0.0,,1.0.0
COH2354,singleton study PRJNA1355224,1,1,PRJNA1355224,42037384,42037384.0,,2026-04-18,151,,not_assessed_singleton,rectal swab,False,0.5,"{""name"": {""source"": ""study.title"", ""quote"": ""Human metagenomic samples Metagenome""}, ""index"": {""source"": ""paper.title"", ""quote"": ""Gut microbiome associations with acute malnutrition relapse in South Sudan.""}}",singleton_deterministic,CA_single,2026,,,,cohorts_v3:unresolved,PRJNA1355224,1,unknown (no infant-role samples),study_display:PRJNA1355224 (no_infant_role_samples),1.0.0,,1.0.0
COH2355,singleton study PRJNA1403004,1,0,PRJNA1403004,,,,2026-01-16,1018,,not_assessed_singleton,,False,0.5,"{""name"": {""source"": ""study.title"", ""quote"": ""Shotgun metagenomic sequencing of infant stool samples from the CHILD Cohort Study""}}",singleton_deterministic,CA_single,,,,,cohorts_v3:unresolved,PRJNA1403004,1,unknown (no infant-role samples),study_display:PRJNA1403004 (no_infant_role_samples),1.0.0,,1.0.0
COH2356,singleton study PRJNA1425751,1,0,PRJNA1425751,,,,2026-04-19,383,,not_assessed_singleton,,False,0.5,"{""name"": {""source"": ""study.title"", ""quote"": ""Gut metagenome""}}",singleton_deterministic,CA_single,,,,,cohorts_v3:unresolved,PRJNA1425751,1,"unknown (≤ 383, no subject evidence)",study_display:PRJNA1425751 (no_subject_evidence),1.0.0,,1.0.0
COH2357,singleton study PRJNA1445932,1,0,PRJNA1445932,,,,2026-07-19,398,,not_assessed_singleton,,False,0.5,"{""name"": {""source"": ""study.title"", ""quote"": ""Effect of a complementary feeding intervention on the gut microbiota in 12-18-month-""}}",singleton_deterministic,CA_single,,,,,cohorts_v3:unresolved,PRJNA1445932,1,"unknown (≤ 398, no subject evidence)",study_display:PRJNA1445932 (no_subject_evidence),1.0.0,,1.0.0
COH2358,singleton study PRJNA1472032,1,0,PRJNA1472032,,,,2026-08-22,33,33.0,not_assessed_singleton,,False,0.5,"{""name"": {""source"": ""study.title"", ""quote"": ""Metagenomic profiling of maternal and infant gut microbiome samples""}}",singleton_deterministic,CA_single,,,,,subject_resolution:all_members,PRJNA1472032,1,unknown (no infant-role samples),study_display:PRJNA1472032 (no_infant_role_samples),1.0.0,,1.0.0
COH2359,singleton study PRJNA1468137,1,0,PRJNA1468137,,,,2026-05-31,4749,4577.0,not_assessed_singleton,,False,0.5,"{""name"": {""source"": ""study.title"", ""quote"": ""Maternal influences on infant gut microbiome and health""}}",singleton_deterministic,CA_single,,,,,subject_resolution:all_members,PRJNA1468137,1,unknown (no infant-role samples),study_display:PRJNA1468137 (no_infant_role_samples),1.0.0,,1.0.0
COH2362,singleton study PRJNA1513446,1,0,PRJNA1513446,,,,2026-08-28,44,44.0,not_assessed_singleton,,False,0.5,"{""name"": {""source"": ""study.title"", ""quote"": ""Metagenomic sequencing of meconium microbiota of neonates""}}",singleton_deterministic,CA_single,,,,,subject_resolution:all_members,PRJNA1513446,1,≤ 44 (one subject id per sample),study_display:PRJNA1513446 (subject_ids_all_distinct),1.0.0,,1.0.0
COH2363,singleton study PRJNA1502892,1,0,PRJNA1502892,,,,2026-07-30,390,,not_assessed_singleton,,False,0.5,"{""name"": {""source"": ""study.title"", ""quote"": ""Associations between antibiotic exposure intensity, intestinal microbiome perturbations, and outcomes in premature""}}",singleton_deterministic,CA_single,,,,,cohorts_v3:unresolved,PRJNA1502892,1,"unknown (≤ 390, no subject evidence)",study_display:PRJNA1502892 (no_subject_evidence),1.0.0,,1.0.0
COH2364,singleton study PRJNA1504428,1,0,PRJNA1504428,,,,2026-08-01,685,,not_assessed_singleton,,False,0.5,"{""name"": {""source"": ""study.title"", ""quote"": ""Gut microbiomes in children with complicated severe acute malnutrition during hospitalisation and""}}",singleton_deterministic,CA_single,,,,,cohorts_v3:unresolved,PRJNA1504428,1,unknown (no infant-role samples),study_display:PRJNA1504428 (no_infant_role_samples),1.0.0,,1.0.0
