rank,study_accession,study_title,cohort_id,cohort_name,triage_verdict,n_samples,n_catalog_scope,n_infant_samples_est,missing_fields,n_missing_fields,coverage_age,coverage_delivery,coverage_feeding,coverage_preterm,coverage_antibiotics,coverage_probiotic,best_tier_age,best_tier_delivery,best_tier_feeding,best_tier_preterm,best_tier_antibiotics,best_tier_probiotic,blocker_code,blocker_detail,unlock_text,contribution_type,n_linked_papers,own_data_pmids,n_supp_tables_inventoried,controlled_access,priority_score,ena_url,ncbi_url,issue_url,release_added,release_retired,package_added
1,PRJNA510445,The relationship of fecal microbiomes and nutritional status in cystic fibrosis,COH0045,Hayden 2020,include,1279,1279,1279.0,age;delivery;feeding;preterm;antibiotics;probiotic,6,0.095387,0.0,0.0,0.0,0.0,0.0,R2,R3,R2,R3,R2,R3,partial_coverage,"4 paper(s), 10 inventoried table(s); still missing age, delivery, feeding, preterm, antibiotics, probiotic","Upload a per-sample table keyed by run/BioSample accession with the still-missing columns (age, delivery, feeding, preterm, antibiotics, probiotic).",per_sample_table,4,31959989;34525965;38172624;39428758,10,False,30.182937,https://www.ebi.ac.uk/ena/browser/view/PRJNA510445,https://www.ncbi.nlm.nih.gov/bioproject/PRJNA510445,https://github.com/OlmLab/microbiome_repo/issues/new?template=catalog-contribution.yml&labels=contribution&title=%5Bcontribution%5D%20PRJNA510445%3A%20per_sample_table&study_accession=PRJNA510445&contribution_type=per_sample_table&release_tag=R2026.19,R2026.19,,1.17.1
2,PRJNA1274040,Yoghurt supplementation in overweight/obese women from early pregnancy to postpartum augments gut microbiota in their infants,COH2307,singleton study PRJNA1274040,include,1000,1000,1000.0,age;delivery;feeding;preterm;antibiotics;probiotic,6,0.0,0.0,0.0,0.0,0.0,0.0,R0,R0,R0,R0,R0,R0,no_linked_paper,0 rows in study_paper_links; access_tier=none_no_linked_paper,"Point to the paper (PMID/DOI) describing PRJNA1274040, or upload a per-sample table keyed by run accession (SRR/ERR/DRR) with age, delivery, feeding, preterm, antibiotics, probiotic.",paper_pointer,0,,0,False,30.004341,https://www.ebi.ac.uk/ena/browser/view/PRJNA1274040,https://www.ncbi.nlm.nih.gov/bioproject/PRJNA1274040,https://github.com/OlmLab/microbiome_repo/issues/new?template=catalog-contribution.yml&labels=contribution&title=%5Bcontribution%5D%20PRJNA1274040%3A%20paper_pointer&study_accession=PRJNA1274040&contribution_type=paper_pointer&release_tag=R2026.19,R2026.19,,1.17.1
3,PRJNA900180,ITS Bifidobacteria human Gut #2,COH0513,singleton study PRJNA900180,include,830,830,830.0,age;delivery;feeding;preterm;antibiotics;probiotic,6,0.0,0.0,0.0,0.0,0.0,0.0,R0,R0,R0,R0,R0,R0,no_linked_paper,0 rows in study_paper_links; access_tier=none_no_linked_paper,"Point to the paper (PMID/DOI) describing PRJNA900180, or upload a per-sample table keyed by run accession (SRR/ERR/DRR) with age, delivery, feeding, preterm, antibiotics, probiotic.",paper_pointer,0,,0,False,29.19601,https://www.ebi.ac.uk/ena/browser/view/PRJNA900180,https://www.ncbi.nlm.nih.gov/bioproject/PRJNA900180,https://github.com/OlmLab/microbiome_repo/issues/new?template=catalog-contribution.yml&labels=contribution&title=%5Bcontribution%5D%20PRJNA900180%3A%20paper_pointer&study_accession=PRJNA900180&contribution_type=paper_pointer&release_tag=R2026.19,R2026.19,,1.17.1
4,PRJNA1123170,A microbiota-directed therapeutic food for severely malnourished children evaluated following acute nutritional resuscitation,COH0346,singleton study PRJNA1123170,include,760,760,760.0,age;delivery;feeding;preterm;antibiotics;probiotic,6,0.0,0.0,0.0,0.0,0.0,0.0,R0,R0,R0,R0,R0,R0,no_linked_paper,0 rows in study_paper_links; access_tier=none_no_linked_paper,"Point to the paper (PMID/DOI) describing PRJNA1123170, or upload a per-sample table keyed by run accession (SRR/ERR/DRR) with age, delivery, feeding, preterm, antibiotics, probiotic.",paper_pointer,0,,0,False,28.813847,https://www.ebi.ac.uk/ena/browser/view/PRJNA1123170,https://www.ncbi.nlm.nih.gov/bioproject/PRJNA1123170,https://github.com/OlmLab/microbiome_repo/issues/new?template=catalog-contribution.yml&labels=contribution&title=%5Bcontribution%5D%20PRJNA1123170%3A%20paper_pointer&study_accession=PRJNA1123170&contribution_type=paper_pointer&release_tag=R2026.19,R2026.19,,1.17.1
5,PRJEB49383,Preterm Neonatal Stool Metagenomes,COH0191,Beck preterm probiotics UK cohort,include,2351,2351,,age;delivery;feeding;antibiotics;probiotic,5,0.0,0.0,0.0,1.0,0.0,0.0,R2,R2,R3,R1,R3,R2,tables_unjoinable_need_key,"ID-style sample names (forms seen: ID, SampleID, Standard error); no key to archive accessions (no_match 11)","Upload a key file mapping ID -> SRR/ERR/DRR or BioSample accessions of PRJEB49383, or a per-sample table keyed by accession (age, delivery, feeding, antibiotics, probiotic).",id_key,2,36163498;39183307,25,False,28.657217,https://www.ebi.ac.uk/ena/browser/view/PRJEB49383,https://www.ncbi.nlm.nih.gov/bioproject/PRJEB49383,https://github.com/OlmLab/microbiome_repo/issues/new?template=catalog-contribution.yml&labels=contribution&title=%5Bcontribution%5D%20PRJEB49383%3A%20id_key&study_accession=PRJEB49383&contribution_type=id_key&release_tag=R2026.19,R2026.19,,1.17.1
6,PRJEB90577,PediCAP metagenomics and metaserotyping,COH0317,singleton study PRJEB90577,include,631,631,500.0,age;delivery;feeding;preterm;antibiotics;probiotic,6,0.0,0.0,0.0,0.0,0.0,0.0,R0,R0,R0,R0,R0,R0,no_linked_paper,0 rows in study_paper_links; access_tier=none_no_linked_paper,"Point to the paper (PMID/DOI) describing PRJEB90577, or upload a per-sample table keyed by run accession (SRR/ERR/DRR) with age, delivery, feeding, preterm, antibiotics, probiotic.",paper_pointer,0,,0,False,28.007171,https://www.ebi.ac.uk/ena/browser/view/PRJEB90577,https://www.ncbi.nlm.nih.gov/bioproject/PRJEB90577,https://github.com/OlmLab/microbiome_repo/issues/new?template=catalog-contribution.yml&labels=contribution&title=%5Bcontribution%5D%20PRJEB90577%3A%20paper_pointer&study_accession=PRJEB90577&contribution_type=paper_pointer&release_tag=R2026.19,R2026.19,,1.17.1
7,PRJEB111647,Restoration of Microbiota in Newborns,COH0283,singleton study PRJEB111647,include,1441,543,1441.0,age;delivery;feeding;preterm;antibiotics;probiotic,6,0.0,0.0,0.0,0.0,0.0,0.0,R0,R0,R0,R0,R0,R0,no_linked_paper,0 rows in study_paper_links; access_tier=none_no_linked_paper,"Point to the paper (PMID/DOI) describing PRJEB111647, or upload a per-sample table keyed by run accession (SRR/ERR/DRR) with age, delivery, feeding, preterm, antibiotics, probiotic.",paper_pointer,0,,0,False,27.355989,https://www.ebi.ac.uk/ena/browser/view/PRJEB111647,https://www.ncbi.nlm.nih.gov/bioproject/PRJEB111647,https://github.com/OlmLab/microbiome_repo/issues/new?template=catalog-contribution.yml&labels=contribution&title=%5Bcontribution%5D%20PRJEB111647%3A%20paper_pointer&study_accession=PRJEB111647&contribution_type=paper_pointer&release_tag=R2026.19,R2026.19,,1.17.1
8,PRJEB9403,BAMBI__Baby_Associated_MicroBiota_of_the_Intestine_,COH0319,singleton study PRJEB9403,include,1392,1392,,age;delivery;feeding;antibiotics;probiotic,5,0.0,0.0,0.0,1.0,0.0,0.0,R0,R0,R0,R0,R0,R0,no_linked_paper,0 rows in study_paper_links; access_tier=none_no_linked_paper,"Point to the paper (PMID/DOI) describing PRJEB9403, or upload a per-sample table keyed by run accession (SRR/ERR/DRR) with age, delivery, feeding, antibiotics, probiotic.",paper_pointer,0,,0,False,26.723584,https://www.ebi.ac.uk/ena/browser/view/PRJEB9403,https://www.ncbi.nlm.nih.gov/bioproject/PRJEB9403,https://github.com/OlmLab/microbiome_repo/issues/new?template=catalog-contribution.yml&labels=contribution&title=%5Bcontribution%5D%20PRJEB9403%3A%20paper_pointer&study_accession=PRJEB9403&contribution_type=paper_pointer&release_tag=R2026.19,R2026.19,,1.17.1
9,PRJNA1072081,"Identifying Biomarkers and Trajectories of Typical Neurodevelopment in Children, the BRAINRISE Initiative",COH0080,BRAINRISE,include,961,961,961.0,age;delivery;feeding;antibiotics;probiotic,5,0.0,0.0,0.0,1.0,0.0,0.0,R3,R3,R3,R3,R3,R0,no_supplement_found,1 linked paper(s) (A_fulltext_xml); 0 inventoried supplementary members,"Upload a per-sample table keyed by run accession (SRR/ERR/DRR) or BioSample with age, delivery, feeding, antibiotics, probiotic, and state where it came from.",per_sample_table,1,40237336,0,False,25.356988,https://www.ebi.ac.uk/ena/browser/view/PRJNA1072081,https://www.ncbi.nlm.nih.gov/bioproject/PRJNA1072081,https://github.com/OlmLab/microbiome_repo/issues/new?template=catalog-contribution.yml&labels=contribution&title=%5Bcontribution%5D%20PRJNA1072081%3A%20per_sample_table&study_accession=PRJNA1072081&contribution_type=per_sample_table&release_tag=R2026.19,R2026.19,,1.17.1
10,PRJEB79896,PRIMAL fecal samples shotgun metagenome sequencing,COH2305,singleton study PRJEB79896,include,948,946,,age;delivery;feeding;antibiotics;probiotic,5,0.0,0.0,0.0,1.0,0.0,0.0,R0,R0,R0,R0,R0,R3,no_linked_paper,0 rows in study_paper_links; access_tier=none_no_linked_paper,"Point to the paper (PMID/DOI) describing PRJEB79896, or upload a per-sample table keyed by run accession (SRR/ERR/DRR) with age, delivery, feeding, antibiotics, probiotic.",paper_pointer,0,,0,False,25.298975,https://www.ebi.ac.uk/ena/browser/view/PRJEB79896,https://www.ncbi.nlm.nih.gov/bioproject/PRJEB79896,https://github.com/OlmLab/microbiome_repo/issues/new?template=catalog-contribution.yml&labels=contribution&title=%5Bcontribution%5D%20PRJEB79896%3A%20paper_pointer&study_accession=PRJEB79896&contribution_type=paper_pointer&release_tag=R2026.19,R2026.19,,1.17.1
11,PRJNA46337,The Neonatal Microbiome and Necrotizing Enterocolitis,COH0433,singleton study PRJNA46337,include,827,827,,age;delivery;feeding;antibiotics;probiotic,5,0.0,0.0,0.0,1.0,0.0,0.0,R2,R3,R3,R2,R3,R2,tables_unjoinable_need_key,"Healthy Infants-style sample names (forms seen: Healthy Infants, Run, Serratia marcescens, Subject ID); no key to archive accessions (no_match 3)","Upload a key file mapping Healthy Infants -> SRR/ERR/DRR or BioSample accessions of PRJNA46337, or a per-sample table keyed by accession (age, delivery, feeding, antibiotics, probiotic).",id_key,2,28274256;34704805,10,False,24.803258,https://www.ebi.ac.uk/ena/browser/view/PRJNA46337,https://www.ncbi.nlm.nih.gov/bioproject/PRJNA46337,https://github.com/OlmLab/microbiome_repo/issues/new?template=catalog-contribution.yml&labels=contribution&title=%5Bcontribution%5D%20PRJNA46337%3A%20id_key&study_accession=PRJNA46337&contribution_type=id_key&release_tag=R2026.19,R2026.19,,1.17.1
12,PRJNA695570,Human gut metagenomes of healthy mothers and their children,COH0037,Peterson 2021 USA,include,1767,763,600.0,age;delivery;feeding;preterm;antibiotics;probiotic,6,0.49017,0.0,0.0,0.0,0.0,0.0,R2,R2,R2,R3,R3,R3,partial_coverage,"10 paper(s), 73 inventoried table(s); still missing age, delivery, feeding, preterm, antibiotics, probiotic","Upload a per-sample table keyed by run/BioSample accession with the still-missing columns (age, delivery, feeding, preterm, antibiotics, probiotic).",per_sample_table,10,34335499;34442687;34444993;36177457;37191543;38441032;38760865;39287373;41350579,73,False,24.591316,https://www.ebi.ac.uk/ena/browser/view/PRJNA695570,https://www.ncbi.nlm.nih.gov/bioproject/PRJNA695570,https://github.com/OlmLab/microbiome_repo/issues/new?template=catalog-contribution.yml&labels=contribution&title=%5Bcontribution%5D%20PRJNA695570%3A%20per_sample_table&study_accession=PRJNA695570&contribution_type=per_sample_table&release_tag=R2026.19,R2026.19,,1.17.1
13,PRJEB100868,PREVENT 1: Gut microbiota development and health in early life,COH2303,singleton study PRJEB100868,include,744,744,,age;delivery;feeding;antibiotics;probiotic,5,0.0,0.0,0.0,1.0,0.0,0.0,R3,R3,R3,R3,R3,R3,no_supplement_found,1 linked paper(s) (A_fulltext_xml); 0 inventoried supplementary members,"Upload a per-sample table keyed by run accession (SRR/ERR/DRR) or BioSample with age, delivery, feeding, antibiotics, probiotic, and state where it came from.",per_sample_table,1,,0,False,24.413328,https://www.ebi.ac.uk/ena/browser/view/PRJEB100868,https://www.ncbi.nlm.nih.gov/bioproject/PRJEB100868,https://github.com/OlmLab/microbiome_repo/issues/new?template=catalog-contribution.yml&labels=contribution&title=%5Bcontribution%5D%20PRJEB100868%3A%20per_sample_table&study_accession=PRJEB100868&contribution_type=per_sample_table&release_tag=R2026.19,R2026.19,,1.17.1
14,PRJNA838575,CHILD Infant Stool Raw sequence reads,COH0001,CHILD,include,2934,2934,,delivery;feeding;preterm;antibiotics;probiotic,5,1.0,0.0,0.0,0.0,0.0,0.0,R2,R3,R2,R3,R3,R3,partial_coverage,"4 paper(s), 14 inventoried table(s); still missing delivery, feeding, preterm, antibiotics, probiotic","Upload a per-sample table keyed by run/BioSample accession with the still-missing columns (delivery, feeding, preterm, antibiotics, probiotic).",per_sample_table,4,37644001;40623174;41980780;42337243,14,False,24.273257,https://www.ebi.ac.uk/ena/browser/view/PRJNA838575,https://www.ncbi.nlm.nih.gov/bioproject/PRJNA838575,https://github.com/OlmLab/microbiome_repo/issues/new?template=catalog-contribution.yml&labels=contribution&title=%5Bcontribution%5D%20PRJNA838575%3A%20per_sample_table&study_accession=PRJNA838575&contribution_type=per_sample_table&release_tag=R2026.19,R2026.19,,1.17.1
15,PRJNA1290379,Infant stool,COH0099,Perdue 2026 USA,include,261,261,261.0,age;delivery;feeding;preterm;antibiotics;probiotic,6,0.0,0.0,0.0,0.0,0.0,0.0,R2,R3,R3,R0,R3,R0,tables_unjoinable_need_key,A Subject 4 OOM 1.00 ecnadnubA 0.75 0.50-style sample names (forms seen: A Subject 4 OOM 1.00 ecnadnubA 0.75 0.50); no key to archive accessions (no_match 1),"Upload a key file mapping A Subject 4 OOM 1.00 ecnadnubA 0.75 0.50 -> SRR/ERR/DRR or BioSample accessions of PRJNA1290379, or a per-sample table keyed by accession (age, delivery, feeding, preterm, a…",id_key,1,41593042,0,False,24.183013,https://www.ebi.ac.uk/ena/browser/view/PRJNA1290379,https://www.ncbi.nlm.nih.gov/bioproject/PRJNA1290379,https://github.com/OlmLab/microbiome_repo/issues/new?template=catalog-contribution.yml&labels=contribution&title=%5Bcontribution%5D%20PRJNA1290379%3A%20id_key&study_accession=PRJNA1290379&contribution_type=id_key&release_tag=R2026.19,R2026.19,,1.17.1
16,PRJNA1086532,Intestinal microbiomes of premature neonates with bacteremia,COH0337,singleton study PRJNA1086532,include,404,404,,age;delivery;feeding;antibiotics;probiotic,5,0.0,0.0,0.0,1.0,0.0,0.0,R0,R0,R0,R0,R0,R0,no_linked_paper,0 rows in study_paper_links; access_tier=none_no_linked_paper,"Point to the paper (PMID/DOI) describing PRJNA1086532, or upload a per-sample table keyed by run accession (SRR/ERR/DRR) with age, delivery, feeding, antibiotics, probiotic.",paper_pointer,0,,0,False,22.163368,https://www.ebi.ac.uk/ena/browser/view/PRJNA1086532,https://www.ncbi.nlm.nih.gov/bioproject/PRJNA1086532,https://github.com/OlmLab/microbiome_repo/issues/new?template=catalog-contribution.yml&labels=contribution&title=%5Bcontribution%5D%20PRJNA1086532%3A%20paper_pointer&study_accession=PRJNA1086532&contribution_type=paper_pointer&release_tag=R2026.19,R2026.19,,1.17.1
17,PRJNA1378986,Human gut metagenome during the first year of life,COH0381,singleton study PRJNA1378986,include,1454,1454,,delivery;feeding;preterm;antibiotics;probiotic,5,1.0,0.0,0.0,0.0,0.0,0.0,R0,R0,R0,R0,R0,R0,no_linked_paper,0 rows in study_paper_links; access_tier=none_no_linked_paper,"Point to the paper (PMID/DOI) describing PRJNA1378986, or upload a per-sample table keyed by run accession (SRR/ERR/DRR) with delivery, feeding, preterm, antibiotics, probiotic.",paper_pointer,0,,0,False,22.140041,https://www.ebi.ac.uk/ena/browser/view/PRJNA1378986,https://www.ncbi.nlm.nih.gov/bioproject/PRJNA1378986,https://github.com/OlmLab/microbiome_repo/issues/new?template=catalog-contribution.yml&labels=contribution&title=%5Bcontribution%5D%20PRJNA1378986%3A%20paper_pointer&study_accession=PRJNA1378986&contribution_type=paper_pointer&release_tag=R2026.19,R2026.19,,1.17.1
18,PRJNA1502892,"Associations between antibiotic exposure intensity, intestinal microbiome perturbations, and outcomes in premature neonates with bacteremia",COH2363,singleton study PRJNA1502892,include,390,390,,age;delivery;feeding;antibiotics;probiotic,5,0.0,0.0,0.0,1.0,0.0,0.0,R3,R3,R3,R3,R3,R0,pdf_only_supplement,"2 supplementary member(s) of 1 paper(s), all PDF/DOCX","Upload the PDF/DOCX supplement re-typed as CSV/TSV (one row per sample, accession column) with age, delivery, feeding, antibiotics, probiotic.",per_sample_table,1,40490486,0,False,22.033502,https://www.ebi.ac.uk/ena/browser/view/PRJNA1502892,https://www.ncbi.nlm.nih.gov/bioproject/PRJNA1502892,https://github.com/OlmLab/microbiome_repo/issues/new?template=catalog-contribution.yml&labels=contribution&title=%5Bcontribution%5D%20PRJNA1502892%3A%20per_sample_table&study_accession=PRJNA1502892&contribution_type=per_sample_table&release_tag=R2026.19,R2026.19,,1.17.1
19,PRJEB37883,Hospital regimes including probiotics guide the individual development of the gut microbiome of very low birth weight infants in the first two weeks of life,COH2334,singleton study PRJEB37883,include,379,379,,age;delivery;feeding;antibiotics;probiotic,5,0.0,0.0,0.0,1.0,0.0,0.0,R3,R3,R3,R3,R3,R3,pdf_only_supplement,"6 supplementary member(s) of 5 paper(s), all PDF/DOCX","Upload the PDF/DOCX supplement re-typed as CSV/TSV (one row per sample, accession column) with age, delivery, feeding, antibiotics, probiotic.",per_sample_table,5,32354144;36906612;38908894,0,False,21.928161,https://www.ebi.ac.uk/ena/browser/view/PRJEB37883,https://www.ncbi.nlm.nih.gov/bioproject/PRJEB37883,https://github.com/OlmLab/microbiome_repo/issues/new?template=catalog-contribution.yml&labels=contribution&title=%5Bcontribution%5D%20PRJEB37883%3A%20per_sample_table&study_accession=PRJEB37883&contribution_type=per_sample_table&release_tag=R2026.19,R2026.19,,1.17.1
20,PRJNA806984,"Microbiota and Health Study (Dhaka, Bangladesh)",COH0489,singleton study PRJNA806984,include,1347,1347,1347.0,delivery;feeding;preterm;antibiotics;probiotic,5,1.0,0.0,0.0,0.0,0.0,0.0,R1,R2,R2,R2,R2,R3,partial_coverage,"1 paper(s), 8 inventoried table(s); still missing delivery, feeding, preterm, antibiotics, probiotic","Upload a per-sample table keyed by run/BioSample accession with the still-missing columns (delivery, feeding, preterm, antibiotics, probiotic).",per_sample_table,1,39242817,8,False,21.907829,https://www.ebi.ac.uk/ena/browser/view/PRJNA806984,https://www.ncbi.nlm.nih.gov/bioproject/PRJNA806984,https://github.com/OlmLab/microbiome_repo/issues/new?template=catalog-contribution.yml&labels=contribution&title=%5Bcontribution%5D%20PRJNA806984%3A%20per_sample_table&study_accession=PRJNA806984&contribution_type=per_sample_table&release_tag=R2026.19,R2026.19,,1.17.1
21,PRJEB24771,Legumes and Growth Data,COH0294,singleton study PRJEB24771,include,1392,1392,1000.0,delivery;feeding;preterm;antibiotics;probiotic,5,1.0,0.025144,0.0,0.0,0.0,0.0,R1,R2,R3,R2,R2,R2,partial_coverage,"4 paper(s), 19 inventoried table(s); still missing delivery, feeding, preterm, antibiotics, probiotic","Upload a per-sample table keyed by run/BioSample accession with the still-missing columns (delivery, feeding, preterm, antibiotics, probiotic).",per_sample_table,4,34152069;36123315;36316342;37169786,19,False,21.849555,https://www.ebi.ac.uk/ena/browser/view/PRJEB24771,https://www.ncbi.nlm.nih.gov/bioproject/PRJEB24771,https://github.com/OlmLab/microbiome_repo/issues/new?template=catalog-contribution.yml&labels=contribution&title=%5Bcontribution%5D%20PRJEB24771%3A%20per_sample_table&study_accession=PRJEB24771&contribution_type=per_sample_table&release_tag=R2026.19,R2026.19,,1.17.1
22,PRJEB110894,Preterm Neonatal Stool Metagenomes+,COH2350,singleton study PRJEB110894,include,365,365,,age;delivery;feeding;antibiotics;probiotic,5,0.0,0.0,0.0,1.0,0.0,0.0,R0,R0,R0,R1,R0,R0,no_linked_paper,0 rows in study_paper_links; access_tier=none_no_linked_paper,"Point to the paper (PMID/DOI) describing PRJEB110894, or upload a per-sample table keyed by run accession (SRR/ERR/DRR) with age, delivery, feeding, antibiotics, probiotic.",paper_pointer,0,,0,False,21.789589,https://www.ebi.ac.uk/ena/browser/view/PRJEB110894,https://www.ncbi.nlm.nih.gov/bioproject/PRJEB110894,https://github.com/OlmLab/microbiome_repo/issues/new?template=catalog-contribution.yml&labels=contribution&title=%5Bcontribution%5D%20PRJEB110894%3A%20paper_pointer&study_accession=PRJEB110894&contribution_type=paper_pointer&release_tag=R2026.19,R2026.19,,1.17.1
23,PRJNA1364313,Antibiotic impact on preterm infant microbiome maturation,COH0379,singleton study PRJNA1364313,include,361,361,,age;delivery;feeding;antibiotics;probiotic,5,0.0,0.0,0.0,1.0,0.0,0.0,R0,R0,R0,R0,R0,R0,no_linked_paper,0 rows in study_paper_links; access_tier=none_no_linked_paper,"Point to the paper (PMID/DOI) describing PRJNA1364313, or upload a per-sample table keyed by run accession (SRR/ERR/DRR) with age, delivery, feeding, antibiotics, probiotic.",paper_pointer,0,,0,False,21.749023,https://www.ebi.ac.uk/ena/browser/view/PRJNA1364313,https://www.ncbi.nlm.nih.gov/bioproject/PRJNA1364313,https://github.com/OlmLab/microbiome_repo/issues/new?template=catalog-contribution.yml&labels=contribution&title=%5Bcontribution%5D%20PRJNA1364313%3A%20paper_pointer&study_accession=PRJNA1364313&contribution_type=paper_pointer&release_tag=R2026.19,R2026.19,,1.17.1
24,PRJNA903921,Gut Mycobiome Maturation and Its Determinants during Infancy: A Comparison of Shotgun Metagenomic and ITS2 Amplicon-Based Sequencing Approaches,COH1626,Gut mycobiome maturation cohort,include,1033,1033,,delivery;feeding;preterm;antibiotics;probiotic,5,1.0,0.0,0.0,0.0,0.0,0.0,R3,R3,R3,R3,R3,R3,partial_coverage,"1 paper(s), 13 inventoried table(s); still missing delivery, feeding, preterm, antibiotics, probiotic","Upload a per-sample table keyed by run/BioSample accession with the still-missing columns (delivery, feeding, preterm, antibiotics, probiotic).",per_sample_table,1,40469735,13,False,21.101644,https://www.ebi.ac.uk/ena/browser/view/PRJNA903921,https://www.ncbi.nlm.nih.gov/bioproject/PRJNA903921,https://github.com/OlmLab/microbiome_repo/issues/new?template=catalog-contribution.yml&labels=contribution&title=%5Bcontribution%5D%20PRJNA903921%3A%20per_sample_table&study_accession=PRJNA903921&contribution_type=per_sample_table&release_tag=R2026.19,R2026.19,,1.17.1
25,PRJNA1051094,"Comparing the gut virome of HIV exposed, uninfected verses HIV unexposed Kenyan infants in the first 18 month of life",COH0332,singleton study PRJNA1051094,include,122,122,122.0,age;delivery;feeding;preterm;antibiotics;probiotic,6,0.0,0.0,0.0,0.0,0.0,0.0,R0,R0,R0,R0,R0,R0,no_linked_paper,0 rows in study_paper_links; access_tier=none_no_linked_paper,"Point to the paper (PMID/DOI) describing PRJNA1051094, or upload a per-sample table keyed by run accession (SRR/ERR/DRR) with age, delivery, feeding, preterm, antibiotics, probiotic.",paper_pointer,0,,0,False,20.899051,https://www.ebi.ac.uk/ena/browser/view/PRJNA1051094,https://www.ncbi.nlm.nih.gov/bioproject/PRJNA1051094,https://github.com/OlmLab/microbiome_repo/issues/new?template=catalog-contribution.yml&labels=contribution&title=%5Bcontribution%5D%20PRJNA1051094%3A%20paper_pointer&study_accession=PRJNA1051094&contribution_type=paper_pointer&release_tag=R2026.19,R2026.19,,1.17.1
26,PRJNA1081952,BRISC microbiome sub study,COH0042,BRISC,include,1422,940,1000.0,delivery;feeding;preterm;antibiotics;probiotic,5,1.0,0.0,0.0,0.0,0.0,0.0,R3,R0,R3,R0,R2,R0,partial_coverage,"2 paper(s), 39 inventoried table(s); still missing delivery, feeding, preterm, antibiotics, probiotic","Upload a per-sample table keyed by run/BioSample accession with the still-missing columns (delivery, feeding, preterm, antibiotics, probiotic).",per_sample_table,2,39143045;39367018,39,False,20.815127,https://www.ebi.ac.uk/ena/browser/view/PRJNA1081952,https://www.ncbi.nlm.nih.gov/bioproject/PRJNA1081952,https://github.com/OlmLab/microbiome_repo/issues/new?template=catalog-contribution.yml&labels=contribution&title=%5Bcontribution%5D%20PRJNA1081952%3A%20per_sample_table&study_accession=PRJNA1081952&contribution_type=per_sample_table&release_tag=R2026.19,R2026.19,,1.17.1
27,PRJNA695070,Transmission and formation of microbiota in the ealry life,COH0136,Wang 2022 China,include,572,572,,age;delivery;feeding;probiotic,4,0.0,0.0,0.0,1.0,1.0,0.0,R3,R3,R3,R3,R3,R0,no_supplement_found,2 linked paper(s) (A_fulltext_xml); 0 inventoried supplementary members,"Upload a per-sample table keyed by run accession (SRR/ERR/DRR) or BioSample with age, delivery, feeding, probiotic, and state where it came from.",per_sample_table,2,34429130;38818221,0,False,20.68616,https://www.ebi.ac.uk/ena/browser/view/PRJNA695070,https://www.ncbi.nlm.nih.gov/bioproject/PRJNA695070,https://github.com/OlmLab/microbiome_repo/issues/new?template=catalog-contribution.yml&labels=contribution&title=%5Bcontribution%5D%20PRJNA695070%3A%20per_sample_table&study_accession=PRJNA695070&contribution_type=per_sample_table&release_tag=R2026.19,R2026.19,,1.17.1
28,PRJNA1305341,ProRIDE Deep Seq Metagenomics Raw sequence reads,COH0101,Bargheet 2026 Tanzania,include,250,250,,age;delivery;feeding;antibiotics;probiotic,5,0.0,0.0,0.0,1.0,0.0,0.0,R3,R3,R3,R3,R3,R3,no_supplement_found,2 linked paper(s) (A_fulltext_xml); 0 inventoried supplementary members,"Upload a per-sample table keyed by run accession (SRR/ERR/DRR) or BioSample with age, delivery, feeding, antibiotics, probiotic, and state where it came from.",per_sample_table,2,42013844,0,False,20.397227,https://www.ebi.ac.uk/ena/browser/view/PRJNA1305341,https://www.ncbi.nlm.nih.gov/bioproject/PRJNA1305341,https://github.com/OlmLab/microbiome_repo/issues/new?template=catalog-contribution.yml&labels=contribution&title=%5Bcontribution%5D%20PRJNA1305341%3A%20per_sample_table&study_accession=PRJNA1305341&contribution_type=per_sample_table&release_tag=R2026.19,R2026.19,,1.17.1
29,PRJEB89491,LucKi Gut - Longitudinal metagenomic sequencing of infant gut microbiota,COH0017,LucKi Gut Study,include,929,808,,delivery;feeding;preterm;antibiotics;probiotic,5,1.0,0.0,0.0,0.0,0.0,0.0,R2,R3,R3,R3,R3,R2,partial_coverage,"1 paper(s), 21 inventoried table(s); still missing delivery, feeding, preterm, antibiotics, probiotic","Upload a per-sample table keyed by run/BioSample accession with the still-missing columns (delivery, feeding, preterm, antibiotics, probiotic).",per_sample_table,1,42057198,21,False,20.35564,https://www.ebi.ac.uk/ena/browser/view/PRJEB89491,https://www.ncbi.nlm.nih.gov/bioproject/PRJEB89491,https://github.com/OlmLab/microbiome_repo/issues/new?template=catalog-contribution.yml&labels=contribution&title=%5Bcontribution%5D%20PRJEB89491%3A%20per_sample_table&study_accession=PRJEB89491&contribution_type=per_sample_table&release_tag=R2026.19,R2026.19,,1.17.1
30,PRJEB101960,Gut microbiome of toddlers up to 36 months of age,COH0275,singleton study PRJEB101960,include,107,107,107.0,age;delivery;feeding;preterm;antibiotics;probiotic,6,0.0,0.0,0.0,0.0,0.0,0.0,R0,R0,R0,R0,R0,R0,no_linked_paper,0 rows in study_paper_links; access_tier=none_no_linked_paper,"Point to the paper (PMID/DOI) describing PRJEB101960, or upload a per-sample table keyed by run accession (SRR/ERR/DRR) with age, delivery, feeding, preterm, antibiotics, probiotic.",paper_pointer,0,,0,False,20.334238,https://www.ebi.ac.uk/ena/browser/view/PRJEB101960,https://www.ncbi.nlm.nih.gov/bioproject/PRJEB101960,https://github.com/OlmLab/microbiome_repo/issues/new?template=catalog-contribution.yml&labels=contribution&title=%5Bcontribution%5D%20PRJEB101960%3A%20paper_pointer&study_accession=PRJEB101960&contribution_type=paper_pointer&release_tag=R2026.19,R2026.19,,1.17.1
31,PRJNA296814,New Hampshire Birth Cohort Study microbiome: marker gene and shotgun metagenomic sequencing,COH0010,New Hampshire Birth Cohort Study,include,1063,747,1000.0,delivery;feeding;preterm;antibiotics;probiotic,5,1.0,0.0,0.0,0.0,0.0,0.0,R2,R2,R2,R2,R2,R2,tables_unjoinable_need_key,"Age at Stool Sample-style sample names (forms seen: Adjusted model for antibiotic exposure i, Age at Stool Sample, BioSample, ERR2367187_Prevotella_sp.); no key to archive accessions (no_match 49)","Upload a key file mapping Age at Stool Sample -> SRR/ERR/DRR or BioSample accessions of PRJNA296814, or a per-sample table keyed by accession (delivery, feeding, preterm, antibiotics, probiotic).",id_key,17,29973274;30135504;32968156;34215179;34454437;35568730;35847562;35906254;36050292;36632065;36777525;37138613;37169786;37874156;38424077;38760865;39138199,126,False,20.117311,https://www.ebi.ac.uk/ena/browser/view/PRJNA296814,https://www.ncbi.nlm.nih.gov/bioproject/PRJNA296814,https://github.com/OlmLab/microbiome_repo/issues/new?template=catalog-contribution.yml&labels=contribution&title=%5Bcontribution%5D%20PRJNA296814%3A%20id_key&study_accession=PRJNA296814&contribution_type=id_key&release_tag=R2026.19,R2026.19,,1.17.1
32,PRJEB106892,Chain_Ncc_Metagenomes_Release,COH2323,singleton study PRJEB106892,include,1851,675,,delivery;feeding;preterm;antibiotics;probiotic,5,1.0,0.0,0.0,0.0,0.0,0.0,R3,R0,R0,R3,R3,R0,no_supplement_found,1 linked paper(s) (A_fulltext_xml); 0 inventoried supplementary members,"Upload a per-sample table keyed by run accession (SRR/ERR/DRR) or BioSample with delivery, feeding, preterm, antibiotics, probiotic, and state where it came from.",per_sample_table,1,,0,False,19.809627,https://www.ebi.ac.uk/ena/browser/view/PRJEB106892,https://www.ncbi.nlm.nih.gov/bioproject/PRJEB106892,https://github.com/OlmLab/microbiome_repo/issues/new?template=catalog-contribution.yml&labels=contribution&title=%5Bcontribution%5D%20PRJEB106892%3A%20per_sample_table&study_accession=PRJEB106892&contribution_type=per_sample_table&release_tag=R2026.19,R2026.19,,1.17.1
33,PRJNA927010,PREVAIL Birth Cohort Infant Gut Metagenome,COH0517,singleton study PRJNA927010,include,213,213,,age;delivery;feeding;antibiotics;probiotic,5,0.0,0.0,0.0,1.0,0.0,0.0,R0,R0,R0,R0,R0,R0,no_linked_paper,0 rows in study_paper_links; access_tier=none_no_linked_paper,"Point to the paper (PMID/DOI) describing PRJNA927010, or upload a per-sample table keyed by run accession (SRR/ERR/DRR) with age, delivery, feeding, antibiotics, probiotic.",paper_pointer,0,,0,False,19.808517,https://www.ebi.ac.uk/ena/browser/view/PRJNA927010,https://www.ncbi.nlm.nih.gov/bioproject/PRJNA927010,https://github.com/OlmLab/microbiome_repo/issues/new?template=catalog-contribution.yml&labels=contribution&title=%5Bcontribution%5D%20PRJNA927010%3A%20paper_pointer&study_accession=PRJNA927010&contribution_type=paper_pointer&release_tag=R2026.19,R2026.19,,1.17.1
34,PRJNA715601,COPSAC corhot study of infant gut microbiome,COH0003,COPSAC2010,include,662,662,,delivery;feeding;preterm;antibiotics;probiotic,5,1.0,0.0,0.0,0.0,0.0,0.0,R2,R3,R3,R3,R2,R0,partial_coverage,"7 paper(s), 16 inventoried table(s); still missing delivery, feeding, preterm, antibiotics, probiotic","Upload a per-sample table keyed by run/BioSample accession with the still-missing columns (delivery, feeding, preterm, antibiotics, probiotic).",per_sample_table,7,38135681;38172624;38730321;39138199;40108202;41980780,16,False,19.750595,https://www.ebi.ac.uk/ena/browser/view/PRJNA715601,https://www.ncbi.nlm.nih.gov/bioproject/PRJNA715601,https://github.com/OlmLab/microbiome_repo/issues/new?template=catalog-contribution.yml&labels=contribution&title=%5Bcontribution%5D%20PRJNA715601%3A%20per_sample_table&study_accession=PRJNA715601&contribution_type=per_sample_table&release_tag=R2026.19,R2026.19,,1.17.1
35,PRJNA971895,Resismet,COH0168,Resismet,include,209,209,209.0,age;delivery;feeding;antibiotics;probiotic,5,0.0,0.0,0.0,1.0,0.0,0.0,R3,R3,R3,R3,R3,R3,no_supplement_found,1 linked paper(s) (A_fulltext_xml); 0 inventoried supplementary members,"Upload a per-sample table keyed by run accession (SRR/ERR/DRR) or BioSample with age, delivery, feeding, antibiotics, probiotic, and state where it came from.",per_sample_table,1,38310316,0,False,19.738864,https://www.ebi.ac.uk/ena/browser/view/PRJNA971895,https://www.ncbi.nlm.nih.gov/bioproject/PRJNA971895,https://github.com/OlmLab/microbiome_repo/issues/new?template=catalog-contribution.yml&labels=contribution&title=%5Bcontribution%5D%20PRJNA971895%3A%20per_sample_table&study_accession=PRJNA971895&contribution_type=per_sample_table&release_tag=R2026.19,R2026.19,,1.17.1
36,PRJNA961698,Very Early Life Microbiome and Metabolome Correlates with Primary Vaccination Variability in Children,COH0523,singleton study PRJNA961698,include,736,659,,delivery;feeding;preterm;antibiotics;probiotic,5,1.0,0.0,0.0,0.0,0.0,0.0,R2,R2,R2,R2,R2,R0,pdf_only_supplement,"20 supplementary member(s) of 1 paper(s), all PDF/DOCX","Upload the PDF/DOCX supplement re-typed as CSV/TSV (one row per sample, accession column) with delivery, feeding, preterm, antibiotics, probiotic.",per_sample_table,1,37610205,0,False,19.736808,https://www.ebi.ac.uk/ena/browser/view/PRJNA961698,https://www.ncbi.nlm.nih.gov/bioproject/PRJNA961698,https://github.com/OlmLab/microbiome_repo/issues/new?template=catalog-contribution.yml&labels=contribution&title=%5Bcontribution%5D%20PRJNA961698%3A%20per_sample_table&study_accession=PRJNA961698&contribution_type=per_sample_table&release_tag=R2026.19,R2026.19,,1.17.1
37,PRJEB46943,Deep sequencing of faecal DNA viromes from 647 healthy Danish infants,COH2332,singleton study PRJEB46943,include,655,655,655.0,delivery;feeding;preterm;antibiotics;probiotic,5,1.0,0.0,0.0,0.0,0.0,0.0,R2,R2,R3,R3,R3,R0,partial_coverage,"8 paper(s), 29 inventoried table(s); still missing delivery, feeding, preterm, antibiotics, probiotic","Upload a per-sample table keyed by run/BioSample accession with the still-missing columns (delivery, feeding, preterm, antibiotics, probiotic).",per_sample_table,8,37037943;40108202;40615392;42315844,29,False,19.718327,https://www.ebi.ac.uk/ena/browser/view/PRJEB46943,https://www.ncbi.nlm.nih.gov/bioproject/PRJEB46943,https://github.com/OlmLab/microbiome_repo/issues/new?template=catalog-contribution.yml&labels=contribution&title=%5Bcontribution%5D%20PRJEB46943%3A%20per_sample_table&study_accession=PRJEB46943&contribution_type=per_sample_table&release_tag=R2026.19,R2026.19,,1.17.1
38,PRJNA1320699,16S sequencing of infant stool Metagenome,COH0375,singleton study PRJNA1320699,include,90,90,90.0,age;delivery;feeding;preterm;antibiotics;probiotic,6,0.0,0.0,0.0,0.0,0.0,0.0,R3,R3,R3,R0,R3,R3,pdf_only_supplement,"4 supplementary member(s) of 1 paper(s), all PDF/DOCX","Upload the PDF/DOCX supplement re-typed as CSV/TSV (one row per sample, accession column) with age, delivery, feeding, preterm, antibiotics, probiotic.",per_sample_table,1,42088498,0,False,19.590414,https://www.ebi.ac.uk/ena/browser/view/PRJNA1320699,https://www.ncbi.nlm.nih.gov/bioproject/PRJNA1320699,https://github.com/OlmLab/microbiome_repo/issues/new?template=catalog-contribution.yml&labels=contribution&title=%5Bcontribution%5D%20PRJNA1320699%3A%20per_sample_table&study_accession=PRJNA1320699&contribution_type=per_sample_table&release_tag=R2026.19,R2026.19,,1.17.1
39,PRJEB112735,Investigating infant gut microbial composition (1 month and 10 years),COH0284,singleton study PRJEB112735,include,932,611,,delivery;feeding;preterm;antibiotics;probiotic,5,1.0,0.0,0.0,0.0,0.0,0.0,R0,R0,R0,R0,R0,R0,no_linked_paper,0 rows in study_paper_links; access_tier=none_no_linked_paper,"Point to the paper (PMID/DOI) describing PRJEB112735, or upload a per-sample table keyed by run accession (SRR/ERR/DRR) with delivery, feeding, preterm, antibiotics, probiotic.",paper_pointer,0,,0,False,19.50726,https://www.ebi.ac.uk/ena/browser/view/PRJEB112735,https://www.ncbi.nlm.nih.gov/bioproject/PRJEB112735,https://github.com/OlmLab/microbiome_repo/issues/new?template=catalog-contribution.yml&labels=contribution&title=%5Bcontribution%5D%20PRJEB112735%3A%20paper_pointer&study_accession=PRJEB112735&contribution_type=paper_pointer&release_tag=R2026.19,R2026.19,,1.17.1
40,PRJNA1425751,Gut metagenome,COH2356,singleton study PRJNA1425751,include,383,383,383.0,age;delivery;feeding;probiotic,4,0.0,0.0,0.0,1.0,1.0,0.0,R3,R3,R3,R3,R3,R3,no_supplement_found,1 linked paper(s) (A_fulltext_xml); 0 inventoried supplementary members,"Upload a per-sample table keyed by run accession (SRR/ERR/DRR) or BioSample with age, delivery, feeding, probiotic, and state where it came from.",per_sample_table,1,41994268,0,False,19.382484,https://www.ebi.ac.uk/ena/browser/view/PRJNA1425751,https://www.ncbi.nlm.nih.gov/bioproject/PRJNA1425751,https://github.com/OlmLab/microbiome_repo/issues/new?template=catalog-contribution.yml&labels=contribution&title=%5Bcontribution%5D%20PRJNA1425751%3A%20per_sample_table&study_accession=PRJNA1425751&contribution_type=per_sample_table&release_tag=R2026.19,R2026.19,,1.17.1
41,PRJNA821542,Longitudinal gut metagenomes from mothers and their infants in the EDIA study,COH0149,EDIA,include,918,534,,delivery;feeding;preterm;antibiotics;probiotic,5,1.0,0.0,0.0,0.0,0.0,0.0,R1,R3,R3,R3,R3,R0,partial_coverage,"2 paper(s), 6 inventoried table(s); still missing delivery, feeding, preterm, antibiotics, probiotic","Upload a per-sample table keyed by run/BioSample accession with the still-missing columns (delivery, feeding, preterm, antibiotics, probiotic).",per_sample_table,2,39551356;41299229,6,False,19.098476,https://www.ebi.ac.uk/ena/browser/view/PRJNA821542,https://www.ncbi.nlm.nih.gov/bioproject/PRJNA821542,https://github.com/OlmLab/microbiome_repo/issues/new?template=catalog-contribution.yml&labels=contribution&title=%5Bcontribution%5D%20PRJNA821542%3A%20per_sample_table&study_accession=PRJNA821542&contribution_type=per_sample_table&release_tag=R2026.19,R2026.19,,1.17.1
42,PRJNA1139951,Long read metagenomics,COH0348,singleton study PRJNA1139951,include,544,533,,delivery;feeding;preterm;antibiotics;probiotic,5,0.954972,0.0,0.0,0.0,0.0,0.0,R3,R0,R0,R0,R0,R0,no_linked_paper,0 rows in study_paper_links; access_tier=none_no_linked_paper,"Point to the paper (PMID/DOI) describing PRJNA1139951, or upload a per-sample table keyed by run accession (SRR/ERR/DRR) with delivery, feeding, preterm, antibiotics, probiotic.",paper_pointer,0,,0,False,19.092789,https://www.ebi.ac.uk/ena/browser/view/PRJNA1139951,https://www.ncbi.nlm.nih.gov/bioproject/PRJNA1139951,https://github.com/OlmLab/microbiome_repo/issues/new?template=catalog-contribution.yml&labels=contribution&title=%5Bcontribution%5D%20PRJNA1139951%3A%20paper_pointer&study_accession=PRJNA1139951&contribution_type=paper_pointer&release_tag=R2026.19,R2026.19,,1.17.1
43,PRJEB70237,HELMi infant and parental stool WGS metagenomes,,,include,2664,2236,2236.0,delivery;feeding;antibiotics;probiotic,4,1.0,0.0,0.0,1.0,0.0,0.0,R2,R3,R3,R3,R3,R3,partial_coverage,"5 paper(s), 12 inventoried table(s); still missing delivery, feeding, antibiotics, probiotic","Upload a per-sample table keyed by run/BioSample accession with the still-missing columns (delivery, feeding, antibiotics, probiotic).",per_sample_table,5,38838470;39092808,12,False,18.423163,https://www.ebi.ac.uk/ena/browser/view/PRJEB70237,https://www.ncbi.nlm.nih.gov/bioproject/PRJEB70237,https://github.com/OlmLab/microbiome_repo/issues/new?template=catalog-contribution.yml&labels=contribution&title=%5Bcontribution%5D%20PRJEB70237%3A%20per_sample_table&study_accession=PRJEB70237&contribution_type=per_sample_table&release_tag=R2026.19,R2026.19,,1.17.1
44,PRJEB84944,Shotgun sequencing of 56 mother-infant dyads from the ALADDIN birth cohort,COH0072,ALADDIN,include,547,415,270.0,delivery;feeding;preterm;antibiotics;probiotic,5,0.783133,0.0,0.0,0.0,0.0,0.0,R2,R3,R3,R3,R3,R3,partial_coverage,"1 paper(s), 21 inventoried table(s); still missing delivery, feeding, preterm, antibiotics, probiotic","Upload a per-sample table keyed by run/BioSample accession with the still-missing columns (delivery, feeding, preterm, antibiotics, probiotic).",per_sample_table,1,40885737,21,False,18.333653,https://www.ebi.ac.uk/ena/browser/view/PRJEB84944,https://www.ncbi.nlm.nih.gov/bioproject/PRJEB84944,https://github.com/OlmLab/microbiome_repo/issues/new?template=catalog-contribution.yml&labels=contribution&title=%5Bcontribution%5D%20PRJEB84944%3A%20per_sample_table&study_accession=PRJEB84944&contribution_type=per_sample_table&release_tag=R2026.19,R2026.19,,1.17.1
45,PRJNA799247,Metagenomics of preterm infant stool,COH0486,singleton study PRJNA799247,include,2171,2103,,delivery;feeding;antibiotics;probiotic,4,1.0,0.0,0.0,1.0,0.0,0.0,R2,R2,R2,R2,R2,R0,partial_coverage,"2 paper(s), 74 inventoried table(s); still missing delivery, feeding, antibiotics, probiotic","Upload a per-sample table keyed by run/BioSample accession with the still-missing columns (delivery, feeding, antibiotics, probiotic).",per_sample_table,2,41025564;42259839,74,False,18.276752,https://www.ebi.ac.uk/ena/browser/view/PRJNA799247,https://www.ncbi.nlm.nih.gov/bioproject/PRJNA799247,https://github.com/OlmLab/microbiome_repo/issues/new?template=catalog-contribution.yml&labels=contribution&title=%5Bcontribution%5D%20PRJNA799247%3A%20per_sample_table&study_accession=PRJNA799247&contribution_type=per_sample_table&release_tag=R2026.19,R2026.19,,1.17.1
46,PRJEB27325,Probiotic supplementation restores normal microbiota composition and function in antibiotic-treated and in caesarean-born infants,COH0802,Korpela 2018 probiotic antibiotic/caesarean cohort,include,402,402,,delivery;feeding;preterm;antibiotics;probiotic,5,1.0,0.0,0.0,0.0,0.0,0.0,R3,R3,R3,R3,R3,R3,partial_coverage,"3 paper(s), 7 inventoried table(s); still missing delivery, feeding, preterm, antibiotics, probiotic","Upload a per-sample table keyed by run/BioSample accession with the still-missing columns (delivery, feeding, preterm, antibiotics, probiotic).",per_sample_table,3,30214024;30326954;36093611,7,False,18.237135,https://www.ebi.ac.uk/ena/browser/view/PRJEB27325,https://www.ncbi.nlm.nih.gov/bioproject/PRJEB27325,https://github.com/OlmLab/microbiome_repo/issues/new?template=catalog-contribution.yml&labels=contribution&title=%5Bcontribution%5D%20PRJEB27325%3A%20per_sample_table&study_accession=PRJEB27325&contribution_type=per_sample_table&release_tag=R2026.19,R2026.19,,1.17.1
47,PRJNA1445932,Effect of a complementary feeding intervention on the gut microbiota in 12-18-month- old children,COH2357,singleton study PRJNA1445932,include,398,398,,delivery;feeding;preterm;antibiotics;probiotic,5,1.0,0.0,0.0,0.0,0.0,0.0,R1,R3,R3,R3,R3,R0,partial_coverage,"1 paper(s), 39 inventoried table(s); still missing delivery, feeding, preterm, antibiotics, probiotic","Upload a per-sample table keyed by run/BioSample accession with the still-missing columns (delivery, feeding, preterm, antibiotics, probiotic).",per_sample_table,1,42669658,39,False,18.20681,https://www.ebi.ac.uk/ena/browser/view/PRJNA1445932,https://www.ncbi.nlm.nih.gov/bioproject/PRJNA1445932,https://github.com/OlmLab/microbiome_repo/issues/new?template=catalog-contribution.yml&labels=contribution&title=%5Bcontribution%5D%20PRJNA1445932%3A%20per_sample_table&study_accession=PRJNA1445932&contribution_type=per_sample_table&release_tag=R2026.19,R2026.19,,1.17.1
48,PRJNA1141394,Biofilm metagenome Raw sequence reads,COH0349,singleton study PRJNA1141394,include,133,133,60.0,age;delivery;feeding;antibiotics;probiotic,5,0.0,0.0,0.0,1.0,0.0,0.0,R0,R0,R1,R0,R0,R0,no_linked_paper,0 rows in study_paper_links; access_tier=none_no_linked_paper,"Point to the paper (PMID/DOI) describing PRJNA1141394, or upload a per-sample table keyed by run accession (SRR/ERR/DRR) with age, delivery, feeding, antibiotics, probiotic.",paper_pointer,0,,0,False,18.080391,https://www.ebi.ac.uk/ena/browser/view/PRJNA1141394,https://www.ncbi.nlm.nih.gov/bioproject/PRJNA1141394,https://github.com/OlmLab/microbiome_repo/issues/new?template=catalog-contribution.yml&labels=contribution&title=%5Bcontribution%5D%20PRJNA1141394%3A%20paper_pointer&study_accession=PRJNA1141394&contribution_type=paper_pointer&release_tag=R2026.19,R2026.19,,1.17.1
49,PRJNA1130109,Infant gut microbiome study,COH0086,Vallès 2024 United Arab Emirates,include,203,203,,age;delivery;feeding;antibiotics;probiotic,5,0.0,0.0,0.344828,1.0,0.0,0.0,R3,R3,R3,R0,R3,R0,pdf_only_supplement,"5 supplementary member(s) of 1 paper(s), all PDF/DOCX","Upload the PDF/DOCX supplement re-typed as CSV/TSV (one row per sample, accession column) with age, delivery, feeding, antibiotics, probiotic.",per_sample_table,1,39081889,0,False,18.039006,https://www.ebi.ac.uk/ena/browser/view/PRJNA1130109,https://www.ncbi.nlm.nih.gov/bioproject/PRJNA1130109,https://github.com/OlmLab/microbiome_repo/issues/new?template=catalog-contribution.yml&labels=contribution&title=%5Bcontribution%5D%20PRJNA1130109%3A%20per_sample_table&study_accession=PRJNA1130109&contribution_type=per_sample_table&release_tag=R2026.19,R2026.19,,1.17.1
50,PRJNA776332,Altered gut microbiome and fecal immune phenotype in early preterm infants with leaky gut,COH0147,Lemme-Dumit 2022 USA,include,61,61,,age;delivery;feeding;preterm;antibiotics;probiotic,6,0.0,0.0,0.0,0.0,0.0,0.0,R2,R2,R2,R2,R2,R2,tables_unjoinable_need_key,"Sample-style sample names (forms seen: Sample, Sample ID, Sample Index, sample); no key to archive accessions (rejected: preterm_legend_unverified 61; no_match 2)","Upload a key file mapping Sample -> SRR/ERR/DRR or BioSample accessions of PRJNA776332, or a per-sample table keyed by accession (age, delivery, feeding, preterm, antibiotics, probiotic).",id_key,1,35280991,8,False,17.923917,https://www.ebi.ac.uk/ena/browser/view/PRJNA776332,https://www.ncbi.nlm.nih.gov/bioproject/PRJNA776332,https://github.com/OlmLab/microbiome_repo/issues/new?template=catalog-contribution.yml&labels=contribution&title=%5Bcontribution%5D%20PRJNA776332%3A%20id_key&study_accession=PRJNA776332&contribution_type=id_key&release_tag=R2026.19,R2026.19,,1.17.1
51,PRJNA870588,Longitudinal metagenomic of preterm infants with cholestasis,COH0156,Lynch 2023 USA,include,114,114,114.0,age;delivery;feeding;antibiotics;probiotic,5,0.0,0.0,0.0,1.0,0.0,0.0,R2,R3,R3,R3,R3,R3,tables_unjoinable_need_key,Sample-style sample names (forms seen: Sample); no key to archive accessions,"Upload a key file mapping Sample -> SRR/ERR/DRR or BioSample accessions of PRJNA870588, or a per-sample table keyed by accession (age, delivery, feeding, antibiotics, probiotic).",id_key,1,36843227,11,False,17.515932,https://www.ebi.ac.uk/ena/browser/view/PRJNA870588,https://www.ncbi.nlm.nih.gov/bioproject/PRJNA870588,https://github.com/OlmLab/microbiome_repo/issues/new?template=catalog-contribution.yml&labels=contribution&title=%5Bcontribution%5D%20PRJNA870588%3A%20id_key&study_accession=PRJNA870588&contribution_type=id_key&release_tag=R2026.19,R2026.19,,1.17.1
52,PRJNA949443,human gut metagenome Targeted Locus (Loci),COH0165,Kazakova 2023 Spain,include,49,49,49.0,age;delivery;feeding;preterm;antibiotics;probiotic,6,0.0,0.0,0.0,0.0,0.0,0.0,R1,R3,R3,R3,R0,R3,tables_unjoinable_need_key,paper-internal sample names-style sample names (forms seen: no candidate table in supp_inventory); no key to archive accessions (no candidate table in supp_inventory),"Upload a key file mapping paper-internal sample names -> SRR/ERR/DRR or BioSample accessions of PRJNA949443, or a per-sample table keyed by accession (age, delivery, feeding, preterm, antibiotics, pr…",id_key,1,37175775,6,False,16.9897,https://www.ebi.ac.uk/ena/browser/view/PRJNA949443,https://www.ncbi.nlm.nih.gov/bioproject/PRJNA949443,https://github.com/OlmLab/microbiome_repo/issues/new?template=catalog-contribution.yml&labels=contribution&title=%5Bcontribution%5D%20PRJNA949443%3A%20id_key&study_accession=PRJNA949443&contribution_type=id_key&release_tag=R2026.19,R2026.19,,1.17.1
53,PRJEB28671,A_novel_nano_iron_supplement__IHAT__to_safely_combact_iron_deficiency_and_anemia,COH0038,de Goffau 2022 Gambia,include,1605,590,,delivery;feeding;preterm;probiotic,4,1.0,0.0,0.0,0.0,1.0,0.0,R2,R0,R3,R0,R2,R2,partial_coverage,"2 paper(s), 40 inventoried table(s); still missing delivery, feeding, preterm, probiotic","Upload a per-sample table keyed by run/BioSample accession with the still-missing columns (delivery, feeding, preterm, probiotic).",per_sample_table,2,34972822;41387413,40,False,16.629525,https://www.ebi.ac.uk/ena/browser/view/PRJEB28671,https://www.ncbi.nlm.nih.gov/bioproject/PRJEB28671,https://github.com/OlmLab/microbiome_repo/issues/new?template=catalog-contribution.yml&labels=contribution&title=%5Bcontribution%5D%20PRJEB28671%3A%20per_sample_table&study_accession=PRJEB28671&contribution_type=per_sample_table&release_tag=R2026.19,R2026.19,,1.17.1
54,PRJEB77729,First-Year Dynamics of the Microbiome in Infants’ Oral and Gastrointestinal Systems,COH0313,singleton study PRJEB77729,include,89,89,,age;delivery;feeding;antibiotics;probiotic,5,0.0,0.0,0.0,1.0,0.0,0.0,R3,R3,R3,R3,R3,R0,no_supplement_found,1 linked paper(s) (A_fulltext_xml); 0 inventoried supplementary members,"Upload a per-sample table keyed by run accession (SRR/ERR/DRR) or BioSample with age, delivery, feeding, antibiotics, probiotic, and state where it came from.",per_sample_table,1,39714161,0,False,16.611061,https://www.ebi.ac.uk/ena/browser/view/PRJEB77729,https://www.ncbi.nlm.nih.gov/bioproject/PRJEB77729,https://github.com/OlmLab/microbiome_repo/issues/new?template=catalog-contribution.yml&labels=contribution&title=%5Bcontribution%5D%20PRJEB77729%3A%20per_sample_table&study_accession=PRJEB77729&contribution_type=per_sample_table&release_tag=R2026.19,R2026.19,,1.17.1
55,PRJNA1087376,M4EFaD - Gut microbiome changes associated with malnutrition,COH0339,singleton study PRJNA1087376,include,230,230,,delivery;feeding;preterm;antibiotics;probiotic,5,1.0,0.0,0.0,0.0,0.0,0.0,R0,R0,R0,R0,R0,R0,no_linked_paper,0 rows in study_paper_links; access_tier=none_no_linked_paper,"Point to the paper (PMID/DOI) describing PRJNA1087376, or upload a per-sample table keyed by run accession (SRR/ERR/DRR) with delivery, feeding, preterm, antibiotics, probiotic.",paper_pointer,0,,0,False,16.545284,https://www.ebi.ac.uk/ena/browser/view/PRJNA1087376,https://www.ncbi.nlm.nih.gov/bioproject/PRJNA1087376,https://github.com/OlmLab/microbiome_repo/issues/new?template=catalog-contribution.yml&labels=contribution&title=%5Bcontribution%5D%20PRJNA1087376%3A%20paper_pointer&study_accession=PRJNA1087376&contribution_type=paper_pointer&release_tag=R2026.19,R2026.19,,1.17.1
56,PRJEB45799,The person-to-person transmission landscape of the gut and oral microbiomes,COH0066,Valles-Colomer 2023 Italy,include,2394,218,,delivery;feeding;preterm;antibiotics;probiotic,5,1.0,0.0,0.0,0.0,0.0,0.0,R2,R2,R3,R3,R3,R3,tables_unjoinable_need_key,"Specimens-style sample names (forms seen: Dataset, SGB, Specimens, sampleID); no key to archive accessions (no_match 4)","Upload a key file mapping Specimens -> SRR/ERR/DRR or BioSample accessions of PRJEB45799, or a per-sample table keyed by accession (delivery, feeding, preterm, antibiotics, probiotic).",id_key,2,36653448;42171373,38,False,16.383109,https://www.ebi.ac.uk/ena/browser/view/PRJEB45799,https://www.ncbi.nlm.nih.gov/bioproject/PRJEB45799,https://github.com/OlmLab/microbiome_repo/issues/new?template=catalog-contribution.yml&labels=contribution&title=%5Bcontribution%5D%20PRJEB45799%3A%20id_key&study_accession=PRJEB45799&contribution_type=id_key&release_tag=R2026.19,R2026.19,,1.17.1
57,PRJNA747761,"Atlanta, USA and Maputo, Mozambique Children gut microbiome Metagenome",COH0143,Kim 2022 USA-Mozambique,include,237,206,,delivery;feeding;preterm;antibiotics;probiotic,5,1.0,0.0,0.0,0.0,0.0,0.0,R2,R2,R3,R0,R3,R2,tables_unjoinable_need_key,"paper-internal sample names-style sample names (forms seen: n/a); no key to archive accessions (no_match 4, wide_matrix_skipped 2)","Upload a key file mapping paper-internal sample names -> SRR/ERR/DRR or BioSample accessions of PRJNA747761, or a per-sample table keyed by accession (delivery, feeding, preterm, antibiotics, probiot…",id_key,2,37938667;38652229,13,False,16.211792,https://www.ebi.ac.uk/ena/browser/view/PRJNA747761,https://www.ncbi.nlm.nih.gov/bioproject/PRJNA747761,https://github.com/OlmLab/microbiome_repo/issues/new?template=catalog-contribution.yml&labels=contribution&title=%5Bcontribution%5D%20PRJNA747761%3A%20id_key&study_accession=PRJNA747761&contribution_type=id_key&release_tag=R2026.19,R2026.19,,1.17.1
58,PRJEB48251,MicrobeMom,COH0015,MicrobeMom,include,205,205,,delivery;feeding;preterm;antibiotics;probiotic,5,1.0,0.0,0.0,0.0,0.0,0.0,R2,R2,R2,R3,R2,R3,partial_coverage,"3 paper(s), 9 inventoried table(s); still missing delivery, feeding, preterm, antibiotics, probiotic","Upload a per-sample table keyed by run/BioSample accession with the still-missing columns (delivery, feeding, preterm, antibiotics, probiotic).",per_sample_table,3,37230981;39365058;40755225,9,False,16.197071,https://www.ebi.ac.uk/ena/browser/view/PRJEB48251,https://www.ncbi.nlm.nih.gov/bioproject/PRJEB48251,https://github.com/OlmLab/microbiome_repo/issues/new?template=catalog-contribution.yml&labels=contribution&title=%5Bcontribution%5D%20PRJEB48251%3A%20per_sample_table&study_accession=PRJEB48251&contribution_type=per_sample_table&release_tag=R2026.19,R2026.19,,1.17.1
59,PRJNA1286160,Antibiotic resistance genes in infants with and without obesity,COH0374,singleton study PRJNA1286160,include,247,203,247.0,delivery;feeding;preterm;antibiotics;probiotic,5,1.0,0.0,0.0,0.0,0.0,0.0,R0,R0,R0,R0,R0,R0,no_linked_paper,0 rows in study_paper_links; access_tier=none_no_linked_paper,"Point to the paper (PMID/DOI) describing PRJNA1286160, or upload a per-sample table keyed by run accession (SRR/ERR/DRR) with delivery, feeding, preterm, antibiotics, probiotic.",paper_pointer,0,,0,False,16.167411,https://www.ebi.ac.uk/ena/browser/view/PRJNA1286160,https://www.ncbi.nlm.nih.gov/bioproject/PRJNA1286160,https://github.com/OlmLab/microbiome_repo/issues/new?template=catalog-contribution.yml&labels=contribution&title=%5Bcontribution%5D%20PRJNA1286160%3A%20paper_pointer&study_accession=PRJNA1286160&contribution_type=paper_pointer&release_tag=R2026.19,R2026.19,,1.17.1
60,PRJNA1280936,Gut Microbiome of Infants in the Neonatal Intensive Care Unit,COH2353,singleton study PRJNA1280936,include,895,829,,delivery;feeding;antibiotics;probiotic,4,1.0,0.0,0.0,1.0,0.0,0.0,R1,R3,R3,R1,R3,R0,partial_coverage,"1 paper(s), 2 inventoried table(s); still missing delivery, feeding, antibiotics, probiotic","Upload a per-sample table keyed by run/BioSample accession with the still-missing columns (delivery, feeding, antibiotics, probiotic).",per_sample_table,1,41405404,2,False,16.05493,https://www.ebi.ac.uk/ena/browser/view/PRJNA1280936,https://www.ncbi.nlm.nih.gov/bioproject/PRJNA1280936,https://github.com/OlmLab/microbiome_repo/issues/new?template=catalog-contribution.yml&labels=contribution&title=%5Bcontribution%5D%20PRJNA1280936%3A%20per_sample_table&study_accession=PRJNA1280936&contribution_type=per_sample_table&release_tag=R2026.19,R2026.19,,1.17.1
61,PRJNA955235,Persistent delay in maturation of the developing gut microbiome in infants with cystic fibrosis,COH0167,Verster 2025 USA,include,190,189,,delivery;feeding;preterm;antibiotics;probiotic,5,1.0,0.0,0.0,0.0,0.0,0.0,R2,R3,R3,R0,R2,R3,partial_coverage,"2 paper(s), 23 inventoried table(s); still missing delivery, feeding, preterm, antibiotics, probiotic","Upload a per-sample table keyed by run/BioSample accession with the still-missing columns (delivery, feeding, preterm, antibiotics, probiotic).",per_sample_table,2,39945545;42262087,23,False,15.951275,https://www.ebi.ac.uk/ena/browser/view/PRJNA955235,https://www.ncbi.nlm.nih.gov/bioproject/PRJNA955235,https://github.com/OlmLab/microbiome_repo/issues/new?template=catalog-contribution.yml&labels=contribution&title=%5Bcontribution%5D%20PRJNA955235%3A%20per_sample_table&study_accession=PRJNA955235&contribution_type=per_sample_table&release_tag=R2026.19,R2026.19,,1.17.1
62,PRJEB84376,Impact of phage enrichment on the observed infant gut virome,COH0316,singleton study PRJEB84376,include,1368,1368,,feeding;preterm;antibiotics;probiotic,4,1.0,1.0,0.0,0.0,0.0,0.0,R0,R0,R0,R0,R0,R0,no_linked_paper,0 rows in study_paper_links; access_tier=none_no_linked_paper,"Point to the paper (PMID/DOI) describing PRJEB84376, or upload a per-sample table keyed by run accession (SRR/ERR/DRR) with feeding, preterm, antibiotics, probiotic.",paper_pointer,0,,0,False,15.682017,https://www.ebi.ac.uk/ena/browser/view/PRJEB84376,https://www.ncbi.nlm.nih.gov/bioproject/PRJEB84376,https://github.com/OlmLab/microbiome_repo/issues/new?template=catalog-contribution.yml&labels=contribution&title=%5Bcontribution%5D%20PRJEB84376%3A%20paper_pointer&study_accession=PRJEB84376&contribution_type=paper_pointer&release_tag=R2026.19,R2026.19,,1.17.1
63,PRJEB89462,Impact of phage enrichment on the observed infant gut phageome,COH0074,Valenzuela-Diaz 2026 Finland,include,1366,1366,,feeding;preterm;antibiotics;probiotic,4,1.0,1.0,0.0,0.0,0.0,0.0,R2,R2,R0,R0,R0,R0,partial_coverage,"1 paper(s), 7 inventoried table(s); still missing feeding, preterm, antibiotics, probiotic","Upload a per-sample table keyed by run/BioSample accession with the still-missing columns (feeding, preterm, antibiotics, probiotic).",per_sample_table,1,41873970,7,False,15.678843,https://www.ebi.ac.uk/ena/browser/view/PRJEB89462,https://www.ncbi.nlm.nih.gov/bioproject/PRJEB89462,https://github.com/OlmLab/microbiome_repo/issues/new?template=catalog-contribution.yml&labels=contribution&title=%5Bcontribution%5D%20PRJEB89462%3A%20per_sample_table&study_accession=PRJEB89462&contribution_type=per_sample_table&release_tag=R2026.19,R2026.19,,1.17.1
64,PRJNA486782,Influence of early environmental factors on the establishment and development of gut microbiome composition and function and metabolomics profiles in infants at-risk of celiac disease,COH0044,Leonard 2020 USA,include,199,171,,delivery;feeding;preterm;antibiotics;probiotic,5,0.982456,0.0,0.0,0.0,0.0,0.0,R2,R3,R2,R3,R3,R3,partial_coverage,"6 paper(s), 29 inventoried table(s); still missing delivery, feeding, preterm, antibiotics, probiotic","Upload a per-sample table keyed by run/BioSample accession with the still-missing columns (delivery, feeding, preterm, antibiotics, probiotic).",per_sample_table,6,32917289;34253606;36177457;37191543;39287373;39428758,29,False,15.648699,https://www.ebi.ac.uk/ena/browser/view/PRJNA486782,https://www.ncbi.nlm.nih.gov/bioproject/PRJNA486782,https://github.com/OlmLab/microbiome_repo/issues/new?template=catalog-contribution.yml&labels=contribution&title=%5Bcontribution%5D%20PRJNA486782%3A%20per_sample_table&study_accession=PRJNA486782&contribution_type=per_sample_table&release_tag=R2026.19,R2026.19,,1.17.1
65,PRJEB76913,Factors affecting the gut microbiota composition of children with CHD,COH0070,Renk 2024 Germany,include,35,35,35.0,age;delivery;feeding;preterm;antibiotics;probiotic,6,0.0,0.0,0.0,0.0,0.0,0.0,R3,R3,R3,R3,R3,R3,partial_coverage,"1 paper(s), 9 inventoried table(s); still missing age, delivery, feeding, preterm, antibiotics, probiotic","Upload a per-sample table keyed by run/BioSample accession with the still-missing columns (age, delivery, feeding, preterm, antibiotics, probiotic).",per_sample_table,1,39881980,9,False,15.563025,https://www.ebi.ac.uk/ena/browser/view/PRJEB76913,https://www.ncbi.nlm.nih.gov/bioproject/PRJEB76913,https://github.com/OlmLab/microbiome_repo/issues/new?template=catalog-contribution.yml&labels=contribution&title=%5Bcontribution%5D%20PRJEB76913%3A%20per_sample_table&study_accession=PRJEB76913&contribution_type=per_sample_table&release_tag=R2026.19,R2026.19,,1.17.1
66,PRJEB32135,"The Canadian Healthy Infant Longitudinal Development (CHILD) study is a multicenter longitudinal, prospective, general population birth cohort study. This study used a nested case-controlled design to analyze the functional potential of the fecal microbiome in infants enrolled in the CHILD Study. We selected 3-month and 1-year stool samples from an atopy enriched subset of children from one enrollment center (Vancouver). DNA was extracted from stool samples and submitted for shotgun metagenome sequencing.",COH0297,singleton study PRJEB32135,include,156,156,,delivery;feeding;preterm;antibiotics;probiotic,5,1.0,0.0,0.0,0.0,0.0,0.0,R2,R2,R2,R2,R2,R2,partial_coverage,"9 paper(s), 50 inventoried table(s); still missing delivery, feeding, preterm, antibiotics, probiotic","Upload a per-sample table keyed by run/BioSample accession with the still-missing columns (delivery, feeding, preterm, antibiotics, probiotic).",per_sample_table,9,34152069;36123315;36177457;36316342;37169786;37191543;37259063;38172624;39287373,50,False,15.371298,https://www.ebi.ac.uk/ena/browser/view/PRJEB32135,https://www.ncbi.nlm.nih.gov/bioproject/PRJEB32135,https://github.com/OlmLab/microbiome_repo/issues/new?template=catalog-contribution.yml&labels=contribution&title=%5Bcontribution%5D%20PRJEB32135%3A%20per_sample_table&study_accession=PRJEB32135&contribution_type=per_sample_table&release_tag=R2026.19,R2026.19,,1.17.1
67,PRJNA947616,Gut microbiome and bloodstream infections among premature infants in Singapore,COH0164,Heston 2023 Singapore,include,606,606,,delivery;feeding;antibiotics;probiotic,4,1.0,0.0,0.0,1.0,0.0,0.0,R3,R3,R3,R3,R3,R3,partial_coverage,"1 paper(s), 3 inventoried table(s); still missing delivery, feeding, antibiotics, probiotic","Upload a per-sample table keyed by run/BioSample accession with the still-missing columns (delivery, feeding, antibiotics, probiotic).",per_sample_table,1,37974294,3,False,15.307538,https://www.ebi.ac.uk/ena/browser/view/PRJNA947616,https://www.ncbi.nlm.nih.gov/bioproject/PRJNA947616,https://github.com/OlmLab/microbiome_repo/issues/new?template=catalog-contribution.yml&labels=contribution&title=%5Bcontribution%5D%20PRJNA947616%3A%20per_sample_table&study_accession=PRJNA947616&contribution_type=per_sample_table&release_tag=R2026.19,R2026.19,,1.17.1
68,PRJNA1355224,Human metagenomic samples Metagenome,COH2354,singleton study PRJNA1355224,include,151,151,151.0,delivery;feeding;preterm;antibiotics;probiotic,5,1.0,0.0,0.0,0.0,0.0,0.0,R3,R0,R0,R3,R3,R0,no_supplement_found,1 linked paper(s) (A_fulltext_xml); 0 inventoried supplementary members,"Upload a per-sample table keyed by run accession (SRR/ERR/DRR) or BioSample with delivery, feeding, preterm, antibiotics, probiotic, and state where it came from.",per_sample_table,1,,0,False,15.272905,https://www.ebi.ac.uk/ena/browser/view/PRJNA1355224,https://www.ncbi.nlm.nih.gov/bioproject/PRJNA1355224,https://github.com/OlmLab/microbiome_repo/issues/new?template=catalog-contribution.yml&labels=contribution&title=%5Bcontribution%5D%20PRJNA1355224%3A%20per_sample_table&study_accession=PRJNA1355224&contribution_type=per_sample_table&release_tag=R2026.19,R2026.19,,1.17.1
69,PRJEB74747,Dynamics of early-life bacteriophage-bacteria interactions in very preterm infants and their implications in disease,COH0311,singleton study PRJEB74747,include,59,59,59.0,age;delivery;feeding;antibiotics;probiotic,5,0.0,0.0,0.0,1.0,0.0,0.0,R0,R0,R0,R0,R0,R0,no_linked_paper,0 rows in study_paper_links; access_tier=none_no_linked_paper,"Point to the paper (PMID/DOI) describing PRJEB74747, or upload a per-sample table keyed by run accession (SRR/ERR/DRR) with age, delivery, feeding, antibiotics, probiotic.",paper_pointer,0,,0,False,15.114286,https://www.ebi.ac.uk/ena/browser/view/PRJEB74747,https://www.ncbi.nlm.nih.gov/bioproject/PRJEB74747,https://github.com/OlmLab/microbiome_repo/issues/new?template=catalog-contribution.yml&labels=contribution&title=%5Bcontribution%5D%20PRJEB74747%3A%20paper_pointer&study_accession=PRJEB74747&contribution_type=paper_pointer&release_tag=R2026.19,R2026.19,,1.17.1
70,PRJNA1029046,Microbial Functionality and Its Correlation with Three Fecal Biomarkers,COH0325,singleton study PRJNA1029046,include,29,29,29.0,age;delivery;feeding;preterm;antibiotics;probiotic,6,0.0,0.0,0.0,0.0,0.0,0.0,R0,R0,R0,R0,R0,R0,no_linked_paper,0 rows in study_paper_links; access_tier=none_no_linked_paper,"Point to the paper (PMID/DOI) describing PRJNA1029046, or upload a per-sample table keyed by run accession (SRR/ERR/DRR) with age, delivery, feeding, preterm, antibiotics, probiotic.",paper_pointer,0,,0,False,14.771213,https://www.ebi.ac.uk/ena/browser/view/PRJNA1029046,https://www.ncbi.nlm.nih.gov/bioproject/PRJNA1029046,https://github.com/OlmLab/microbiome_repo/issues/new?template=catalog-contribution.yml&labels=contribution&title=%5Bcontribution%5D%20PRJNA1029046%3A%20paper_pointer&study_accession=PRJNA1029046&contribution_type=paper_pointer&release_tag=R2026.19,R2026.19,,1.17.1
71,PRJEB108678,MPRINT: mother-infant dyads and antibiotic exposure,COH0280,singleton study PRJEB108678,include,572,284,300.0,delivery;feeding;preterm;probiotic,4,0.961268,0.0,0.0,0.0,0.721831,0.0,R0,R0,R0,R0,R0,R0,no_linked_paper,0 rows in study_paper_links; access_tier=none_no_linked_paper,"Point to the paper (PMID/DOI) describing PRJEB108678, or upload a per-sample table keyed by run accession (SRR/ERR/DRR) with delivery, feeding, preterm, probiotic.",paper_pointer,0,,0,False,14.729069,https://www.ebi.ac.uk/ena/browser/view/PRJEB108678,https://www.ncbi.nlm.nih.gov/bioproject/PRJEB108678,https://github.com/OlmLab/microbiome_repo/issues/new?template=catalog-contribution.yml&labels=contribution&title=%5Bcontribution%5D%20PRJEB108678%3A%20paper_pointer&study_accession=PRJEB108678&contribution_type=paper_pointer&release_tag=R2026.19,R2026.19,,1.17.1
72,PRJEB49206,Extensive microbial novelty in the Hadza and Nepali gut microbiome reveals how lifestyle impacts composition and function,,,include,419,121,,delivery;feeding;preterm;antibiotics;probiotic,5,1.0,0.0,0.0,0.0,0.0,0.0,R0,R0,R0,R0,R0,R0,no_linked_paper,0 rows in study_paper_links; access_tier=not_in_extraction_worklist,"Point to the paper (PMID/DOI) describing PRJEB49206, or upload a per-sample table keyed by run accession (SRR/ERR/DRR) with delivery, feeding, preterm, antibiotics, probiotic.",paper_pointer,0,,0,False,14.604519,https://www.ebi.ac.uk/ena/browser/view/PRJEB49206,https://www.ncbi.nlm.nih.gov/bioproject/PRJEB49206,https://github.com/OlmLab/microbiome_repo/issues/new?template=catalog-contribution.yml&labels=contribution&title=%5Bcontribution%5D%20PRJEB49206%3A%20paper_pointer&study_accession=PRJEB49206&contribution_type=paper_pointer&release_tag=R2026.19,R2026.19,,1.17.1
73,PRJNA1428929,Gut Microbiota and Metabolome Signatures in Preterm Infants with High versus Low Risk for Neurodevelopmental Impairment,COH0104,Tian 2026 China,include,120,120,,delivery;feeding;preterm;antibiotics;probiotic,5,1.0,0.0,0.0,0.0,0.0,0.0,R3,R3,R3,R3,R3,R3,no_supplement_found,1 linked paper(s) (A_fulltext_xml); 0 inventoried supplementary members,"Upload a per-sample table keyed by run accession (SRR/ERR/DRR) or BioSample with delivery, feeding, preterm, antibiotics, probiotic, and state where it came from.",per_sample_table,1,42022809,0,False,14.579498,https://www.ebi.ac.uk/ena/browser/view/PRJNA1428929,https://www.ncbi.nlm.nih.gov/bioproject/PRJNA1428929,https://github.com/OlmLab/microbiome_repo/issues/new?template=catalog-contribution.yml&labels=contribution&title=%5Bcontribution%5D%20PRJNA1428929%3A%20per_sample_table&study_accession=PRJNA1428929&contribution_type=per_sample_table&release_tag=R2026.19,R2026.19,,1.17.1
74,PRJNA284162,STL Infant Twins Microbiome,COH0402,singleton study PRJNA284162,include,48,48,,age;delivery;feeding;antibiotics;probiotic,5,0.0,0.0,0.0,1.0,0.0,0.0,R2,R2,R3,R3,R3,R3,tables_unjoinable_need_key,"n_samples-style sample names (forms seen: Accession, Study, n_samples); no key to archive accessions (no_match 3)","Upload a key file mapping n_samples -> SRR/ERR/DRR or BioSample accessions of PRJNA284162, or a per-sample table keyed by accession (age, delivery, feeding, antibiotics, probiotic).",id_key,2,42315844;42618579,4,False,14.366667,https://www.ebi.ac.uk/ena/browser/view/PRJNA284162,https://www.ncbi.nlm.nih.gov/bioproject/PRJNA284162,https://github.com/OlmLab/microbiome_repo/issues/new?template=catalog-contribution.yml&labels=contribution&title=%5Bcontribution%5D%20PRJNA284162%3A%20id_key&study_accession=PRJNA284162&contribution_type=id_key&release_tag=R2026.19,R2026.19,,1.17.1
75,PRJEB41102,"Analysis of human fecal metagenomes from adults and infants, to investigate strain persistance, dispersal and purifying selection of bacterial strains.",COH0299,singleton study PRJEB41102,include,286,160,,age;delivery;feeding,3,0.16875,0.0,0.0,1.0,1.0,1.0,R2,R2,R2,R3,R3,R3,tables_unjoinable_need_key,"Bifidobacterium longum subsp. infantis-style sample names (forms seen: Bifidobacterium longum subsp. infantis, Number of samples, Run, Sample); no key to archive accessions (no_match 4)","Upload a key file mapping Bifidobacterium longum subsp. infantis -> SRR/ERR/DRR or BioSample accessions of PRJEB41102, or a per-sample table keyed by accession (age, delivery, feeding).",id_key,2,38441032;41350579,30,False,14.330576,https://www.ebi.ac.uk/ena/browser/view/PRJEB41102,https://www.ncbi.nlm.nih.gov/bioproject/PRJEB41102,https://github.com/OlmLab/microbiome_repo/issues/new?template=catalog-contribution.yml&labels=contribution&title=%5Bcontribution%5D%20PRJEB41102%3A%20id_key&study_accession=PRJEB41102&contribution_type=id_key&release_tag=R2026.19,R2026.19,,1.17.1
76,PRJNA1260751,Maternal Obesity Alters Human Milk Oligosaccharides Content and Promotes Early Acquisition of Late Colonizers in the Neonatal Gut Microbiome,COH0097,Corona-Cervantes 2026 Mexico,include,26,26,26.0,age;delivery;feeding;preterm;antibiotics;probiotic,6,0.0,0.0,0.0,0.0,0.0,0.0,R3,R3,R3,R3,R3,R0,partial_coverage,"2 paper(s), 10 inventoried table(s); still missing age, delivery, feeding, preterm, antibiotics, probiotic","Upload a per-sample table keyed by run/BioSample accession with the still-missing columns (age, delivery, feeding, preterm, antibiotics, probiotic).",per_sample_table,2,41536238,10,False,14.313638,https://www.ebi.ac.uk/ena/browser/view/PRJNA1260751,https://www.ncbi.nlm.nih.gov/bioproject/PRJNA1260751,https://github.com/OlmLab/microbiome_repo/issues/new?template=catalog-contribution.yml&labels=contribution&title=%5Bcontribution%5D%20PRJNA1260751%3A%20per_sample_table&study_accession=PRJNA1260751&contribution_type=per_sample_table&release_tag=R2026.19,R2026.19,,1.17.1
77,PRJNA733860,Preterm infant fecal metagenome,COH0142,Tarracchini 2021 France,include,47,47,,age;delivery;feeding;antibiotics;probiotic,5,0.0,0.0,0.0,1.0,0.0,0.0,R2,R0,R3,R2,R3,R2,tables_unjoinable_need_key,"Healthy Infants-style sample names (forms seen: Healthy Infants, Run, Serratia marcescens, Subject ID); no key to archive accessions (no_match 3)","Upload a key file mapping Healthy Infants -> SRR/ERR/DRR or BioSample accessions of PRJNA733860, or a per-sample table keyed by accession (age, delivery, feeding, antibiotics, probiotic).",id_key,1,34704805,10,False,14.290551,https://www.ebi.ac.uk/ena/browser/view/PRJNA733860,https://www.ncbi.nlm.nih.gov/bioproject/PRJNA733860,https://github.com/OlmLab/microbiome_repo/issues/new?template=catalog-contribution.yml&labels=contribution&title=%5Bcontribution%5D%20PRJNA733860%3A%20id_key&study_accession=PRJNA733860&contribution_type=id_key&release_tag=R2026.19,R2026.19,,1.17.1
78,PRJNA1413407,Microbial-based integrated model to measure and module brain development and function,COH0386,singleton study PRJNA1413407,include,108,108,108.0,delivery;feeding;preterm;antibiotics;probiotic,5,1.0,0.0,0.0,0.0,0.0,0.0,R0,R0,R0,R0,R0,R0,no_linked_paper,0 rows in study_paper_links; access_tier=none_no_linked_paper,"Point to the paper (PMID/DOI) describing PRJNA1413407, or upload a per-sample table keyed by run accession (SRR/ERR/DRR) with delivery, feeding, preterm, antibiotics, probiotic.",paper_pointer,0,,0,False,14.261985,https://www.ebi.ac.uk/ena/browser/view/PRJNA1413407,https://www.ncbi.nlm.nih.gov/bioproject/PRJNA1413407,https://github.com/OlmLab/microbiome_repo/issues/new?template=catalog-contribution.yml&labels=contribution&title=%5Bcontribution%5D%20PRJNA1413407%3A%20paper_pointer&study_accession=PRJNA1413407&contribution_type=paper_pointer&release_tag=R2026.19,R2026.19,,1.17.1
79,PRJEB24006,"Neonatal gut-microbiome-derived 12,13 DiHOME impedes tolerance and predicts childhood atopy and asthma",COH0293,singleton study PRJEB24006,include,25,25,25.0,age;delivery;feeding;preterm;antibiotics;probiotic,6,0.0,0.0,0.0,0.0,0.0,0.0,R2,R3,R2,R3,R3,R3,tables_unjoinable_need_key,"A Infant Formula-style sample names (forms seen: A Infant Formula, A Infant formula, Bonferroni-corrected p-value, Impact of geographical location of abund); no key to archive accessions (no_match 6)","Upload a key file mapping A Infant Formula -> SRR/ERR/DRR or BioSample accessions of PRJEB24006, or a per-sample table keyed by accession (age, delivery, feeding, preterm, antibiotics, probiotic).",id_key,5,36050292;36177457;37191543;38424077;39287373,29,False,14.149733,https://www.ebi.ac.uk/ena/browser/view/PRJEB24006,https://www.ncbi.nlm.nih.gov/bioproject/PRJEB24006,https://github.com/OlmLab/microbiome_repo/issues/new?template=catalog-contribution.yml&labels=contribution&title=%5Bcontribution%5D%20PRJEB24006%3A%20id_key&study_accession=PRJEB24006&contribution_type=id_key&release_tag=R2026.19,R2026.19,,1.17.1
80,PRJNA1019702,MILK study metagenomic sequencing of human milk and infant feces,,,include,507,334,,delivery;feeding;antibiotics;probiotic,4,1.0,0.0,0.0,1.0,0.0,0.0,R3,R3,R3,R3,R3,R0,partial_coverage,"4 paper(s), 2 inventoried table(s); still missing delivery, feeding, antibiotics, probiotic","Upload a per-sample table keyed by run/BioSample accession with the still-missing columns (delivery, feeding, antibiotics, probiotic).",per_sample_table,4,39043677;39265573;41274878;42171373,2,False,13.887746,https://www.ebi.ac.uk/ena/browser/view/PRJNA1019702,https://www.ncbi.nlm.nih.gov/bioproject/PRJNA1019702,https://github.com/OlmLab/microbiome_repo/issues/new?template=catalog-contribution.yml&labels=contribution&title=%5Bcontribution%5D%20PRJNA1019702%3A%20per_sample_table&study_accession=PRJNA1019702&contribution_type=per_sample_table&release_tag=R2026.19,R2026.19,,1.17.1
81,PRJNA752686,Metagenomic Profile of the Gut Microbiome of Preterm Infants and its Association to Infant's Diet,COH0475,singleton study PRJNA752686,include,42,42,,age;delivery;feeding;antibiotics;probiotic,5,0.0,0.0,0.0,1.0,0.0,0.0,R3,R3,R3,R3,R3,R0,partial_coverage,"1 paper(s), 2 inventoried table(s); still missing age, delivery, feeding, antibiotics, probiotic","Upload a per-sample table keyed by run/BioSample accession with the still-missing columns (age, delivery, feeding, antibiotics, probiotic).",per_sample_table,1,42171373,2,False,13.884482,https://www.ebi.ac.uk/ena/browser/view/PRJNA752686,https://www.ncbi.nlm.nih.gov/bioproject/PRJNA752686,https://github.com/OlmLab/microbiome_repo/issues/new?template=catalog-contribution.yml&labels=contribution&title=%5Bcontribution%5D%20PRJNA752686%3A%20per_sample_table&study_accession=PRJNA752686&contribution_type=per_sample_table&release_tag=R2026.19,R2026.19,,1.17.1
82,PRJNA595749,"COSMIC2 - Persistence of birth mode-dependent effects on gut microbiome composition, immune system stimulation and antimicrobial resistance in the first year of life",COH0130,COSMIC2,include,753,658,,feeding;preterm;antibiotics;probiotic,4,0.984802,0.919453,0.0,0.034954,0.034954,0.0,R2,R2,R2,R2,R2,R3,tables_unjoinable_need_key,"#Infants-style sample names (forms seen: #Infants, ARO Accession, All Samples Used in Study, Antibiotic Resistance Ontology (ARO) Acc); no key to archive accessions (no_match 11, below_gate 3)","Upload a key file mapping #Infants -> SRR/ERR/DRR or BioSample accessions of PRJNA595749, or a per-sample table keyed by accession (feeding, preterm, antibiotics, probiotic).",id_key,3,36717704;39739091;40048849,45,False,13.848099,https://www.ebi.ac.uk/ena/browser/view/PRJNA595749,https://www.ncbi.nlm.nih.gov/bioproject/PRJNA595749,https://github.com/OlmLab/microbiome_repo/issues/new?template=catalog-contribution.yml&labels=contribution&title=%5Bcontribution%5D%20PRJNA595749%3A%20id_key&study_accession=PRJNA595749&contribution_type=id_key&release_tag=R2026.19,R2026.19,,1.17.1
83,PRJNA1414141,Gut Microbiome Dysbiosis in Neonatal Lupus,COH0387,singleton study PRJNA1414141,include,90,90,,delivery;feeding;preterm;antibiotics;probiotic,5,1.0,0.0,0.0,0.0,0.0,0.0,R0,R0,R0,R0,R0,R0,no_linked_paper,0 rows in study_paper_links; access_tier=none_no_linked_paper,"Point to the paper (PMID/DOI) describing PRJNA1414141, or upload a per-sample table keyed by run accession (SRR/ERR/DRR) with delivery, feeding, preterm, antibiotics, probiotic.",paper_pointer,0,,0,False,13.71329,https://www.ebi.ac.uk/ena/browser/view/PRJNA1414141,https://www.ncbi.nlm.nih.gov/bioproject/PRJNA1414141,https://github.com/OlmLab/microbiome_repo/issues/new?template=catalog-contribution.yml&labels=contribution&title=%5Bcontribution%5D%20PRJNA1414141%3A%20paper_pointer&study_accession=PRJNA1414141&contribution_type=paper_pointer&release_tag=R2026.19,R2026.19,,1.17.1
84,PRJNA688164,Role of synbiotics to prevalence of LRTinfections in infants:gut metagenomic analysis,COH0466,singleton study PRJNA688164,include,22,22,22.0,age;delivery;feeding;preterm;antibiotics;probiotic,6,0.0,0.0,0.0,0.0,0.0,0.0,R2,R2,R2,R3,R3,R3,tables_unjoinable_need_key,"A Infant Formula-style sample names (forms seen: A Infant Formula, A Infant formula, Bifidobacterium longum subsp. infantis, Number of samples); no key to archive accessions (no_match 6)","Upload a key file mapping A Infant Formula -> SRR/ERR/DRR or BioSample accessions of PRJNA688164, or a per-sample table keyed by accession (age, delivery, feeding, preterm, antibiotics, probiotic).",id_key,3,36177457;38441032;41350579,38,False,13.617278,https://www.ebi.ac.uk/ena/browser/view/PRJNA688164,https://www.ncbi.nlm.nih.gov/bioproject/PRJNA688164,https://github.com/OlmLab/microbiome_repo/issues/new?template=catalog-contribution.yml&labels=contribution&title=%5Bcontribution%5D%20PRJNA688164%3A%20id_key&study_accession=PRJNA688164&contribution_type=id_key&release_tag=R2026.19,R2026.19,,1.17.1
85,PRJNA1138246,Fecal metagenomes of Peruvian children,COH0087,Nadimpalli 2025 Peru,include,298,298,298.0,delivery;feeding;antibiotics;probiotic,4,1.0,0.0,0.0,1.0,0.0,0.0,R2,R3,R3,R3,R3,R0,tables_unjoinable_need_key,paper-internal sample names-style sample names (forms seen: n/a); no key to archive accessions (no_match 1),"Upload a key file mapping paper-internal sample names -> SRR/ERR/DRR or BioSample accessions of PRJNA1138246, or a per-sample table keyed by accession (delivery, feeding, antibiotics, probiotic).",id_key,1,40755247,6,False,13.616192,https://www.ebi.ac.uk/ena/browser/view/PRJNA1138246,https://www.ncbi.nlm.nih.gov/bioproject/PRJNA1138246,https://github.com/OlmLab/microbiome_repo/issues/new?template=catalog-contribution.yml&labels=contribution&title=%5Bcontribution%5D%20PRJNA1138246%3A%20id_key&study_accession=PRJNA1138246&contribution_type=id_key&release_tag=R2026.19,R2026.19,,1.17.1
86,PRJNA345144,Probiotics in Pregnancy study,COH0411,singleton study PRJNA345144,include,646,646,646.0,delivery;feeding;preterm,3,1.0,0.342105,0.0,0.0,0.51548,1.0,R2,R2,R2,R2,R2,R2,partial_coverage,"12 paper(s), 72 inventoried table(s); still missing delivery, feeding, preterm","Upload a per-sample table keyed by run/BioSample accession with the still-missing columns (delivery, feeding, preterm).",per_sample_table,12,34152069;36050292;36123315;36177457;36316342;37169786;38172624;38424077;38441032;39138199;39287373;41350579,72,False,13.536725,https://www.ebi.ac.uk/ena/browser/view/PRJNA345144,https://www.ncbi.nlm.nih.gov/bioproject/PRJNA345144,https://github.com/OlmLab/microbiome_repo/issues/new?template=catalog-contribution.yml&labels=contribution&title=%5Bcontribution%5D%20PRJNA345144%3A%20per_sample_table&study_accession=PRJNA345144&contribution_type=per_sample_table&release_tag=R2026.19,R2026.19,,1.17.1
87,PRJNA1095378,Neonatal antibiotic resistance,COH0083,Ojeda 2024 USA,include,60,60,,age;delivery;feeding;probiotic,4,0.0,0.0,0.0,1.0,1.0,0.0,R3,R3,R3,R3,R3,R3,partial_coverage,"1 paper(s), 8 inventoried table(s); still missing age, delivery, feeding, probiotic","Upload a per-sample table keyed by run/BioSample accession with the still-missing columns (age, delivery, feeding, probiotic).",per_sample_table,1,39373498,8,False,13.389974,https://www.ebi.ac.uk/ena/browser/view/PRJNA1095378,https://www.ncbi.nlm.nih.gov/bioproject/PRJNA1095378,https://github.com/OlmLab/microbiome_repo/issues/new?template=catalog-contribution.yml&labels=contribution&title=%5Bcontribution%5D%20PRJNA1095378%3A%20per_sample_table&study_accession=PRJNA1095378&contribution_type=per_sample_table&release_tag=R2026.19,R2026.19,,1.17.1
88,PRJNA417343,preterm infant gut metagenomes (NIH Y5 Cohort),COH0424,singleton study PRJNA417343,include,269,269,,delivery;feeding;antibiotics;probiotic,4,1.0,0.0,0.0,1.0,0.0,0.0,R1,R2,R3,R3,R2,R3,partial_coverage,"1 paper(s), 10 inventoried table(s); still missing delivery, feeding, antibiotics, probiotic","Upload a per-sample table keyed by run/BioSample accession with the still-missing columns (delivery, feeding, antibiotics, probiotic).",per_sample_table,1,37169786,10,False,13.372501,https://www.ebi.ac.uk/ena/browser/view/PRJNA417343,https://www.ncbi.nlm.nih.gov/bioproject/PRJNA417343,https://github.com/OlmLab/microbiome_repo/issues/new?template=catalog-contribution.yml&labels=contribution&title=%5Bcontribution%5D%20PRJNA417343%3A%20per_sample_table&study_accession=PRJNA417343&contribution_type=per_sample_table&release_tag=R2026.19,R2026.19,,1.17.1
89,PRJNA994433,Longitudinal Variability of Bifidobacterium Species in the Infant Gut is Independent of Maternal Milk HMO Composition,COH0172,Ennis 2024 Israel,include,80,80,,delivery;feeding;preterm;antibiotics;probiotic,5,1.0,0.0,0.0,0.0,0.0,0.0,R2,R2,R2,R2,R2,R2,partial_coverage,"3 paper(s), 13 inventoried table(s); still missing delivery, feeding, preterm, antibiotics, probiotic","Upload a per-sample table keyed by run/BioSample accession with the still-missing columns (delivery, feeding, preterm, antibiotics, probiotic).",per_sample_table,3,38291346;39242817,13,False,13.359395,https://www.ebi.ac.uk/ena/browser/view/PRJNA994433,https://www.ncbi.nlm.nih.gov/bioproject/PRJNA994433,https://github.com/OlmLab/microbiome_repo/issues/new?template=catalog-contribution.yml&labels=contribution&title=%5Bcontribution%5D%20PRJNA994433%3A%20per_sample_table&study_accession=PRJNA994433&contribution_type=per_sample_table&release_tag=R2026.19,R2026.19,,1.17.1
90,PRJNA1145027,Metal availability shapes early life microbial ecology and community succession,,,include,81,78,,delivery;feeding;preterm;antibiotics;probiotic,5,0.653846,0.0,0.0,0.0,0.0,0.0,R1,R3,R3,R3,R3,R3,partial_coverage,"2 paper(s), 3 inventoried table(s); still missing delivery, feeding, preterm, antibiotics, probiotic","Upload a per-sample table keyed by run/BioSample accession with the still-missing columns (delivery, feeding, preterm, antibiotics, probiotic).",per_sample_table,2,39440978;40763731,3,False,13.28339,https://www.ebi.ac.uk/ena/browser/view/PRJNA1145027,https://www.ncbi.nlm.nih.gov/bioproject/PRJNA1145027,https://github.com/OlmLab/microbiome_repo/issues/new?template=catalog-contribution.yml&labels=contribution&title=%5Bcontribution%5D%20PRJNA1145027%3A%20per_sample_table&study_accession=PRJNA1145027&contribution_type=per_sample_table&release_tag=R2026.19,R2026.19,,1.17.1
91,PRJNA884103,Gut residence of bloodstream infection pathogens in the NICU,COH0508,singleton study PRJNA884103,include,449,449,,feeding;preterm;antibiotics;probiotic,4,1.0,1.0,0.0,0.0,0.0,0.0,R3,R0,R3,R3,R3,R0,partial_coverage,"1 paper(s), 53 inventoried table(s); still missing feeding, preterm, antibiotics, probiotic","Upload a per-sample table keyed by run/BioSample accession with the still-missing columns (feeding, preterm, antibiotics, probiotic).",per_sample_table,1,42259839,53,False,13.266063,https://www.ebi.ac.uk/ena/browser/view/PRJNA884103,https://www.ncbi.nlm.nih.gov/bioproject/PRJNA884103,https://github.com/OlmLab/microbiome_repo/issues/new?template=catalog-contribution.yml&labels=contribution&title=%5Bcontribution%5D%20PRJNA884103%3A%20per_sample_table&study_accession=PRJNA884103&contribution_type=per_sample_table&release_tag=R2026.19,R2026.19,,1.17.1
92,PRJNA1249435,Neurobiological and neurocognitive consequences of diverse microbiome functional trajectories,COH0364,singleton study PRJNA1249435,include,315,77,,delivery;feeding;preterm;antibiotics;probiotic,5,1.0,0.0,0.0,0.0,0.0,0.0,R0,R0,R0,R0,R0,R0,no_linked_paper,0 rows in study_paper_links; access_tier=none_no_linked_paper,"Point to the paper (PMID/DOI) describing PRJNA1249435, or upload a per-sample table keyed by run accession (SRR/ERR/DRR) with delivery, feeding, preterm, antibiotics, probiotic.",paper_pointer,0,,0,False,13.244662,https://www.ebi.ac.uk/ena/browser/view/PRJNA1249435,https://www.ncbi.nlm.nih.gov/bioproject/PRJNA1249435,https://github.com/OlmLab/microbiome_repo/issues/new?template=catalog-contribution.yml&labels=contribution&title=%5Bcontribution%5D%20PRJNA1249435%3A%20paper_pointer&study_accession=PRJNA1249435&contribution_type=paper_pointer&release_tag=R2026.19,R2026.19,,1.17.1
93,PRJNA1230889,Mutualistic interactions between Escherichia coli and Bifidobacterium bifidum enable degradation of human milk oligosaccharides in healthy infants,COH2351,singleton study PRJNA1230889,include,108,108,,age;delivery;antibiotics;probiotic,4,0.0,0.0,1.0,1.0,0.0,0.0,R2,R2,R3,R3,R3,R3,tables_unjoinable_need_key,"Sample-style sample names (forms seen: Sample, Sample_ID, Sequencing_ID); no key to archive accessions (zip_missing 4)","Upload a key file mapping Sample -> SRR/ERR/DRR or BioSample accessions of PRJNA1230889, or a per-sample table keyed by accession (age, delivery, antibiotics, probiotic).",id_key,2,42020426,0,False,13.243272,https://www.ebi.ac.uk/ena/browser/view/PRJNA1230889,https://www.ncbi.nlm.nih.gov/bioproject/PRJNA1230889,https://github.com/OlmLab/microbiome_repo/issues/new?template=catalog-contribution.yml&labels=contribution&title=%5Bcontribution%5D%20PRJNA1230889%3A%20id_key&study_accession=PRJNA1230889&contribution_type=id_key&release_tag=R2026.19,R2026.19,,1.17.1
94,PRJNA1128723,Human gut metagenomes of South African infants,COH0034,Bonham 2025 South Africa,include,65,65,,delivery;feeding;preterm;antibiotics;probiotic,5,1.0,0.0,0.0,0.0,0.0,0.0,R1,R3,R3,R3,R3,R0,partial_coverage,"3 paper(s), 18 inventoried table(s); still missing delivery, feeding, preterm, antibiotics, probiotic","Upload a per-sample table keyed by run/BioSample accession with the still-missing columns (delivery, feeding, preterm, antibiotics, probiotic).",per_sample_table,3,39809768;40586263;42311381,18,False,12.736808,https://www.ebi.ac.uk/ena/browser/view/PRJNA1128723,https://www.ncbi.nlm.nih.gov/bioproject/PRJNA1128723,https://github.com/OlmLab/microbiome_repo/issues/new?template=catalog-contribution.yml&labels=contribution&title=%5Bcontribution%5D%20PRJNA1128723%3A%20per_sample_table&study_accession=PRJNA1128723&contribution_type=per_sample_table&release_tag=R2026.19,R2026.19,,1.17.1
95,PRJEB62041,Rotavirus Vaccine Immunogenicity (RoVI) shotgun metagenomics,COH0016,RoVI,include,344,344,,feeding;preterm;antibiotics;probiotic,4,1.0,1.0,0.0,0.0,0.0,0.0,R3,R3,R3,R3,R3,R0,partial_coverage,"1 paper(s), 17 inventoried table(s); still missing feeding, preterm, antibiotics, probiotic","Upload a per-sample table keyed by run/BioSample accession with the still-missing columns (feeding, preterm, antibiotics, probiotic).",per_sample_table,1,37980461,17,False,12.689095,https://www.ebi.ac.uk/ena/browser/view/PRJEB62041,https://www.ncbi.nlm.nih.gov/bioproject/PRJEB62041,https://github.com/OlmLab/microbiome_repo/issues/new?template=catalog-contribution.yml&labels=contribution&title=%5Bcontribution%5D%20PRJEB62041%3A%20per_sample_table&study_accession=PRJEB62041&contribution_type=per_sample_table&release_tag=R2026.19,R2026.19,,1.17.1
96,PRJEB15633,Growth and Morbidity of Gambian Infants are Influenced by Maternal Milk Oligosaccharides and Infant Gut Microbiota,COH0062,Davis 2017 Gambia,include,85,85,,age;delivery;antibiotics;probiotic,4,0.0,0.0,1.0,1.0,0.0,0.0,R2,R2,R2,R3,R3,R3,partial_coverage,"4 paper(s), 34 inventoried table(s); still missing age, delivery, antibiotics, probiotic","Upload a per-sample table keyed by run/BioSample accession with the still-missing columns (age, delivery, antibiotics, probiotic).",per_sample_table,4,28079170;33005310;35406036;42618579,34,False,12.57424,https://www.ebi.ac.uk/ena/browser/view/PRJEB15633,https://www.ncbi.nlm.nih.gov/bioproject/PRJEB15633,https://github.com/OlmLab/microbiome_repo/issues/new?template=catalog-contribution.yml&labels=contribution&title=%5Bcontribution%5D%20PRJEB15633%3A%20per_sample_table&study_accession=PRJEB15633&contribution_type=per_sample_table&release_tag=R2026.19,R2026.19,,1.17.1
97,PRJNA557731,Bacterial colonization reprograms the neonatal gut metabolome,COH0128,Bittinger 2020,include,191,191,,delivery;feeding;antibiotics;probiotic,4,0.921466,0.0,0.0,1.0,0.0,0.0,R2,R2,R2,R2,R2,R2,partial_coverage,"10 paper(s), 50 inventoried table(s); still missing delivery, feeding, antibiotics, probiotic","Upload a per-sample table keyed by run/BioSample accession with the still-missing columns (delivery, feeding, antibiotics, probiotic).",per_sample_table,10,32284564;34152069;36123315;36177457;36316342;37169786;37191543;38172624;39138199;39287373,50,False,12.558157,https://www.ebi.ac.uk/ena/browser/view/PRJNA557731,https://www.ncbi.nlm.nih.gov/bioproject/PRJNA557731,https://github.com/OlmLab/microbiome_repo/issues/new?template=catalog-contribution.yml&labels=contribution&title=%5Bcontribution%5D%20PRJNA557731%3A%20per_sample_table&study_accession=PRJNA557731&contribution_type=per_sample_table&release_tag=R2026.19,R2026.19,,1.17.1
98,PRJNA774819,Highly specialized carbohydrate metabolism capability in Bifidobacterium strain associated with intestinal barrier maturation in early preterm infants,COH0051,Ma 2022 USA,include,29,29,,age;delivery;feeding;antibiotics;probiotic,5,0.0,0.0,0.0,1.0,0.0,0.0,R2,R3,R2,R2,R3,R2,tables_unjoinable_need_key,"subject information-style sample names (forms seen: Table S1. Clinical metadata of the 113 e, Table S3 Taxonomic groups significantly, Table S4. Bifidobacterium homologous gen, subject information);…","Upload a key file mapping subject information -> SRR/ERR/DRR or BioSample accessions of PRJNA774819, or a per-sample table keyed by accession (age, delivery, feeding, antibiotics, probiotic).",id_key,1,35695455,14,False,12.555531,https://www.ebi.ac.uk/ena/browser/view/PRJNA774819,https://www.ncbi.nlm.nih.gov/bioproject/PRJNA774819,https://github.com/OlmLab/microbiome_repo/issues/new?template=catalog-contribution.yml&labels=contribution&title=%5Bcontribution%5D%20PRJNA774819%3A%20id_key&study_accession=PRJNA774819&contribution_type=id_key&release_tag=R2026.19,R2026.19,,1.17.1
99,PRJNA1045596,The Intestinal Microbiome of Inflammatory Bowel Disease Across the Pediatric Age Range Raw sequence reads,COH0329,singleton study PRJNA1045596,include,436,117,,delivery;feeding;preterm;probiotic,4,0.940171,0.0,0.0,0.0,1.0,0.0,R3,R0,R0,R0,R3,R0,no_linked_paper,0 rows in study_paper_links; access_tier=none_no_linked_paper,"Point to the paper (PMID/DOI) describing PRJNA1045596, or upload a per-sample table keyed by run accession (SRR/ERR/DRR) with delivery, feeding, preterm, probiotic.",paper_pointer,0,,0,False,12.431292,https://www.ebi.ac.uk/ena/browser/view/PRJNA1045596,https://www.ncbi.nlm.nih.gov/bioproject/PRJNA1045596,https://github.com/OlmLab/microbiome_repo/issues/new?template=catalog-contribution.yml&labels=contribution&title=%5Bcontribution%5D%20PRJNA1045596%3A%20paper_pointer&study_accession=PRJNA1045596&contribution_type=paper_pointer&release_tag=R2026.19,R2026.19,,1.17.1
100,PRJNA693793,BaBel Infant Gut Virome Raw Data,COH1156,Beller/BaBel infant gut virome cohort,include,304,304,304.0,feeding;preterm;antibiotics;probiotic,4,1.0,1.0,0.0,0.0,0.0,0.0,R2,R2,R3,R2,R3,R3,tables_unjoinable_need_key,"Study-style sample names (forms seen: Accession, Study); no key to archive accessions (no_match 2)","Upload a key file mapping Study -> SRR/ERR/DRR or BioSample accessions of PRJNA693793, or a per-sample table keyed by accession (feeding, preterm, antibiotics, probiotic).",id_key,2,35320047;42315844,1,False,12.421499,https://www.ebi.ac.uk/ena/browser/view/PRJNA693793,https://www.ncbi.nlm.nih.gov/bioproject/PRJNA693793,https://github.com/OlmLab/microbiome_repo/issues/new?template=catalog-contribution.yml&labels=contribution&title=%5Bcontribution%5D%20PRJNA693793%3A%20id_key&study_accession=PRJNA693793&contribution_type=id_key&release_tag=R2026.19,R2026.19,,1.17.1
101,PRJNA1452547,Chlorinated Water Effects on Infant Gut Microbiota,COH0105,Parkin 2026 Australia,include,299,299,,delivery;feeding;antibiotics,3,1.0,0.0,0.0,1.0,0.0,0.505017,R3,R3,R3,R0,R3,R2,partial_coverage,"1 paper(s), 1 inventoried table(s); still missing delivery, feeding, antibiotics","Upload a per-sample table keyed by run/BioSample accession with the still-missing columns (delivery, feeding, antibiotics).",per_sample_table,1,42129350,1,False,12.385606,https://www.ebi.ac.uk/ena/browser/view/PRJNA1452547,https://www.ncbi.nlm.nih.gov/bioproject/PRJNA1452547,https://github.com/OlmLab/microbiome_repo/issues/new?template=catalog-contribution.yml&labels=contribution&title=%5Bcontribution%5D%20PRJNA1452547%3A%20per_sample_table&study_accession=PRJNA1452547&contribution_type=per_sample_table&release_tag=R2026.19,R2026.19,,1.17.1
102,PRJNA592261,Infant virome during the first year of life,COH0036,Aguado-García 2020 Mexico,include,211,109,115.0,age;delivery;preterm;probiotic,4,0.311927,0.0,1.0,0.0,1.0,0.0,R1,R3,R3,R3,R3,R0,partial_coverage,"3 paper(s), 12 inventoried table(s); still missing age, delivery, preterm, probiotic","Upload a per-sample table keyed by run/BioSample accession with the still-missing columns (age, delivery, preterm, probiotic).",per_sample_table,3,32788688;35196791;36650178,12,False,12.379452,https://www.ebi.ac.uk/ena/browser/view/PRJNA592261,https://www.ncbi.nlm.nih.gov/bioproject/PRJNA592261,https://github.com/OlmLab/microbiome_repo/issues/new?template=catalog-contribution.yml&labels=contribution&title=%5Bcontribution%5D%20PRJNA592261%3A%20per_sample_table&study_accession=PRJNA592261&contribution_type=per_sample_table&release_tag=R2026.19,R2026.19,,1.17.1
103,PRJNA413162,Metagenome data from infant (PD and ProD) stools samples raw sequence reads,COH0422,singleton study PRJNA413162,include,19,19,19.0,age;delivery;feeding;preterm;antibiotics,5,0.0,0.0,0.0,0.0,0.0,0.526316,R2,R2,R3,R3,R2,R3,tables_unjoinable_need_key,"ERR2367187_Prevotella_sp.-style sample names (forms seen: BioSample, ERR2367187_Prevotella_sp.); no key to archive accessions (below_gate 1)","Upload a key file mapping ERR2367187_Prevotella_sp. -> SRR/ERR/DRR or BioSample accessions of PRJNA413162, or a per-sample table keyed by accession (age, delivery, feeding, preterm, antibiotics).",id_key,1,37169786,10,False,12.359785,https://www.ebi.ac.uk/ena/browser/view/PRJNA413162,https://www.ncbi.nlm.nih.gov/bioproject/PRJNA413162,https://github.com/OlmLab/microbiome_repo/issues/new?template=catalog-contribution.yml&labels=contribution&title=%5Bcontribution%5D%20PRJNA413162%3A%20id_key&study_accession=PRJNA413162&contribution_type=id_key&release_tag=R2026.19,R2026.19,,1.17.1
104,PRJNA701982,Antibiotic-driven intestinal dysbiosis in paediatric SBS alters microbiome functions and is associated with gut-derived blood stream infections throughout childhood,COH0138,Thänert 2021 USA,include,67,57,,delivery;feeding;preterm;antibiotics;probiotic,5,0.842105,0.0,0.0,0.0,0.0,0.0,R3,R0,R3,R3,R2,R0,partial_coverage,"1 paper(s), 7 inventoried table(s); still missing delivery, feeding, preterm, antibiotics, probiotic","Upload a per-sample table keyed by run/BioSample accession with the still-missing columns (delivery, feeding, preterm, antibiotics, probiotic).",per_sample_table,1,34264786,7,False,12.343996,https://www.ebi.ac.uk/ena/browser/view/PRJNA701982,https://www.ncbi.nlm.nih.gov/bioproject/PRJNA701982,https://github.com/OlmLab/microbiome_repo/issues/new?template=catalog-contribution.yml&labels=contribution&title=%5Bcontribution%5D%20PRJNA701982%3A%20per_sample_table&study_accession=PRJNA701982&contribution_type=per_sample_table&release_tag=R2026.19,R2026.19,,1.17.1
105,PRJNA61745,Strain-resolved community genomic analysis of gut microbial colonization in a premature infant,,,include,27,27,,age;delivery;feeding;antibiotics;probiotic,5,0.0,0.0,0.0,1.0,0.0,0.0,R0,R0,R0,R0,R0,R0,no_linked_paper,0 rows in study_paper_links; access_tier=not_in_extraction_worklist,"Point to the paper (PMID/DOI) describing PRJNA61745, or upload a per-sample table keyed by run accession (SRR/ERR/DRR) with age, delivery, feeding, antibiotics, probiotic.",paper_pointer,0,,0,False,12.300843,https://www.ebi.ac.uk/ena/browser/view/PRJNA61745,https://www.ncbi.nlm.nih.gov/bioproject/PRJNA61745,https://github.com/OlmLab/microbiome_repo/issues/new?template=catalog-contribution.yml&labels=contribution&title=%5Bcontribution%5D%20PRJNA61745%3A%20paper_pointer&study_accession=PRJNA61745&contribution_type=paper_pointer&release_tag=R2026.19,R2026.19,,1.17.1
106,PRJNA988496,Delivery mode impacts gut bacteriophage colonization during infancy,COH0052,Subramanian 2025 USA,include,273,273,,feeding;preterm;antibiotics;probiotic,4,1.0,1.0,0.0,0.0,0.0,0.007326,R3,R3,R3,R2,R3,R0,partial_coverage,"4 paper(s), 6 inventoried table(s); still missing feeding, preterm, antibiotics, probiotic","Upload a per-sample table keyed by run/BioSample accession with the still-missing columns (feeding, preterm, antibiotics, probiotic).",per_sample_table,4,38773685;40823537;41405404,6,False,12.179823,https://www.ebi.ac.uk/ena/browser/view/PRJNA988496,https://www.ncbi.nlm.nih.gov/bioproject/PRJNA988496,https://github.com/OlmLab/microbiome_repo/issues/new?template=catalog-contribution.yml&labels=contribution&title=%5Bcontribution%5D%20PRJNA988496%3A%20per_sample_table&study_accession=PRJNA988496&contribution_type=per_sample_table&release_tag=R2026.19,R2026.19,,1.17.1
107,PRJNA1231247,metagenome Raw sequence reads,COH0096,Liu 2026 China,include,40,40,40.0,age;delivery;feeding;probiotic,4,0.0,0.0,0.0,1.0,1.0,0.0,R3,R3,R3,R3,R3,R3,no_supplement_found,1 linked paper(s) (A_fulltext_xml); 0 inventoried supplementary members,"Upload a per-sample table keyed by run accession (SRR/ERR/DRR) or BioSample with age, delivery, feeding, probiotic, and state where it came from.",per_sample_table,1,42746483,0,False,12.095879,https://www.ebi.ac.uk/ena/browser/view/PRJNA1231247,https://www.ncbi.nlm.nih.gov/bioproject/PRJNA1231247,https://github.com/OlmLab/microbiome_repo/issues/new?template=catalog-contribution.yml&labels=contribution&title=%5Bcontribution%5D%20PRJNA1231247%3A%20per_sample_table&study_accession=PRJNA1231247&contribution_type=per_sample_table&release_tag=R2026.19,R2026.19,,1.17.1
108,PRJNA422569,Tracing mother-infant transmission of bacteriophages by means of a novel tool for analysis of shotgun metagenomics datasets: METAnnotatorX,COH0119,Milani 2018 Italy,include,31,31,,age;delivery;feeding;antibiotics,4,0.0,0.0,0.0,1.0,0.0,1.0,R2,R2,R2,R3,R2,R3,tables_unjoinable_need_key,"Bifidobacterium longum subsp. infantis-style sample names (forms seen: Bifidobacterium longum subsp. infantis, BioSample, ERR2367187_Prevotella_sp., Infant1); no key to archive accessions (no_match 5…","Upload a key file mapping Bifidobacterium longum subsp. infantis -> SRR/ERR/DRR or BioSample accessions of PRJNA422569, or a per-sample table keyed by accession (age, delivery, feeding, antibiotics).",id_key,5,30126456;36123315;36316342;37169786;41350579,39,False,12.0412,https://www.ebi.ac.uk/ena/browser/view/PRJNA422569,https://www.ncbi.nlm.nih.gov/bioproject/PRJNA422569,https://github.com/OlmLab/microbiome_repo/issues/new?template=catalog-contribution.yml&labels=contribution&title=%5Bcontribution%5D%20PRJNA422569%3A%20id_key&study_accession=PRJNA422569&contribution_type=id_key&release_tag=R2026.19,R2026.19,,1.17.1
109,PRJNA978345,Infant cystic fibrosis BAL and stool microbiome,COH0524,singleton study PRJNA978345,include,96,96,,delivery;feeding;preterm;probiotic,4,1.0,0.0,0.0,0.0,1.0,0.0,R0,R0,R0,R0,R0,R0,no_linked_paper,0 rows in study_paper_links; access_tier=none_no_linked_paper,"Point to the paper (PMID/DOI) describing PRJNA978345, or upload a per-sample table keyed by run accession (SRR/ERR/DRR) with delivery, feeding, preterm, probiotic.",paper_pointer,0,,0,False,11.92063,https://www.ebi.ac.uk/ena/browser/view/PRJNA978345,https://www.ncbi.nlm.nih.gov/bioproject/PRJNA978345,https://github.com/OlmLab/microbiome_repo/issues/new?template=catalog-contribution.yml&labels=contribution&title=%5Bcontribution%5D%20PRJNA978345%3A%20paper_pointer&study_accession=PRJNA978345&contribution_type=paper_pointer&release_tag=R2026.19,R2026.19,,1.17.1
110,PRJNA657818,Delivery mode impacts newborn gut colonization efficiency,COH0457,singleton study PRJNA657818,include,263,166,,age;feeding;antibiotics;probiotic,4,0.385542,0.777108,0.0,1.0,0.0,0.0,R2,R2,R2,R2,R2,R3,partial_coverage,"3 paper(s), 3 inventoried table(s); still missing age, feeding, antibiotics, probiotic","Upload a per-sample table keyed by run/BioSample accession with the still-missing columns (age, feeding, antibiotics, probiotic).",per_sample_table,3,33377127;36050292;38424077,3,False,11.876805,https://www.ebi.ac.uk/ena/browser/view/PRJNA657818,https://www.ncbi.nlm.nih.gov/bioproject/PRJNA657818,https://github.com/OlmLab/microbiome_repo/issues/new?template=catalog-contribution.yml&labels=contribution&title=%5Bcontribution%5D%20PRJNA657818%3A%20per_sample_table&study_accession=PRJNA657818&contribution_type=per_sample_table&release_tag=R2026.19,R2026.19,,1.17.1
111,PRJNA1348516,Metagenomic sequencing of stool samples of infants raw sequence reads,COH0377,singleton study PRJNA1348516,include,809,809,809.0,feeding;preterm;probiotic,3,1.0,1.0,0.0,0.0,0.872682,0.0,R0,R0,R0,R0,R0,R0,no_linked_paper,0 rows in study_paper_links; access_tier=none_no_linked_paper,"Point to the paper (PMID/DOI) describing PRJNA1348516, or upload a per-sample table keyed by run accession (SRR/ERR/DRR) with feeding, preterm, probiotic.",paper_pointer,0,,0,False,11.63394,https://www.ebi.ac.uk/ena/browser/view/PRJNA1348516,https://www.ncbi.nlm.nih.gov/bioproject/PRJNA1348516,https://github.com/OlmLab/microbiome_repo/issues/new?template=catalog-contribution.yml&labels=contribution&title=%5Bcontribution%5D%20PRJNA1348516%3A%20paper_pointer&study_accession=PRJNA1348516&contribution_type=paper_pointer&release_tag=R2026.19,R2026.19,,1.17.1
112,PRJNA1513446,Metagenomic sequencing of meconium microbiota of neonates,COH2362,singleton study PRJNA1513446,include,44,44,,delivery;feeding;preterm;antibiotics;probiotic,5,1.0,0.0,0.0,0.0,0.0,0.0,R1,R0,R0,R0,R0,R0,no_linked_paper,0 rows in study_paper_links; access_tier=none_no_linked_paper,"Point to the paper (PMID/DOI) describing PRJNA1513446, or upload a per-sample table keyed by run accession (SRR/ERR/DRR) with delivery, feeding, preterm, antibiotics, probiotic.",paper_pointer,0,,0,False,11.572488,https://www.ebi.ac.uk/ena/browser/view/PRJNA1513446,https://www.ncbi.nlm.nih.gov/bioproject/PRJNA1513446,https://github.com/OlmLab/microbiome_repo/issues/new?template=catalog-contribution.yml&labels=contribution&title=%5Bcontribution%5D%20PRJNA1513446%3A%20paper_pointer&study_accession=PRJNA1513446&contribution_type=paper_pointer&release_tag=R2026.19,R2026.19,,1.17.1
113,PRJNA698986,Early-life metagenomes from human infant fecal samples with matched maternal sample,COH0048,Lou 2021 USA,include,819,735,,feeding;preterm;probiotic,3,0.976871,1.0,0.0,0.0,0.991837,0.0,R1,R2,R2,R2,R2,R3,partial_coverage,"6 paper(s), 43 inventoried table(s); still missing feeding, preterm, probiotic","Upload a per-sample table keyed by run/BioSample accession with the still-missing columns (feeding, preterm, probiotic).",per_sample_table,6,34622230;36123315;37973815;39138199;39428758;41025564,43,False,11.467511,https://www.ebi.ac.uk/ena/browser/view/PRJNA698986,https://www.ncbi.nlm.nih.gov/bioproject/PRJNA698986,https://github.com/OlmLab/microbiome_repo/issues/new?template=catalog-contribution.yml&labels=contribution&title=%5Bcontribution%5D%20PRJNA698986%3A%20per_sample_table&study_accession=PRJNA698986&contribution_type=per_sample_table&release_tag=R2026.19,R2026.19,,1.17.1
114,PRJNA1177813,2FL age specific bifidobacterium effect,COH0092,Firrman 2024 Belgium,include,126,42,21.0,delivery;feeding;preterm;antibiotics;probiotic,5,1.0,0.0,0.0,0.0,0.0,0.0,R0,R0,R2,R0,R3,R3,pdf_only_supplement,"1 supplementary member(s) of 1 paper(s), all PDF/DOCX","Upload the PDF/DOCX supplement re-typed as CSV/TSV (one row per sample, accession column) with delivery, feeding, preterm, antibiotics, probiotic.",per_sample_table,1,39796584,0,False,11.434279,https://www.ebi.ac.uk/ena/browser/view/PRJNA1177813,https://www.ncbi.nlm.nih.gov/bioproject/PRJNA1177813,https://github.com/OlmLab/microbiome_repo/issues/new?template=catalog-contribution.yml&labels=contribution&title=%5Bcontribution%5D%20PRJNA1177813%3A%20per_sample_table&study_accession=PRJNA1177813&contribution_type=per_sample_table&release_tag=R2026.19,R2026.19,,1.17.1
115,PRJNA290380,"A longitudinal analysis of the developing gut microbiome in infants from Finland, Estonia, and Russian Karelia",COH0110,Majta 2019 Finland,include,785,769,,feeding;preterm;probiotic,3,1.0,1.0,0.022107,0.0,0.977893,0.0,R2,R2,R2,R2,R2,R2,partial_coverage,"21 paper(s), 137 inventoried table(s); still missing feeding, preterm, probiotic","Upload a per-sample table keyed by run/BioSample accession with the still-missing columns (feeding, preterm, probiotic).",per_sample_table,21,30894435;32728114;34152069;36050292;36123315;36177457;36316342;37158607;37169786;37188713;37191543;38172624;38193687;38424077;38441032;38882494;39138199;39287373;41025564;41350579;41796297,137,False,11.41834,https://www.ebi.ac.uk/ena/browser/view/PRJNA290380,https://www.ncbi.nlm.nih.gov/bioproject/PRJNA290380,https://github.com/OlmLab/microbiome_repo/issues/new?template=catalog-contribution.yml&labels=contribution&title=%5Bcontribution%5D%20PRJNA290380%3A%20per_sample_table&study_accession=PRJNA290380&contribution_type=per_sample_table&release_tag=R2026.19,R2026.19,,1.17.1
116,PRJNA385126,viral metagenome Metagenome,COH0116,McCann 2018 Ireland,include,40,40,20.0,delivery;feeding;preterm;antibiotics;probiotic,5,1.0,0.0,0.0,0.0,0.0,0.0,R2,R2,R2,R3,R3,R0,partial_coverage,"3 paper(s), 6 inventoried table(s); still missing delivery, feeding, preterm, antibiotics, probiotic","Upload a per-sample table keyed by run/BioSample accession with the still-missing columns (delivery, feeding, preterm, antibiotics, probiotic).",per_sample_table,3,29761040;38424077;42315844,6,False,11.289487,https://www.ebi.ac.uk/ena/browser/view/PRJNA385126,https://www.ncbi.nlm.nih.gov/bioproject/PRJNA385126,https://github.com/OlmLab/microbiome_repo/issues/new?template=catalog-contribution.yml&labels=contribution&title=%5Bcontribution%5D%20PRJNA385126%3A%20per_sample_table&study_accession=PRJNA385126&contribution_type=per_sample_table&release_tag=R2026.19,R2026.19,,1.17.1
117,PRJNA1042647,Bile Acids Are Substrates for Amine N-Acyl Transferase Activity by Bile Salt Hydrolase,,,include,180,180,,delivery;preterm;antibiotics;probiotic,4,1.0,0.0,0.711111,0.0,0.0,0.0,R1,R3,R3,R3,R3,R3,partial_coverage,"3 paper(s), 5 inventoried table(s); still missing delivery, preterm, antibiotics, probiotic","Upload a per-sample table keyed by run/BioSample accession with the still-missing columns (delivery, preterm, antibiotics, probiotic).",per_sample_table,3,39440978;39856742;40763731,5,False,11.288393,https://www.ebi.ac.uk/ena/browser/view/PRJNA1042647,https://www.ncbi.nlm.nih.gov/bioproject/PRJNA1042647,https://github.com/OlmLab/microbiome_repo/issues/new?template=catalog-contribution.yml&labels=contribution&title=%5Bcontribution%5D%20PRJNA1042647%3A%20per_sample_table&study_accession=PRJNA1042647&contribution_type=per_sample_table&release_tag=R2026.19,R2026.19,,1.17.1
118,PRJEB35919,Bacteriophages enhance microbiota analysis.,COH2348,singleton study PRJEB35919,include,20,20,,age;delivery;feeding;antibiotics;probiotic,5,0.0,0.0,0.0,1.0,0.0,0.0,R0,R0,R0,R1,R0,R0,no_linked_paper,0 rows in study_paper_links; access_tier=none_no_linked_paper,"Point to the paper (PMID/DOI) describing PRJEB35919, or upload a per-sample table keyed by run accession (SRR/ERR/DRR) with age, delivery, feeding, antibiotics, probiotic.",paper_pointer,0,,0,False,11.238864,https://www.ebi.ac.uk/ena/browser/view/PRJEB35919,https://www.ncbi.nlm.nih.gov/bioproject/PRJEB35919,https://github.com/OlmLab/microbiome_repo/issues/new?template=catalog-contribution.yml&labels=contribution&title=%5Bcontribution%5D%20PRJEB35919%3A%20paper_pointer&study_accession=PRJEB35919&contribution_type=paper_pointer&release_tag=R2026.19,R2026.19,,1.17.1
119,PRJNA1274602,Association of fentanyl-induced microbiome changes and neurodevelopmental outcomes in preterm infants,COH2336,singleton study PRJNA1274602,include,20,20,20.0,age;delivery;feeding;antibiotics;probiotic,5,0.0,0.0,0.0,1.0,0.0,0.0,R0,R0,R0,R0,R0,R0,no_linked_paper,0 rows in study_paper_links; access_tier=none_no_linked_paper,"Point to the paper (PMID/DOI) describing PRJNA1274602, or upload a per-sample table keyed by run accession (SRR/ERR/DRR) with age, delivery, feeding, antibiotics, probiotic.",paper_pointer,0,,0,False,11.238864,https://www.ebi.ac.uk/ena/browser/view/PRJNA1274602,https://www.ncbi.nlm.nih.gov/bioproject/PRJNA1274602,https://github.com/OlmLab/microbiome_repo/issues/new?template=catalog-contribution.yml&labels=contribution&title=%5Bcontribution%5D%20PRJNA1274602%3A%20paper_pointer&study_accession=PRJNA1274602&contribution_type=paper_pointer&release_tag=R2026.19,R2026.19,,1.17.1
120,PRJNA850838,Metagenomic analysis of intestinal oligosaccharides in infants,COH0502,singleton study PRJNA850838,include,12,12,12.0,age;delivery;feeding;preterm;antibiotics;probiotic,6,0.0,0.0,0.0,0.0,0.0,0.0,R0,R0,R0,R0,R0,R0,no_linked_paper,0 rows in study_paper_links; access_tier=none_no_linked_paper,"Point to the paper (PMID/DOI) describing PRJNA850838, or upload a per-sample table keyed by run accession (SRR/ERR/DRR) with age, delivery, feeding, preterm, antibiotics, probiotic.",paper_pointer,0,,0,False,11.139434,https://www.ebi.ac.uk/ena/browser/view/PRJNA850838,https://www.ncbi.nlm.nih.gov/bioproject/PRJNA850838,https://github.com/OlmLab/microbiome_repo/issues/new?template=catalog-contribution.yml&labels=contribution&title=%5Bcontribution%5D%20PRJNA850838%3A%20paper_pointer&study_accession=PRJNA850838&contribution_type=paper_pointer&release_tag=R2026.19,R2026.19,,1.17.1
121,PRJNA858926,Microbiological analysis of breast milk and infant feces,COH0154,Xi 2022 China,include,100,50,56.0,age;delivery;antibiotics;probiotic,4,0.0,0.0,1.0,1.0,0.0,0.0,R3,R3,R1,R3,R3,R3,no_supplement_found,2 linked paper(s) (A_fulltext_xml); 0 inventoried supplementary members,"Upload a per-sample table keyed by run accession (SRR/ERR/DRR) or BioSample with age, delivery, antibiotics, probiotic, and state where it came from.",per_sample_table,2,36687649;37771701,0,False,11.099206,https://www.ebi.ac.uk/ena/browser/view/PRJNA858926,https://www.ncbi.nlm.nih.gov/bioproject/PRJNA858926,https://github.com/OlmLab/microbiome_repo/issues/new?template=catalog-contribution.yml&labels=contribution&title=%5Bcontribution%5D%20PRJNA858926%3A%20per_sample_table&study_accession=PRJNA858926&contribution_type=per_sample_table&release_tag=R2026.19,R2026.19,,1.17.1
122,PRJEB83552,SEPSIS Lactobacillus plantarum ATCC 202195 Microbiome Study,COH0315,singleton study PRJEB83552,include,1674,1462,,feeding;antibiotics;probiotic,3,1.0,1.0,0.0,0.976744,0.0,0.0,R3,R0,R0,R0,R0,R0,no_linked_paper,0 rows in study_paper_links; access_tier=none_no_linked_paper,"Point to the paper (PMID/DOI) describing PRJEB83552, or upload a per-sample table keyed by run accession (SRR/ERR/DRR) with feeding, antibiotics, probiotic.",paper_pointer,0,,0,False,11.078355,https://www.ebi.ac.uk/ena/browser/view/PRJEB83552,https://www.ncbi.nlm.nih.gov/bioproject/PRJEB83552,https://github.com/OlmLab/microbiome_repo/issues/new?template=catalog-contribution.yml&labels=contribution&title=%5Bcontribution%5D%20PRJEB83552%3A%20paper_pointer&study_accession=PRJEB83552&contribution_type=paper_pointer&release_tag=R2026.19,R2026.19,,1.17.1
123,PRJNA1258733,Human Gut Metagenome,COH1833,Parizadeh early-life gut microbiome cohort,include,156,156,156.0,feeding;preterm;antibiotics;probiotic,4,0.807692,0.807692,0.0,0.0,0.0,0.0,R2,R3,R2,R3,R3,R0,tables_unjoinable_need_key,paper-internal sample names-style sample names (forms seen: n/a); no key to archive accessions (no_match 5),"Upload a key file mapping paper-internal sample names -> SRR/ERR/DRR or BioSample accessions of PRJNA1258733, or a per-sample table keyed by accession (feeding, preterm, antibiotics, probiotic).",id_key,1,42127418,14,False,10.979498,https://www.ebi.ac.uk/ena/browser/view/PRJNA1258733,https://www.ncbi.nlm.nih.gov/bioproject/PRJNA1258733,https://github.com/OlmLab/microbiome_repo/issues/new?template=catalog-contribution.yml&labels=contribution&title=%5Bcontribution%5D%20PRJNA1258733%3A%20id_key&study_accession=PRJNA1258733&contribution_type=id_key&release_tag=R2026.19,R2026.19,,1.17.1
124,PRJNA648487,Factors associated with the microbiome in moderate-late preterm babies - the DIAMOND trial - Shotgun Metagenomic data,COH0135,DIAMOND,include,94,94,94.0,delivery;feeding;antibiotics;probiotic,4,1.0,0.0,0.0,1.0,0.0,0.0,R3,R3,R2,R3,R3,R3,partial_coverage,"3 paper(s), 29 inventoried table(s); still missing delivery, feeding, antibiotics, probiotic","Upload a per-sample table keyed by run/BioSample accession with the still-missing columns (delivery, feeding, antibiotics, probiotic).",per_sample_table,3,33732655;36177457;37191543,29,False,10.87748,https://www.ebi.ac.uk/ena/browser/view/PRJNA648487,https://www.ncbi.nlm.nih.gov/bioproject/PRJNA648487,https://github.com/OlmLab/microbiome_repo/issues/new?template=catalog-contribution.yml&labels=contribution&title=%5Bcontribution%5D%20PRJNA648487%3A%20per_sample_table&study_accession=PRJNA648487&contribution_type=per_sample_table&release_tag=R2026.19,R2026.19,,1.17.1
125,PRJNA521878,Gut metagenome of infants in the neonatal intensive care unit,COH0209,singleton study PRJNA521878,include,64,64,,delivery;feeding;preterm;probiotic,4,1.0,0.0,0.0,0.0,1.0,0.0,R1,R2,R2,R3,R2,R3,partial_coverage,"6 paper(s), 36 inventoried table(s); still missing delivery, feeding, preterm, probiotic","Upload a per-sample table keyed by run/BioSample accession with the still-missing columns (delivery, feeding, preterm, probiotic).",per_sample_table,6,36050292;37169786;38172624;38424077;39428758;41350579,36,False,10.87748,https://www.ebi.ac.uk/ena/browser/view/PRJNA521878,https://www.ncbi.nlm.nih.gov/bioproject/PRJNA521878,https://github.com/OlmLab/microbiome_repo/issues/new?template=catalog-contribution.yml&labels=contribution&title=%5Bcontribution%5D%20PRJNA521878%3A%20per_sample_table&study_accession=PRJNA521878&contribution_type=per_sample_table&release_tag=R2026.19,R2026.19,,1.17.1
126,PRJNA1191223,Impact of early life antibiotic and probiotic treatment on gut microbiome and resistome of preterm infants (metagenome samples),COH0093,Kiu 2025 United Kingdom,include,92,92,,age;delivery;probiotic,3,0.0,0.0,1.0,1.0,1.0,0.0,R2,R3,R3,R1,R2,R2,tables_unjoinable_need_key,paper-internal sample names-style sample names (forms seen: n/a); no key to archive accessions (no_match 11),"Upload a key file mapping paper-internal sample names -> SRR/ERR/DRR or BioSample accessions of PRJNA1191223, or a per-sample table keyed by accession (age, delivery, probiotic).",id_key,1,40813371,46,False,10.826656,https://www.ebi.ac.uk/ena/browser/view/PRJNA1191223,https://www.ncbi.nlm.nih.gov/bioproject/PRJNA1191223,https://github.com/OlmLab/microbiome_repo/issues/new?template=catalog-contribution.yml&labels=contribution&title=%5Bcontribution%5D%20PRJNA1191223%3A%20id_key&study_accession=PRJNA1191223&contribution_type=id_key&release_tag=R2026.19,R2026.19,,1.17.1
127,PRJNA949528,"Health programming, evolution of the infants microbiome",COH0166,Kozhakhmetov 2023 Kazakhstan,include,183,143,,feeding;preterm;antibiotics;probiotic,4,1.0,1.0,0.0,0.0,0.0,0.0,R3,R3,R3,R3,R3,R3,partial_coverage,"3 paper(s), 8 inventoried table(s); still missing feeding, preterm, antibiotics, probiotic","Upload a per-sample table keyed by run/BioSample accession with the still-missing columns (feeding, preterm, antibiotics, probiotic).",per_sample_table,3,37308527;40299456;40399402,8,False,10.791812,https://www.ebi.ac.uk/ena/browser/view/PRJNA949528,https://www.ncbi.nlm.nih.gov/bioproject/PRJNA949528,https://github.com/OlmLab/microbiome_repo/issues/new?template=catalog-contribution.yml&labels=contribution&title=%5Bcontribution%5D%20PRJNA949528%3A%20per_sample_table&study_accession=PRJNA949528&contribution_type=per_sample_table&release_tag=R2026.19,R2026.19,,1.17.1
128,PRJNA1102671,"High detection frequency of vaccine-associated polioviruses and non-polio enteroviruses in stools of asymptomatic infants from the Free State Province, South Africa.",COH0340,singleton study PRJNA1102671,include,11,11,11.0,age;delivery;feeding;preterm;antibiotics;probiotic,6,0.0,0.0,0.0,0.0,0.0,0.0,R1,R0,R0,R0,R0,R0,no_linked_paper,0 rows in study_paper_links; access_tier=none_no_linked_paper,"Point to the paper (PMID/DOI) describing PRJNA1102671, or upload a per-sample table keyed by run accession (SRR/ERR/DRR) with age, delivery, feeding, preterm, antibiotics, probiotic.",paper_pointer,0,,0,False,10.791812,https://www.ebi.ac.uk/ena/browser/view/PRJNA1102671,https://www.ncbi.nlm.nih.gov/bioproject/PRJNA1102671,https://github.com/OlmLab/microbiome_repo/issues/new?template=catalog-contribution.yml&labels=contribution&title=%5Bcontribution%5D%20PRJNA1102671%3A%20paper_pointer&study_accession=PRJNA1102671&contribution_type=paper_pointer&release_tag=R2026.19,R2026.19,,1.17.1
129,PRJNA299342,children intestinal bacteria about SFB metagenome,COH0405,singleton study PRJNA299342,include,11,11,11.0,age;delivery;feeding;preterm;antibiotics;probiotic,6,0.0,0.0,0.0,0.0,0.0,0.0,R0,R0,R0,R0,R0,R0,no_linked_paper,0 rows in study_paper_links; access_tier=none_no_linked_paper,"Point to the paper (PMID/DOI) describing PRJNA299342, or upload a per-sample table keyed by run accession (SRR/ERR/DRR) with age, delivery, feeding, preterm, antibiotics, probiotic.",paper_pointer,0,,0,False,10.791812,https://www.ebi.ac.uk/ena/browser/view/PRJNA299342,https://www.ncbi.nlm.nih.gov/bioproject/PRJNA299342,https://github.com/OlmLab/microbiome_repo/issues/new?template=catalog-contribution.yml&labels=contribution&title=%5Bcontribution%5D%20PRJNA299342%3A%20paper_pointer&study_accession=PRJNA299342&contribution_type=paper_pointer&release_tag=R2026.19,R2026.19,,1.17.1
130,PRJNA390646,Infant Microbiota and Probiotic Intake Study (IMPRINT),COH0043,IMPRINT,include,60,60,,age;delivery;antibiotics,3,0.0,0.0,1.0,1.0,0.0,1.0,R2,R2,R3,R3,R2,R2,partial_coverage,"9 paper(s), 127 inventoried table(s); still missing age, delivery, antibiotics","Upload a per-sample table keyed by run/BioSample accession with the still-missing columns (age, delivery, antibiotics).",per_sample_table,9,29242832;30338216;31423298;36050292;37169786;38424077;38882494;39138199;42236946,127,False,10.711979,https://www.ebi.ac.uk/ena/browser/view/PRJNA390646,https://www.ncbi.nlm.nih.gov/bioproject/PRJNA390646,https://github.com/OlmLab/microbiome_repo/issues/new?template=catalog-contribution.yml&labels=contribution&title=%5Bcontribution%5D%20PRJNA390646%3A%20per_sample_table&study_accession=PRJNA390646&contribution_type=per_sample_table&release_tag=R2026.19,R2026.19,,1.17.1
131,PRJNA1062322,Human milk cream alters intestinal microbiome of preterm infants,COH0333,singleton study PRJNA1062322,include,57,57,,age;feeding;antibiotics,3,0.0,1.0,0.0,1.0,0.0,0.596491,R0,R0,R0,R0,R0,R0,no_linked_paper,0 rows in study_paper_links; access_tier=none_no_linked_paper,"Point to the paper (PMID/DOI) describing PRJNA1062322, or upload a per-sample table keyed by run accession (SRR/ERR/DRR) with age, feeding, antibiotics.",paper_pointer,0,,0,False,10.580568,https://www.ebi.ac.uk/ena/browser/view/PRJNA1062322,https://www.ncbi.nlm.nih.gov/bioproject/PRJNA1062322,https://github.com/OlmLab/microbiome_repo/issues/new?template=catalog-contribution.yml&labels=contribution&title=%5Bcontribution%5D%20PRJNA1062322%3A%20paper_pointer&study_accession=PRJNA1062322&contribution_type=paper_pointer&release_tag=R2026.19,R2026.19,,1.17.1
132,PRJNA884688,Human gut microbiota and protein source,COH0509,singleton study PRJNA884688,include,109,109,,age;delivery;antibiotics;probiotic,4,0.477064,0.0,1.0,1.0,0.0,0.0,R3,R3,R1,R3,R3,R3,no_supplement_found,1 linked paper(s) (A_fulltext_xml); 0 inventoried supplementary members,"Upload a per-sample table keyed by run accession (SRR/ERR/DRR) or BioSample with age, delivery, antibiotics, probiotic, and state where it came from.",per_sample_table,1,36778973,0,False,10.347428,https://www.ebi.ac.uk/ena/browser/view/PRJNA884688,https://www.ncbi.nlm.nih.gov/bioproject/PRJNA884688,https://github.com/OlmLab/microbiome_repo/issues/new?template=catalog-contribution.yml&labels=contribution&title=%5Bcontribution%5D%20PRJNA884688%3A%20per_sample_table&study_accession=PRJNA884688&contribution_type=per_sample_table&release_tag=R2026.19,R2026.19,,1.17.1
133,PRJNA798191,Bamboo microbiota study in infants,COH0485,singleton study PRJNA798191,include,51,51,51.0,age;delivery;antibiotics,3,0.0,0.0,1.0,1.0,0.0,1.0,R3,R3,R3,R3,R3,R3,no_supplement_found,1 linked paper(s) (A_fulltext_xml); 0 inventoried supplementary members,"Upload a per-sample table keyed by run accession (SRR/ERR/DRR) or BioSample with age, delivery, antibiotics, and state where it came from.",per_sample_table,1,36038938,0,False,10.29602,https://www.ebi.ac.uk/ena/browser/view/PRJNA798191,https://www.ncbi.nlm.nih.gov/bioproject/PRJNA798191,https://github.com/OlmLab/microbiome_repo/issues/new?template=catalog-contribution.yml&labels=contribution&title=%5Bcontribution%5D%20PRJNA798191%3A%20per_sample_table&study_accession=PRJNA798191&contribution_type=per_sample_table&release_tag=R2026.19,R2026.19,,1.17.1
134,PRJEB14969,Dairy and plant based food intakes are associated with altered faecal microbiota in 2 to 3 year old Australian children.,COH0061,Smith-Brown 2016 Australia,include,37,37,,age;feeding;antibiotics;probiotic,4,0.0,0.837838,0.0,1.0,0.0,0.0,R3,R0,R3,R0,R3,R0,no_supplement_found,1 linked paper(s) (A_fulltext_xml); 0 inventoried supplementary members,"Upload a per-sample table keyed by run accession (SRR/ERR/DRR) or BioSample with age, feeding, antibiotics, probiotic, and state where it came from.",per_sample_table,1,27694811,0,False,10.268593,https://www.ebi.ac.uk/ena/browser/view/PRJEB14969,https://www.ncbi.nlm.nih.gov/bioproject/PRJEB14969,https://github.com/OlmLab/microbiome_repo/issues/new?template=catalog-contribution.yml&labels=contribution&title=%5Bcontribution%5D%20PRJEB14969%3A%20per_sample_table&study_accession=PRJEB14969&contribution_type=per_sample_table&release_tag=R2026.19,R2026.19,,1.17.1
135,PRJEB64567,Maternal FMT in Cesarean-Born Infants - WGS sequencing of infants (1w to 1year) and maternal fecal samples,COH2286,singleton study PRJEB64567,include,35,28,,delivery;feeding;preterm;antibiotics;probiotic,5,1.0,0.0,0.0,0.0,0.0,0.0,R0,R0,R0,R0,R0,R0,no_linked_paper,0 rows in study_paper_links; access_tier=none_no_linked_paper,"Point to the paper (PMID/DOI) describing PRJEB64567, or upload a per-sample table keyed by run accession (SRR/ERR/DRR) with delivery, feeding, preterm, antibiotics, probiotic.",paper_pointer,0,,0,False,10.236786,https://www.ebi.ac.uk/ena/browser/view/PRJEB64567,https://www.ncbi.nlm.nih.gov/bioproject/PRJEB64567,https://github.com/OlmLab/microbiome_repo/issues/new?template=catalog-contribution.yml&labels=contribution&title=%5Bcontribution%5D%20PRJEB64567%3A%20paper_pointer&study_accession=PRJEB64567&contribution_type=paper_pointer&release_tag=R2026.19,R2026.19,,1.17.1
136,PRJEB97976,Infant gut microbiome maturation during weaning,COH0023,Milkome,include,108,108,108.0,age;preterm;probiotic,3,0.0,1.0,1.0,0.0,1.0,0.0,R2,R3,R1,R0,R2,R0,tables_unjoinable_need_key,"B. infantis-style sample names (forms seen: B. infantis, Glucose sample, Sample, Sample ID); no key to archive accessions (no_match 22)","Upload a key file mapping B. infantis -> SRR/ERR/DRR or BioSample accessions of PRJEB97976, or a per-sample table keyed by accession (age, preterm, probiotic).",id_key,1,42203770,57,False,10.187132,https://www.ebi.ac.uk/ena/browser/view/PRJEB97976,https://www.ncbi.nlm.nih.gov/bioproject/PRJEB97976,https://github.com/OlmLab/microbiome_repo/issues/new?template=catalog-contribution.yml&labels=contribution&title=%5Bcontribution%5D%20PRJEB97976%3A%20id_key&study_accession=PRJEB97976&contribution_type=id_key&release_tag=R2026.19,R2026.19,,1.17.1
137,PRJNA606271,Neonatal antibiotic exposure impairs child growth during the first six years of life,COH0131,Uzan-Yulzari 2021 Finland,include,20,20,20.0,age;delivery;feeding;antibiotics;probiotic,5,0.0,0.0,0.45,1.0,0.0,0.0,R2,R3,R3,R3,R2,R2,partial_coverage,"1 paper(s), 39 inventoried table(s); still missing age, delivery, feeding, antibiotics, probiotic","Upload a per-sample table keyed by run/BioSample accession with the still-missing columns (age, delivery, feeding, antibiotics, probiotic).",per_sample_table,1,33500411,39,False,10.048867,https://www.ebi.ac.uk/ena/browser/view/PRJNA606271,https://www.ncbi.nlm.nih.gov/bioproject/PRJNA606271,https://github.com/OlmLab/microbiome_repo/issues/new?template=catalog-contribution.yml&labels=contribution&title=%5Bcontribution%5D%20PRJNA606271%3A%20per_sample_table&study_accession=PRJNA606271&contribution_type=per_sample_table&release_tag=R2026.19,R2026.19,,1.17.1
138,PRJNA1128803,Macrogenome sequence of the infant gut microbiota,COH0347,singleton study PRJNA1128803,include,9,9,9.0,age;delivery;feeding;preterm;antibiotics;probiotic,6,0.0,0.0,0.0,0.0,0.0,0.0,R0,R0,R0,R0,R0,R0,no_linked_paper,0 rows in study_paper_links; access_tier=none_no_linked_paper,"Point to the paper (PMID/DOI) describing PRJNA1128803, or upload a per-sample table keyed by run accession (SRR/ERR/DRR) with age, delivery, feeding, preterm, antibiotics, probiotic.",paper_pointer,0,,0,False,10.0,https://www.ebi.ac.uk/ena/browser/view/PRJNA1128803,https://www.ncbi.nlm.nih.gov/bioproject/PRJNA1128803,https://github.com/OlmLab/microbiome_repo/issues/new?template=catalog-contribution.yml&labels=contribution&title=%5Bcontribution%5D%20PRJNA1128803%3A%20paper_pointer&study_accession=PRJNA1128803&contribution_type=paper_pointer&release_tag=R2026.19,R2026.19,,1.17.1
139,PRJNA1076911,Infant and maternal gut microbiomes,COH0081,Leech 2024 Australia,include,50,25,,delivery;feeding;preterm;antibiotics;probiotic,5,1.0,0.0,0.0,0.0,0.0,0.0,R1,R3,R3,R3,R3,R3,partial_coverage,"1 paper(s), 3 inventoried table(s); still missing delivery, feeding, preterm, antibiotics, probiotic","Upload a per-sample table keyed by run/BioSample accession with the still-missing columns (delivery, feeding, preterm, antibiotics, probiotic).",per_sample_table,1,38995243,3,False,9.904813,https://www.ebi.ac.uk/ena/browser/view/PRJNA1076911,https://www.ncbi.nlm.nih.gov/bioproject/PRJNA1076911,https://github.com/OlmLab/microbiome_repo/issues/new?template=catalog-contribution.yml&labels=contribution&title=%5Bcontribution%5D%20PRJNA1076911%3A%20per_sample_table&study_accession=PRJNA1076911&contribution_type=per_sample_table&release_tag=R2026.19,R2026.19,,1.17.1
140,PRJNA504891,Metagenomic sequencing of stool samples from Ethiopian individuals,COH2295,singleton study PRJNA504891,include,50,25,25.0,delivery;feeding;preterm;antibiotics;probiotic,5,1.0,0.08,0.0,0.0,0.0,0.0,R2,R2,R2,R3,R3,R2,tables_unjoinable_need_key,"paper-internal sample names-style sample names (forms seen: n/a); no key to archive accessions (no_match 18, below_gate 3, too_large 1)","Upload a key file mapping paper-internal sample names -> SRR/ERR/DRR or BioSample accessions of PRJNA504891, or a per-sample table keyed by accession (delivery, feeding, preterm, antibiotics, probiot…",id_key,20,30661755;37116481;38172624;38426063;38441032;41620544;41986657,76,False,9.678418,https://www.ebi.ac.uk/ena/browser/view/PRJNA504891,https://www.ncbi.nlm.nih.gov/bioproject/PRJNA504891,https://github.com/OlmLab/microbiome_repo/issues/new?template=catalog-contribution.yml&labels=contribution&title=%5Bcontribution%5D%20PRJNA504891%3A%20id_key&study_accession=PRJNA504891&contribution_type=id_key&release_tag=R2026.19,R2026.19,,1.17.1
141,PRJEB86954,Integrating Metagenomics for Helminth Detection,COH0040,Ngwese 2025 Gabon,include,51,23,,delivery;feeding;preterm;antibiotics;probiotic,5,1.0,0.0,0.0,0.0,0.0,0.0,R2,R0,R0,R3,R0,R0,partial_coverage,"1 paper(s), 24 inventoried table(s); still missing delivery, feeding, preterm, antibiotics, probiotic","Upload a per-sample table keyed by run/BioSample accession with the still-missing columns (delivery, feeding, preterm, antibiotics, probiotic).",per_sample_table,1,41358671,24,False,9.661479,https://www.ebi.ac.uk/ena/browser/view/PRJEB86954,https://www.ncbi.nlm.nih.gov/bioproject/PRJEB86954,https://github.com/OlmLab/microbiome_repo/issues/new?template=catalog-contribution.yml&labels=contribution&title=%5Bcontribution%5D%20PRJEB86954%3A%20per_sample_table&study_accession=PRJEB86954&contribution_type=per_sample_table&release_tag=R2026.19,R2026.19,,1.17.1
142,PRJDA72415,Comprehensive Detection of Possible Pathogens Associated with Kawasaki Disease,COH0268,singleton study PRJDA72415,include,80,22,,delivery;feeding;preterm;antibiotics;probiotic,5,0.727273,0.0,0.0,0.0,0.0,0.0,R3,R0,R0,R0,R0,R0,no_linked_paper,0 rows in study_paper_links; access_tier=none_no_linked_paper,"Point to the paper (PMID/DOI) describing PRJDA72415, or upload a per-sample table keyed by run accession (SRR/ERR/DRR) with delivery, feeding, preterm, antibiotics, probiotic.",paper_pointer,0,,0,False,9.532095,https://www.ebi.ac.uk/ena/browser/view/PRJDA72415,https://www.ncbi.nlm.nih.gov/bioproject/PRJDA72415,https://github.com/OlmLab/microbiome_repo/issues/new?template=catalog-contribution.yml&labels=contribution&title=%5Bcontribution%5D%20PRJDA72415%3A%20paper_pointer&study_accession=PRJDA72415&contribution_type=paper_pointer&release_tag=R2026.19,R2026.19,,1.17.1
143,PRJNA1304237,Gut Microbiota Signatures in Indian Preterm Infants with Necrotizing Enterocolitis,COH0100,Devarajalu 2025 India,include,22,22,22.0,delivery;feeding;preterm;antibiotics;probiotic,5,1.0,0.0,0.0,0.0,0.0,0.0,R3,R3,R0,R3,R3,R3,partial_coverage,"1 paper(s), 1 inventoried table(s); still missing delivery, feeding, preterm, antibiotics, probiotic","Upload a per-sample table keyed by run/BioSample accession with the still-missing columns (delivery, feeding, preterm, antibiotics, probiotic).",per_sample_table,1,41017911,1,False,9.532095,https://www.ebi.ac.uk/ena/browser/view/PRJNA1304237,https://www.ncbi.nlm.nih.gov/bioproject/PRJNA1304237,https://github.com/OlmLab/microbiome_repo/issues/new?template=catalog-contribution.yml&labels=contribution&title=%5Bcontribution%5D%20PRJNA1304237%3A%20per_sample_table&study_accession=PRJNA1304237&contribution_type=per_sample_table&release_tag=R2026.19,R2026.19,,1.17.1
144,PRJNA1217583,"Metagenomic predictors of childhood obesity, cross-talk with maternal microflora",COH0094,Meiirmanova 2025 Kazakhstan,include,34,34,29.0,age;delivery;feeding;probiotic,4,0.470588,0.0,0.0,1.0,1.0,0.0,R3,R3,R3,R3,R3,R3,partial_coverage,"1 paper(s), 4 inventoried table(s); still missing age, delivery, feeding, probiotic","Upload a per-sample table keyed by run/BioSample accession with the still-missing columns (age, delivery, feeding, probiotic).",per_sample_table,1,40299456,4,False,9.400651,https://www.ebi.ac.uk/ena/browser/view/PRJNA1217583,https://www.ncbi.nlm.nih.gov/bioproject/PRJNA1217583,https://github.com/OlmLab/microbiome_repo/issues/new?template=catalog-contribution.yml&labels=contribution&title=%5Bcontribution%5D%20PRJNA1217583%3A%20per_sample_table&study_accession=PRJNA1217583&contribution_type=per_sample_table&release_tag=R2026.19,R2026.19,,1.17.1
145,PRJNA1260441,Comparative evaluation of DNA extraction protocols for neonatal gut microbiota profiling in a resource-limited setting,COH0369,singleton study PRJNA1260441,include,20,20,20.0,delivery;feeding;preterm;antibiotics;probiotic,5,0.5,0.0,0.0,0.0,0.0,0.0,R0,R0,R0,R0,R0,R0,no_linked_paper,0 rows in study_paper_links; access_tier=none_no_linked_paper,"Point to the paper (PMID/DOI) describing PRJNA1260441, or upload a per-sample table keyed by run accession (SRR/ERR/DRR) with delivery, feeding, preterm, antibiotics, probiotic.",paper_pointer,0,,0,False,9.255535,https://www.ebi.ac.uk/ena/browser/view/PRJNA1260441,https://www.ncbi.nlm.nih.gov/bioproject/PRJNA1260441,https://github.com/OlmLab/microbiome_repo/issues/new?template=catalog-contribution.yml&labels=contribution&title=%5Bcontribution%5D%20PRJNA1260441%3A%20paper_pointer&study_accession=PRJNA1260441&contribution_type=paper_pointer&release_tag=R2026.19,R2026.19,,1.17.1
146,PRJNA819247,Infant gut microbiome Raw sequence reads,COH1240,Sindi reduced fat/sugar maternal diet lactation cohort,include,20,20,20.0,age;delivery;preterm;probiotic,4,0.0,0.0,1.0,0.0,1.0,0.0,R0,R3,R3,R3,R3,R3,partial_coverage,"1 paper(s), 3 inventoried table(s); still missing age, delivery, preterm, probiotic","Upload a per-sample table keyed by run/BioSample accession with the still-missing columns (age, delivery, preterm, probiotic).",per_sample_table,1,36060782,3,False,9.255535,https://www.ebi.ac.uk/ena/browser/view/PRJNA819247,https://www.ncbi.nlm.nih.gov/bioproject/PRJNA819247,https://github.com/OlmLab/microbiome_repo/issues/new?template=catalog-contribution.yml&labels=contribution&title=%5Bcontribution%5D%20PRJNA819247%3A%20per_sample_table&study_accession=PRJNA819247&contribution_type=per_sample_table&release_tag=R2026.19,R2026.19,,1.17.1
147,PRJNA889771,"Raw reads of the microbiota of premature infant mouth, skin, and gut",COH0510,singleton study PRJNA889771,include,140,46,140.0,delivery;feeding;antibiotics;probiotic,4,1.0,0.0,0.0,1.0,0.0,0.0,R1,R0,R0,R0,R0,R0,no_linked_paper,0 rows in study_paper_links; access_tier=none_no_linked_paper,"Point to the paper (PMID/DOI) describing PRJNA889771, or upload a per-sample table keyed by run accession (SRR/ERR/DRR) with delivery, feeding, antibiotics, probiotic.",paper_pointer,0,,0,False,9.196538,https://www.ebi.ac.uk/ena/browser/view/PRJNA889771,https://www.ncbi.nlm.nih.gov/bioproject/PRJNA889771,https://github.com/OlmLab/microbiome_repo/issues/new?template=catalog-contribution.yml&labels=contribution&title=%5Bcontribution%5D%20PRJNA889771%3A%20paper_pointer&study_accession=PRJNA889771&contribution_type=paper_pointer&release_tag=R2026.19,R2026.19,,1.17.1
148,PRJNA497734,Longitudinal gut microbiome sequence data combined from several DIABIMMUNE microbiome studies,COH0028,DIABIMMUNE,include,1154,1135,,preterm;antibiotics;probiotic,3,1.0,1.0,0.767401,0.0,0.0,0.0,R2,R2,R2,R2,R2,R2,controlled_access,controlled access: registry cohort COH0028 (non_remediable_controlled),"Share only DERIVED per-sample values (preterm, antibiotics, probiotic) keyed by public accession, or a DAC-approved summary; never upload raw controlled data.",per_sample_table,12,30559407;34429130;35672407;36177457;37191543;38172624;38291346;38441032;39287373;39745374;41350579;42618579,94,True,9.166135,https://www.ebi.ac.uk/ena/browser/view/PRJNA497734,https://www.ncbi.nlm.nih.gov/bioproject/PRJNA497734,https://github.com/OlmLab/microbiome_repo/issues/new?template=catalog-contribution.yml&labels=contribution&title=%5Bcontribution%5D%20PRJNA497734%3A%20per_sample_table&study_accession=PRJNA497734&contribution_type=per_sample_table&release_tag=R2026.19,R2026.19,,1.17.1
149,PRJEB62690,"Infant stool, 5-HMO supplemented formula vs. control formula vs. breastfed",COH2285,singleton study PRJEB62690,include,1110,1110,,preterm;antibiotics;probiotic,3,1.0,1.0,1.0,0.0,0.0,0.0,R1,R3,R3,R3,R3,R0,no_supplement_found,1 linked paper(s) (A_fulltext_xml); 0 inventoried supplementary members,"Upload a per-sample table keyed by run accession (SRR/ERR/DRR) or BioSample with preterm, antibiotics, probiotic, and state where it came from.",per_sample_table,1,37513505,0,False,9.137142,https://www.ebi.ac.uk/ena/browser/view/PRJEB62690,https://www.ncbi.nlm.nih.gov/bioproject/PRJEB62690,https://github.com/OlmLab/microbiome_repo/issues/new?template=catalog-contribution.yml&labels=contribution&title=%5Bcontribution%5D%20PRJEB62690%3A%20per_sample_table&study_accession=PRJEB62690&contribution_type=per_sample_table&release_tag=R2026.19,R2026.19,,1.17.1
150,PRJNA1112760,Metagenomic signatures of early life brain damage,COH0084,Seki 2024 Austria,include,64,64,,delivery;feeding;antibiotics,3,1.0,0.0,0.0,1.0,0.0,1.0,R3,R0,R0,R1,R3,R3,partial_coverage,"1 paper(s), 17 inventoried table(s); still missing delivery, feeding, antibiotics","Upload a per-sample table keyed by run/BioSample accession with the still-missing columns (delivery, feeding, antibiotics).",per_sample_table,1,39679616,17,False,9.064567,https://www.ebi.ac.uk/ena/browser/view/PRJNA1112760,https://www.ncbi.nlm.nih.gov/bioproject/PRJNA1112760,https://github.com/OlmLab/microbiome_repo/issues/new?template=catalog-contribution.yml&labels=contribution&title=%5Bcontribution%5D%20PRJNA1112760%3A%20per_sample_table&study_accession=PRJNA1112760&contribution_type=per_sample_table&release_tag=R2026.19,R2026.19,,1.17.1
151,PRJEB83236,SEPSIS Human Microbiome Study,COH0314,singleton study PRJEB83236,include,770,385,,feeding;antibiotics;probiotic,3,1.0,1.0,0.0,1.0,0.0,0.0,R3,R3,R3,R3,R3,R3,no_supplement_found,1 linked paper(s) (A_fulltext_xml); 0 inventoried supplementary members,"Upload a per-sample table keyed by run accession (SRR/ERR/DRR) or BioSample with feeding, antibiotics, probiotic, and state where it came from.",per_sample_table,1,40951971,0,False,9.053056,https://www.ebi.ac.uk/ena/browser/view/PRJEB83236,https://www.ncbi.nlm.nih.gov/bioproject/PRJEB83236,https://github.com/OlmLab/microbiome_repo/issues/new?template=catalog-contribution.yml&labels=contribution&title=%5Bcontribution%5D%20PRJEB83236%3A%20per_sample_table&study_accession=PRJEB83236&contribution_type=per_sample_table&release_tag=R2026.19,R2026.19,,1.17.1
152,PRJNA717139,"Genetic and behavioral adaptation of Candida parapsilosis to the microbiome of hospitalized infants revealed by in situ genomics, transcriptomics and proteomics",COH0140,West 2021 USA,include,18,18,18.0,delivery;feeding;preterm;antibiotics;probiotic,5,1.0,0.0,0.0,0.0,0.0,0.0,R3,R0,R0,R3,R3,R0,no_supplement_found,1 linked paper(s) (A_fulltext_xml); 0 inventoried supplementary members,"Upload a per-sample table keyed by run accession (SRR/ERR/DRR) or BioSample with delivery, feeding, preterm, antibiotics, probiotic, and state where it came from.",per_sample_table,1,34154658,0,False,8.951275,https://www.ebi.ac.uk/ena/browser/view/PRJNA717139,https://www.ncbi.nlm.nih.gov/bioproject/PRJNA717139,https://github.com/OlmLab/microbiome_repo/issues/new?template=catalog-contribution.yml&labels=contribution&title=%5Bcontribution%5D%20PRJNA717139%3A%20per_sample_table&study_accession=PRJNA717139&contribution_type=per_sample_table&release_tag=R2026.19,R2026.19,,1.17.1
153,PRJNA1404625,Investigating the role of the infant gut microbiome in rotavirus vaccine efficacy,COH0384,singleton study PRJNA1404625,include,835,835,835.0,preterm;antibiotics;probiotic,3,1.0,0.990419,0.928144,0.0,0.0,0.0,R0,R0,R0,R0,R0,R0,no_linked_paper,0 rows in study_paper_links; access_tier=none_no_linked_paper,"Point to the paper (PMID/DOI) describing PRJNA1404625, or upload a per-sample table keyed by run accession (SRR/ERR/DRR) with preterm, antibiotics, probiotic.",paper_pointer,0,,0,False,8.766619,https://www.ebi.ac.uk/ena/browser/view/PRJNA1404625,https://www.ncbi.nlm.nih.gov/bioproject/PRJNA1404625,https://github.com/OlmLab/microbiome_repo/issues/new?template=catalog-contribution.yml&labels=contribution&title=%5Bcontribution%5D%20PRJNA1404625%3A%20paper_pointer&study_accession=PRJNA1404625&contribution_type=paper_pointer&release_tag=R2026.19,R2026.19,,1.17.1
154,PRJEB87209,Australian infant gut microbiome metagenomics,COH0073,Harrison 2025 Australia,include,50,50,100.0,feeding;preterm;antibiotics;probiotic,4,1.0,1.0,0.0,0.0,0.0,0.0,R2,R2,R2,R3,R3,R0,partial_coverage,"1 paper(s), 47 inventoried table(s); still missing feeding, preterm, antibiotics, probiotic","Upload a per-sample table keyed by run/BioSample accession with the still-missing columns (feeding, preterm, antibiotics, probiotic).",per_sample_table,1,41339319,47,False,8.537851,https://www.ebi.ac.uk/ena/browser/view/PRJEB87209,https://www.ncbi.nlm.nih.gov/bioproject/PRJEB87209,https://github.com/OlmLab/microbiome_repo/issues/new?template=catalog-contribution.yml&labels=contribution&title=%5Bcontribution%5D%20PRJEB87209%3A%20per_sample_table&study_accession=PRJEB87209&contribution_type=per_sample_table&release_tag=R2026.19,R2026.19,,1.17.1
155,PRJEB12669,Gut microbiota of 10 pairs of Chinese infant twins,COH0287,singleton study PRJEB12669,include,19,15,,delivery;feeding;preterm;antibiotics;probiotic,5,1.0,0.0,0.0,0.0,0.0,0.0,R2,R2,R2,R2,R2,R2,partial_coverage,"10 paper(s), 80 inventoried table(s); still missing delivery, feeding, preterm, antibiotics, probiotic","Upload a per-sample table keyed by run/BioSample accession with the still-missing columns (delivery, feeding, preterm, antibiotics, probiotic).",per_sample_table,10,34152069;36123315;36177457;36316342;37169786;37191543;38172624;38441032;39287373;41350579,80,False,8.42884,https://www.ebi.ac.uk/ena/browser/view/PRJEB12669,https://www.ncbi.nlm.nih.gov/bioproject/PRJEB12669,https://github.com/OlmLab/microbiome_repo/issues/new?template=catalog-contribution.yml&labels=contribution&title=%5Bcontribution%5D%20PRJEB12669%3A%20per_sample_table&study_accession=PRJEB12669&contribution_type=per_sample_table&release_tag=R2026.19,R2026.19,,1.17.1
156,PRJNA436562,Bangladesh Infant Gut Metagenomes,COH0120,Taft 2018 Bangladesh,include,46,46,,delivery;preterm;antibiotics;probiotic,4,1.0,0.0,1.0,0.0,0.0,0.0,R2,R2,R2,R3,R3,R3,partial_coverage,"9 paper(s), 55 inventoried table(s); still missing delivery, preterm, antibiotics, probiotic","Upload a per-sample table keyed by run/BioSample accession with the still-missing columns (delivery, preterm, antibiotics, probiotic).",per_sample_table,9,30258040;36050292;36177457;37191543;38172624;38424077;39138199;39287373;41350579,55,False,8.360489,https://www.ebi.ac.uk/ena/browser/view/PRJNA436562,https://www.ncbi.nlm.nih.gov/bioproject/PRJNA436562,https://github.com/OlmLab/microbiome_repo/issues/new?template=catalog-contribution.yml&labels=contribution&title=%5Bcontribution%5D%20PRJNA436562%3A%20per_sample_table&study_accession=PRJNA436562&contribution_type=per_sample_table&release_tag=R2026.19,R2026.19,,1.17.1
157,PRJNA748448,Metagenomic WGS of Preterm Infant Skin and Stool,COH0144,Hellmann 2021 USA,include,60,12,,age;delivery;feeding;probiotic,4,0.0,0.0,0.0,1.0,1.0,0.0,R3,R3,R0,R3,R3,R3,partial_coverage,"1 paper(s), 7 inventoried table(s); still missing age, delivery, feeding, probiotic","Upload a per-sample table keyed by run/BioSample accession with the still-missing columns (age, delivery, feeding, probiotic).",per_sample_table,1,34523979,7,False,8.354575,https://www.ebi.ac.uk/ena/browser/view/PRJNA748448,https://www.ncbi.nlm.nih.gov/bioproject/PRJNA748448,https://github.com/OlmLab/microbiome_repo/issues/new?template=catalog-contribution.yml&labels=contribution&title=%5Bcontribution%5D%20PRJNA748448%3A%20per_sample_table&study_accession=PRJNA748448&contribution_type=per_sample_table&release_tag=R2026.19,R2026.19,,1.17.1
158,PRJNA633576,"Metagenomic survey of the gut microbiome of term infants in the United States reveals widespread dysbiosis, absence of B. infantis, and high abundance of antibiotic resistance genes.",COH0132,Casaburi 2021 USA,include,227,227,227.0,delivery;antibiotics;probiotic,3,0.991189,0.0,0.995595,1.0,0.0,0.0,R2,R2,R2,R3,R2,R2,partial_coverage,"8 paper(s), 183 inventoried table(s); still missing delivery, antibiotics, probiotic","Upload a per-sample table keyed by run/BioSample accession with the still-missing columns (delivery, antibiotics, probiotic).",per_sample_table,8,33479326;36177457;37191543;38172624;38441032;39287373;41350579;42236946,183,False,8.252772,https://www.ebi.ac.uk/ena/browser/view/PRJNA633576,https://www.ncbi.nlm.nih.gov/bioproject/PRJNA633576,https://github.com/OlmLab/microbiome_repo/issues/new?template=catalog-contribution.yml&labels=contribution&title=%5Bcontribution%5D%20PRJNA633576%3A%20per_sample_table&study_accession=PRJNA633576&contribution_type=per_sample_table&release_tag=R2026.19,R2026.19,,1.17.1
159,PRJNA555020,"Fecal microbiota in early life, annotated shotgun sequencing data",COH0127,Reyman 2019 Netherlands,include,20,8,,age;delivery;feeding;antibiotics;probiotic,5,0.0,0.0,0.0,1.0,0.0,0.0,R2,R2,R2,R3,R2,R3,partial_coverage,"7 paper(s), 42 inventoried table(s); still missing age, delivery, feeding, antibiotics, probiotic","Upload a per-sample table keyed by run/BioSample accession with the still-missing columns (age, delivery, feeding, antibiotics, probiotic).",per_sample_table,7,31676793;34429130;35173154;36050292;36380002;37191543;38424077,42,False,8.111061,https://www.ebi.ac.uk/ena/browser/view/PRJNA555020,https://www.ncbi.nlm.nih.gov/bioproject/PRJNA555020,https://github.com/OlmLab/microbiome_repo/issues/new?template=catalog-contribution.yml&labels=contribution&title=%5Bcontribution%5D%20PRJNA555020%3A%20per_sample_table&study_accession=PRJNA555020&contribution_type=per_sample_table&release_tag=R2026.19,R2026.19,,1.17.1
160,PRJNA895372,Microbiome function and neurodevelopment in Black infants: Vitamin B12 biosynthesis emerges as a key factor,COH2344,singleton study PRJNA895372,include,28,28,,delivery;feeding;antibiotics;probiotic,4,1.0,0.0,0.0,1.0,0.0,0.0,R3,R2,R3,R2,R3,R3,partial_coverage,"1 paper(s), 51 inventoried table(s); still missing delivery, feeding, antibiotics, probiotic","Upload a per-sample table keyed by run/BioSample accession with the still-missing columns (delivery, feeding, antibiotics, probiotic).",per_sample_table,1,38303501,51,False,8.043189,https://www.ebi.ac.uk/ena/browser/view/PRJNA895372,https://www.ncbi.nlm.nih.gov/bioproject/PRJNA895372,https://github.com/OlmLab/microbiome_repo/issues/new?template=catalog-contribution.yml&labels=contribution&title=%5Bcontribution%5D%20PRJNA895372%3A%20per_sample_table&study_accession=PRJNA895372&contribution_type=per_sample_table&release_tag=R2026.19,R2026.19,,1.17.1
161,PRJNA1067625,Gut microbiome of children in Haiti,COH0334,singleton study PRJNA1067625,include,16,13,,delivery;feeding;preterm;antibiotics;probiotic,5,1.0,0.0,0.0,0.0,0.0,0.0,R0,R0,R0,R0,R0,R0,no_linked_paper,0 rows in study_paper_links; access_tier=none_no_linked_paper,"Point to the paper (PMID/DOI) describing PRJNA1067625, or upload a per-sample table keyed by run accession (SRR/ERR/DRR) with delivery, feeding, preterm, antibiotics, probiotic.",paper_pointer,0,,0,False,8.022896,https://www.ebi.ac.uk/ena/browser/view/PRJNA1067625,https://www.ncbi.nlm.nih.gov/bioproject/PRJNA1067625,https://github.com/OlmLab/microbiome_repo/issues/new?template=catalog-contribution.yml&labels=contribution&title=%5Bcontribution%5D%20PRJNA1067625%3A%20paper_pointer&study_accession=PRJNA1067625&contribution_type=paper_pointer&release_tag=R2026.19,R2026.19,,1.17.1
162,PRJNA979436,Different development status of gut microbiome link to the dysbiosis of gut ecosystem in early childhood with atopic dermatitis,,,include,13,13,,delivery;feeding;preterm;antibiotics;probiotic,5,1.0,0.0,0.0,0.0,0.0,0.0,R3,R2,R2,R3,R0,R3,pdf_only_supplement,"10 supplementary member(s) of 1 paper(s), all PDF/DOCX","Upload the PDF/DOCX supplement re-typed as CSV/TSV (one row per sample, accession column) with delivery, feeding, preterm, antibiotics, probiotic.",per_sample_table,1,40442154,0,False,8.022896,https://www.ebi.ac.uk/ena/browser/view/PRJNA979436,https://www.ncbi.nlm.nih.gov/bioproject/PRJNA979436,https://github.com/OlmLab/microbiome_repo/issues/new?template=catalog-contribution.yml&labels=contribution&title=%5Bcontribution%5D%20PRJNA979436%3A%20per_sample_table&study_accession=PRJNA979436&contribution_type=per_sample_table&release_tag=R2026.19,R2026.19,,1.17.1
163,PRJNA300541,Antibiotic resistance exchange between microbiota in resource-poor settings in Latin America,COH2294,singleton study PRJNA300541,include,191,26,28.0,delivery;feeding;antibiotics;probiotic,4,1.0,0.0,0.0,1.0,0.0,0.0,R2,R3,R3,R3,R3,R0,tables_unjoinable_need_key,"A Infant Formula-style sample names (forms seen: A Infant Formula, A Infant formula, Bifidobacterium longum subsp. infantis, Bonferroni-corrected p-value); no key to archive accessions (no_match 8, b…","Upload a key file mapping A Infant Formula -> SRR/ERR/DRR or BioSample accessions of PRJNA300541, or a per-sample table keyed by accession (delivery, feeding, antibiotics, probiotic).",id_key,10,36177457;37191543;39287373;39809768;41350579,62,False,7.872501,https://www.ebi.ac.uk/ena/browser/view/PRJNA300541,https://www.ncbi.nlm.nih.gov/bioproject/PRJNA300541,https://github.com/OlmLab/microbiome_repo/issues/new?template=catalog-contribution.yml&labels=contribution&title=%5Bcontribution%5D%20PRJNA300541%3A%20id_key&study_accession=PRJNA300541&contribution_type=id_key&release_tag=R2026.19,R2026.19,,1.17.1
164,PRJNA433393,infant gut metagenomes (NIHL1),COH0427,singleton study PRJNA433393,include,14,12,,delivery;feeding;preterm;antibiotics;probiotic,5,1.0,0.0,0.0,0.0,0.0,0.0,R1,R0,R0,R0,R0,R0,no_linked_paper,0 rows in study_paper_links; access_tier=none_no_linked_paper,"Point to the paper (PMID/DOI) describing PRJNA433393, or upload a per-sample table keyed by run accession (SRR/ERR/DRR) with delivery, feeding, preterm, antibiotics, probiotic.",paper_pointer,0,,0,False,7.797603,https://www.ebi.ac.uk/ena/browser/view/PRJNA433393,https://www.ncbi.nlm.nih.gov/bioproject/PRJNA433393,https://github.com/OlmLab/microbiome_repo/issues/new?template=catalog-contribution.yml&labels=contribution&title=%5Bcontribution%5D%20PRJNA433393%3A%20paper_pointer&study_accession=PRJNA433393&contribution_type=paper_pointer&release_tag=R2026.19,R2026.19,,1.17.1
165,PRJEB54991,Shotgun metagenomics of infant formula study,COH1253,Wallingford 2'-FL infant formula growth trial,include,162,162,162.0,delivery;antibiotics;probiotic,3,1.0,0.0,1.0,1.0,0.0,0.0,R3,R3,R3,R3,R3,R0,partial_coverage,"1 paper(s), 3 inventoried table(s); still missing delivery, antibiotics, probiotic","Upload a per-sample table keyed by run/BioSample accession with the still-missing columns (delivery, antibiotics, probiotic).",per_sample_table,1,36211486,3,False,7.742657,https://www.ebi.ac.uk/ena/browser/view/PRJEB54991,https://www.ncbi.nlm.nih.gov/bioproject/PRJEB54991,https://github.com/OlmLab/microbiome_repo/issues/new?template=catalog-contribution.yml&labels=contribution&title=%5Bcontribution%5D%20PRJEB54991%3A%20per_sample_table&study_accession=PRJEB54991&contribution_type=per_sample_table&release_tag=R2026.19,R2026.19,,1.17.1
166,PRJNA1148144,Biosignatures of late-onset extraintestinal bacterial infections,COH0090,DeVeaux 2025 USA,include,24,24,,delivery;feeding;antibiotics;probiotic,4,1.0,0.0,0.0,1.0,0.0,0.0,R3,R3,R3,R3,R3,R0,partial_coverage,"2 paper(s), 53 inventoried table(s); still missing delivery, feeding, antibiotics, probiotic","Upload a per-sample table keyed by run/BioSample accession with the still-missing columns (delivery, feeding, antibiotics, probiotic).",per_sample_table,2,40128855;42259839,53,False,7.68867,https://www.ebi.ac.uk/ena/browser/view/PRJNA1148144,https://www.ncbi.nlm.nih.gov/bioproject/PRJNA1148144,https://github.com/OlmLab/microbiome_repo/issues/new?template=catalog-contribution.yml&labels=contribution&title=%5Bcontribution%5D%20PRJNA1148144%3A%20per_sample_table&study_accession=PRJNA1148144&contribution_type=per_sample_table&release_tag=R2026.19,R2026.19,,1.17.1
167,PRJEB51728,Infant stool metagenomic datasets,COH0008,Robertson 2023 Zimbabwe,include,875,859,,feeding;probiotic,2,1.0,0.705471,0.0,0.705471,0.705471,0.0,R2,R2,R2,R2,R2,R3,partial_coverage,"4 paper(s), 34 inventoried table(s); still missing feeding, probiotic","Upload a per-sample table keyed by run/BioSample accession with the still-missing columns (feeding, probiotic).",per_sample_table,4,36788215;39341154;40048849,34,False,7.336246,https://www.ebi.ac.uk/ena/browser/view/PRJEB51728,https://www.ncbi.nlm.nih.gov/bioproject/PRJEB51728,https://github.com/OlmLab/microbiome_repo/issues/new?template=catalog-contribution.yml&labels=contribution&title=%5Bcontribution%5D%20PRJEB51728%3A%20per_sample_table&study_accession=PRJEB51728&contribution_type=per_sample_table&release_tag=R2026.19,R2026.19,,1.17.1
168,PRJNA215106,Pediatric Fecal Metagenome,COH0108,Moore 2013 USA,include,22,10,,delivery;feeding;preterm;antibiotics;probiotic,5,1.0,0.0,0.0,0.0,0.0,0.0,R2,R2,R2,R3,R3,R3,partial_coverage,"5 paper(s), 53 inventoried table(s); still missing delivery, feeding, preterm, antibiotics, probiotic","Upload a per-sample table keyed by run/BioSample accession with the still-missing columns (delivery, feeding, preterm, antibiotics, probiotic).",per_sample_table,5,24236055;36177457;37191543;39287373;41350579,53,False,7.289749,https://www.ebi.ac.uk/ena/browser/view/PRJNA215106,https://www.ncbi.nlm.nih.gov/bioproject/PRJNA215106,https://github.com/OlmLab/microbiome_repo/issues/new?template=catalog-contribution.yml&labels=contribution&title=%5Bcontribution%5D%20PRJNA215106%3A%20per_sample_table&study_accession=PRJNA215106&contribution_type=per_sample_table&release_tag=R2026.19,R2026.19,,1.17.1
169,PRJNA707065,NiPPeR Study - pilot microbiome investigation,COH0139,NiPPeR,include,20,10,,delivery;feeding;preterm;antibiotics;probiotic,5,1.0,0.0,0.0,0.0,0.0,0.0,R1,R3,R2,R0,R0,R3,partial_coverage,"1 paper(s), 6 inventoried table(s); still missing delivery, feeding, preterm, antibiotics, probiotic","Upload a per-sample table keyed by run/BioSample accession with the still-missing columns (delivery, feeding, preterm, antibiotics, probiotic).",per_sample_table,1,35075183,6,False,7.289749,https://www.ebi.ac.uk/ena/browser/view/PRJNA707065,https://www.ncbi.nlm.nih.gov/bioproject/PRJNA707065,https://github.com/OlmLab/microbiome_repo/issues/new?template=catalog-contribution.yml&labels=contribution&title=%5Bcontribution%5D%20PRJNA707065%3A%20per_sample_table&study_accession=PRJNA707065&contribution_type=per_sample_table&release_tag=R2026.19,R2026.19,,1.17.1
170,PRJNA1206145,Shotgun sequencing of the gut microbiome from infants enrolled in a randomized controlled trial of a microbiome-based integrative wellness program.,COH0357,singleton study PRJNA1206145,include,108,108,108.0,feeding;antibiotics;probiotic,3,1.0,1.0,0.0,1.0,0.0,0.0,R3,R3,R3,R0,R3,R3,partial_coverage,"1 paper(s), 7 inventoried table(s); still missing feeding, antibiotics, probiotic","Upload a per-sample table keyed by run/BioSample accession with the still-missing columns (feeding, antibiotics, probiotic).",per_sample_table,1,40898384,7,False,7.130993,https://www.ebi.ac.uk/ena/browser/view/PRJNA1206145,https://www.ncbi.nlm.nih.gov/bioproject/PRJNA1206145,https://github.com/OlmLab/microbiome_repo/issues/new?template=catalog-contribution.yml&labels=contribution&title=%5Bcontribution%5D%20PRJNA1206145%3A%20per_sample_table&study_accession=PRJNA1206145&contribution_type=per_sample_table&release_tag=R2026.19,R2026.19,,1.17.1
171,PRJEB11419,American Gut Project,COH0285,singleton study PRJEB11419,include,7024,78,39.0,feeding;preterm;probiotic,3,1.0,0.961538,0.051282,0.0,1.0,0.320513,R2,R2,R2,R3,R3,R2,tables_unjoinable_need_key,"Bonferroni-corrected p-value-style sample names (forms seen: Bonferroni-corrected p-value, ERR1465490, ERR1467156, ERR498690); no key to archive accessions (no_match 33, wide_matrix_skipped 5, below_…","Upload a key file mapping Bonferroni-corrected p-value -> SRR/ERR/DRR or BioSample accessions of PRJEB11419, or a per-sample table keyed by accession (feeding, preterm, probiotic).",id_key,4,33005310;36032669;38188664;39287373,69,False,7.091773,https://www.ebi.ac.uk/ena/browser/view/PRJEB11419,https://www.ncbi.nlm.nih.gov/bioproject/PRJEB11419,https://github.com/OlmLab/microbiome_repo/issues/new?template=catalog-contribution.yml&labels=contribution&title=%5Bcontribution%5D%20PRJEB11419%3A%20id_key&study_accession=PRJEB11419&contribution_type=id_key&release_tag=R2026.19,R2026.19,,1.17.1
172,PRJNA945262,Neonatal Gut Microbiome in a mother child paired design,COH0522,singleton study PRJNA945262,include,104,104,,delivery;antibiotics;probiotic,3,0.826923,0.0,0.826923,1.0,0.0,0.0,R3,R3,R3,R3,R3,R3,no_supplement_found,1 linked paper(s) (A_fulltext_xml); 0 inventoried supplementary members,"Upload a per-sample table keyed by run accession (SRR/ERR/DRR) or BioSample with delivery, antibiotics, probiotic, and state where it came from.",per_sample_table,1,37067419,0,False,7.074163,https://www.ebi.ac.uk/ena/browser/view/PRJNA945262,https://www.ncbi.nlm.nih.gov/bioproject/PRJNA945262,https://github.com/OlmLab/microbiome_repo/issues/new?template=catalog-contribution.yml&labels=contribution&title=%5Bcontribution%5D%20PRJNA945262%3A%20per_sample_table&study_accession=PRJNA945262&contribution_type=per_sample_table&release_tag=R2026.19,R2026.19,,1.17.1
173,PRJNA343008,feces metagenome Raw sequence reads,COH0409,singleton study PRJNA343008,include,48,24,24.0,feeding;preterm;antibiotics;probiotic,4,1.0,1.0,0.0,0.0,0.0,0.0,R3,R0,R0,R0,R0,R0,no_linked_paper,0 rows in study_paper_links; access_tier=none_no_linked_paper,"Point to the paper (PMID/DOI) describing PRJNA343008, or upload a per-sample table keyed by run accession (SRR/ERR/DRR) with feeding, preterm, antibiotics, probiotic.",paper_pointer,0,,0,False,6.9897,https://www.ebi.ac.uk/ena/browser/view/PRJNA343008,https://www.ncbi.nlm.nih.gov/bioproject/PRJNA343008,https://github.com/OlmLab/microbiome_repo/issues/new?template=catalog-contribution.yml&labels=contribution&title=%5Bcontribution%5D%20PRJNA343008%3A%20paper_pointer&study_accession=PRJNA343008&contribution_type=paper_pointer&release_tag=R2026.19,R2026.19,,1.17.1
174,PRJNA524703,Human infant gut virome,COH0245,singleton study PRJNA524703,include,249,207,,preterm;antibiotics;probiotic,3,1.0,0.884058,0.78744,0.0,0.0,0.0,R2,R2,R2,R2,R2,R2,tables_unjoinable_need_key,"A Infant Formula-style sample names (forms seen: A Infant Formula, A Infant formula, Accession, Bifidobacterium longum subsp. infantis); no key to archive accessions (no_match 27, below_gate 6, wide_…","Upload a key file mapping A Infant Formula -> SRR/ERR/DRR or BioSample accessions of PRJNA524703, or a per-sample table keyed by accession (preterm, antibiotics, probiotic).",id_key,13,34152069;36123315;36177457;36316342;36659812;37169786;38424077;39138199;39287373;40600714;40615392;41350579;42315844,98,False,6.95419,https://www.ebi.ac.uk/ena/browser/view/PRJNA524703,https://www.ncbi.nlm.nih.gov/bioproject/PRJNA524703,https://github.com/OlmLab/microbiome_repo/issues/new?template=catalog-contribution.yml&labels=contribution&title=%5Bcontribution%5D%20PRJNA524703%3A%20id_key&study_accession=PRJNA524703&contribution_type=id_key&release_tag=R2026.19,R2026.19,,1.17.1
175,PRJEB62848,"Infant stool, moderate and late preterm infants, probiotic and prebiotic",COH2304,singleton study PRJEB62848,include,181,181,,feeding;antibiotics,2,1.0,1.0,0.0,1.0,0.0,1.0,R3,R3,R3,R1,R3,R3,no_supplement_found,1 linked paper(s) (A_fulltext_xml); 0 inventoried supplementary members,"Upload a per-sample table keyed by run accession (SRR/ERR/DRR) or BioSample with feeding, antibiotics, and state where it came from.",per_sample_table,1,38010080,0,False,6.780214,https://www.ebi.ac.uk/ena/browser/view/PRJEB62848,https://www.ncbi.nlm.nih.gov/bioproject/PRJEB62848,https://github.com/OlmLab/microbiome_repo/issues/new?template=catalog-contribution.yml&labels=contribution&title=%5Bcontribution%5D%20PRJEB62848%3A%20per_sample_table&study_accession=PRJEB62848&contribution_type=per_sample_table&release_tag=R2026.19,R2026.19,,1.17.1
176,PRJEB108038,Neonatal Jaundice and the Infant Gut Microbiome: An Integrated Shotgun Metagenomics and Bidirectional Mendelian Randomization Study in Xinjiang,COH0060,Niu 2026 China,include,16,16,,delivery;feeding;antibiotics;probiotic,4,1.0,0.0,0.0,1.0,0.0,0.0,R0,R0,R3,R0,R3,R3,partial_coverage,"1 paper(s), 3 inventoried table(s); still missing delivery, feeding, antibiotics, probiotic","Upload a per-sample table keyed by run/BioSample accession with the still-missing columns (delivery, feeding, antibiotics, probiotic).",per_sample_table,1,41834868,3,False,6.767469,https://www.ebi.ac.uk/ena/browser/view/PRJEB108038,https://www.ncbi.nlm.nih.gov/bioproject/PRJEB108038,https://github.com/OlmLab/microbiome_repo/issues/new?template=catalog-contribution.yml&labels=contribution&title=%5Bcontribution%5D%20PRJEB108038%3A%20per_sample_table&study_accession=PRJEB108038&contribution_type=per_sample_table&release_tag=R2026.19,R2026.19,,1.17.1
177,PRJNA630999,Premature infant microbiome Metagenome,COH0047,Nguyen 2021 USA,include,293,293,,delivery;antibiotics,2,0.593857,0.129693,1.0,1.0,0.0,0.593857,R2,R2,R2,R2,R2,R2,tables_unjoinable_need_key,"paper-internal sample names-style sample names (forms seen: n/a); no key to archive accessions (rejected: label_is_sample_identifier 2; no_match 16, wide_matrix_skipped 1)","Upload a key file mapping paper-internal sample names -> SRR/ERR/DRR or BioSample accessions of PRJNA630999, or a per-sample table keyed by accession (delivery, antibiotics).",id_key,4,33665175;37191543;39428758;41025564,38,False,6.764787,https://www.ebi.ac.uk/ena/browser/view/PRJNA630999,https://www.ncbi.nlm.nih.gov/bioproject/PRJNA630999,https://github.com/OlmLab/microbiome_repo/issues/new?template=catalog-contribution.yml&labels=contribution&title=%5Bcontribution%5D%20PRJNA630999%3A%20id_key&study_accession=PRJNA630999&contribution_type=id_key&release_tag=R2026.19,R2026.19,,1.17.1
178,PRJNA762668,Longitudinal and comparative analysis of Tunisian newborns gut microbiota according to delivery mode,COH0145,Hanachi 2022 Tunisia,include,33,33,,age;feeding;probiotic,3,0.363636,1.0,0.0,1.0,1.0,0.0,R3,R3,R3,R3,R3,R0,partial_coverage,"1 paper(s), 8 inventoried table(s); still missing age, feeding, probiotic","Upload a per-sample table keyed by run/BioSample accession with the still-missing columns (age, feeding, probiotic).",per_sample_table,1,35547149,8,False,6.752431,https://www.ebi.ac.uk/ena/browser/view/PRJNA762668,https://www.ncbi.nlm.nih.gov/bioproject/PRJNA762668,https://github.com/OlmLab/microbiome_repo/issues/new?template=catalog-contribution.yml&labels=contribution&title=%5Bcontribution%5D%20PRJNA762668%3A%20per_sample_table&study_accession=PRJNA762668&contribution_type=per_sample_table&release_tag=R2026.19,R2026.19,,1.17.1
179,PRJNA63661,Microbial composition of samples from infant gut,COH0133,Taft 2015 USA,include,667,474,,feeding;probiotic,2,1.0,0.852321,0.0,0.626582,0.751055,0.0,R2,R2,R2,R2,R2,R2,partial_coverage,"9 paper(s), 64 inventoried table(s); still missing feeding, probiotic","Upload a per-sample table keyed by run/BioSample accession with the still-missing columns (feeding, probiotic).",per_sample_table,9,25332767;26110908;32436839;34429130;34704805;36081629;37169786;38882494;41250602,64,False,6.691734,https://www.ebi.ac.uk/ena/browser/view/PRJNA63661,https://www.ncbi.nlm.nih.gov/bioproject/PRJNA63661,https://github.com/OlmLab/microbiome_repo/issues/new?template=catalog-contribution.yml&labels=contribution&title=%5Bcontribution%5D%20PRJNA63661%3A%20per_sample_table&study_accession=PRJNA63661&contribution_type=per_sample_table&release_tag=R2026.19,R2026.19,,1.17.1
180,PRJEB14801,Puerto Rico and Plantanal,COH0288,singleton study PRJEB14801,include,655,20,,delivery;preterm;antibiotics;probiotic,4,1.0,0.0,1.0,0.0,0.0,0.0,R0,R3,R3,R0,R0,R0,no_linked_paper,0 rows in study_paper_links; access_tier=none_no_linked_paper,"Point to the paper (PMID/DOI) describing PRJEB14801, or upload a per-sample table keyed by run accession (SRR/ERR/DRR) with delivery, preterm, antibiotics, probiotic.",paper_pointer,0,,0,False,6.611096,https://www.ebi.ac.uk/ena/browser/view/PRJEB14801,https://www.ncbi.nlm.nih.gov/bioproject/PRJEB14801,https://github.com/OlmLab/microbiome_repo/issues/new?template=catalog-contribution.yml&labels=contribution&title=%5Bcontribution%5D%20PRJEB14801%3A%20paper_pointer&study_accession=PRJEB14801&contribution_type=paper_pointer&release_tag=R2026.19,R2026.19,,1.17.1
181,PRJNA376566,preterm infant gut metagenomes (S2_2013 and NIHY2_2012 cohorts),COH0019,Brooks 2017 USA,include,407,407,,feeding;probiotic,2,1.0,0.990172,0.0,0.805897,0.990172,0.0,R2,R2,R2,R1,R2,R2,partial_coverage,"14 paper(s), 82 inventoried table(s); still missing feeding, probiotic","Upload a per-sample table keyed by run/BioSample accession with the still-missing columns (feeding, probiotic).",per_sample_table,14,29180750;29636439;29925423;31844663;34704805;36050292;36081629;36478853;37169786;38172624;38424077;38882494;39138199;41025564,82,False,6.52665,https://www.ebi.ac.uk/ena/browser/view/PRJNA376566,https://www.ncbi.nlm.nih.gov/bioproject/PRJNA376566,https://github.com/OlmLab/microbiome_repo/issues/new?template=catalog-contribution.yml&labels=contribution&title=%5Bcontribution%5D%20PRJNA376566%3A%20per_sample_table&study_accession=PRJNA376566&contribution_type=per_sample_table&release_tag=R2026.19,R2026.19,,1.17.1
182,PRJNA301903,Metagenomic sequencing of preterm infant gut microbiota raw sequence reads,COH0243,singleton study PRJNA301903,include,403,403,,feeding;probiotic,2,0.995037,0.997519,0.0,1.0,0.995037,0.0,R2,R2,R2,R2,R2,R3,partial_coverage,"12 paper(s), 110 inventoried table(s); still missing feeding, probiotic","Upload a per-sample table keyed by run/BioSample accession with the still-missing columns (feeding, probiotic).",per_sample_table,12,34264786;34677583;36050292;36081629;36748547;37169786;38424077;38882494;39138199;41025564;42259839;42618579,110,False,6.515953,https://www.ebi.ac.uk/ena/browser/view/PRJNA301903,https://www.ncbi.nlm.nih.gov/bioproject/PRJNA301903,https://github.com/OlmLab/microbiome_repo/issues/new?template=catalog-contribution.yml&labels=contribution&title=%5Bcontribution%5D%20PRJNA301903%3A%20per_sample_table&study_accession=PRJNA301903&contribution_type=per_sample_table&release_tag=R2026.19,R2026.19,,1.17.1
183,PRJNA384716,human metagenome,COH0115,Pärnänen 2018 Finland,include,96,64,,feeding;antibiotics;probiotic,3,1.0,1.0,0.0,1.0,0.0,0.0,R2,R2,R2,R2,R2,R3,partial_coverage,"9 paper(s), 73 inventoried table(s); still missing feeding, antibiotics, probiotic","Upload a per-sample table keyed by run/BioSample accession with the still-missing columns (feeding, antibiotics, probiotic).",per_sample_table,9,30250208;33960282;36050292;37169786;38424077;38426063;38882494;39138199;41350579,73,False,6.345197,https://www.ebi.ac.uk/ena/browser/view/PRJNA384716,https://www.ncbi.nlm.nih.gov/bioproject/PRJNA384716,https://github.com/OlmLab/microbiome_repo/issues/new?template=catalog-contribution.yml&labels=contribution&title=%5Bcontribution%5D%20PRJNA384716%3A%20per_sample_table&study_accession=PRJNA384716&contribution_type=per_sample_table&release_tag=R2026.19,R2026.19,,1.17.1
184,PRJNA543520,Impact of intrapartum and postnatal antibiotics on the gut microbiome and emergence of antimicrobial resistance in infants,COH0020,Li 2021,include,64,64,,feeding;antibiotics;probiotic,3,0.53125,1.0,0.0,1.0,0.0,0.0,R2,R2,R2,R3,R2,R2,partial_coverage,"9 paper(s), 61 inventoried table(s); still missing feeding, antibiotics, probiotic","Upload a per-sample table keyed by run/BioSample accession with the still-missing columns (feeding, antibiotics, probiotic).",per_sample_table,9,31337807;32239170;36050292;36177457;38424077;38441032;39138199;39287373;41350579,61,False,6.345197,https://www.ebi.ac.uk/ena/browser/view/PRJNA543520,https://www.ncbi.nlm.nih.gov/bioproject/PRJNA543520,https://github.com/OlmLab/microbiome_repo/issues/new?template=catalog-contribution.yml&labels=contribution&title=%5Bcontribution%5D%20PRJNA543520%3A%20per_sample_table&study_accession=PRJNA543520&contribution_type=per_sample_table&release_tag=R2026.19,R2026.19,,1.17.1
185,PRJNA716780,Mothers/children Metagenome,COH0470,singleton study PRJNA716780,include,254,37,,feeding;preterm;probiotic,3,1.0,1.0,0.0,0.0,1.0,0.0,R2,R2,R2,R3,R2,R3,tables_unjoinable_need_key,"paper-internal sample names-style sample names (forms seen: n/a); no key to archive accessions (rejected: unitless_age_header_unit_from_model 43; no_match 16, below_gate 4, too_large 1)","Upload a key file mapping paper-internal sample names -> SRR/ERR/DRR or BioSample accessions of PRJNA716780, or a per-sample table keyed by accession (feeding, preterm, probiotic).",id_key,4,36653448;37116481;39138199;41620544,99,False,6.319134,https://www.ebi.ac.uk/ena/browser/view/PRJNA716780,https://www.ncbi.nlm.nih.gov/bioproject/PRJNA716780,https://github.com/OlmLab/microbiome_repo/issues/new?template=catalog-contribution.yml&labels=contribution&title=%5Bcontribution%5D%20PRJNA716780%3A%20id_key&study_accession=PRJNA716780&contribution_type=id_key&release_tag=R2026.19,R2026.19,,1.17.1
186,PRJNA872399,Preterm infants at low risk for early-onset sepsis differ in early fecal microbiome assembly,COH0157,Mukhopadhyay 2022 USA,include,361,275,,feeding;probiotic,2,1.0,1.0,0.0,1.0,1.0,0.0,R2,R2,R2,R2,R2,R3,partial_coverage,"2 paper(s), 21 inventoried table(s); still missing feeding, probiotic","Upload a per-sample table keyed by run/BioSample accession with the still-missing columns (feeding, probiotic).",per_sample_table,2,36474348;41025564,21,False,6.102273,https://www.ebi.ac.uk/ena/browser/view/PRJNA872399,https://www.ncbi.nlm.nih.gov/bioproject/PRJNA872399,https://github.com/OlmLab/microbiome_repo/issues/new?template=catalog-contribution.yml&labels=contribution&title=%5Bcontribution%5D%20PRJNA872399%3A%20per_sample_table&study_accession=PRJNA872399&contribution_type=per_sample_table&release_tag=R2026.19,R2026.19,,1.17.1
187,PRJEB14935,Term and preterm shotgun samples,COH0289,singleton study PRJEB14935,include,3,3,3.0,age;delivery;feeding;preterm;antibiotics;probiotic,6,0.0,0.0,0.0,0.0,0.0,0.0,R2,R2,R3,R3,R2,R3,tables_unjoinable_need_key,"Baby ID-style sample names (forms seen: Baby ID, BioSample, ERR2367187_Prevotella_sp., Sample); no key to archive accessions (no_match 5)","Upload a key file mapping Baby ID -> SRR/ERR/DRR or BioSample accessions of PRJEB14935, or a per-sample table keyed by accession (age, delivery, feeding, preterm, antibiotics, probiotic).",id_key,2,29096601;37169786,10,False,6.0206,https://www.ebi.ac.uk/ena/browser/view/PRJEB14935,https://www.ncbi.nlm.nih.gov/bioproject/PRJEB14935,https://github.com/OlmLab/microbiome_repo/issues/new?template=catalog-contribution.yml&labels=contribution&title=%5Bcontribution%5D%20PRJEB14935%3A%20id_key&study_accession=PRJEB14935&contribution_type=id_key&release_tag=R2026.19,R2026.19,,1.17.1
188,PRJNA613054,"Fecal resistome in early life and effects of early life antibiotics, annotated shotgun sequencing data",,,include,32,20,32.0,delivery;feeding;probiotic,3,1.0,0.0,0.0,1.0,1.0,0.0,R2,R2,R2,R3,R2,R0,partial_coverage,"1 paper(s), 8 inventoried table(s); still missing delivery, feeding, probiotic","Upload a per-sample table keyed by run/BioSample accession with the still-missing columns (delivery, feeding, probiotic).",per_sample_table,1,35173154,8,False,5.949987,https://www.ebi.ac.uk/ena/browser/view/PRJNA613054,https://www.ncbi.nlm.nih.gov/bioproject/PRJNA613054,https://github.com/OlmLab/microbiome_repo/issues/new?template=catalog-contribution.yml&labels=contribution&title=%5Bcontribution%5D%20PRJNA613054%3A%20per_sample_table&study_accession=PRJNA613054&contribution_type=per_sample_table&release_tag=R2026.19,R2026.19,,1.17.1
189,PRJNA489693,Microbial Diversity of NICU Infant Feeding Tubes,COH0438,singleton study PRJNA489693,include,18,6,,delivery;feeding;preterm;antibiotics;probiotic,5,1.0,0.0,0.0,0.0,0.0,0.0,R2,R2,R1,R3,R3,R3,partial_coverage,"2 paper(s), 32 inventoried table(s); still missing delivery, feeding, preterm, antibiotics, probiotic","Upload a per-sample table keyed by run/BioSample accession with the still-missing columns (delivery, feeding, preterm, antibiotics, probiotic).",per_sample_table,2,37191543;41350579,32,False,5.915686,https://www.ebi.ac.uk/ena/browser/view/PRJNA489693,https://www.ncbi.nlm.nih.gov/bioproject/PRJNA489693,https://github.com/OlmLab/microbiome_repo/issues/new?template=catalog-contribution.yml&labels=contribution&title=%5Bcontribution%5D%20PRJNA489693%3A%20per_sample_table&study_accession=PRJNA489693&contribution_type=per_sample_table&release_tag=R2026.19,R2026.19,,1.17.1
190,PRJNA701480,Vaginal seeding in babies born by caesarean section (ECOBABe trial) - shotgun metagenomics data,COH0137,Wilson 2021 New Zealand,include,116,91,,feeding;antibiotics,2,1.0,1.0,0.0,1.0,0.0,0.549451,R3,R3,R3,R3,R3,R3,partial_coverage,"2 paper(s), 29 inventoried table(s); still missing feeding, antibiotics","Upload a per-sample table keyed by run/BioSample accession with the still-missing columns (feeding, antibiotics).",per_sample_table,2,34186487;36093611,29,False,5.891363,https://www.ebi.ac.uk/ena/browser/view/PRJNA701480,https://www.ncbi.nlm.nih.gov/bioproject/PRJNA701480,https://github.com/OlmLab/microbiome_repo/issues/new?template=catalog-contribution.yml&labels=contribution&title=%5Bcontribution%5D%20PRJNA701480%3A%20per_sample_table&study_accession=PRJNA701480&contribution_type=per_sample_table&release_tag=R2026.19,R2026.19,,1.17.1
191,PRJNA1227883,Metagenomes from mother-infant fecal and breastmilk samples of the MAMI cohort Metagenome,,,include,112,80,,age,1,0.0,0.9625,0.9625,1.0,0.9625,0.9625,R3,R3,R3,R3,R2,R0,partial_coverage,"1 paper(s), 9 inventoried table(s); still missing age",Upload a per-sample table keyed by run/BioSample accession with the still-missing columns (age).,per_sample_table,1,40603287,9,False,5.725455,https://www.ebi.ac.uk/ena/browser/view/PRJNA1227883,https://www.ncbi.nlm.nih.gov/bioproject/PRJNA1227883,https://github.com/OlmLab/microbiome_repo/issues/new?template=catalog-contribution.yml&labels=contribution&title=%5Bcontribution%5D%20PRJNA1227883%3A%20per_sample_table&study_accession=PRJNA1227883&contribution_type=per_sample_table&release_tag=R2026.19,R2026.19,,1.17.1
192,PRJEB54707,"Infant stool, 2-HMO vs. control formula",COH1229,Martin 2022 2-HMO infant formula cohort,include,80,80,,preterm;antibiotics;probiotic,3,1.0,1.0,1.0,0.0,0.0,0.0,R3,R3,R1,R3,R3,R0,partial_coverage,"1 paper(s), 5 inventoried table(s); still missing preterm, antibiotics, probiotic","Upload a per-sample table keyed by run/BioSample accession with the still-missing columns (preterm, antibiotics, probiotic).",per_sample_table,1,35990340,5,False,5.725455,https://www.ebi.ac.uk/ena/browser/view/PRJEB54707,https://www.ncbi.nlm.nih.gov/bioproject/PRJEB54707,https://github.com/OlmLab/microbiome_repo/issues/new?template=catalog-contribution.yml&labels=contribution&title=%5Bcontribution%5D%20PRJEB54707%3A%20per_sample_table&study_accession=PRJEB54707&contribution_type=per_sample_table&release_tag=R2026.19,R2026.19,,1.17.1
193,PRJNA821920,Mental Health Screening for Babies. What can we learn from infant and caregiver behaviors during immunization appointments?,COH0150,Ligezka 2026 USA-Minnesota,include,37,37,,feeding;antibiotics;probiotic,3,1.0,1.0,0.0,1.0,0.0,0.0,R3,R3,R3,R3,R3,R0,no_supplement_found,1 linked paper(s) (A_fulltext_xml); 0 inventoried supplementary members,"Upload a per-sample table keyed by run accession (SRR/ERR/DRR) or BioSample with feeding, antibiotics, probiotic, and state where it came from.",per_sample_table,1,41782637,0,False,5.529243,https://www.ebi.ac.uk/ena/browser/view/PRJNA821920,https://www.ncbi.nlm.nih.gov/bioproject/PRJNA821920,https://github.com/OlmLab/microbiome_repo/issues/new?template=catalog-contribution.yml&labels=contribution&title=%5Bcontribution%5D%20PRJNA821920%3A%20per_sample_table&study_accession=PRJNA821920&contribution_type=per_sample_table&release_tag=R2026.19,R2026.19,,1.17.1
194,PRJNA549787,"South African HIV-exposed, uninfected infant gut microbiomes",COH0126,D'Souza 2020 South Africa,include,165,165,,preterm;antibiotics;probiotic,3,1.0,0.993939,1.0,0.357576,0.0,0.0,R2,R2,R2,R2,R2,R2,partial_coverage,"12 paper(s), 95 inventoried table(s); still missing preterm, antibiotics, probiotic","Upload a per-sample table keyed by run/BioSample accession with the still-missing columns (preterm, antibiotics, probiotic).",per_sample_table,12,31832638;34152069;36123315;36177457;36316342;37169786;37191543;38441032;39138199;39287373;40048849;41350579,95,False,5.469538,https://www.ebi.ac.uk/ena/browser/view/PRJNA549787,https://www.ncbi.nlm.nih.gov/bioproject/PRJNA549787,https://github.com/OlmLab/microbiome_repo/issues/new?template=catalog-contribution.yml&labels=contribution&title=%5Bcontribution%5D%20PRJNA549787%3A%20per_sample_table&study_accession=PRJNA549787&contribution_type=per_sample_table&release_tag=R2026.19,R2026.19,,1.17.1
195,PRJEB36405,Study of the bacterial resistome in people and animals from Australia,COH0065,Guernier-Cambert 2021 Australia,include,22,5,10.0,delivery;feeding;preterm;antibiotics;probiotic,5,1.0,0.0,0.0,0.0,0.0,0.0,R3,R0,R0,R0,R3,R0,partial_coverage,"1 paper(s), 13 inventoried table(s); still missing delivery, feeding, preterm, antibiotics, probiotic","Upload a per-sample table keyed by run/BioSample accession with the still-missing columns (delivery, feeding, preterm, antibiotics, probiotic).",per_sample_table,1,34603219,13,False,5.447059,https://www.ebi.ac.uk/ena/browser/view/PRJEB36405,https://www.ncbi.nlm.nih.gov/bioproject/PRJEB36405,https://github.com/OlmLab/microbiome_repo/issues/new?template=catalog-contribution.yml&labels=contribution&title=%5Bcontribution%5D%20PRJEB36405%3A%20per_sample_table&study_accession=PRJEB36405&contribution_type=per_sample_table&release_tag=R2026.19,R2026.19,,1.17.1
196,PRJNA746509,Gut microbiota in an infant with propionic acidemia before and after probiotic supplementation,COH0474,singleton study PRJNA746509,include,5,5,,delivery;feeding;preterm;antibiotics;probiotic,5,1.0,0.0,0.0,0.0,0.0,0.0,R3,R3,R3,R0,R3,R3,no_supplement_found,1 linked paper(s) (A_fulltext_xml); 0 inventoried supplementary members,"Upload a per-sample table keyed by run accession (SRR/ERR/DRR) or BioSample with delivery, feeding, preterm, antibiotics, probiotic, and state where it came from.",per_sample_table,1,34946200,0,False,5.447059,https://www.ebi.ac.uk/ena/browser/view/PRJNA746509,https://www.ncbi.nlm.nih.gov/bioproject/PRJNA746509,https://github.com/OlmLab/microbiome_repo/issues/new?template=catalog-contribution.yml&labels=contribution&title=%5Bcontribution%5D%20PRJNA746509%3A%20per_sample_table&study_accession=PRJNA746509&contribution_type=per_sample_table&release_tag=R2026.19,R2026.19,,1.17.1
197,PRJNA272371,Infant fecal microbiome related to eczema,COH0109,Oh 2017 Singapore,include,12,4,,delivery;feeding;preterm;antibiotics;probiotic,5,1.0,0.0,0.0,0.0,0.0,0.0,R1,R1,R1,R3,R2,R3,partial_coverage,"11 paper(s), 64 inventoried table(s); still missing delivery, feeding, preterm, antibiotics, probiotic","Upload a per-sample table keyed by run/BioSample accession with the still-missing columns (delivery, feeding, preterm, antibiotics, probiotic).",per_sample_table,11,29049378;36050292;36123315;37169786;37191543;37259063;38424077;38441032;39138199;39287373;41350579,64,False,4.89279,https://www.ebi.ac.uk/ena/browser/view/PRJNA272371,https://www.ncbi.nlm.nih.gov/bioproject/PRJNA272371,https://github.com/OlmLab/microbiome_repo/issues/new?template=catalog-contribution.yml&labels=contribution&title=%5Bcontribution%5D%20PRJNA272371%3A%20per_sample_table&study_accession=PRJNA272371&contribution_type=per_sample_table&release_tag=R2026.19,R2026.19,,1.17.1
198,PRJNA629392,Metabolic recovery with eculizumab precision therapy of CHAPLE disease,COH0456,singleton study PRJNA629392,include,21,3,,delivery;feeding;preterm;antibiotics;probiotic,5,1.0,0.0,0.0,0.0,0.0,0.0,R2,R2,R3,R3,R2,R3,tables_unjoinable_need_key,"ERR2367187_Prevotella_sp.-style sample names (forms seen: BioSample, ERR2367187_Prevotella_sp.); no key to archive accessions (no_match 1)","Upload a key file mapping ERR2367187_Prevotella_sp. -> SRR/ERR/DRR or BioSample accessions of PRJNA629392, or a per-sample table keyed by accession (delivery, feeding, preterm, antibiotics, probiotic…",id_key,1,37169786,10,False,4.21442,https://www.ebi.ac.uk/ena/browser/view/PRJNA629392,https://www.ncbi.nlm.nih.gov/bioproject/PRJNA629392,https://github.com/OlmLab/microbiome_repo/issues/new?template=catalog-contribution.yml&labels=contribution&title=%5Bcontribution%5D%20PRJNA629392%3A%20id_key&study_accession=PRJNA629392&contribution_type=id_key&release_tag=R2026.19,R2026.19,,1.17.1
199,PRJNA807448,The Antibiotics and Immune Responses Study,COH0148,Ryan 2025 Australia,include,459,459,,antibiotics;probiotic,2,1.0,1.0,0.993464,1.0,0.0,0.0,R2,R3,R3,R3,R3,R3,partial_coverage,"1 paper(s), 115 inventoried table(s); still missing antibiotics, probiotic","Upload a per-sample table keyed by run/BioSample accession with the still-missing columns (antibiotics, probiotic).",per_sample_table,1,40175554,115,False,3.994137,https://www.ebi.ac.uk/ena/browser/view/PRJNA807448,https://www.ncbi.nlm.nih.gov/bioproject/PRJNA807448,https://github.com/OlmLab/microbiome_repo/issues/new?template=catalog-contribution.yml&labels=contribution&title=%5Bcontribution%5D%20PRJNA807448%3A%20per_sample_table&study_accession=PRJNA807448&contribution_type=per_sample_table&release_tag=R2026.19,R2026.19,,1.17.1
200,PRJEB66728,"Priority effects, nutrition and HMO-metabolism drive Bifidobacterium longum subspecies dynamics in the infant gut microbiome",COH0069,Pucci 2025 Netherlands,include,60,36,48.0,feeding;probiotic,2,1.0,1.0,0.0,1.0,1.0,0.0,R1,R3,R3,R3,R3,R3,no_supplement_found,1 linked paper(s) (A_fulltext_xml); 0 inventoried supplementary members,"Upload a per-sample table keyed by run accession (SRR/ERR/DRR) or BioSample with feeding, probiotic, and state where it came from.",per_sample_table,1,39866568,0,False,3.920504,https://www.ebi.ac.uk/ena/browser/view/PRJEB66728,https://www.ncbi.nlm.nih.gov/bioproject/PRJEB66728,https://github.com/OlmLab/microbiome_repo/issues/new?template=catalog-contribution.yml&labels=contribution&title=%5Bcontribution%5D%20PRJEB66728%3A%20per_sample_table&study_accession=PRJEB66728&contribution_type=per_sample_table&release_tag=R2026.19,R2026.19,,1.17.1
201,PRJEB63351,Neuroblastoma is associated with alterations in gut microbiome composition subsequent to maternal seeding,COH0068,Valles-Colomer 2024 Italy,include,288,86,,preterm;probiotic,2,1.0,0.953488,0.953488,0.0,0.94186,0.0,R3,R2,R2,R0,R2,R3,partial_coverage,"1 paper(s), 19 inventoried table(s); still missing preterm, probiotic","Upload a per-sample table keyed by run/BioSample accession with the still-missing columns (preterm, probiotic).",per_sample_table,1,38104504,19,False,3.879039,https://www.ebi.ac.uk/ena/browser/view/PRJEB63351,https://www.ncbi.nlm.nih.gov/bioproject/PRJEB63351,https://github.com/OlmLab/microbiome_repo/issues/new?template=catalog-contribution.yml&labels=contribution&title=%5Bcontribution%5D%20PRJEB63351%3A%20per_sample_table&study_accession=PRJEB63351&contribution_type=per_sample_table&release_tag=R2026.19,R2026.19,,1.17.1
202,PRJNA543967,human gut metagenome Metagenome,COH0445,singleton study PRJNA543967,include,126,3,,delivery;feeding;preterm;antibiotics;probiotic,5,1.0,0.0,0.333333,0.0,0.0,0.0,R2,R2,R2,R3,R3,R3,tables_unjoinable_need_key,"A Infant Formula-style sample names (forms seen: A Infant Formula, A Infant formula, Bifidobacterium longum subsp. infantis, Bonferroni-corrected p-value); no key to archive accessions (no_match 8)","Upload a key file mapping A Infant Formula -> SRR/ERR/DRR or BioSample accessions of PRJNA543967, or a per-sample table keyed by accession (delivery, feeding, preterm, antibiotics, probiotic).",id_key,4,36177457;38441032;39287373;41350579,51,False,3.813047,https://www.ebi.ac.uk/ena/browser/view/PRJNA543967,https://www.ncbi.nlm.nih.gov/bioproject/PRJNA543967,https://github.com/OlmLab/microbiome_repo/issues/new?template=catalog-contribution.yml&labels=contribution&title=%5Bcontribution%5D%20PRJNA543967%3A%20id_key&study_accession=PRJNA543967&contribution_type=id_key&release_tag=R2026.19,R2026.19,,1.17.1
203,PRJEB52774,HELMi infant stool WGS metagenomes (3 weeks to 1 year) and parental stool WGS metagenomes,,,include,477,332,,antibiotics;probiotic,2,1.0,0.870482,1.0,1.0,0.0,0.0,R2,R3,R3,R3,R2,R3,partial_coverage,"4 paper(s), 14 inventoried table(s); still missing antibiotics, probiotic","Upload a per-sample table keyed by run/BioSample accession with the still-missing columns (antibiotics, probiotic).",per_sample_table,4,36274732;37731926;39591974,14,False,3.783666,https://www.ebi.ac.uk/ena/browser/view/PRJEB52774,https://www.ncbi.nlm.nih.gov/bioproject/PRJEB52774,https://github.com/OlmLab/microbiome_repo/issues/new?template=catalog-contribution.yml&labels=contribution&title=%5Bcontribution%5D%20PRJEB52774%3A%20per_sample_table&study_accession=PRJEB52774&contribution_type=per_sample_table&release_tag=R2026.19,R2026.19,,1.17.1
204,PRJNA542703,Whole genome metagenomic analysis of the gut microbiome of differently fed infants,COH0125,Di Guglielmo 2022 USA,include,30,30,,delivery;probiotic,2,1.0,0.0,1.0,1.0,1.0,0.0,R2,R2,R2,R3,R2,R3,partial_coverage,"14 paper(s), 77 inventoried table(s); still missing delivery, probiotic","Upload a per-sample table keyed by run/BioSample accession with the still-missing columns (delivery, probiotic).",per_sample_table,14,35310842;36050292;36123315;36177457;36316342;37169786;37191543;38172624;38424077;38441032;39138199;39287373;41350579;42131447,77,False,3.728404,https://www.ebi.ac.uk/ena/browser/view/PRJNA542703,https://www.ncbi.nlm.nih.gov/bioproject/PRJNA542703,https://github.com/OlmLab/microbiome_repo/issues/new?template=catalog-contribution.yml&labels=contribution&title=%5Bcontribution%5D%20PRJNA542703%3A%20per_sample_table&study_accession=PRJNA542703&contribution_type=per_sample_table&release_tag=R2026.19,R2026.19,,1.17.1
205,PRJNA853174,Infant gut microbiome changes and recovers after norovirus infection,COH0153,Cannon 2022 Nicaragua,include,22,22,22.0,preterm;antibiotics;probiotic,3,1.0,1.0,1.0,0.0,0.318182,0.0,R2,R3,R3,R0,R2,R3,partial_coverage,"2 paper(s), 10 inventoried table(s); still missing preterm, antibiotics, probiotic","Upload a per-sample table keyed by run/BioSample accession with the still-missing columns (preterm, antibiotics, probiotic).",per_sample_table,2,35891376;38172624,10,False,3.651906,https://www.ebi.ac.uk/ena/browser/view/PRJNA853174,https://www.ncbi.nlm.nih.gov/bioproject/PRJNA853174,https://github.com/OlmLab/microbiome_repo/issues/new?template=catalog-contribution.yml&labels=contribution&title=%5Bcontribution%5D%20PRJNA853174%3A%20per_sample_table&study_accession=PRJNA853174&contribution_type=per_sample_table&release_tag=R2026.19,R2026.19,,1.17.1
206,PRJNA475246,Strain-level identification of mother-to-child bacterial transmission during the first few months of life,COH0121,Lamichhane 2022,include,286,170,143.0,antibiotics;probiotic,2,1.0,1.0,0.788235,0.952941,0.0,0.0,R1,R2,R2,R2,R2,R2,partial_coverage,"22 paper(s), 143 inventoried table(s); still missing antibiotics, probiotic","Upload a per-sample table keyed by run/BioSample accession with the still-missing columns (antibiotics, probiotic).",per_sample_table,22,33960282;34152069;35545448;35685890;36050292;36123315;36177457;36316342;37169786;37191543;38172624;38291346;38424077;38441032;38486699;38882494;39138199;39287373;39428758;39866568;41025564;41350579,143,False,3.349494,https://www.ebi.ac.uk/ena/browser/view/PRJNA475246,https://www.ncbi.nlm.nih.gov/bioproject/PRJNA475246,https://github.com/OlmLab/microbiome_repo/issues/new?template=catalog-contribution.yml&labels=contribution&title=%5Bcontribution%5D%20PRJNA475246%3A%20per_sample_table&study_accession=PRJNA475246&contribution_type=per_sample_table&release_tag=R2026.19,R2026.19,,1.17.1
207,PRJNA268964,Human Gut Microbiome Metagenome,COH0400,singleton study PRJNA268964,include,58,2,6.0,delivery;feeding;preterm;antibiotics;probiotic,5,1.0,0.0,0.0,0.0,0.0,0.0,R2,R2,R2,R3,R3,R3,tables_unjoinable_need_key,paper-internal sample names-style sample names (forms seen: n/a); no key to archive accessions (no_match 12),"Upload a key file mapping paper-internal sample names -> SRR/ERR/DRR or BioSample accessions of PRJNA268964, or a per-sample table keyed by accession (delivery, feeding, preterm, antibiotics, probiot…",id_key,8,27803195;35672407;36177457;37188713;37259063;38441032;39287373;41350579,57,False,3.339849,https://www.ebi.ac.uk/ena/browser/view/PRJNA268964,https://www.ncbi.nlm.nih.gov/bioproject/PRJNA268964,https://github.com/OlmLab/microbiome_repo/issues/new?template=catalog-contribution.yml&labels=contribution&title=%5Bcontribution%5D%20PRJNA268964%3A%20id_key&study_accession=PRJNA268964&contribution_type=id_key&release_tag=R2026.19,R2026.19,,1.17.1
208,PRJNA613032,"Fecal microbiota in early life and effects of early life antibiotics, annotated shotgun sequencing data",,,include,20,2,,age;feeding;preterm;probiotic,4,0.0,1.0,0.0,0.0,1.0,0.0,R2,R2,R2,R3,R2,R0,tables_unjoinable_need_key,"age_sample-style sample names (forms seen: age_sample, id); no key to archive accessions (no_match 1, below_gate 1)","Upload a key file mapping age_sample -> SRR/ERR/DRR or BioSample accessions of PRJNA613032, or a per-sample table keyed by accession (age, feeding, preterm, probiotic).",id_key,1,35173154,8,False,3.339849,https://www.ebi.ac.uk/ena/browser/view/PRJNA613032,https://www.ncbi.nlm.nih.gov/bioproject/PRJNA613032,https://github.com/OlmLab/microbiome_repo/issues/new?template=catalog-contribution.yml&labels=contribution&title=%5Bcontribution%5D%20PRJNA613032%3A%20id_key&study_accession=PRJNA613032&contribution_type=id_key&release_tag=R2026.19,R2026.19,,1.17.1
209,PRJNA343144,Infant gut microbiome Metagenomic assembly,COH0410,singleton study PRJNA343144,include,1,1,1.0,age;delivery;feeding;preterm;antibiotics;probiotic,6,0.0,0.0,0.0,0.0,0.0,0.0,R0,R0,R3,R0,R2,R3,partial_coverage,"1 paper(s), 11 inventoried table(s); still missing age, delivery, feeding, preterm, antibiotics, probiotic","Upload a per-sample table keyed by run/BioSample accession with the still-missing columns (age, delivery, feeding, preterm, antibiotics, probiotic).",per_sample_table,1,36170451,11,False,3.0103,https://www.ebi.ac.uk/ena/browser/view/PRJNA343144,https://www.ncbi.nlm.nih.gov/bioproject/PRJNA343144,https://github.com/OlmLab/microbiome_repo/issues/new?template=catalog-contribution.yml&labels=contribution&title=%5Bcontribution%5D%20PRJNA343144%3A%20per_sample_table&study_accession=PRJNA343144&contribution_type=per_sample_table&release_tag=R2026.19,R2026.19,,1.17.1
210,PRJNA893826,Culture-independent long read metagenomic diagnostics for genomic surveillance and infection control of pathogenic bacteria in clinical settings,COH0158,Nhu 2024 Australia,include,1,1,1.0,age;delivery;feeding;preterm;antibiotics;probiotic,6,0.0,0.0,0.0,0.0,0.0,0.0,R3,R0,R0,R3,R2,R0,partial_coverage,"1 paper(s), 10 inventoried table(s); still missing age, delivery, feeding, preterm, antibiotics, probiotic","Upload a per-sample table keyed by run/BioSample accession with the still-missing columns (age, delivery, feeding, preterm, antibiotics, probiotic).",per_sample_table,1,38622998,10,False,3.0103,https://www.ebi.ac.uk/ena/browser/view/PRJNA893826,https://www.ncbi.nlm.nih.gov/bioproject/PRJNA893826,https://github.com/OlmLab/microbiome_repo/issues/new?template=catalog-contribution.yml&labels=contribution&title=%5Bcontribution%5D%20PRJNA893826%3A%20per_sample_table&study_accession=PRJNA893826&contribution_type=per_sample_table&release_tag=R2026.19,R2026.19,,1.17.1
211,PRJNA1222487,Gut microbiome signatures and reduced Faecalibacterium and Roseburia in infants with early allergic conditions,COH0095,Nunez 2026 USA,include,95,95,,preterm,1,1.0,1.0,1.0,0.0,1.0,1.0,R2,R3,R3,R3,R3,R3,partial_coverage,"1 paper(s), 9 inventoried table(s); still missing preterm",Upload a per-sample table keyed by run/BioSample accession with the still-missing columns (preterm).,per_sample_table,1,42293161,9,False,2.973407,https://www.ebi.ac.uk/ena/browser/view/PRJNA1222487,https://www.ncbi.nlm.nih.gov/bioproject/PRJNA1222487,https://github.com/OlmLab/microbiome_repo/issues/new?template=catalog-contribution.yml&labels=contribution&title=%5Bcontribution%5D%20PRJNA1222487%3A%20per_sample_table&study_accession=PRJNA1222487&contribution_type=per_sample_table&release_tag=R2026.19,R2026.19,,1.17.1
212,PRJNA339914,Vertical Transmission Pilot,COH0113,Asnicar 2017 Italy,include,24,8,,preterm;antibiotics;probiotic,3,1.0,1.0,1.0,0.0,0.0,0.0,R2,R2,R2,R2,R2,R2,partial_coverage,"16 paper(s), 97 inventoried table(s); still missing preterm, antibiotics, probiotic","Upload a per-sample table keyed by run/BioSample accession with the still-missing columns (preterm, antibiotics, probiotic).",per_sample_table,16,28144631;33960282;34152069;36050292;36170451;36177457;36316342;37169786;37191543;37259063;38172624;38424077;38882494;39138199;39287373;39809768,97,False,2.862728,https://www.ebi.ac.uk/ena/browser/view/PRJNA339914,https://www.ncbi.nlm.nih.gov/bioproject/PRJNA339914,https://github.com/OlmLab/microbiome_repo/issues/new?template=catalog-contribution.yml&labels=contribution&title=%5Bcontribution%5D%20PRJNA339914%3A%20per_sample_table&study_accession=PRJNA339914&contribution_type=per_sample_table&release_tag=R2026.19,R2026.19,,1.17.1
213,PRJNA778397,Fecal Metagenome Sequences of STRONG Kids 2 Birth Cohort Study,COH1575,STRONG Kids 2 Birth Cohort,include,75,75,75.0,antibiotics;probiotic,2,1.0,1.0,0.986667,1.0,0.0,0.0,R2,R2,R2,R3,R3,R3,partial_coverage,"1 paper(s), 7 inventoried table(s); still missing antibiotics, probiotic","Upload a per-sample table keyed by run/BioSample accession with the still-missing columns (antibiotics, probiotic).",per_sample_table,1,39858934,7,False,2.82122,https://www.ebi.ac.uk/ena/browser/view/PRJNA778397,https://www.ncbi.nlm.nih.gov/bioproject/PRJNA778397,https://github.com/OlmLab/microbiome_repo/issues/new?template=catalog-contribution.yml&labels=contribution&title=%5Bcontribution%5D%20PRJNA778397%3A%20per_sample_table&study_accession=PRJNA778397&contribution_type=per_sample_table&release_tag=R2026.19,R2026.19,,1.17.1
214,PRJNA1143669,Gut microbiota of neonates exposed to HIV,COH0089,Byrne 2024 South Africa,include,65,65,65.0,antibiotics;probiotic,2,1.0,1.0,1.0,1.0,0.0,0.0,R3,R3,R3,R3,R0,R0,no_supplement_found,1 linked paper(s) (A_fulltext_xml); 0 inventoried supplementary members,"Upload a per-sample table keyed by run accession (SRR/ERR/DRR) or BioSample with antibiotics, probiotic, and state where it came from.",per_sample_table,1,39707483,0,False,2.729316,https://www.ebi.ac.uk/ena/browser/view/PRJNA1143669,https://www.ncbi.nlm.nih.gov/bioproject/PRJNA1143669,https://github.com/OlmLab/microbiome_repo/issues/new?template=catalog-contribution.yml&labels=contribution&title=%5Bcontribution%5D%20PRJNA1143669%3A%20per_sample_table&study_accession=PRJNA1143669&contribution_type=per_sample_table&release_tag=R2026.19,R2026.19,,1.17.1
215,PRJNA938144,HOLA gut microbiome,COH0163,HOLA,include,63,63,,antibiotics;probiotic,2,1.0,1.0,1.0,1.0,0.0,0.0,R3,R3,R3,R3,R3,R0,partial_coverage,"1 paper(s), 1 inventoried table(s); still missing antibiotics, probiotic","Upload a per-sample table keyed by run/BioSample accession with the still-missing columns (antibiotics, probiotic).",per_sample_table,1,37754563,1,False,2.70927,https://www.ebi.ac.uk/ena/browser/view/PRJNA938144,https://www.ncbi.nlm.nih.gov/bioproject/PRJNA938144,https://github.com/OlmLab/microbiome_repo/issues/new?template=catalog-contribution.yml&labels=contribution&title=%5Bcontribution%5D%20PRJNA938144%3A%20per_sample_table&study_accession=PRJNA938144&contribution_type=per_sample_table&release_tag=R2026.19,R2026.19,,1.17.1
216,PRJNA812583,Strain-level metagenomics reveal microbial transfer from donor to infant after fecal microbiota transplantation of pregnant patient,COH1262,Wei FMT pregnant patient to infant strain transfer,include,12,3,3.0,age;antibiotics;probiotic,3,0.0,1.0,0.666667,1.0,0.0,0.0,R3,R3,R3,R0,R3,R3,no_supplement_found,1 linked paper(s) (A_fulltext_xml); 0 inventoried supplementary members,"Upload a per-sample table keyed by run accession (SRR/ERR/DRR) or BioSample with age, antibiotics, probiotic, and state where it came from.",per_sample_table,1,36352460,0,False,2.70927,https://www.ebi.ac.uk/ena/browser/view/PRJNA812583,https://www.ncbi.nlm.nih.gov/bioproject/PRJNA812583,https://github.com/OlmLab/microbiome_repo/issues/new?template=catalog-contribution.yml&labels=contribution&title=%5Bcontribution%5D%20PRJNA812583%3A%20per_sample_table&study_accession=PRJNA812583&contribution_type=per_sample_table&release_tag=R2026.19,R2026.19,,1.17.1
217,PRJEB15257,The antibiotic resistance potential of the preterm infant gut microbiome measured using shotgun metagenomics.,,,include,15,15,15.0,preterm;probiotic,2,0.733333,0.733333,1.0,0.0,0.533333,0.0,R2,R2,R2,R1,R2,R2,tables_unjoinable_need_key,paper-internal sample names-style sample names (forms seen: n/a); no key to archive accessions (no_match 7),"Upload a key file mapping paper-internal sample names -> SRR/ERR/DRR or BioSample accessions of PRJEB15257, or a per-sample table keyed by accession (preterm, probiotic).",id_key,4,28149696;34362295;37191543;39138199,23,False,2.40824,https://www.ebi.ac.uk/ena/browser/view/PRJEB15257,https://www.ncbi.nlm.nih.gov/bioproject/PRJEB15257,https://github.com/OlmLab/microbiome_repo/issues/new?template=catalog-contribution.yml&labels=contribution&title=%5Bcontribution%5D%20PRJEB15257%3A%20id_key&study_accession=PRJEB15257&contribution_type=id_key&release_tag=R2026.19,R2026.19,,1.17.1
218,PRJNA60717,Metagenomic analysis of infant stool sample,COH0454,singleton study PRJNA60717,include,1,1,,age;delivery;feeding;probiotic,4,0.0,0.0,0.0,1.0,1.0,0.0,R2,R2,R2,R2,R2,R3,tables_unjoinable_need_key,"infant-style sample names (forms seen: accession, infant, original_sample, public_code); no key to archive accessions (no_match 14)","Upload a key file mapping infant -> SRR/ERR/DRR or BioSample accessions of PRJNA60717, or a per-sample table keyed by accession (age, delivery, feeding, probiotic).",id_key,2,31844663;34294039,26,False,2.257725,https://www.ebi.ac.uk/ena/browser/view/PRJNA60717,https://www.ncbi.nlm.nih.gov/bioproject/PRJNA60717,https://github.com/OlmLab/microbiome_repo/issues/new?template=catalog-contribution.yml&labels=contribution&title=%5Bcontribution%5D%20PRJNA60717%3A%20id_key&study_accession=PRJNA60717&contribution_type=id_key&release_tag=R2026.19,R2026.19,,1.17.1
219,PRJNA508395,Nanopore long read assembly of the human gut metagenome,COH0440,singleton study PRJNA508395,include,13,1,,delivery;feeding;preterm;antibiotics;probiotic,5,1.0,0.0,0.0,0.0,0.0,0.0,R3,R0,R0,R0,R0,R0,no_linked_paper,0 rows in study_paper_links; access_tier=none_no_linked_paper,"Point to the paper (PMID/DOI) describing PRJNA508395, or upload a per-sample table keyed by run accession (SRR/ERR/DRR) with delivery, feeding, preterm, antibiotics, probiotic.",paper_pointer,0,,0,False,2.10721,https://www.ebi.ac.uk/ena/browser/view/PRJNA508395,https://www.ncbi.nlm.nih.gov/bioproject/PRJNA508395,https://github.com/OlmLab/microbiome_repo/issues/new?template=catalog-contribution.yml&labels=contribution&title=%5Bcontribution%5D%20PRJNA508395%3A%20paper_pointer&study_accession=PRJNA508395&contribution_type=paper_pointer&release_tag=R2026.19,R2026.19,,1.17.1
220,PRJEB10914,Developmental Ecology of the Human Microbiome - Restoration Study of babies.,COH0281,singleton study PRJEB10914,include,1016,8,,preterm;probiotic,2,1.0,1.0,1.0,0.0,1.0,0.0,R3,R3,R3,R3,R3,R3,partial_coverage,"1 paper(s), 1 inventoried table(s); still missing preterm, probiotic","Upload a per-sample table keyed by run/BioSample accession with the still-missing columns (preterm, probiotic).",per_sample_table,1,36093611,1,False,1.908485,https://www.ebi.ac.uk/ena/browser/view/PRJEB10914,https://www.ncbi.nlm.nih.gov/bioproject/PRJEB10914,https://github.com/OlmLab/microbiome_repo/issues/new?template=catalog-contribution.yml&labels=contribution&title=%5Bcontribution%5D%20PRJEB10914%3A%20per_sample_table&study_accession=PRJEB10914&contribution_type=per_sample_table&release_tag=R2026.19,R2026.19,,1.17.1
221,PRJEB2778,Mutualism between gut microbiota and the host as revealed in a comparative study of breast-fed versus formula-fed infants.,COH0029,Schwartz 2012 United States,include,12,12,,antibiotics;probiotic,2,1.0,1.0,0.833333,1.0,0.0,0.0,R3,R3,R2,R3,R3,R3,partial_coverage,"4 paper(s), 14 inventoried table(s); still missing antibiotics, probiotic","Upload a per-sample table keyed by run/BioSample accession with the still-missing columns (antibiotics, probiotic).",per_sample_table,4,22546241;26399409;33353204;33538807,14,False,1.670915,https://www.ebi.ac.uk/ena/browser/view/PRJEB2778,https://www.ncbi.nlm.nih.gov/bioproject/PRJEB2778,https://github.com/OlmLab/microbiome_repo/issues/new?template=catalog-contribution.yml&labels=contribution&title=%5Bcontribution%5D%20PRJEB2778%3A%20per_sample_table&study_accession=PRJEB2778&contribution_type=per_sample_table&release_tag=R2026.19,R2026.19,,1.17.1
222,PRJEB32631,Early_life_microbiota_colonisation,COH0030,Shao 2019 UK,include,1679,1679,,probiotic,1,0.998213,1.0,0.807624,1.0,0.798094,0.0,R2,R2,R2,R2,R2,R2,partial_coverage,"21 paper(s), 173 inventoried table(s); still missing probiotic",Upload a per-sample table keyed by run/BioSample accession with the still-missing columns (probiotic).,per_sample_table,21,31534227;32431894;33960282;34677583;35545448;36050292;36456554;38291346;38424077;39138199;39242817;39809768;39866568;40048849;40328944;40396737;41350579;42032281;42171373,173,False,1.612655,https://www.ebi.ac.uk/ena/browser/view/PRJEB32631,https://www.ncbi.nlm.nih.gov/bioproject/PRJEB32631,https://github.com/OlmLab/microbiome_repo/issues/new?template=catalog-contribution.yml&labels=contribution&title=%5Bcontribution%5D%20PRJEB32631%3A%20per_sample_table&study_accession=PRJEB32631&contribution_type=per_sample_table&release_tag=R2026.19,R2026.19,,1.17.1
223,PRJNA1106565,Antibiotic exposure is associated with minimal gut microbiome perturbations in healthy term infants,,,include,669,669,669.0,probiotic,1,1.0,1.0,0.798206,1.0,0.810164,0.0,R1,R3,R3,R3,R3,R3,partial_coverage,"3 paper(s), 5 inventoried table(s); still missing probiotic",Upload a per-sample table keyed by run/BioSample accession with the still-missing columns (probiotic).,per_sample_table,3,39440978;39856742;40763731,5,False,1.413037,https://www.ebi.ac.uk/ena/browser/view/PRJNA1106565,https://www.ncbi.nlm.nih.gov/bioproject/PRJNA1106565,https://github.com/OlmLab/microbiome_repo/issues/new?template=catalog-contribution.yml&labels=contribution&title=%5Bcontribution%5D%20PRJNA1106565%3A%20per_sample_table&study_accession=PRJNA1106565&contribution_type=per_sample_table&release_tag=R2026.19,R2026.19,,1.17.1
224,PRJNA215102,Premature infant gut Metagenome,COH0107,Brown 2013 USA,include,1,1,9.0,age;antibiotics;probiotic,3,0.0,1.0,1.0,1.0,0.0,0.0,R3,R3,R3,R1,R3,R3,no_supplement_found,1 linked paper(s) (A_fulltext_xml); 0 inventoried supplementary members,"Upload a per-sample table keyed by run accession (SRR/ERR/DRR) or BioSample with age, antibiotics, probiotic, and state where it came from.",per_sample_table,1,24451181,0,False,1.354635,https://www.ebi.ac.uk/ena/browser/view/PRJNA215102,https://www.ncbi.nlm.nih.gov/bioproject/PRJNA215102,https://github.com/OlmLab/microbiome_repo/issues/new?template=catalog-contribution.yml&labels=contribution&title=%5Bcontribution%5D%20PRJNA215102%3A%20per_sample_table&study_accession=PRJNA215102&contribution_type=per_sample_table&release_tag=R2026.19,R2026.19,,1.17.1
225,PRJNA489090,"Human infant gut metagenome, infant shotgun sequencing",COH0437,singleton study PRJNA489090,include,429,429,,probiotic,1,1.0,1.0,0.927739,1.0,0.93007,0.0,R2,R2,R2,R2,R2,R3,partial_coverage,"14 paper(s), 152 inventoried table(s); still missing probiotic",Upload a per-sample table keyed by run/BioSample accession with the still-missing columns (probiotic).,per_sample_table,14,34264786;34429130;36050292;36717704;37169786;38172624;38424077;38441032;38882494;39138199;40048849;41025564;41350579;42259839,152,False,1.316734,https://www.ebi.ac.uk/ena/browser/view/PRJNA489090,https://www.ncbi.nlm.nih.gov/bioproject/PRJNA489090,https://github.com/OlmLab/microbiome_repo/issues/new?template=catalog-contribution.yml&labels=contribution&title=%5Bcontribution%5D%20PRJNA489090%3A%20per_sample_table&study_accession=PRJNA489090&contribution_type=per_sample_table&release_tag=R2026.19,R2026.19,,1.17.1
226,PRJNA473126,Infant Diet and Maternal Gestational Weight Gain Influence Functional Maturation of the Infant Gut Microbiome,COH0035,Baumann-Dudenhoeffer 2018 USA,include,402,402,,probiotic,1,1.0,1.0,1.0,1.0,1.0,0.0,R1,R2,R2,R2,R2,R2,partial_coverage,"24 paper(s), 135 inventoried table(s); still missing probiotic",Upload a per-sample table keyed by run/BioSample accession with the still-missing columns (probiotic).,per_sample_table,24,30374198;34064844;34152069;34264786;34429130;34677583;36050292;36123315;36177457;36316342;37169786;37191543;37259063;38172624;38424077;38441032;38882494;39102225;39138199;39287373;40048849;41025564;41350579,135,False,1.302653,https://www.ebi.ac.uk/ena/browser/view/PRJNA473126,https://www.ncbi.nlm.nih.gov/bioproject/PRJNA473126,https://github.com/OlmLab/microbiome_repo/issues/new?template=catalog-contribution.yml&labels=contribution&title=%5Bcontribution%5D%20PRJNA473126%3A%20per_sample_table&study_accession=PRJNA473126&contribution_type=per_sample_table&release_tag=R2026.19,R2026.19,,1.17.1
227,PRJEB6456,Dynamics and Stabilization of the Human Gut Microbiome during the First Year of Life,COH0310,singleton study PRJEB6456,include,400,398,,probiotic,1,0.997487,0.984925,0.713568,0.984925,0.738693,0.0,R2,R2,R2,R2,R2,R2,partial_coverage,"32 paper(s), 311 inventoried table(s); still missing probiotic",Upload a per-sample table keyed by run/BioSample accession with the still-missing columns (probiotic).,per_sample_table,32,30258040;30340536;33411719;33753486;33960282;34152069;34677583;35545448;35768643;36050292;36123315;36316342;36779183;36794816;37116481;37169786;37188713;37259063;38172624;38291346;38424077;38868710;38882494;39138199;39242817;39428758;39809768;40048849;41350579;42171373;42203770,311,False,1.300486,https://www.ebi.ac.uk/ena/browser/view/PRJEB6456,https://www.ncbi.nlm.nih.gov/bioproject/PRJEB6456,https://github.com/OlmLab/microbiome_repo/issues/new?template=catalog-contribution.yml&labels=contribution&title=%5Bcontribution%5D%20PRJEB6456%3A%20per_sample_table&study_accession=PRJEB6456&contribution_type=per_sample_table&release_tag=R2026.19,R2026.19,,1.17.1
228,PRJNA396794,preterm infant gut metagenomes (NIH Y4 Cohort),COH0117,NIH Y4 Cohort,include,305,305,,probiotic,1,1.0,0.996721,0.993443,1.0,1.0,0.0,R2,R2,R2,R2,R2,R3,partial_coverage,"10 paper(s), 80 inventoried table(s); still missing probiotic",Upload a per-sample table keyed by run/BioSample accession with the still-missing columns (probiotic).,per_sample_table,10,29359195;31844663;34677583;36050292;36081629;37169786;38172624;38424077;39138199;41025564,80,False,1.242861,https://www.ebi.ac.uk/ena/browser/view/PRJNA396794,https://www.ncbi.nlm.nih.gov/bioproject/PRJNA396794,https://github.com/OlmLab/microbiome_repo/issues/new?template=catalog-contribution.yml&labels=contribution&title=%5Bcontribution%5D%20PRJNA396794%3A%20per_sample_table&study_accession=PRJNA396794&contribution_type=per_sample_table&release_tag=R2026.19,R2026.19,,1.17.1
229,PRJNA898628,PINGU Fecal samples Metagenome,COH0160,PINGU,include,220,220,,probiotic,1,0.531818,0.531818,0.531818,1.0,0.531818,0.0,R2,R2,R2,R2,R2,R3,partial_coverage,"2 paper(s), 17 inventoried table(s); still missing probiotic",Upload a per-sample table keyed by run/BioSample accession with the still-missing columns (probiotic).,per_sample_table,2,37187112;40048849,17,False,1.172196,https://www.ebi.ac.uk/ena/browser/view/PRJNA898628,https://www.ncbi.nlm.nih.gov/bioproject/PRJNA898628,https://github.com/OlmLab/microbiome_repo/issues/new?template=catalog-contribution.yml&labels=contribution&title=%5Bcontribution%5D%20PRJNA898628%3A%20per_sample_table&study_accession=PRJNA898628&contribution_type=per_sample_table&release_tag=R2026.19,R2026.19,,1.17.1
230,PRJNA294605,Metagenomes from 11 human infant fecal samples hospitalized in the same intensive care unit,,,include,158,158,,probiotic,1,0.892405,0.892405,0.892405,0.892405,0.924051,0.0,R2,R2,R2,R2,R2,R3,partial_coverage,"13 paper(s), 70 inventoried table(s); still missing probiotic",Upload a per-sample table keyed by run/BioSample accession with the still-missing columns (probiotic).,per_sample_table,13,27258951;29180750;29636439;31844663;36050292;36081629;36478853;37169786;37259063;38424077;38882494;39138199;41025564,70,False,1.100699,https://www.ebi.ac.uk/ena/browser/view/PRJNA294605,https://www.ncbi.nlm.nih.gov/bioproject/PRJNA294605,https://github.com/OlmLab/microbiome_repo/issues/new?template=catalog-contribution.yml&labels=contribution&title=%5Bcontribution%5D%20PRJNA294605%3A%20per_sample_table&study_accession=PRJNA294605&contribution_type=per_sample_table&release_tag=R2026.19,R2026.19,,1.17.1
231,PRJNA352475,Mother-infant microbiome vertical transmission,COH0026,Ferretti 2018 Italy,include,230,119,,probiotic,1,1.0,1.0,0.815126,0.94958,0.756303,0.0,R2,R2,R2,R2,R2,R2,partial_coverage,"25 paper(s), 160 inventoried table(s); still missing probiotic",Upload a per-sample table keyed by run/BioSample accession with the still-missing columns (probiotic).,per_sample_table,25,30001516;32508773;33960282;34152069;34429130;35545448;36050292;36123315;36177457;36316342;36420990;37116481;37169786;37191543;38172624;38291346;38424077;38441032;38882494;39138199;39287373;39866568;40048849;41350579,160,False,1.039591,https://www.ebi.ac.uk/ena/browser/view/PRJNA352475,https://www.ncbi.nlm.nih.gov/bioproject/PRJNA352475,https://github.com/OlmLab/microbiome_repo/issues/new?template=catalog-contribution.yml&labels=contribution&title=%5Bcontribution%5D%20PRJNA352475%3A%20per_sample_table&study_accession=PRJNA352475&contribution_type=per_sample_table&release_tag=R2026.19,R2026.19,,1.17.1
232,PRJNA1055141,Infant stool shallow shotgun sequencing (ANTIBIO),COH0077,van Tilburg Bernardes 2026 Canada,include,94,94,,probiotic,1,1.0,1.0,1.0,1.0,1.0,0.0,R2,R2,R2,R2,R2,R0,partial_coverage,"1 paper(s), 15 inventoried table(s); still missing probiotic",Upload a per-sample table keyed by run/BioSample accession with the still-missing columns (probiotic).,per_sample_table,1,42336834,15,False,0.988862,https://www.ebi.ac.uk/ena/browser/view/PRJNA1055141,https://www.ncbi.nlm.nih.gov/bioproject/PRJNA1055141,https://github.com/OlmLab/microbiome_repo/issues/new?template=catalog-contribution.yml&labels=contribution&title=%5Bcontribution%5D%20PRJNA1055141%3A%20per_sample_table&study_accession=PRJNA1055141&contribution_type=per_sample_table&release_tag=R2026.19,R2026.19,,1.17.1
233,PRJNA273761,Metagenomes from human infant fecal samples with and without necrotizing enterocolitis,,,include,60,60,,probiotic,1,1.0,0.883333,0.883333,1.0,0.883333,0.0,R2,R2,R2,R2,R2,R2,partial_coverage,"13 paper(s), 82 inventoried table(s); still missing probiotic",Upload a per-sample table keyed by run/BioSample accession with the still-missing columns (probiotic).,per_sample_table,13,29180750;29636439;31844663;34704805;36050292;36081629;37169786;37259063;38172624;38424077;38882494;39138199;41025564,82,False,0.892665,https://www.ebi.ac.uk/ena/browser/view/PRJNA273761,https://www.ncbi.nlm.nih.gov/bioproject/PRJNA273761,https://github.com/OlmLab/microbiome_repo/issues/new?template=catalog-contribution.yml&labels=contribution&title=%5Bcontribution%5D%20PRJNA273761%3A%20per_sample_table&study_accession=PRJNA273761&contribution_type=per_sample_table&release_tag=R2026.19,R2026.19,,1.17.1
234,PRJEB52147,"The Association Between Milk Feedings in the Preterm Population, the Microbiome and Risk of Atopic Disease: Microbiome, Atopic Disease, and Prematurity (MAP Study)",COH0041,MAP,include,90,54,,probiotic,1,1.0,1.0,0.981481,1.0,1.0,0.0,R3,R3,R3,R3,R3,R3,no_supplement_found,1 linked paper(s) (A_fulltext_xml); 0 inventoried supplementary members,"Upload a per-sample table keyed by run accession (SRR/ERR/DRR) or BioSample with probiotic, and state where it came from.",per_sample_table,1,35440708,0,False,0.870181,https://www.ebi.ac.uk/ena/browser/view/PRJEB52147,https://www.ncbi.nlm.nih.gov/bioproject/PRJEB52147,https://github.com/OlmLab/microbiome_repo/issues/new?template=catalog-contribution.yml&labels=contribution&title=%5Bcontribution%5D%20PRJEB52147%3A%20per_sample_table&study_accession=PRJEB52147&contribution_type=per_sample_table&release_tag=R2026.19,R2026.19,,1.17.1
235,PRJNA379120,"Colonization, succession and evolution of the earliest human gastrointestinal microbiome",COH0114,Wampach 2018 Luxembourg,include,65,52,,probiotic,1,1.0,0.980769,0.730769,0.730769,0.884615,0.0,R2,R2,R2,R2,R2,R3,partial_coverage,"17 paper(s), 174 inventoried table(s); still missing probiotic",Upload a per-sample table keyed by run/BioSample accession with the still-missing columns (probiotic).,per_sample_table,17,30504906;33960282;34429130;36050292;36177457;36717704;37191543;38172624;38424077;38441032;39138199;39287373;39739091;40048849;41025564;41350579;42618579,174,False,0.862138,https://www.ebi.ac.uk/ena/browser/view/PRJNA379120,https://www.ncbi.nlm.nih.gov/bioproject/PRJNA379120,https://github.com/OlmLab/microbiome_repo/issues/new?template=catalog-contribution.yml&labels=contribution&title=%5Bcontribution%5D%20PRJNA379120%3A%20per_sample_table&study_accession=PRJNA379120&contribution_type=per_sample_table&release_tag=R2026.19,R2026.19,,1.17.1
236,PRJNA322188,Maturation of the Infant Microbiome Community Structure and Function Across Multiple Body Sites,COH0408,singleton study PRJNA322188,include,99,49,,probiotic,1,1.0,1.0,0.918367,0.857143,1.0,0.0,R2,R2,R2,R2,R2,R2,partial_coverage,"16 paper(s), 159 inventoried table(s); still missing probiotic",Upload a per-sample table keyed by run/BioSample accession with the still-missing columns (probiotic).,per_sample_table,16,33960282;34152069;36050292;36123315;36316342;37169786;37874156;38172624;38424077;38882494;39138199;39866568;40048849;41025564;41350579;41751912,159,False,0.849485,https://www.ebi.ac.uk/ena/browser/view/PRJNA322188,https://www.ncbi.nlm.nih.gov/bioproject/PRJNA322188,https://github.com/OlmLab/microbiome_repo/issues/new?template=catalog-contribution.yml&labels=contribution&title=%5Bcontribution%5D%20PRJNA322188%3A%20per_sample_table&study_accession=PRJNA322188&contribution_type=per_sample_table&release_tag=R2026.19,R2026.19,,1.17.1
237,PRJNA532310,Infant gut metagenome,COH0124,Pärnänen 2022 USA,include,46,46,,probiotic,1,1.0,1.0,1.0,1.0,1.0,0.0,R2,R2,R2,R1,R2,R3,partial_coverage,"2 paper(s), 20 inventoried table(s); still missing probiotic",Upload a per-sample table keyed by run/BioSample accession with the still-missing columns (probiotic).,per_sample_table,2,34677583;37169786,20,False,0.836049,https://www.ebi.ac.uk/ena/browser/view/PRJNA532310,https://www.ncbi.nlm.nih.gov/bioproject/PRJNA532310,https://github.com/OlmLab/microbiome_repo/issues/new?template=catalog-contribution.yml&labels=contribution&title=%5Bcontribution%5D%20PRJNA532310%3A%20per_sample_table&study_accession=PRJNA532310&contribution_type=per_sample_table&release_tag=R2026.19,R2026.19,,1.17.1
238,PRJNA1086674,The Impact of Oral Feedings on the Preterm Infant Microbiome and Metabolome,COH0338,singleton study PRJNA1086674,include,135,39,,probiotic,1,1.0,1.0,1.0,1.0,1.0,0.0,R3,R3,R3,R3,R3,R0,no_supplement_found,1 linked paper(s) (A_fulltext_xml); 0 inventoried supplementary members,"Upload a per-sample table keyed by run accession (SRR/ERR/DRR) or BioSample with probiotic, and state where it came from.",per_sample_table,1,39138352,0,False,0.80103,https://www.ebi.ac.uk/ena/browser/view/PRJNA1086674,https://www.ncbi.nlm.nih.gov/bioproject/PRJNA1086674,https://github.com/OlmLab/microbiome_repo/issues/new?template=catalog-contribution.yml&labels=contribution&title=%5Bcontribution%5D%20PRJNA1086674%3A%20per_sample_table&study_accession=PRJNA1086674&contribution_type=per_sample_table&release_tag=R2026.19,R2026.19,,1.17.1
239,PRJNA327106,"Raw reads of the microbiota of premature infant mouth, skin, and gut",COH0112,Olm 2017 USA,include,45,37,,probiotic,1,1.0,1.0,1.0,1.0,1.0,0.0,R1,R2,R2,R2,R2,R3,partial_coverage,"11 paper(s), 50 inventoried table(s); still missing probiotic",Upload a per-sample table keyed by run/BioSample accession with the still-missing columns (probiotic).,per_sample_table,11,28073918;36050292;36081629;37169786;37191543;38172624;38424077;38441032;38882494;39138199;41025564,50,False,0.789892,https://www.ebi.ac.uk/ena/browser/view/PRJNA327106,https://www.ncbi.nlm.nih.gov/bioproject/PRJNA327106,https://github.com/OlmLab/microbiome_repo/issues/new?template=catalog-contribution.yml&labels=contribution&title=%5Bcontribution%5D%20PRJNA327106%3A%20per_sample_table&study_accession=PRJNA327106&contribution_type=per_sample_table&release_tag=R2026.19,R2026.19,,1.17.1
240,PRJNA221723,Gut metagenome from two premature infants,COH0018,Brooks 2014 USA,include,2,2,2.0,probiotic,1,1.0,1.0,1.0,1.0,1.0,0.0,R2,R3,R3,R1,R3,R0,partial_coverage,"3 paper(s), 10 inventoried table(s); still missing probiotic",Upload a per-sample table keyed by run/BioSample accession with the still-missing columns (probiotic).,per_sample_table,3,24468033;37191543;38172624,10,False,0.238561,https://www.ebi.ac.uk/ena/browser/view/PRJNA221723,https://www.ncbi.nlm.nih.gov/bioproject/PRJNA221723,https://github.com/OlmLab/microbiome_repo/issues/new?template=catalog-contribution.yml&labels=contribution&title=%5Bcontribution%5D%20PRJNA221723%3A%20per_sample_table&study_accession=PRJNA221723&contribution_type=per_sample_table&release_tag=R2026.19,R2026.19,,1.17.1
241,PRJNA400115,TEDDY Microbiome,COH0118,TEDDY,include,12266,0,,age;delivery;feeding;preterm;antibiotics;probiotic,6,0.0,0.0,0.0,0.0,0.0,0.0,R2,R2,R2,R2,R2,R2,controlled_access,controlled access: registry cohort COH0118 (non_remediable_controlled),"Share only DERIVED per-sample values (age, delivery, feeding, preterm, antibiotics, probiotic) keyed by public accession, or a DAC-approved summary; never upload raw controlled data.",per_sample_table,3,35729161;36032669;39242817,33,True,0.0,https://www.ebi.ac.uk/ena/browser/view/PRJNA400115,https://www.ncbi.nlm.nih.gov/bioproject/PRJNA400115,https://github.com/OlmLab/microbiome_repo/issues/new?template=catalog-contribution.yml&labels=contribution&title=%5Bcontribution%5D%20PRJNA400115%3A%20per_sample_table&study_accession=PRJNA400115&contribution_type=per_sample_table&release_tag=R2026.19,R2026.19,,1.17.1
242,PRJEB108612,MOMmy-Microbiome_Epigenome_Neurodevelopment,COH0279,singleton study PRJEB108612,include,5328,0,,age;delivery;feeding;preterm;antibiotics;probiotic,6,0.0,0.0,0.0,0.0,0.0,0.0,R0,R0,R0,R0,R0,R0,no_linked_paper,0 rows in study_paper_links; access_tier=none_no_linked_paper,"Point to the paper (PMID/DOI) describing PRJEB108612, or upload a per-sample table keyed by run accession (SRR/ERR/DRR) with age, delivery, feeding, preterm, antibiotics, probiotic.",paper_pointer,0,,0,False,0.0,https://www.ebi.ac.uk/ena/browser/view/PRJEB108612,https://www.ncbi.nlm.nih.gov/bioproject/PRJEB108612,https://github.com/OlmLab/microbiome_repo/issues/new?template=catalog-contribution.yml&labels=contribution&title=%5Bcontribution%5D%20PRJEB108612%3A%20paper_pointer&study_accession=PRJEB108612&contribution_type=paper_pointer&release_tag=R2026.19,R2026.19,,1.17.1
243,PRJNA1468137,Maternal influences on infant gut microbiome and health,COH2359,singleton study PRJNA1468137,include,4749,0,2200.0,age;delivery;feeding;preterm;antibiotics;probiotic,6,0.0,0.0,0.0,0.0,0.0,0.0,R4,R4,R4,R4,R4,R4,paywalled_abstract_only,"1 linked paper(s), access_tier=D_abstract_only","Upload the journal supplement (or its URL) keyed by run/BioSample accession with age, delivery, feeding, preterm, antibiotics, probiotic; derived values only if the licence forbids sharing.",per_sample_table,1,42587158,0,False,0.0,https://www.ebi.ac.uk/ena/browser/view/PRJNA1468137,https://www.ncbi.nlm.nih.gov/bioproject/PRJNA1468137,https://github.com/OlmLab/microbiome_repo/issues/new?template=catalog-contribution.yml&labels=contribution&title=%5Bcontribution%5D%20PRJNA1468137%3A%20per_sample_table&study_accession=PRJNA1468137&contribution_type=per_sample_table&release_tag=R2026.19,R2026.19,,1.17.1
244,PRJEB108450,Exploring Fecal Microbiome in the CHILD COVID-19 sub-project,COH0278,singleton study PRJEB108450,uncertain,3738,0,,age;delivery;feeding;preterm;antibiotics;probiotic,6,0.0,0.0,0.0,0.0,0.0,0.0,R0,R0,R0,R0,R0,R0,archive_only_uncertain,round1_unresolvable: human-review pass: UNRESOLVABLE: household COVID-19 sub-study of the CHILD birth cohort (index children school-age at 2020-22 sampling); sample-ID suffixes CC/CF/CM/C1-C3 suggest…,"Tell us whether PRJEB108450 is infant gut shotgun metagenomics: paper section, protocol or cohort description that settles it.",verdict_evidence,0,,0,False,0.0,https://www.ebi.ac.uk/ena/browser/view/PRJEB108450,https://www.ncbi.nlm.nih.gov/bioproject/PRJEB108450,https://github.com/OlmLab/microbiome_repo/issues/new?template=catalog-contribution.yml&labels=contribution&title=%5Bcontribution%5D%20PRJEB108450%3A%20verdict_evidence&study_accession=PRJEB108450&contribution_type=verdict_evidence&release_tag=R2026.19,R2026.19,,1.17.1
245,PRJEB46788,Codiversification of gut microbiota with humans,COH0232,singleton study PRJEB46788,include,2750,0,,age;delivery;feeding;preterm;antibiotics;probiotic,6,0.0,0.0,0.0,0.0,0.0,0.0,R2,R3,R3,R3,R3,R0,tables_unjoinable_need_key,"# of samples-style sample names (forms seen: # of samples, Bonferroni-corrected p-value, Impact of geographical location of abund, Number of samples); no key to archive accessions (no_match 11, below…","Upload a key file mapping # of samples -> SRR/ERR/DRR or BioSample accessions of PRJEB46788, or a per-sample table keyed by accession (age, delivery, feeding, preterm, antibiotics, probiotic).",id_key,3,38441032;39287373;41358671,43,False,0.0,https://www.ebi.ac.uk/ena/browser/view/PRJEB46788,https://www.ncbi.nlm.nih.gov/bioproject/PRJEB46788,https://github.com/OlmLab/microbiome_repo/issues/new?template=catalog-contribution.yml&labels=contribution&title=%5Bcontribution%5D%20PRJEB46788%3A%20id_key&study_accession=PRJEB46788&contribution_type=id_key&release_tag=R2026.19,R2026.19,,1.17.1
246,PRJNA398089,Longitudinal Multi'omics of the Human Microbiome in Inflammatory Bowel Disease,COH0420,singleton study PRJNA398089,include,2041,0,,age;delivery;feeding;preterm;antibiotics;probiotic,6,0.0,0.0,0.0,0.0,0.0,0.0,R2,R3,R3,R3,R3,R2,tables_unjoinable_need_key,"Sample-id-style sample names (forms seen: Assembly ID, Genome id, Run, Sample-id); no key to archive accessions (no_match 17)","Upload a key file mapping Sample-id -> SRR/ERR/DRR or BioSample accessions of PRJNA398089, or a per-sample table keyed by accession (age, delivery, feeding, preterm, antibiotics, probiotic).",id_key,4,36032669;38172624;42171373,29,False,0.0,https://www.ebi.ac.uk/ena/browser/view/PRJNA398089,https://www.ncbi.nlm.nih.gov/bioproject/PRJNA398089,https://github.com/OlmLab/microbiome_repo/issues/new?template=catalog-contribution.yml&labels=contribution&title=%5Bcontribution%5D%20PRJNA398089%3A%20id_key&study_accession=PRJNA398089&contribution_type=id_key&release_tag=R2026.19,R2026.19,,1.17.1
247,PRJEB40383,Drivers_of_antimicrobial_resistance_in_Uganda_and_Malawi_3,COH2366,singleton study PRJEB40383,uncertain,1778,0,,age;delivery;feeding;preterm;antibiotics;probiotic,6,0.0,0.0,0.0,0.0,0.0,0.0,R0,R0,R0,R0,R0,R0,archive_only_uncertain,growth_uncertain_archive_only: frame-free sweep ambiguous human/animal remnant (523 → 38 after filters),"Tell us whether PRJEB40383 is infant gut shotgun metagenomics: paper section, protocol or cohort description that settles it.",verdict_evidence,0,,0,False,0.0,https://www.ebi.ac.uk/ena/browser/view/PRJEB40383,https://www.ncbi.nlm.nih.gov/bioproject/PRJEB40383,https://github.com/OlmLab/microbiome_repo/issues/new?template=catalog-contribution.yml&labels=contribution&title=%5Bcontribution%5D%20PRJEB40383%3A%20verdict_evidence&study_accession=PRJEB40383&contribution_type=verdict_evidence&release_tag=R2026.19,R2026.19,,1.17.1
248,PRJNA1257550,Role of gut microbiota in eczema development,COH0367,singleton study PRJNA1257550,include,1737,0,1000.0,age;delivery;feeding;preterm;antibiotics;probiotic,6,0.0,0.0,0.0,0.0,0.0,0.0,R0,R0,R0,R0,R0,R0,no_linked_paper,0 rows in study_paper_links; access_tier=none_no_linked_paper,"Point to the paper (PMID/DOI) describing PRJNA1257550, or upload a per-sample table keyed by run accession (SRR/ERR/DRR) with age, delivery, feeding, preterm, antibiotics, probiotic.",paper_pointer,0,,0,False,0.0,https://www.ebi.ac.uk/ena/browser/view/PRJNA1257550,https://www.ncbi.nlm.nih.gov/bioproject/PRJNA1257550,https://github.com/OlmLab/microbiome_repo/issues/new?template=catalog-contribution.yml&labels=contribution&title=%5Bcontribution%5D%20PRJNA1257550%3A%20paper_pointer&study_accession=PRJNA1257550&contribution_type=paper_pointer&release_tag=R2026.19,R2026.19,,1.17.1
249,PRJNA1049511,Gestational diabetes mellitus (GDM) impacts the maternal or infant microbiome trajectory,COH0331,singleton study PRJNA1049511,include,1566,0,,age;delivery;feeding;preterm;antibiotics;probiotic,6,0.0,0.0,0.0,0.0,0.0,0.0,R0,R0,R0,R0,R0,R0,no_linked_paper,0 rows in study_paper_links; access_tier=none_no_linked_paper,"Point to the paper (PMID/DOI) describing PRJNA1049511, or upload a per-sample table keyed by run accession (SRR/ERR/DRR) with age, delivery, feeding, preterm, antibiotics, probiotic.",paper_pointer,0,,0,False,0.0,https://www.ebi.ac.uk/ena/browser/view/PRJNA1049511,https://www.ncbi.nlm.nih.gov/bioproject/PRJNA1049511,https://github.com/OlmLab/microbiome_repo/issues/new?template=catalog-contribution.yml&labels=contribution&title=%5Bcontribution%5D%20PRJNA1049511%3A%20paper_pointer&study_accession=PRJNA1049511&contribution_type=paper_pointer&release_tag=R2026.19,R2026.19,,1.17.1
250,PRJEB13679,The Treatment-Naive Microbiome in New-Onset Crohn s Disease,,,uncertain,1359,0,,age;delivery;feeding;preterm;antibiotics;probiotic,6,0.0,0.0,0.0,0.0,0.0,0.0,R0,R0,R0,R0,R0,R0,archive_only_uncertain,"biosample_rejudge_uncertain: re-judged with BioSample age attributes (7 infant-flagged samples, median 27.0 mo); prior exclude (age_unknown_no_evidence) superseded","Tell us whether PRJEB13679 is infant gut shotgun metagenomics: paper section, protocol or cohort description that settles it.",verdict_evidence,0,,0,False,0.0,https://www.ebi.ac.uk/ena/browser/view/PRJEB13679,https://www.ncbi.nlm.nih.gov/bioproject/PRJEB13679,https://github.com/OlmLab/microbiome_repo/issues/new?template=catalog-contribution.yml&labels=contribution&title=%5Bcontribution%5D%20PRJEB13679%3A%20verdict_evidence&study_accession=PRJEB13679&contribution_type=verdict_evidence&release_tag=R2026.19,R2026.19,,1.17.1
251,PRJNA1259152,MOMMY_IBD,COH0368,singleton study PRJNA1259152,include,1252,0,,age;delivery;feeding;preterm;antibiotics;probiotic,6,0.0,0.0,0.0,0.0,0.0,0.0,R0,R0,R0,R0,R0,R0,no_linked_paper,0 rows in study_paper_links; access_tier=none_no_linked_paper,"Point to the paper (PMID/DOI) describing PRJNA1259152, or upload a per-sample table keyed by run accession (SRR/ERR/DRR) with age, delivery, feeding, preterm, antibiotics, probiotic.",paper_pointer,0,,0,False,0.0,https://www.ebi.ac.uk/ena/browser/view/PRJNA1259152,https://www.ncbi.nlm.nih.gov/bioproject/PRJNA1259152,https://github.com/OlmLab/microbiome_repo/issues/new?template=catalog-contribution.yml&labels=contribution&title=%5Bcontribution%5D%20PRJNA1259152%3A%20paper_pointer&study_accession=PRJNA1259152&contribution_type=paper_pointer&release_tag=R2026.19,R2026.19,,1.17.1
252,PRJNA1060349,Weaning accelerates and transforms within-host adaptation in the infant gut microbiome,COH2317,singleton study PRJNA1060349,include,1197,0,,age;delivery;feeding;preterm;antibiotics;probiotic,6,0.0,0.0,0.0,0.0,0.0,0.0,R4,R4,R4,R4,R4,R4,no_supplement_found,1 linked paper(s) (A_fulltext_xml); 0 inventoried supplementary members,"Upload a per-sample table keyed by run accession (SRR/ERR/DRR) or BioSample with age, delivery, feeding, preterm, antibiotics, probiotic, and state where it came from.",per_sample_table,1,40175737,0,False,0.0,https://www.ebi.ac.uk/ena/browser/view/PRJNA1060349,https://www.ncbi.nlm.nih.gov/bioproject/PRJNA1060349,https://github.com/OlmLab/microbiome_repo/issues/new?template=catalog-contribution.yml&labels=contribution&title=%5Bcontribution%5D%20PRJNA1060349%3A%20per_sample_table&study_accession=PRJNA1060349&contribution_type=per_sample_table&release_tag=R2026.19,R2026.19,,1.17.1
253,PRJNA1140720,Modelling human microbiome transmission in a nursery setting,COH0088,Ricci 2026 Italy,include,1163,0,,age;delivery;feeding;preterm;antibiotics;probiotic,6,0.0,0.0,0.0,0.0,0.0,0.0,R3,R3,R3,R0,R3,R0,no_supplement_found,1 linked paper(s) (A_fulltext_xml); 0 inventoried supplementary members,"Upload a per-sample table keyed by run accession (SRR/ERR/DRR) or BioSample with age, delivery, feeding, preterm, antibiotics, probiotic, and state where it came from.",per_sample_table,1,41565819,0,False,0.0,https://www.ebi.ac.uk/ena/browser/view/PRJNA1140720,https://www.ncbi.nlm.nih.gov/bioproject/PRJNA1140720,https://github.com/OlmLab/microbiome_repo/issues/new?template=catalog-contribution.yml&labels=contribution&title=%5Bcontribution%5D%20PRJNA1140720%3A%20per_sample_table&study_accession=PRJNA1140720&contribution_type=per_sample_table&release_tag=R2026.19,R2026.19,,1.17.1
254,PRJNA916952,Stanford's Outcomes Research in Kids (STORK) Virome,COH0162,STORK,include,1144,0,,age;delivery;feeding;preterm;antibiotics;probiotic,6,0.0,0.0,0.0,0.0,0.0,0.0,R2,R2,R2,R3,R3,R0,tables_unjoinable_need_key,"#OTU ID-style sample names (forms seen: #OTU ID, #SampleID, Accession, Infants); no key to archive accessions (no_match 10, wide_matrix_skipped 3)","Upload a key file mapping #OTU ID -> SRR/ERR/DRR or BioSample accessions of PRJNA916952, or a per-sample table keyed by accession (age, delivery, feeding, preterm, antibiotics, probiotic).",id_key,3,36758519;39138199;42315844,23,False,0.0,https://www.ebi.ac.uk/ena/browser/view/PRJNA916952,https://www.ncbi.nlm.nih.gov/bioproject/PRJNA916952,https://github.com/OlmLab/microbiome_repo/issues/new?template=catalog-contribution.yml&labels=contribution&title=%5Bcontribution%5D%20PRJNA916952%3A%20id_key&study_accession=PRJNA916952&contribution_type=id_key&release_tag=R2026.19,R2026.19,,1.17.1
255,PRJEB14941,The microbiota at multiple body sites during pregnancy in a rural Tanzanian population and the effects of Moringa supplemented probiotic yogurt.,COH0290,singleton study PRJEB14941,include,1118,0,,age;delivery;feeding;preterm;antibiotics;probiotic,6,0.0,0.0,0.0,0.0,0.0,0.0,R3,R0,R0,R0,R0,R0,no_linked_paper,0 rows in study_paper_links; access_tier=none_no_linked_paper,"Point to the paper (PMID/DOI) describing PRJEB14941, or upload a per-sample table keyed by run accession (SRR/ERR/DRR) with age, delivery, feeding, preterm, antibiotics, probiotic.",paper_pointer,0,,0,False,0.0,https://www.ebi.ac.uk/ena/browser/view/PRJEB14941,https://www.ncbi.nlm.nih.gov/bioproject/PRJEB14941,https://github.com/OlmLab/microbiome_repo/issues/new?template=catalog-contribution.yml&labels=contribution&title=%5Bcontribution%5D%20PRJEB14941%3A%20paper_pointer&study_accession=PRJEB14941&contribution_type=paper_pointer&release_tag=R2026.19,R2026.19,,1.17.1
256,PRJNA1403004,Shotgun metagenomic sequencing of infant stool samples from the CHILD Cohort Study,COH2355,singleton study PRJNA1403004,include,1018,0,,age;delivery;feeding;preterm;antibiotics;probiotic,6,0.0,0.0,0.0,0.0,0.0,0.0,R4,R4,R4,R4,R4,R4,paywalled_abstract_only,"1 linked paper(s), access_tier=C_preprint","Upload the journal supplement (or its URL) keyed by run/BioSample accession with age, delivery, feeding, preterm, antibiotics, probiotic; derived values only if the licence forbids sharing.",per_sample_table,1,,0,False,0.0,https://www.ebi.ac.uk/ena/browser/view/PRJNA1403004,https://www.ncbi.nlm.nih.gov/bioproject/PRJNA1403004,https://github.com/OlmLab/microbiome_repo/issues/new?template=catalog-contribution.yml&labels=contribution&title=%5Bcontribution%5D%20PRJNA1403004%3A%20per_sample_table&study_accession=PRJNA1403004&contribution_type=per_sample_table&release_tag=R2026.19,R2026.19,,1.17.1
257,PRJEB45356,Bioactive glycans in a microbiome-directed food for malnourished children,COH2308,singleton study PRJEB45356,include,949,0,,age;delivery;feeding;preterm;antibiotics;probiotic,6,0.0,0.0,0.0,0.0,0.0,0.0,R2,R0,R3,R0,R2,R2,tables_unjoinable_need_key,paper-internal sample names-style sample names (forms seen: no candidate table in supp_inventory); no key to archive accessions (no candidate table in supp_inventory),"Upload a key file mapping paper-internal sample names -> SRR/ERR/DRR or BioSample accessions of PRJEB45356, or a per-sample table keyed by accession (age, delivery, feeding, preterm, antibiotics, pro…",id_key,3,,0,False,0.0,https://www.ebi.ac.uk/ena/browser/view/PRJEB45356,https://www.ncbi.nlm.nih.gov/bioproject/PRJEB45356,https://github.com/OlmLab/microbiome_repo/issues/new?template=catalog-contribution.yml&labels=contribution&title=%5Bcontribution%5D%20PRJEB45356%3A%20id_key&study_accession=PRJEB45356&contribution_type=id_key&release_tag=R2026.19,R2026.19,,1.17.1
258,PRJNA588513,human gut metagenome Metagenome,COH0452,singleton study PRJNA588513,include,942,0,,age;delivery;feeding;preterm;antibiotics;probiotic,6,0.0,0.0,0.0,0.0,0.0,0.0,R2,R3,R2,R0,R3,R0,tables_unjoinable_need_key,"A Infant Formula-style sample names (forms seen: A Infant Formula, A Infant formula, Bonferroni-corrected p-value, Impact of geographical location of abund); no key to archive accessions (no_match 6)","Upload a key file mapping A Infant Formula -> SRR/ERR/DRR or BioSample accessions of PRJNA588513, or a per-sample table keyed by accession (age, delivery, feeding, preterm, antibiotics, probiotic).",id_key,3,36177457;38441032;39287373,27,False,0.0,https://www.ebi.ac.uk/ena/browser/view/PRJNA588513,https://www.ncbi.nlm.nih.gov/bioproject/PRJNA588513,https://github.com/OlmLab/microbiome_repo/issues/new?template=catalog-contribution.yml&labels=contribution&title=%5Bcontribution%5D%20PRJNA588513%3A%20id_key&study_accession=PRJNA588513&contribution_type=id_key&release_tag=R2026.19,R2026.19,,1.17.1
259,PRJEB63570,Klebsiella_transmission_and_immunity_on_Chatinkha_nursery__Neo_TRACK_,COH2324,singleton study PRJEB63570,include,928,0,,age;delivery;feeding;preterm;antibiotics;probiotic,6,0.0,0.0,0.0,0.0,0.0,0.0,R4,R4,R4,R4,R4,R4,paywalled_abstract_only,"2 linked paper(s), access_tier=C_preprint","Upload the journal supplement (or its URL) keyed by run/BioSample accession with age, delivery, feeding, preterm, antibiotics, probiotic; derived values only if the licence forbids sharing.",per_sample_table,2,,0,False,0.0,https://www.ebi.ac.uk/ena/browser/view/PRJEB63570,https://www.ncbi.nlm.nih.gov/bioproject/PRJEB63570,https://github.com/OlmLab/microbiome_repo/issues/new?template=catalog-contribution.yml&labels=contribution&title=%5Bcontribution%5D%20PRJEB63570%3A%20per_sample_table&study_accession=PRJEB63570&contribution_type=per_sample_table&release_tag=R2026.19,R2026.19,,1.17.1
260,PRJEB62678,"BASIC: Biology, Affect, Stress, Imaging and Cognition in pregnancy",,,uncertain,926,0,,age;delivery;feeding;preterm;antibiotics;probiotic,6,0.0,0.0,0.0,0.0,0.0,0.0,R0,R0,R0,R0,R0,R0,archive_only_uncertain,"growth_uncertain_archive_only: discovery=cohort_name_crosswalk; evidence=cohort name 'BASIC' (birthcohorts.net: Biology, Affect, Stress, Imaging and Cognition, Sweden; EPMC review mention) matched EN…","Tell us whether PRJEB62678 is infant gut shotgun metagenomics: paper section, protocol or cohort description that settles it.",verdict_evidence,0,,0,False,0.0,https://www.ebi.ac.uk/ena/browser/view/PRJEB62678,https://www.ncbi.nlm.nih.gov/bioproject/PRJEB62678,https://github.com/OlmLab/microbiome_repo/issues/new?template=catalog-contribution.yml&labels=contribution&title=%5Bcontribution%5D%20PRJEB62678%3A%20verdict_evidence&study_accession=PRJEB62678&contribution_type=verdict_evidence&release_tag=R2026.19,R2026.19,,1.17.1
261,PRJNA900041,ITS Bifidobacteria human Gut,COH0512,singleton study PRJNA900041,include,830,0,,age;delivery;feeding;preterm;antibiotics;probiotic,6,0.0,0.0,0.0,0.0,0.0,0.0,R0,R0,R0,R0,R0,R0,no_linked_paper,0 rows in study_paper_links; access_tier=none_no_linked_paper,"Point to the paper (PMID/DOI) describing PRJNA900041, or upload a per-sample table keyed by run accession (SRR/ERR/DRR) with age, delivery, feeding, preterm, antibiotics, probiotic.",paper_pointer,0,,0,False,0.0,https://www.ebi.ac.uk/ena/browser/view/PRJNA900041,https://www.ncbi.nlm.nih.gov/bioproject/PRJNA900041,https://github.com/OlmLab/microbiome_repo/issues/new?template=catalog-contribution.yml&labels=contribution&title=%5Bcontribution%5D%20PRJNA900041%3A%20paper_pointer&study_accession=PRJNA900041&contribution_type=paper_pointer&release_tag=R2026.19,R2026.19,,1.17.1
262,PRJEB6921,Role_of_early_life_gut_microbiota_in_colonisation_resistance_development,COH2284,singleton study PRJEB6921,include,772,0,,age;delivery;feeding;preterm;antibiotics;probiotic,6,0.0,0.0,0.0,0.0,0.0,0.0,R0,R0,R0,R0,R0,R3,no_linked_paper,0 rows in study_paper_links; access_tier=none_no_linked_paper,"Point to the paper (PMID/DOI) describing PRJEB6921, or upload a per-sample table keyed by run accession (SRR/ERR/DRR) with age, delivery, feeding, preterm, antibiotics, probiotic.",paper_pointer,0,,0,False,0.0,https://www.ebi.ac.uk/ena/browser/view/PRJEB6921,https://www.ncbi.nlm.nih.gov/bioproject/PRJEB6921,https://github.com/OlmLab/microbiome_repo/issues/new?template=catalog-contribution.yml&labels=contribution&title=%5Bcontribution%5D%20PRJEB6921%3A%20paper_pointer&study_accession=PRJEB6921&contribution_type=paper_pointer&release_tag=R2026.19,R2026.19,,1.17.1
263,PRJNA1445880,Infant gut microbiome samples Gastrointestinal Microbiome and Allergic Proctocolitis cohort,COH1817,Allergic Proctocolitis infant gut microbiome cohort,include,740,0,,age;delivery;feeding;preterm;antibiotics;probiotic,6,0.0,0.0,0.0,0.0,0.0,0.0,R3,R2,R2,R0,R0,R3,partial_coverage,"1 paper(s), 35 inventoried table(s); still missing age, delivery, feeding, preterm, antibiotics, probiotic","Upload a per-sample table keyed by run/BioSample accession with the still-missing columns (age, delivery, feeding, preterm, antibiotics, probiotic).",per_sample_table,1,42010622,35,False,0.0,https://www.ebi.ac.uk/ena/browser/view/PRJNA1445880,https://www.ncbi.nlm.nih.gov/bioproject/PRJNA1445880,https://github.com/OlmLab/microbiome_repo/issues/new?template=catalog-contribution.yml&labels=contribution&title=%5Bcontribution%5D%20PRJNA1445880%3A%20per_sample_table&study_accession=PRJNA1445880&contribution_type=per_sample_table&release_tag=R2026.19,R2026.19,,1.17.1
264,PRJNA1113165,Misame3 gut metagenomic,COH0085,MISAME-III,include,736,0,,age;delivery;feeding;preterm;antibiotics;probiotic,6,0.0,0.0,0.0,0.0,0.0,0.0,R3,R3,R3,R3,R3,R0,partial_coverage,"1 paper(s), 33 inventoried table(s); still missing age, delivery, feeding, preterm, antibiotics, probiotic","Upload a per-sample table keyed by run/BioSample accession with the still-missing columns (age, delivery, feeding, preterm, antibiotics, probiotic).",per_sample_table,1,40102379,33,False,0.0,https://www.ebi.ac.uk/ena/browser/view/PRJNA1113165,https://www.ncbi.nlm.nih.gov/bioproject/PRJNA1113165,https://github.com/OlmLab/microbiome_repo/issues/new?template=catalog-contribution.yml&labels=contribution&title=%5Bcontribution%5D%20PRJNA1113165%3A%20per_sample_table&study_accession=PRJNA1113165&contribution_type=per_sample_table&release_tag=R2026.19,R2026.19,,1.17.1
265,PRJNA1504428,Gut microbiomes in children with complicated severe acute malnutrition during hospitalisation and long-term follow-up,COH2364,singleton study PRJNA1504428,include,685,0,,age;delivery;feeding;preterm;antibiotics;probiotic,6,0.0,0.0,0.0,0.0,0.0,0.0,R0,R0,R0,R0,R0,R0,no_linked_paper,0 rows in study_paper_links; access_tier=none_no_linked_paper,"Point to the paper (PMID/DOI) describing PRJNA1504428, or upload a per-sample table keyed by run accession (SRR/ERR/DRR) with age, delivery, feeding, preterm, antibiotics, probiotic.",paper_pointer,0,,0,False,0.0,https://www.ebi.ac.uk/ena/browser/view/PRJNA1504428,https://www.ncbi.nlm.nih.gov/bioproject/PRJNA1504428,https://github.com/OlmLab/microbiome_repo/issues/new?template=catalog-contribution.yml&labels=contribution&title=%5Bcontribution%5D%20PRJNA1504428%3A%20paper_pointer&study_accession=PRJNA1504428&contribution_type=paper_pointer&release_tag=R2026.19,R2026.19,,1.17.1
266,PRJNA1045584,Impact of SARS-CoV-2 in stool sample from women living with HIV and HIV-negative women and their infants.,COH0076,Maqsood 2024 Kenya,include,655,0,,age;delivery;feeding;preterm;antibiotics;probiotic,6,0.0,0.0,0.0,0.0,0.0,0.0,R3,R3,R3,R3,R3,R0,partial_coverage,"1 paper(s), 1 inventoried table(s); still missing age, delivery, feeding, preterm, antibiotics, probiotic","Upload a per-sample table keyed by run/BioSample accession with the still-missing columns (age, delivery, feeding, preterm, antibiotics, probiotic).",per_sample_table,1,39185682,1,False,0.0,https://www.ebi.ac.uk/ena/browser/view/PRJNA1045584,https://www.ncbi.nlm.nih.gov/bioproject/PRJNA1045584,https://github.com/OlmLab/microbiome_repo/issues/new?template=catalog-contribution.yml&labels=contribution&title=%5Bcontribution%5D%20PRJNA1045584%3A%20per_sample_table&study_accession=PRJNA1045584&contribution_type=per_sample_table&release_tag=R2026.19,R2026.19,,1.17.1
267,PRJNA1031773,Impacts of COVID-19 Pandemic on Early Life Gut Microbiome,COH0032,Zhang 2025 Hong Kong,include,624,0,,age;delivery;feeding;preterm;antibiotics;probiotic,6,0.0,0.0,0.0,0.0,0.0,0.0,R3,R3,R3,R3,R3,R3,partial_coverage,"1 paper(s), 7 inventoried table(s); still missing age, delivery, feeding, preterm, antibiotics, probiotic","Upload a per-sample table keyed by run/BioSample accession with the still-missing columns (age, delivery, feeding, preterm, antibiotics, probiotic).",per_sample_table,1,41411654,7,False,0.0,https://www.ebi.ac.uk/ena/browser/view/PRJNA1031773,https://www.ncbi.nlm.nih.gov/bioproject/PRJNA1031773,https://github.com/OlmLab/microbiome_repo/issues/new?template=catalog-contribution.yml&labels=contribution&title=%5Bcontribution%5D%20PRJNA1031773%3A%20per_sample_table&study_accession=PRJNA1031773&contribution_type=per_sample_table&release_tag=R2026.19,R2026.19,,1.17.1
268,PRJEB52938,Longitudinal stool metagenomics from preterm infants within the first month after birth,COH0306,singleton study PRJEB52938,include,614,0,,age;delivery;feeding;preterm;antibiotics;probiotic,6,0.0,0.0,0.0,0.0,0.0,0.0,R0,R0,R0,R0,R0,R0,no_linked_paper,0 rows in study_paper_links; access_tier=none_no_linked_paper,"Point to the paper (PMID/DOI) describing PRJEB52938, or upload a per-sample table keyed by run accession (SRR/ERR/DRR) with age, delivery, feeding, preterm, antibiotics, probiotic.",paper_pointer,0,,0,False,0.0,https://www.ebi.ac.uk/ena/browser/view/PRJEB52938,https://www.ncbi.nlm.nih.gov/bioproject/PRJEB52938,https://github.com/OlmLab/microbiome_repo/issues/new?template=catalog-contribution.yml&labels=contribution&title=%5Bcontribution%5D%20PRJEB52938%3A%20paper_pointer&study_accession=PRJEB52938&contribution_type=paper_pointer&release_tag=R2026.19,R2026.19,,1.17.1
269,PRJEB77202,Cork Nutrition Cohort,COH0312,singleton study PRJEB77202,include,538,0,,age;delivery;feeding;preterm;antibiotics;probiotic,6,0.0,0.0,0.0,0.0,0.0,0.0,R0,R0,R0,R0,R0,R0,no_linked_paper,0 rows in study_paper_links; access_tier=none_no_linked_paper,"Point to the paper (PMID/DOI) describing PRJEB77202, or upload a per-sample table keyed by run accession (SRR/ERR/DRR) with age, delivery, feeding, preterm, antibiotics, probiotic.",paper_pointer,0,,0,False,0.0,https://www.ebi.ac.uk/ena/browser/view/PRJEB77202,https://www.ncbi.nlm.nih.gov/bioproject/PRJEB77202,https://github.com/OlmLab/microbiome_repo/issues/new?template=catalog-contribution.yml&labels=contribution&title=%5Bcontribution%5D%20PRJEB77202%3A%20paper_pointer&study_accession=PRJEB77202&contribution_type=paper_pointer&release_tag=R2026.19,R2026.19,,1.17.1
270,PRJNA1301887,Preterm infant weight gain patterns are not associated with gut microbiome measures,COH2352,singleton study PRJNA1301887,include,517,0,517.0,delivery;feeding;preterm;antibiotics;probiotic,5,1.0,0.0,0.0,0.0,0.0,0.0,R1,R0,R0,R1,R1,R0,no_linked_paper,0 rows in study_paper_links; access_tier=none_no_linked_paper,"Point to the paper (PMID/DOI) describing PRJNA1301887, or upload a per-sample table keyed by run accession (SRR/ERR/DRR) with delivery, feeding, preterm, antibiotics, probiotic.",paper_pointer,0,,0,False,0.0,https://www.ebi.ac.uk/ena/browser/view/PRJNA1301887,https://www.ncbi.nlm.nih.gov/bioproject/PRJNA1301887,https://github.com/OlmLab/microbiome_repo/issues/new?template=catalog-contribution.yml&labels=contribution&title=%5Bcontribution%5D%20PRJNA1301887%3A%20paper_pointer&study_accession=PRJNA1301887&contribution_type=paper_pointer&release_tag=R2026.19,R2026.19,,1.17.1
271,PRJNA1356541,Metagenomic strain tracking among children in urban and rural communities in low- and middle-income countries.,COH0378,singleton study PRJNA1356541,include,511,0,150.0,age;delivery;feeding;preterm;antibiotics;probiotic,6,0.0,0.0,0.0,0.0,0.0,0.0,R0,R0,R0,R0,R0,R0,no_linked_paper,0 rows in study_paper_links; access_tier=none_no_linked_paper,"Point to the paper (PMID/DOI) describing PRJNA1356541, or upload a per-sample table keyed by run accession (SRR/ERR/DRR) with age, delivery, feeding, preterm, antibiotics, probiotic.",paper_pointer,0,,0,False,0.0,https://www.ebi.ac.uk/ena/browser/view/PRJNA1356541,https://www.ncbi.nlm.nih.gov/bioproject/PRJNA1356541,https://github.com/OlmLab/microbiome_repo/issues/new?template=catalog-contribution.yml&labels=contribution&title=%5Bcontribution%5D%20PRJNA1356541%3A%20paper_pointer&study_accession=PRJNA1356541&contribution_type=paper_pointer&release_tag=R2026.19,R2026.19,,1.17.1
272,PRJNA1046438,Profiling the gut microbiota throughout human lifespan,COH0027,Mancabelli 2024 Italy,include,467,0,,delivery;feeding;preterm;antibiotics;probiotic,5,1.0,0.0,0.0,0.0,0.0,0.0,R2,R3,R3,R0,R3,R0,tables_unjoinable_need_key,"Number of samples-style sample names (forms seen: Bonferroni-corrected p-value, Impact of geographical location of abund, Number of samples, Run ID); no key to archive accessions (no_match 4)","Upload a key file mapping Number of samples -> SRR/ERR/DRR or BioSample accessions of PRJNA1046438, or a per-sample table keyed by accession (delivery, feeding, preterm, antibiotics, probiotic).",id_key,2,38441032;39287373,19,False,0.0,https://www.ebi.ac.uk/ena/browser/view/PRJNA1046438,https://www.ncbi.nlm.nih.gov/bioproject/PRJNA1046438,https://github.com/OlmLab/microbiome_repo/issues/new?template=catalog-contribution.yml&labels=contribution&title=%5Bcontribution%5D%20PRJNA1046438%3A%20id_key&study_accession=PRJNA1046438&contribution_type=id_key&release_tag=R2026.19,R2026.19,,1.17.1
273,PRJNA1337442,Effect of Mass Azithromycin Distribution on Antibiotic Resistance in the Gut and Nasopharynx: A Cluster-Randomized Trial,COH0103,Doan 2026 Niger,include,450,0,,age;delivery;feeding;preterm;antibiotics;probiotic,6,0.0,0.0,0.0,0.0,0.0,0.0,R2,R2,R0,R0,R2,R2,tables_unjoinable_need_key,paper-internal sample names-style sample names (forms seen: n/a); no key to archive accessions (no_match 9),"Upload a key file mapping paper-internal sample names -> SRR/ERR/DRR or BioSample accessions of PRJNA1337442, or a per-sample table keyed by accession (age, delivery, feeding, preterm, antibiotics, p…",id_key,1,41845058,41,False,0.0,https://www.ebi.ac.uk/ena/browser/view/PRJNA1337442,https://www.ncbi.nlm.nih.gov/bioproject/PRJNA1337442,https://github.com/OlmLab/microbiome_repo/issues/new?template=catalog-contribution.yml&labels=contribution&title=%5Bcontribution%5D%20PRJNA1337442%3A%20id_key&study_accession=PRJNA1337442&contribution_type=id_key&release_tag=R2026.19,R2026.19,,1.17.1
274,PRJNA739008,Effect of amoxicillin prophylaxis on gut microbiome and resistome for severe acute malnutrition in Niger,COH0473,singleton study PRJNA739008,include,434,0,,age;delivery;feeding;preterm;antibiotics;probiotic,6,0.0,0.0,0.0,0.0,0.0,0.0,R0,R0,R0,R0,R3,R0,no_linked_paper,0 rows in study_paper_links; access_tier=none_no_linked_paper,"Point to the paper (PMID/DOI) describing PRJNA739008, or upload a per-sample table keyed by run accession (SRR/ERR/DRR) with age, delivery, feeding, preterm, antibiotics, probiotic.",paper_pointer,0,,0,False,0.0,https://www.ebi.ac.uk/ena/browser/view/PRJNA739008,https://www.ncbi.nlm.nih.gov/bioproject/PRJNA739008,https://github.com/OlmLab/microbiome_repo/issues/new?template=catalog-contribution.yml&labels=contribution&title=%5Bcontribution%5D%20PRJNA739008%3A%20paper_pointer&study_accession=PRJNA739008&contribution_type=paper_pointer&release_tag=R2026.19,R2026.19,,1.17.1
275,PRJEB55714,Metagenomic analyses of the intestinal microbiome from neonates in the MIS BAIR trial,COH1348,MIS BAIR trial neonatal cohort,include,393,0,,age;delivery;feeding;preterm;antibiotics;probiotic,6,0.0,0.0,0.0,0.0,0.0,0.0,R2,R2,R2,R2,R2,R2,tables_unjoinable_need_key,paper-internal sample names-style sample names (forms seen: no candidate table in supp_inventory); no key to archive accessions (no candidate table in supp_inventory),"Upload a key file mapping paper-internal sample names -> SRR/ERR/DRR or BioSample accessions of PRJEB55714, or a per-sample table keyed by accession (age, delivery, feeding, preterm, antibiotics, pro…",id_key,2,37397142;41853385,0,False,0.0,https://www.ebi.ac.uk/ena/browser/view/PRJEB55714,https://www.ncbi.nlm.nih.gov/bioproject/PRJEB55714,https://github.com/OlmLab/microbiome_repo/issues/new?template=catalog-contribution.yml&labels=contribution&title=%5Bcontribution%5D%20PRJEB55714%3A%20id_key&study_accession=PRJEB55714&contribution_type=id_key&release_tag=R2026.19,R2026.19,,1.17.1
276,PRJNA926022,Effect of Natural Products on the Intestinal Microbial,COH2346,singleton study PRJNA926022,uncertain,393,0,,age;delivery;feeding;preterm;antibiotics;probiotic,6,0.0,0.0,0.0,0.0,0.0,0.0,R0,R0,R0,R0,R0,R0,archive_only_uncertain,"round2_unresolvable: human-review round 2 (evidence_limited_to=biosample): UNRESOLVABLE: age. 393 human faecal WGS runs (~15 Gb/run, Zhengzhou) with an uninformative 'tmp' subject field, no age attri…","Tell us whether PRJNA926022 is infant gut shotgun metagenomics: paper section, protocol or cohort description that settles it.",verdict_evidence,0,,0,False,0.0,https://www.ebi.ac.uk/ena/browser/view/PRJNA926022,https://www.ncbi.nlm.nih.gov/bioproject/PRJNA926022,https://github.com/OlmLab/microbiome_repo/issues/new?template=catalog-contribution.yml&labels=contribution&title=%5Bcontribution%5D%20PRJNA926022%3A%20verdict_evidence&study_accession=PRJNA926022&contribution_type=verdict_evidence&release_tag=R2026.19,R2026.19,,1.17.1
277,PRJNA1377943,Dissecting the gut microbiome in multiplex autism spectrum disorder families,COH0380,singleton study PRJNA1377943,uncertain,380,0,,age;delivery;feeding;preterm;antibiotics;probiotic,6,0.0,0.0,0.0,0.0,0.0,0.0,R3,R0,R0,R0,R0,R0,archive_only_uncertain,round1_unresolvable: human-review pass: UNRESOLVABLE: CUHK multiplex-ASD family cohort (PMC13062010). Supplementary Data 1 gives group age means 6.2-7.8 y with SD up to 3.2 and no minimum; the health…,"Tell us whether PRJNA1377943 is infant gut shotgun metagenomics: paper section, protocol or cohort description that settles it.",verdict_evidence,0,,0,False,0.0,https://www.ebi.ac.uk/ena/browser/view/PRJNA1377943,https://www.ncbi.nlm.nih.gov/bioproject/PRJNA1377943,https://github.com/OlmLab/microbiome_repo/issues/new?template=catalog-contribution.yml&labels=contribution&title=%5Bcontribution%5D%20PRJNA1377943%3A%20verdict_evidence&study_accession=PRJNA1377943&contribution_type=verdict_evidence&release_tag=R2026.19,R2026.19,,1.17.1
278,PRJNA725597,The role of maternal exposures on commensal microbes,COH0471,singleton study PRJNA725597,include,355,0,,age;delivery;feeding;preterm;antibiotics;probiotic,6,0.0,0.0,0.0,0.0,0.0,0.0,R0,R3,R3,R0,R0,R0,no_linked_paper,0 rows in study_paper_links; access_tier=none_no_linked_paper,"Point to the paper (PMID/DOI) describing PRJNA725597, or upload a per-sample table keyed by run accession (SRR/ERR/DRR) with age, delivery, feeding, preterm, antibiotics, probiotic.",paper_pointer,0,,0,False,0.0,https://www.ebi.ac.uk/ena/browser/view/PRJNA725597,https://www.ncbi.nlm.nih.gov/bioproject/PRJNA725597,https://github.com/OlmLab/microbiome_repo/issues/new?template=catalog-contribution.yml&labels=contribution&title=%5Bcontribution%5D%20PRJNA725597%3A%20paper_pointer&study_accession=PRJNA725597&contribution_type=paper_pointer&release_tag=R2026.19,R2026.19,,1.17.1
279,PRJNA1274946,Siblings are Reservoirs for Microbial Metabolic Processes that Influence Allergy Development,COH0371,singleton study PRJNA1274946,include,353,0,150.0,age;delivery;feeding;preterm;antibiotics;probiotic,6,0.0,0.0,0.0,0.0,0.0,0.0,R0,R0,R0,R0,R0,R0,no_linked_paper,0 rows in study_paper_links; access_tier=none_no_linked_paper,"Point to the paper (PMID/DOI) describing PRJNA1274946, or upload a per-sample table keyed by run accession (SRR/ERR/DRR) with age, delivery, feeding, preterm, antibiotics, probiotic.",paper_pointer,0,,0,False,0.0,https://www.ebi.ac.uk/ena/browser/view/PRJNA1274946,https://www.ncbi.nlm.nih.gov/bioproject/PRJNA1274946,https://github.com/OlmLab/microbiome_repo/issues/new?template=catalog-contribution.yml&labels=contribution&title=%5Bcontribution%5D%20PRJNA1274946%3A%20paper_pointer&study_accession=PRJNA1274946&contribution_type=paper_pointer&release_tag=R2026.19,R2026.19,,1.17.1
280,PRJNA1010893,MILK-Omics: Systems Biology of Human Milk and its Links to Maternal and Infant Health,,,uncertain,346,0,0.0,age;delivery;feeding;preterm;antibiotics;probiotic,6,0.0,0.0,0.0,0.0,0.0,0.0,R0,R0,R0,R0,R0,R0,archive_only_uncertain,growth_uncertain_archive_only: discovery=biosample_attribute_sweep; evidence=text:Infant (n=50),"Tell us whether PRJNA1010893 is infant gut shotgun metagenomics: paper section, protocol or cohort description that settles it.",verdict_evidence,0,,0,False,0.0,https://www.ebi.ac.uk/ena/browser/view/PRJNA1010893,https://www.ncbi.nlm.nih.gov/bioproject/PRJNA1010893,https://github.com/OlmLab/microbiome_repo/issues/new?template=catalog-contribution.yml&labels=contribution&title=%5Bcontribution%5D%20PRJNA1010893%3A%20verdict_evidence&study_accession=PRJNA1010893&contribution_type=verdict_evidence&release_tag=R2026.19,R2026.19,,1.17.1
281,PRJEB45443,Different development status of gut microbiome link to the dysbiosis of gut ecosystem in early childhood with atopic dermatitis,,,include,338,0,,age;delivery;feeding;preterm;antibiotics;probiotic,6,0.0,0.139053,0.139053,0.0,0.0,0.0,R3,R3,R3,R3,R3,R3,pdf_only_supplement,"10 supplementary member(s) of 2 paper(s), all PDF/DOCX","Upload the PDF/DOCX supplement re-typed as CSV/TSV (one row per sample, accession column) with age, delivery, feeding, preterm, antibiotics, probiotic.",per_sample_table,2,35485368;40442154,0,False,0.0,https://www.ebi.ac.uk/ena/browser/view/PRJEB45443,https://www.ncbi.nlm.nih.gov/bioproject/PRJEB45443,https://github.com/OlmLab/microbiome_repo/issues/new?template=catalog-contribution.yml&labels=contribution&title=%5Bcontribution%5D%20PRJEB45443%3A%20per_sample_table&study_accession=PRJEB45443&contribution_type=per_sample_table&release_tag=R2026.19,R2026.19,,1.17.1
282,PRJNA1273620,Maternal-Prenatal Signature Underlying Offspring Atopic Dermatitis Susceptibility,COH0098,Ng 2026 Singapore,include,325,0,150.0,age;delivery;feeding;preterm;antibiotics;probiotic,6,0.0,0.0,0.0,0.0,0.0,0.0,R3,R3,R3,R3,R3,R3,partial_coverage,"1 paper(s), 8 inventoried table(s); still missing age, delivery, feeding, preterm, antibiotics, probiotic","Upload a per-sample table keyed by run/BioSample accession with the still-missing columns (age, delivery, feeding, preterm, antibiotics, probiotic).",per_sample_table,1,41998770,8,False,0.0,https://www.ebi.ac.uk/ena/browser/view/PRJNA1273620,https://www.ncbi.nlm.nih.gov/bioproject/PRJNA1273620,https://github.com/OlmLab/microbiome_repo/issues/new?template=catalog-contribution.yml&labels=contribution&title=%5Bcontribution%5D%20PRJNA1273620%3A%20per_sample_table&study_accession=PRJNA1273620&contribution_type=per_sample_table&release_tag=R2026.19,R2026.19,,1.17.1
283,PRJNA1490646,Gut Microbiome of Pregnancy and Infancy,COH0395,singleton study PRJNA1490646,include,319,0,,age;delivery;feeding;preterm;antibiotics;probiotic,6,0.0,0.0,0.0,0.0,0.0,0.0,R0,R3,R0,R0,R0,R0,no_linked_paper,0 rows in study_paper_links; access_tier=none_no_linked_paper,"Point to the paper (PMID/DOI) describing PRJNA1490646, or upload a per-sample table keyed by run accession (SRR/ERR/DRR) with age, delivery, feeding, preterm, antibiotics, probiotic.",paper_pointer,0,,0,False,0.0,https://www.ebi.ac.uk/ena/browser/view/PRJNA1490646,https://www.ncbi.nlm.nih.gov/bioproject/PRJNA1490646,https://github.com/OlmLab/microbiome_repo/issues/new?template=catalog-contribution.yml&labels=contribution&title=%5Bcontribution%5D%20PRJNA1490646%3A%20paper_pointer&study_accession=PRJNA1490646&contribution_type=paper_pointer&release_tag=R2026.19,R2026.19,,1.17.1
284,PRJNA835720,Human feces Viral/Bacterial Metagenome,COH0497,singleton study PRJNA835720,include,298,0,,delivery;feeding;preterm;antibiotics;probiotic,5,0.909396,0.0,0.0,0.0,0.0,0.0,R0,R0,R3,R0,R3,R0,partial_coverage,"1 paper(s), 7 inventoried table(s); still missing delivery, feeding, preterm, antibiotics, probiotic","Upload a per-sample table keyed by run/BioSample accession with the still-missing columns (delivery, feeding, preterm, antibiotics, probiotic).",per_sample_table,1,40600714,7,False,0.0,https://www.ebi.ac.uk/ena/browser/view/PRJNA835720,https://www.ncbi.nlm.nih.gov/bioproject/PRJNA835720,https://github.com/OlmLab/microbiome_repo/issues/new?template=catalog-contribution.yml&labels=contribution&title=%5Bcontribution%5D%20PRJNA835720%3A%20per_sample_table&study_accession=PRJNA835720&contribution_type=per_sample_table&release_tag=R2026.19,R2026.19,,1.17.1
285,PRJNA1312123,Development of the preterm infant gut and gastric residuals microbiome,COH0102,Moriel 2025 Israel,include,272,0,,age;delivery;feeding;preterm;antibiotics,5,0.0,0.0,0.0,0.0,0.0,1.0,R2,R3,R3,R2,R3,R3,tables_unjoinable_need_key,"Censored_sampleID-style sample names (forms seen: Censored_sampleID, New_SampleID, Sample1, Subj1); no key to archive accessions (no_match 16)","Upload a key file mapping Censored_sampleID -> SRR/ERR/DRR or BioSample accessions of PRJNA1312123, or a per-sample table keyed by accession (age, delivery, feeding, preterm, antibiotics).",id_key,1,41203618,19,False,0.0,https://www.ebi.ac.uk/ena/browser/view/PRJNA1312123,https://www.ncbi.nlm.nih.gov/bioproject/PRJNA1312123,https://github.com/OlmLab/microbiome_repo/issues/new?template=catalog-contribution.yml&labels=contribution&title=%5Bcontribution%5D%20PRJNA1312123%3A%20id_key&study_accession=PRJNA1312123&contribution_type=id_key&release_tag=R2026.19,R2026.19,,1.17.1
286,PRJNA824667,gut metagenome Raw sequence reads,COH2309,singleton study PRJNA824667,uncertain,267,0,,age;delivery;feeding;preterm;antibiotics;probiotic,6,0.0,0.0,0.0,0.0,0.0,0.0,R0,R0,R0,R0,R0,R0,archive_only_uncertain,"round2_unresolvable: human-review round 2 (evidence_limited_to=biosample): UNRESOLVABLE: host, age and body site. Europe PMC returns no hit for PRJNA824667 or SRP369172; ENA study/experiment XML carr…","Tell us whether PRJNA824667 is infant gut shotgun metagenomics: paper section, protocol or cohort description that settles it.",verdict_evidence,0,,0,False,0.0,https://www.ebi.ac.uk/ena/browser/view/PRJNA824667,https://www.ncbi.nlm.nih.gov/bioproject/PRJNA824667,https://github.com/OlmLab/microbiome_repo/issues/new?template=catalog-contribution.yml&labels=contribution&title=%5Bcontribution%5D%20PRJNA824667%3A%20verdict_evidence&study_accession=PRJNA824667&contribution_type=verdict_evidence&release_tag=R2026.19,R2026.19,,1.17.1
287,PRJNA782810,Exploring the species-level infant gut bacterial biodiversity through a meta-analysis and the formulation of an optimized culture medium,COH0247,singleton study PRJNA782810,include,264,0,,age;delivery;feeding;preterm;antibiotics;probiotic,6,0.0,0.0,0.0,0.0,0.0,0.0,R3,R3,R3,R3,R3,R3,no_supplement_found,1 linked paper(s) (A_fulltext_xml); 0 inventoried supplementary members,"Upload a per-sample table keyed by run accession (SRR/ERR/DRR) or BioSample with age, delivery, feeding, preterm, antibiotics, probiotic, and state where it came from.",per_sample_table,1,36316342,0,False,0.0,https://www.ebi.ac.uk/ena/browser/view/PRJNA782810,https://www.ncbi.nlm.nih.gov/bioproject/PRJNA782810,https://github.com/OlmLab/microbiome_repo/issues/new?template=catalog-contribution.yml&labels=contribution&title=%5Bcontribution%5D%20PRJNA782810%3A%20per_sample_table&study_accession=PRJNA782810&contribution_type=per_sample_table&release_tag=R2026.19,R2026.19,,1.17.1
288,PRJNA217052,Fiji COMP,COH0397,singleton study PRJNA217052,uncertain,241,0,,age;delivery;feeding;preterm;antibiotics;probiotic,6,0.0,0.0,0.0,0.0,0.0,0.0,R0,R3,R3,R0,R0,R3,archive_only_uncertain,"round1_unresolvable: human-review pass: UNRESOLVABLE: Fiji Community Microbiome Project (Broad), 241 stool metagenomes across 3,408 runs. The primary paper PMC4983458 describes whole-village recruitm…","Tell us whether PRJNA217052 is infant gut shotgun metagenomics: paper section, protocol or cohort description that settles it.",verdict_evidence,0,,0,False,0.0,https://www.ebi.ac.uk/ena/browser/view/PRJNA217052,https://www.ncbi.nlm.nih.gov/bioproject/PRJNA217052,https://github.com/OlmLab/microbiome_repo/issues/new?template=catalog-contribution.yml&labels=contribution&title=%5Bcontribution%5D%20PRJNA217052%3A%20verdict_evidence&study_accession=PRJNA217052&contribution_type=verdict_evidence&release_tag=R2026.19,R2026.19,,1.17.1
289,PRJEB9818,The gut DNA viromes of Malawian twins discordant for severe acute undernutrition,COH0321,singleton study PRJEB9818,include,235,0,,age;delivery;feeding;preterm;antibiotics;probiotic,6,0.0,0.0,0.0,0.0,0.0,0.0,R1,R0,R0,R0,R0,R0,no_linked_paper,0 rows in study_paper_links; access_tier=none_no_linked_paper,"Point to the paper (PMID/DOI) describing PRJEB9818, or upload a per-sample table keyed by run accession (SRR/ERR/DRR) with age, delivery, feeding, preterm, antibiotics, probiotic.",paper_pointer,0,,0,False,0.0,https://www.ebi.ac.uk/ena/browser/view/PRJEB9818,https://www.ncbi.nlm.nih.gov/bioproject/PRJEB9818,https://github.com/OlmLab/microbiome_repo/issues/new?template=catalog-contribution.yml&labels=contribution&title=%5Bcontribution%5D%20PRJEB9818%3A%20paper_pointer&study_accession=PRJEB9818&contribution_type=paper_pointer&release_tag=R2026.19,R2026.19,,1.17.1
290,PRJNA387903,Intestinal Virome Changes Precede Autoimmunity in Type I Diabetes Susceptible Children,COH0416,singleton study PRJNA387903,include,220,0,,age;delivery;feeding;preterm;antibiotics;probiotic,6,0.0,0.0,0.0,0.0,0.0,0.0,R2,R2,R3,R3,R0,R0,tables_unjoinable_need_key,"Study-style sample names (forms seen: Accession, Study); no key to archive accessions (no_match 2)","Upload a key file mapping Study -> SRR/ERR/DRR or BioSample accessions of PRJNA387903, or a per-sample table keyed by accession (age, delivery, feeding, preterm, antibiotics, probiotic).",id_key,2,38424077;42315844,1,False,0.0,https://www.ebi.ac.uk/ena/browser/view/PRJNA387903,https://www.ncbi.nlm.nih.gov/bioproject/PRJNA387903,https://github.com/OlmLab/microbiome_repo/issues/new?template=catalog-contribution.yml&labels=contribution&title=%5Bcontribution%5D%20PRJNA387903%3A%20id_key&study_accession=PRJNA387903&contribution_type=id_key&release_tag=R2026.19,R2026.19,,1.17.1
291,PRJEB24041,Selective maternal seeding and environment shape the human gut microbiome,COH0064,Korpela 2018 Netherlands,include,212,0,150.0,age;delivery;feeding;preterm;antibiotics;probiotic,6,0.0,0.0,0.0,0.0,0.0,0.0,R3,R3,R3,R3,R3,R0,partial_coverage,"2 paper(s), 6 inventoried table(s); still missing age, delivery, feeding, preterm, antibiotics, probiotic","Upload a per-sample table keyed by run/BioSample accession with the still-missing columns (age, delivery, feeding, preterm, antibiotics, probiotic).",per_sample_table,2,29496731;42171373,6,False,0.0,https://www.ebi.ac.uk/ena/browser/view/PRJEB24041,https://www.ncbi.nlm.nih.gov/bioproject/PRJEB24041,https://github.com/OlmLab/microbiome_repo/issues/new?template=catalog-contribution.yml&labels=contribution&title=%5Bcontribution%5D%20PRJEB24041%3A%20per_sample_table&study_accession=PRJEB24041&contribution_type=per_sample_table&release_tag=R2026.19,R2026.19,,1.17.1
292,PRJEB51501,Predicting butyrate- and propionate-forming bacteria of gut microbiota from sequencing data,COH2327,singleton study PRJEB51501,uncertain,212,0,,age;delivery;feeding;preterm;antibiotics;probiotic,6,0.0,0.0,0.0,0.0,0.0,0.0,R3,R0,R0,R0,R0,R0,archive_only_uncertain,round2_unresolvable: human-review round 2 (evidence_limited_to=fulltext): UNRESOLVABLE: participant ages. The Hannover butyrate/propionate study reports 20 volunteers sampled five times over 3 months…,"Tell us whether PRJEB51501 is infant gut shotgun metagenomics: paper section, protocol or cohort description that settles it.",verdict_evidence,0,,0,False,0.0,https://www.ebi.ac.uk/ena/browser/view/PRJEB51501,https://www.ncbi.nlm.nih.gov/bioproject/PRJEB51501,https://github.com/OlmLab/microbiome_repo/issues/new?template=catalog-contribution.yml&labels=contribution&title=%5Bcontribution%5D%20PRJEB51501%3A%20verdict_evidence&study_accession=PRJEB51501&contribution_type=verdict_evidence&release_tag=R2026.19,R2026.19,,1.17.1
293,PRJNA1225421,Microbiome data from the ECoMiD cohort study in Ecuador,COH0359,singleton study PRJNA1225421,include,210,0,155.0,age;delivery;feeding;preterm;antibiotics;probiotic,6,0.0,0.0,0.0,0.0,0.0,0.0,R0,R0,R0,R0,R0,R0,no_linked_paper,0 rows in study_paper_links; access_tier=none_no_linked_paper,"Point to the paper (PMID/DOI) describing PRJNA1225421, or upload a per-sample table keyed by run accession (SRR/ERR/DRR) with age, delivery, feeding, preterm, antibiotics, probiotic.",paper_pointer,0,,0,False,0.0,https://www.ebi.ac.uk/ena/browser/view/PRJNA1225421,https://www.ncbi.nlm.nih.gov/bioproject/PRJNA1225421,https://github.com/OlmLab/microbiome_repo/issues/new?template=catalog-contribution.yml&labels=contribution&title=%5Bcontribution%5D%20PRJNA1225421%3A%20paper_pointer&study_accession=PRJNA1225421&contribution_type=paper_pointer&release_tag=R2026.19,R2026.19,,1.17.1
294,PRJNA1112983,Kawasaki diseases patients metagenome Raw sequence reads,COH0344,singleton study PRJNA1112983,include,202,0,80.0,age;delivery;feeding;preterm;antibiotics;probiotic,6,0.0,0.0,0.0,0.0,0.0,0.0,R0,R0,R0,R0,R0,R0,no_linked_paper,0 rows in study_paper_links; access_tier=none_no_linked_paper,"Point to the paper (PMID/DOI) describing PRJNA1112983, or upload a per-sample table keyed by run accession (SRR/ERR/DRR) with age, delivery, feeding, preterm, antibiotics, probiotic.",paper_pointer,0,,0,False,0.0,https://www.ebi.ac.uk/ena/browser/view/PRJNA1112983,https://www.ncbi.nlm.nih.gov/bioproject/PRJNA1112983,https://github.com/OlmLab/microbiome_repo/issues/new?template=catalog-contribution.yml&labels=contribution&title=%5Bcontribution%5D%20PRJNA1112983%3A%20paper_pointer&study_accession=PRJNA1112983&contribution_type=paper_pointer&release_tag=R2026.19,R2026.19,,1.17.1
295,PRJNA1105631,Microbiome features of bronchopulmonary dysplasia,COH0342,singleton study PRJNA1105631,include,196,0,,age;delivery;feeding;preterm;antibiotics;probiotic,6,0.0,0.0,0.0,0.0,0.0,0.0,R0,R0,R3,R0,R0,R0,no_linked_paper,0 rows in study_paper_links; access_tier=none_no_linked_paper,"Point to the paper (PMID/DOI) describing PRJNA1105631, or upload a per-sample table keyed by run accession (SRR/ERR/DRR) with age, delivery, feeding, preterm, antibiotics, probiotic.",paper_pointer,0,,0,False,0.0,https://www.ebi.ac.uk/ena/browser/view/PRJNA1105631,https://www.ncbi.nlm.nih.gov/bioproject/PRJNA1105631,https://github.com/OlmLab/microbiome_repo/issues/new?template=catalog-contribution.yml&labels=contribution&title=%5Bcontribution%5D%20PRJNA1105631%3A%20paper_pointer&study_accession=PRJNA1105631&contribution_type=paper_pointer&release_tag=R2026.19,R2026.19,,1.17.1
296,PRJNA1368374,Metagenomes from mother-infant fecal samples,,,include,191,0,120.0,age;delivery;feeding;preterm;antibiotics;probiotic,6,0.0,0.0,0.0,0.0,0.0,0.0,R0,R0,R0,R0,R0,R0,no_linked_paper,0 rows in study_paper_links; access_tier=not_in_extraction_worklist,"Point to the paper (PMID/DOI) describing PRJNA1368374, or upload a per-sample table keyed by run accession (SRR/ERR/DRR) with age, delivery, feeding, preterm, antibiotics, probiotic.",paper_pointer,0,,0,False,0.0,https://www.ebi.ac.uk/ena/browser/view/PRJNA1368374,https://www.ncbi.nlm.nih.gov/bioproject/PRJNA1368374,https://github.com/OlmLab/microbiome_repo/issues/new?template=catalog-contribution.yml&labels=contribution&title=%5Bcontribution%5D%20PRJNA1368374%3A%20paper_pointer&study_accession=PRJNA1368374&contribution_type=paper_pointer&release_tag=R2026.19,R2026.19,,1.17.1
297,PRJEB29052,The effect of probiotic supplementation on the gut microbiota and antibiotic resistome development in preterm infants,COH0815,Esaiassen 2018 preterm probiotic/resistome cohort,include,184,0,24.0,age;delivery;feeding;preterm;antibiotics;probiotic,6,0.0,0.0,0.0,0.0,0.0,0.0,R2,R3,R3,R3,R3,R3,tables_unjoinable_need_key,"Number of samples-style sample names (forms seen: Number of samples, Sample, Sample ID, Sample size); no key to archive accessions (no_match 5)","Upload a key file mapping Number of samples -> SRR/ERR/DRR or BioSample accessions of PRJEB29052, or a per-sample table keyed by accession (age, delivery, feeding, preterm, antibiotics, probiotic).",id_key,5,30505830;37191543;37259063;38441032,14,False,0.0,https://www.ebi.ac.uk/ena/browser/view/PRJEB29052,https://www.ncbi.nlm.nih.gov/bioproject/PRJEB29052,https://github.com/OlmLab/microbiome_repo/issues/new?template=catalog-contribution.yml&labels=contribution&title=%5Bcontribution%5D%20PRJEB29052%3A%20id_key&study_accession=PRJEB29052&contribution_type=id_key&release_tag=R2026.19,R2026.19,,1.17.1
298,PRJNA911205,Psychosocial adversity experienced in utero and early life is associated with variation in gut microbiota,COH0161,Warner 2023,include,183,0,,age;delivery;feeding;preterm;antibiotics;probiotic,6,0.0,0.0,0.0,0.0,0.0,0.0,R3,R3,R3,R3,R3,R3,no_supplement_found,1 linked paper(s) (A_fulltext_xml); 0 inventoried supplementary members,"Upload a per-sample table keyed by run accession (SRR/ERR/DRR) or BioSample with age, delivery, feeding, preterm, antibiotics, probiotic, and state where it came from.",per_sample_table,1,37726348,0,False,0.0,https://www.ebi.ac.uk/ena/browser/view/PRJNA911205,https://www.ncbi.nlm.nih.gov/bioproject/PRJNA911205,https://github.com/OlmLab/microbiome_repo/issues/new?template=catalog-contribution.yml&labels=contribution&title=%5Bcontribution%5D%20PRJNA911205%3A%20per_sample_table&study_accession=PRJNA911205&contribution_type=per_sample_table&release_tag=R2026.19,R2026.19,,1.17.1
299,PRJEB42363,"Impact of azithromycin mass drug administration on the antibiotic resistant gut microbiome: a randomized, controlled trial",COH0301,singleton study PRJEB42363,include,181,0,30.0,age;delivery;preterm;antibiotics;probiotic,5,0.0,0.0,0.977901,0.0,0.0,0.0,R2,R2,R2,R3,R3,R3,tables_unjoinable_need_key,"Bifidobacterium longum subsp. infantis-style sample names (forms seen: Bifidobacterium longum subsp. infantis, Run, Sample, Sample ID); no key to archive accessions (no_match 4)","Upload a key file mapping Bifidobacterium longum subsp. infantis -> SRR/ERR/DRR or BioSample accessions of PRJEB42363, or a per-sample table keyed by accession (age, delivery, preterm, antibiotics, p…",id_key,2,37191543;41350579,32,False,0.0,https://www.ebi.ac.uk/ena/browser/view/PRJEB42363,https://www.ncbi.nlm.nih.gov/bioproject/PRJEB42363,https://github.com/OlmLab/microbiome_repo/issues/new?template=catalog-contribution.yml&labels=contribution&title=%5Bcontribution%5D%20PRJEB42363%3A%20id_key&study_accession=PRJEB42363&contribution_type=id_key&release_tag=R2026.19,R2026.19,,1.17.1
300,PRJNA843963,CAGED: CAMPYLOBACTER GENOMICS AND ENVIRONMENTAL ENTERIC DYSFUNCTION,COH0151,CAGED,include,177,0,,age;delivery;feeding;preterm;antibiotics;probiotic,6,0.0,0.0,0.0,0.0,0.0,0.0,R3,R0,R3,R0,R0,R0,no_supplement_found,1 linked paper(s) (A_fulltext_xml); 0 inventoried supplementary members,"Upload a per-sample table keyed by run accession (SRR/ERR/DRR) or BioSample with age, delivery, feeding, preterm, antibiotics, probiotic, and state where it came from.",per_sample_table,1,41185061,0,False,0.0,https://www.ebi.ac.uk/ena/browser/view/PRJNA843963,https://www.ncbi.nlm.nih.gov/bioproject/PRJNA843963,https://github.com/OlmLab/microbiome_repo/issues/new?template=catalog-contribution.yml&labels=contribution&title=%5Bcontribution%5D%20PRJNA843963%3A%20per_sample_table&study_accession=PRJNA843963&contribution_type=per_sample_table&release_tag=R2026.19,R2026.19,,1.17.1
301,PRJEB102491,Shotgun sequencing of 91 infants from the ALADDIN birth cohort,COH0277,singleton study PRJEB102491,include,176,0,,age;delivery;feeding;preterm;antibiotics;probiotic,6,0.0,0.0,0.0,0.0,0.0,0.0,R0,R0,R0,R0,R0,R0,no_linked_paper,0 rows in study_paper_links; access_tier=none_no_linked_paper,"Point to the paper (PMID/DOI) describing PRJEB102491, or upload a per-sample table keyed by run accession (SRR/ERR/DRR) with age, delivery, feeding, preterm, antibiotics, probiotic.",paper_pointer,0,,0,False,0.0,https://www.ebi.ac.uk/ena/browser/view/PRJEB102491,https://www.ncbi.nlm.nih.gov/bioproject/PRJEB102491,https://github.com/OlmLab/microbiome_repo/issues/new?template=catalog-contribution.yml&labels=contribution&title=%5Bcontribution%5D%20PRJEB102491%3A%20paper_pointer&study_accession=PRJEB102491&contribution_type=paper_pointer&release_tag=R2026.19,R2026.19,,1.17.1
302,PRJNA1476247,Evaluating metagenomic sequencing as a stool-based diagnostic in children with presumptive TB in Uganda Jun 3 26,COH0393,singleton study PRJNA1476247,include,174,0,,age;delivery;feeding;preterm;antibiotics;probiotic,6,0.0,0.0,0.0,0.0,0.0,0.0,R0,R0,R0,R0,R0,R0,no_linked_paper,0 rows in study_paper_links; access_tier=none_no_linked_paper,"Point to the paper (PMID/DOI) describing PRJNA1476247, or upload a per-sample table keyed by run accession (SRR/ERR/DRR) with age, delivery, feeding, preterm, antibiotics, probiotic.",paper_pointer,0,,0,False,0.0,https://www.ebi.ac.uk/ena/browser/view/PRJNA1476247,https://www.ncbi.nlm.nih.gov/bioproject/PRJNA1476247,https://github.com/OlmLab/microbiome_repo/issues/new?template=catalog-contribution.yml&labels=contribution&title=%5Bcontribution%5D%20PRJNA1476247%3A%20paper_pointer&study_accession=PRJNA1476247&contribution_type=paper_pointer&release_tag=R2026.19,R2026.19,,1.17.1
303,PRJEB63183,Interactions Between Bifidobacterium and Bacteroides and Human Milk Oligosaccharides and Their Associations with Infant Cognition,COH0309,singleton study PRJEB63183,include,170,0,,age;delivery;feeding;preterm;antibiotics;probiotic,6,0.0,0.0,0.0,0.0,0.0,0.0,R3,R3,R3,R3,R0,R3,partial_coverage,"1 paper(s), 3 inventoried table(s); still missing age, delivery, feeding, preterm, antibiotics, probiotic","Upload a per-sample table keyed by run/BioSample accession with the still-missing columns (age, delivery, feeding, preterm, antibiotics, probiotic).",per_sample_table,1,37457984,3,False,0.0,https://www.ebi.ac.uk/ena/browser/view/PRJEB63183,https://www.ncbi.nlm.nih.gov/bioproject/PRJEB63183,https://github.com/OlmLab/microbiome_repo/issues/new?template=catalog-contribution.yml&labels=contribution&title=%5Bcontribution%5D%20PRJEB63183%3A%20per_sample_table&study_accession=PRJEB63183&contribution_type=per_sample_table&release_tag=R2026.19,R2026.19,,1.17.1
304,PRJNA1337172,Early prenatal antibiotic usage has limited impact on the microbiomes of infants,COH0376,singleton study PRJNA1337172,include,168,0,,age;delivery;feeding;preterm;antibiotics;probiotic,6,0.0,0.0,0.0,0.0,0.0,0.0,R0,R0,R0,R0,R0,R0,no_linked_paper,0 rows in study_paper_links; access_tier=none_no_linked_paper,"Point to the paper (PMID/DOI) describing PRJNA1337172, or upload a per-sample table keyed by run accession (SRR/ERR/DRR) with age, delivery, feeding, preterm, antibiotics, probiotic.",paper_pointer,0,,0,False,0.0,https://www.ebi.ac.uk/ena/browser/view/PRJNA1337172,https://www.ncbi.nlm.nih.gov/bioproject/PRJNA1337172,https://github.com/OlmLab/microbiome_repo/issues/new?template=catalog-contribution.yml&labels=contribution&title=%5Bcontribution%5D%20PRJNA1337172%3A%20paper_pointer&study_accession=PRJNA1337172&contribution_type=paper_pointer&release_tag=R2026.19,R2026.19,,1.17.1
305,PRJNA642723,Gut Microbiome and Metabolome in Atopic Eczema Infants,COH0011,Ta 2020 Singapore,include,162,0,,age;delivery;feeding;preterm;antibiotics;probiotic,6,0.0,0.0,0.0,0.0,0.0,0.0,R3,R3,R3,R3,R3,R3,pdf_only_supplement,"21 supplementary member(s) of 1 paper(s), all PDF/DOCX","Upload the PDF/DOCX supplement re-typed as CSV/TSV (one row per sample, accession column) with age, delivery, feeding, preterm, antibiotics, probiotic.",per_sample_table,1,33023370,0,False,0.0,https://www.ebi.ac.uk/ena/browser/view/PRJNA642723,https://www.ncbi.nlm.nih.gov/bioproject/PRJNA642723,https://github.com/OlmLab/microbiome_repo/issues/new?template=catalog-contribution.yml&labels=contribution&title=%5Bcontribution%5D%20PRJNA642723%3A%20per_sample_table&study_accession=PRJNA642723&contribution_type=per_sample_table&release_tag=R2026.19,R2026.19,,1.17.1
306,PRJEB41866,TTSH Study,COH2315,singleton study PRJEB41866,uncertain,160,0,,age;delivery;feeding;preterm;antibiotics;probiotic,6,0.0,0.0,0.0,0.0,0.0,0.0,R0,R0,R0,R0,R0,R0,archive_only_uncertain,"round2_unresolvable: human-review round 2 (evidence_limited_to=archive_only): UNRESOLVABLE: host and age. Singapore GIS deposit ('TTSH Study'), 98 stool + 62 skin runs, no Europe PMC hit for PRJEB418…","Tell us whether PRJEB41866 is infant gut shotgun metagenomics: paper section, protocol or cohort description that settles it.",verdict_evidence,0,,0,False,0.0,https://www.ebi.ac.uk/ena/browser/view/PRJEB41866,https://www.ncbi.nlm.nih.gov/bioproject/PRJEB41866,https://github.com/OlmLab/microbiome_repo/issues/new?template=catalog-contribution.yml&labels=contribution&title=%5Bcontribution%5D%20PRJEB41866%3A%20verdict_evidence&study_accession=PRJEB41866&contribution_type=verdict_evidence&release_tag=R2026.19,R2026.19,,1.17.1
307,PRJNA1452619,Microbiome and growth faltering in Indian Infants,COH0390,singleton study PRJNA1452619,include,159,0,,age;delivery;feeding;preterm;antibiotics;probiotic,6,0.0,0.0,0.0,0.0,0.0,0.0,R0,R0,R0,R0,R0,R0,no_linked_paper,0 rows in study_paper_links; access_tier=none_no_linked_paper,"Point to the paper (PMID/DOI) describing PRJNA1452619, or upload a per-sample table keyed by run accession (SRR/ERR/DRR) with age, delivery, feeding, preterm, antibiotics, probiotic.",paper_pointer,0,,0,False,0.0,https://www.ebi.ac.uk/ena/browser/view/PRJNA1452619,https://www.ncbi.nlm.nih.gov/bioproject/PRJNA1452619,https://github.com/OlmLab/microbiome_repo/issues/new?template=catalog-contribution.yml&labels=contribution&title=%5Bcontribution%5D%20PRJNA1452619%3A%20paper_pointer&study_accession=PRJNA1452619&contribution_type=paper_pointer&release_tag=R2026.19,R2026.19,,1.17.1
308,PRJEB110410,The impact of dietary fibres on gut microbiome of young children: insights from ex vivo experiments and an observational cohort,COH0282,singleton study PRJEB110410,include,156,0,100.0,age;delivery;feeding;preterm;antibiotics;probiotic,6,0.0,0.0,0.0,0.0,0.0,0.0,R0,R0,R0,R0,R0,R0,no_linked_paper,0 rows in study_paper_links; access_tier=none_no_linked_paper,"Point to the paper (PMID/DOI) describing PRJEB110410, or upload a per-sample table keyed by run accession (SRR/ERR/DRR) with age, delivery, feeding, preterm, antibiotics, probiotic.",paper_pointer,0,,0,False,0.0,https://www.ebi.ac.uk/ena/browser/view/PRJEB110410,https://www.ncbi.nlm.nih.gov/bioproject/PRJEB110410,https://github.com/OlmLab/microbiome_repo/issues/new?template=catalog-contribution.yml&labels=contribution&title=%5Bcontribution%5D%20PRJEB110410%3A%20paper_pointer&study_accession=PRJEB110410&contribution_type=paper_pointer&release_tag=R2026.19,R2026.19,,1.17.1
309,PRJNA906107,Characterizing microbiome dynamics among maternal and donor breastmilk and infants,COH0515,singleton study PRJNA906107,include,156,0,36.0,age;delivery;feeding;preterm;antibiotics;probiotic,6,0.0,0.0,0.0,0.0,0.0,0.0,R3,R0,R1,R0,R0,R0,no_linked_paper,0 rows in study_paper_links; access_tier=none_no_linked_paper,"Point to the paper (PMID/DOI) describing PRJNA906107, or upload a per-sample table keyed by run accession (SRR/ERR/DRR) with age, delivery, feeding, preterm, antibiotics, probiotic.",paper_pointer,0,,0,False,0.0,https://www.ebi.ac.uk/ena/browser/view/PRJNA906107,https://www.ncbi.nlm.nih.gov/bioproject/PRJNA906107,https://github.com/OlmLab/microbiome_repo/issues/new?template=catalog-contribution.yml&labels=contribution&title=%5Bcontribution%5D%20PRJNA906107%3A%20paper_pointer&study_accession=PRJNA906107&contribution_type=paper_pointer&release_tag=R2026.19,R2026.19,,1.17.1
310,PRJNA1169661,Infamilk,COH0353,singleton study PRJNA1169661,include,152,0,,age;delivery;feeding;preterm;antibiotics;probiotic,6,0.0,0.0,0.0,0.0,0.0,0.0,R0,R0,R3,R0,R0,R0,no_linked_paper,0 rows in study_paper_links; access_tier=none_no_linked_paper,"Point to the paper (PMID/DOI) describing PRJNA1169661, or upload a per-sample table keyed by run accession (SRR/ERR/DRR) with age, delivery, feeding, preterm, antibiotics, probiotic.",paper_pointer,0,,0,False,0.0,https://www.ebi.ac.uk/ena/browser/view/PRJNA1169661,https://www.ncbi.nlm.nih.gov/bioproject/PRJNA1169661,https://github.com/OlmLab/microbiome_repo/issues/new?template=catalog-contribution.yml&labels=contribution&title=%5Bcontribution%5D%20PRJNA1169661%3A%20paper_pointer&study_accession=PRJNA1169661&contribution_type=paper_pointer&release_tag=R2026.19,R2026.19,,1.17.1
311,PRJNA862908,Human gut metagenome during and after enteric infection Metagenome,COH0505,singleton study PRJNA862908,include,151,0,4.0,age;delivery;feeding;preterm;antibiotics;probiotic,6,0.0,0.0,0.0,0.0,0.0,0.0,R0,R0,R0,R0,R0,R0,no_linked_paper,0 rows in study_paper_links; access_tier=none_no_linked_paper,"Point to the paper (PMID/DOI) describing PRJNA862908, or upload a per-sample table keyed by run accession (SRR/ERR/DRR) with age, delivery, feeding, preterm, antibiotics, probiotic.",paper_pointer,0,,0,False,0.0,https://www.ebi.ac.uk/ena/browser/view/PRJNA862908,https://www.ncbi.nlm.nih.gov/bioproject/PRJNA862908,https://github.com/OlmLab/microbiome_repo/issues/new?template=catalog-contribution.yml&labels=contribution&title=%5Bcontribution%5D%20PRJNA862908%3A%20paper_pointer&study_accession=PRJNA862908&contribution_type=paper_pointer&release_tag=R2026.19,R2026.19,,1.17.1
312,PRJNA644725,Metagenomic Sequencing of Stool Samples in Bangladeshi Infants: Virome Association with Poliovirus Shedding After Oral Poliovirus Vaccination,COH0134,Tan 2020 Bangladesh,include,150,0,130.0,age;delivery;feeding;preterm;antibiotics,5,0.0,0.0,0.0,0.0,0.0,1.0,R2,R2,R2,R3,R3,R3,tables_unjoinable_need_key,"Bifidobacterium longum subsp. infantis-style sample names (forms seen: Bifidobacterium longum subsp. infantis, Infant, Number of samples, Run); no key to archive accessions (no_match 8)","Upload a key file mapping Bifidobacterium longum subsp. infantis -> SRR/ERR/DRR or BioSample accessions of PRJNA644725, or a per-sample table keyed by accession (age, delivery, feeding, preterm, anti…",id_key,4,32958861;37191543;38441032;41350579,51,False,0.0,https://www.ebi.ac.uk/ena/browser/view/PRJNA644725,https://www.ncbi.nlm.nih.gov/bioproject/PRJNA644725,https://github.com/OlmLab/microbiome_repo/issues/new?template=catalog-contribution.yml&labels=contribution&title=%5Bcontribution%5D%20PRJNA644725%3A%20id_key&study_accession=PRJNA644725&contribution_type=id_key&release_tag=R2026.19,R2026.19,,1.17.1
313,PRJNA1085219,Antibiotic resistance gene dynamics in the commensal infant gut microbiome over the first year of life,COH0082,Trosvik 2024 Norway,include,149,0,,age;delivery;feeding;preterm;antibiotics;probiotic,6,0.0,0.0,0.0,0.0,0.0,0.0,R3,R3,R3,R3,R3,R3,partial_coverage,"1 paper(s), 17 inventoried table(s); still missing age, delivery, feeding, preterm, antibiotics, probiotic","Upload a per-sample table keyed by run/BioSample accession with the still-missing columns (age, delivery, feeding, preterm, antibiotics, probiotic).",per_sample_table,1,39134593,17,False,0.0,https://www.ebi.ac.uk/ena/browser/view/PRJNA1085219,https://www.ncbi.nlm.nih.gov/bioproject/PRJNA1085219,https://github.com/OlmLab/microbiome_repo/issues/new?template=catalog-contribution.yml&labels=contribution&title=%5Bcontribution%5D%20PRJNA1085219%3A%20per_sample_table&study_accession=PRJNA1085219&contribution_type=per_sample_table&release_tag=R2026.19,R2026.19,,1.17.1
314,PRJNA1015704,Fecal and oropharyngeal microbiota from infants with cystic fibrosis on and off beta-lactam antibiotics.,COH0075,Hayden 2025,include,148,0,,age;delivery;feeding;preterm;antibiotics;probiotic,6,0.0,0.0,0.0,0.0,0.0,0.0,R2,R0,R0,R3,R2,R0,tables_unjoinable_need_key,"Ever antibiotics (OP samples)N=14-style sample names (forms seen: Ever antibiotics (OP samples)N=14, Participant); no key to archive accessions (no_match 2)","Upload a key file mapping Ever antibiotics (OP samples)N=14 -> SRR/ERR/DRR or BioSample accessions of PRJNA1015704, or a per-sample table keyed by accession (age, delivery, feeding, preterm, antibiot…",id_key,1,40042126,8,False,0.0,https://www.ebi.ac.uk/ena/browser/view/PRJNA1015704,https://www.ncbi.nlm.nih.gov/bioproject/PRJNA1015704,https://github.com/OlmLab/microbiome_repo/issues/new?template=catalog-contribution.yml&labels=contribution&title=%5Bcontribution%5D%20PRJNA1015704%3A%20id_key&study_accession=PRJNA1015704&contribution_type=id_key&release_tag=R2026.19,R2026.19,,1.17.1
315,PRJNA562600,Multi-omic analysis of Clostridioides difficile infection and response to therapy in pediatric inflammatory bowel disease,COH0450,singleton study PRJNA562600,uncertain,148,0,,age;delivery;feeding;preterm;antibiotics;probiotic,6,0.0,0.0,0.0,0.0,0.0,0.0,R2,R3,R3,R0,R3,R0,archive_only_uncertain,"round1_unresolvable: human-review pass: UNRESOLVABLE: CHOP paediatric CDI/IBD multi-omic cohort (PMC9332131, full text unavailable). Library names define groups including VEO (very-early-onset IBD, b…","Tell us whether PRJNA562600 is infant gut shotgun metagenomics: paper section, protocol or cohort description that settles it.",verdict_evidence,0,,0,False,0.0,https://www.ebi.ac.uk/ena/browser/view/PRJNA562600,https://www.ncbi.nlm.nih.gov/bioproject/PRJNA562600,https://github.com/OlmLab/microbiome_repo/issues/new?template=catalog-contribution.yml&labels=contribution&title=%5Bcontribution%5D%20PRJNA562600%3A%20verdict_evidence&study_accession=PRJNA562600&contribution_type=verdict_evidence&release_tag=R2026.19,R2026.19,,1.17.1
316,PRJNA1517268,Feces Raw sequence reads,COH2365,singleton study PRJNA1517268,uncertain,142,0,,age;delivery;feeding;preterm;antibiotics;probiotic,6,0.0,0.0,0.0,0.0,0.0,0.0,R0,R0,R0,R0,R0,R0,archive_only_uncertain,round2_unresolvable: human-review round 2 (evidence_limited_to=biosample): UNRESOLVABLE: host and age. 142 DNBSEQ-T7 faecal metagenomes from Guizhou whose NCBI BioSamples record host and isolation_so…,"Tell us whether PRJNA1517268 is infant gut shotgun metagenomics: paper section, protocol or cohort description that settles it.",verdict_evidence,0,,0,False,0.0,https://www.ebi.ac.uk/ena/browser/view/PRJNA1517268,https://www.ncbi.nlm.nih.gov/bioproject/PRJNA1517268,https://github.com/OlmLab/microbiome_repo/issues/new?template=catalog-contribution.yml&labels=contribution&title=%5Bcontribution%5D%20PRJNA1517268%3A%20verdict_evidence&study_accession=PRJNA1517268&contribution_type=verdict_evidence&release_tag=R2026.19,R2026.19,,1.17.1
317,PRJNA1162635,A Metagenome-Assembled Genome Inventory for Children (MAGIC),COH0352,singleton study PRJNA1162635,include,136,0,100.0,age;delivery;feeding;preterm;antibiotics;probiotic,6,0.0,0.0,0.0,0.0,0.0,0.0,R0,R0,R0,R0,R0,R0,no_linked_paper,0 rows in study_paper_links; access_tier=none_no_linked_paper,"Point to the paper (PMID/DOI) describing PRJNA1162635, or upload a per-sample table keyed by run accession (SRR/ERR/DRR) with age, delivery, feeding, preterm, antibiotics, probiotic.",paper_pointer,0,,0,False,0.0,https://www.ebi.ac.uk/ena/browser/view/PRJNA1162635,https://www.ncbi.nlm.nih.gov/bioproject/PRJNA1162635,https://github.com/OlmLab/microbiome_repo/issues/new?template=catalog-contribution.yml&labels=contribution&title=%5Bcontribution%5D%20PRJNA1162635%3A%20paper_pointer&study_accession=PRJNA1162635&contribution_type=paper_pointer&release_tag=R2026.19,R2026.19,,1.17.1
318,PRJNA726052,"Effects of drinking water chlorination on childrens intestinal flora and resistomes in Dhaka, Bangladesh: a cluster-randomized controlled trial",COH2343,singleton study PRJNA726052,include,132,0,60.0,age;delivery;feeding;preterm;antibiotics;probiotic,6,0.0,0.0,0.0,0.0,0.0,0.0,R4,R4,R4,R4,R4,R4,paywalled_abstract_only,"1 linked paper(s), access_tier=D_abstract_only","Upload the journal supplement (or its URL) keyed by run/BioSample accession with age, delivery, feeding, preterm, antibiotics, probiotic; derived values only if the licence forbids sharing.",per_sample_table,1,,0,False,0.0,https://www.ebi.ac.uk/ena/browser/view/PRJNA726052,https://www.ncbi.nlm.nih.gov/bioproject/PRJNA726052,https://github.com/OlmLab/microbiome_repo/issues/new?template=catalog-contribution.yml&labels=contribution&title=%5Bcontribution%5D%20PRJNA726052%3A%20per_sample_table&study_accession=PRJNA726052&contribution_type=per_sample_table&release_tag=R2026.19,R2026.19,,1.17.1
319,PRJNA800433,raw metagenomic sequence reads from human stool microbiome from children receiving antibiotics,COH0487,singleton study PRJNA800433,uncertain,132,0,,age;delivery;feeding;preterm;antibiotics;probiotic,6,0.0,0.0,0.0,0.0,0.0,0.0,R0,R0,R0,R0,R0,R0,archive_only_uncertain,"round1_unresolvable: human-review pass: UNRESOLVABLE: JCVI deposit of 132 deep NovaSeq stool metagenomes from children receiving antibiotics, paired pre/post samples (##A/##B) plus a GUT_STD control.…","Tell us whether PRJNA800433 is infant gut shotgun metagenomics: paper section, protocol or cohort description that settles it.",verdict_evidence,0,,0,False,0.0,https://www.ebi.ac.uk/ena/browser/view/PRJNA800433,https://www.ncbi.nlm.nih.gov/bioproject/PRJNA800433,https://github.com/OlmLab/microbiome_repo/issues/new?template=catalog-contribution.yml&labels=contribution&title=%5Bcontribution%5D%20PRJNA800433%3A%20verdict_evidence&study_accession=PRJNA800433&contribution_type=verdict_evidence&release_tag=R2026.19,R2026.19,,1.17.1
320,PRJNA845806,Trial of Diet in Gestational Diabetes Mellitus: Metabolic Consequences to Mother and Offspring (CHOICE),COH0152,CHOICE,include,131,0,90.0,age;delivery;feeding;preterm;antibiotics;probiotic,6,0.0,0.0,0.0,0.0,0.0,0.0,R2,R3,R3,R3,R3,R3,tables_unjoinable_need_key,"Sample-style sample names (forms seen: Sample, Sample ID, Sample Timepoint, Sample timepoint); no key to archive accessions (no_match 5)","Upload a key file mapping Sample -> SRR/ERR/DRR or BioSample accessions of PRJNA845806, or a per-sample table keyed by accession (age, delivery, feeding, preterm, antibiotics, probiotic).",id_key,2,35966074;37191543,8,False,0.0,https://www.ebi.ac.uk/ena/browser/view/PRJNA845806,https://www.ncbi.nlm.nih.gov/bioproject/PRJNA845806,https://github.com/OlmLab/microbiome_repo/issues/new?template=catalog-contribution.yml&labels=contribution&title=%5Bcontribution%5D%20PRJNA845806%3A%20id_key&study_accession=PRJNA845806&contribution_type=id_key&release_tag=R2026.19,R2026.19,,1.17.1
321,PRJNA686821,Shotgun metagenomics data from human stool microorganism Raw sequence reads,COH0465,singleton study PRJNA686821,include,128,0,11.0,age;delivery;feeding;preterm;antibiotics;probiotic,6,0.0,0.0,0.0,0.0,0.0,0.0,R2,R2,R2,R3,R3,R3,tables_unjoinable_need_key,"Bifidobacterium longum subsp. infantis-style sample names (forms seen: Bifidobacterium longum subsp. infantis, Run, Sample); no key to archive accessions (no_match 2)","Upload a key file mapping Bifidobacterium longum subsp. infantis -> SRR/ERR/DRR or BioSample accessions of PRJNA686821, or a per-sample table keyed by accession (age, delivery, feeding, preterm, anti…",id_key,1,41350579,24,False,0.0,https://www.ebi.ac.uk/ena/browser/view/PRJNA686821,https://www.ncbi.nlm.nih.gov/bioproject/PRJNA686821,https://github.com/OlmLab/microbiome_repo/issues/new?template=catalog-contribution.yml&labels=contribution&title=%5Bcontribution%5D%20PRJNA686821%3A%20id_key&study_accession=PRJNA686821&contribution_type=id_key&release_tag=R2026.19,R2026.19,,1.17.1
322,PRJNA991269,Comparative characterization of the infant gut microbiome and their maternal lineage by a multi-omics approach,COH0171,Barker-Tejeda 2024 Spain,include,128,0,40.0,age;delivery;feeding;preterm;antibiotics;probiotic,6,0.0,0.3125,0.3125,0.0,0.0,0.0,R2,R2,R2,R3,R3,R3,tables_unjoinable_need_key,"Bifidobacterium longum subsp. infantis-style sample names (forms seen: Bifidobacterium longum subsp. infantis, PCA model of all the samples including Q, PCA-X model of all samples including QCs, Run)…","Upload a key file mapping Bifidobacterium longum subsp. infantis -> SRR/ERR/DRR or BioSample accessions of PRJNA991269, or a per-sample table keyed by accession (age, delivery, feeding, preterm, anti…",id_key,2,38589361;41350579,73,False,0.0,https://www.ebi.ac.uk/ena/browser/view/PRJNA991269,https://www.ncbi.nlm.nih.gov/bioproject/PRJNA991269,https://github.com/OlmLab/microbiome_repo/issues/new?template=catalog-contribution.yml&labels=contribution&title=%5Bcontribution%5D%20PRJNA991269%3A%20id_key&study_accession=PRJNA991269&contribution_type=id_key&release_tag=R2026.19,R2026.19,,1.17.1
323,PRJNA231909,"A prospective, longitudinal analysis of the developing gut microbiome in infants en route to type 1 diabetes",COH0241,singleton study PRJNA231909,include,124,0,,age;delivery;feeding;preterm;antibiotics;probiotic,6,0.0,0.0,0.040323,0.0,0.0,0.0,R2,R2,R2,R3,R2,R3,tables_unjoinable_need_key,"A Infant Formula-style sample names (forms seen: A Infant Formula, A Infant formula, Genome_accession, LUMC_ID); no key to archive accessions (no_match 18, below_gate 8, zip_missing 2)","Upload a key file mapping A Infant Formula -> SRR/ERR/DRR or BioSample accessions of PRJNA231909, or a per-sample table keyed by accession (age, delivery, feeding, preterm, antibiotics, probiotic).",id_key,7,30661755;30710083;36177457;36195095;39138199;39885121;41339624,53,False,0.0,https://www.ebi.ac.uk/ena/browser/view/PRJNA231909,https://www.ncbi.nlm.nih.gov/bioproject/PRJNA231909,https://github.com/OlmLab/microbiome_repo/issues/new?template=catalog-contribution.yml&labels=contribution&title=%5Bcontribution%5D%20PRJNA231909%3A%20id_key&study_accession=PRJNA231909&contribution_type=id_key&release_tag=R2026.19,R2026.19,,1.17.1
324,PRJNA663786,Unveiling the bifidobacterial resistance mechanism against amoxicillin-clavulanic acid: genetic and ecological insights,COH0461,singleton study PRJNA663786,uncertain,120,0,,age;delivery;feeding;preterm;antibiotics;probiotic,6,0.0,0.0,0.0,0.0,0.0,0.0,R0,R0,R0,R0,R0,R0,archive_only_uncertain,round1_unresolvable: human-review pass: UNRESOLVABLE: Parma amoxicillin-clavulanate study (PMC8091617). 40 of the 120 runs are human faecal metagenomes from Italian children (23 antibiotic-treated vs…,"Tell us whether PRJNA663786 is infant gut shotgun metagenomics: paper section, protocol or cohort description that settles it.",verdict_evidence,0,,0,False,0.0,https://www.ebi.ac.uk/ena/browser/view/PRJNA663786,https://www.ncbi.nlm.nih.gov/bioproject/PRJNA663786,https://github.com/OlmLab/microbiome_repo/issues/new?template=catalog-contribution.yml&labels=contribution&title=%5Bcontribution%5D%20PRJNA663786%3A%20verdict_evidence&study_accession=PRJNA663786&contribution_type=verdict_evidence&release_tag=R2026.19,R2026.19,,1.17.1
325,PRJEB50568,Pediatric gut resistome,COH0303,singleton study PRJEB50568,include,119,0,,age;delivery;feeding;preterm;antibiotics;probiotic,6,0.0,0.0,0.0,0.0,0.0,0.0,R0,R0,R0,R0,R0,R0,no_linked_paper,0 rows in study_paper_links; access_tier=none_no_linked_paper,"Point to the paper (PMID/DOI) describing PRJEB50568, or upload a per-sample table keyed by run accession (SRR/ERR/DRR) with age, delivery, feeding, preterm, antibiotics, probiotic.",paper_pointer,0,,0,False,0.0,https://www.ebi.ac.uk/ena/browser/view/PRJEB50568,https://www.ncbi.nlm.nih.gov/bioproject/PRJEB50568,https://github.com/OlmLab/microbiome_repo/issues/new?template=catalog-contribution.yml&labels=contribution&title=%5Bcontribution%5D%20PRJEB50568%3A%20paper_pointer&study_accession=PRJEB50568&contribution_type=paper_pointer&release_tag=R2026.19,R2026.19,,1.17.1
326,PRJNA477357,Microbiome in Severe Combined Immunodeficiency (X-linked),COH0435,singleton study PRJNA477357,include,116,0,50.0,age;delivery;feeding;preterm;antibiotics;probiotic,6,0.0,0.0,0.0,0.0,0.0,0.0,R0,R0,R0,R0,R0,R0,no_linked_paper,0 rows in study_paper_links; access_tier=none_no_linked_paper,"Point to the paper (PMID/DOI) describing PRJNA477357, or upload a per-sample table keyed by run accession (SRR/ERR/DRR) with age, delivery, feeding, preterm, antibiotics, probiotic.",paper_pointer,0,,0,False,0.0,https://www.ebi.ac.uk/ena/browser/view/PRJNA477357,https://www.ncbi.nlm.nih.gov/bioproject/PRJNA477357,https://github.com/OlmLab/microbiome_repo/issues/new?template=catalog-contribution.yml&labels=contribution&title=%5Bcontribution%5D%20PRJNA477357%3A%20paper_pointer&study_accession=PRJNA477357&contribution_type=paper_pointer&release_tag=R2026.19,R2026.19,,1.17.1
327,PRJNA485056,Metagenomic sequencing of stool samples from rural communities from north-eastern Madagascar,COH0123,Pasolli 2019 Madagascar,include,112,0,,age;delivery;feeding;preterm;antibiotics;probiotic,6,0.0,0.0,0.0,0.0,0.0,0.0,R2,R3,R3,R3,R3,R3,tables_unjoinable_need_key,paper-internal sample names-style sample names (forms seen: n/a); no key to archive accessions (no_match 4),"Upload a key file mapping paper-internal sample names -> SRR/ERR/DRR or BioSample accessions of PRJNA485056, or a per-sample table keyed by accession (age, delivery, feeding, preterm, antibiotics, pr…",id_key,5,30661755;35672407;37188713;38172624;38426063,13,False,0.0,https://www.ebi.ac.uk/ena/browser/view/PRJNA485056,https://www.ncbi.nlm.nih.gov/bioproject/PRJNA485056,https://github.com/OlmLab/microbiome_repo/issues/new?template=catalog-contribution.yml&labels=contribution&title=%5Bcontribution%5D%20PRJNA485056%3A%20id_key&study_accession=PRJNA485056&contribution_type=id_key&release_tag=R2026.19,R2026.19,,1.17.1
328,PRJEB52748,Gut microbiome function and composition in infants from rural Kenya and association with human milk oligosaccharides,COH0067,Derrien 2023 Kenya,include,105,0,,age;delivery;feeding;preterm;antibiotics;probiotic,6,0.0,0.0,0.0,0.0,0.0,0.0,R0,R3,R3,R0,R3,R0,partial_coverage,"1 paper(s), 23 inventoried table(s); still missing age, delivery, feeding, preterm, antibiotics, probiotic","Upload a per-sample table keyed by run/BioSample accession with the still-missing columns (age, delivery, feeding, preterm, antibiotics, probiotic).",per_sample_table,1,36794816,23,False,0.0,https://www.ebi.ac.uk/ena/browser/view/PRJEB52748,https://www.ncbi.nlm.nih.gov/bioproject/PRJEB52748,https://github.com/OlmLab/microbiome_repo/issues/new?template=catalog-contribution.yml&labels=contribution&title=%5Bcontribution%5D%20PRJEB52748%3A%20per_sample_table&study_accession=PRJEB52748&contribution_type=per_sample_table&release_tag=R2026.19,R2026.19,,1.17.1
329,PRJEB101714,strepB17,COH0274,singleton study PRJEB101714,include,100,0,,age;preterm;antibiotics;probiotic,4,0.0,1.0,0.96,0.0,0.0,0.0,R0,R0,R0,R0,R0,R0,no_linked_paper,0 rows in study_paper_links; access_tier=none_no_linked_paper,"Point to the paper (PMID/DOI) describing PRJEB101714, or upload a per-sample table keyed by run accession (SRR/ERR/DRR) with age, preterm, antibiotics, probiotic.",paper_pointer,0,,0,False,0.0,https://www.ebi.ac.uk/ena/browser/view/PRJEB101714,https://www.ncbi.nlm.nih.gov/bioproject/PRJEB101714,https://github.com/OlmLab/microbiome_repo/issues/new?template=catalog-contribution.yml&labels=contribution&title=%5Bcontribution%5D%20PRJEB101714%3A%20paper_pointer&study_accession=PRJEB101714&contribution_type=paper_pointer&release_tag=R2026.19,R2026.19,,1.17.1
330,PRJNA1092797,human fecal metagenome,COH2306,singleton study PRJNA1092797,uncertain,98,0,,age;delivery;feeding;preterm;antibiotics;probiotic,6,0.0,0.0,0.0,0.0,0.0,0.0,R0,R0,R0,R0,R0,R0,archive_only_uncertain,"round1_unresolvable: human-review pass: UNRESOLVABLE: CUHK Hong Kong deposit, 98 deep NovaSeq faecal metagenomes, description is just 'human fecal metagenome'; library codes VHAA/VHAC/DRCC/DOSA give…","Tell us whether PRJNA1092797 is infant gut shotgun metagenomics: paper section, protocol or cohort description that settles it.",verdict_evidence,0,,0,False,0.0,https://www.ebi.ac.uk/ena/browser/view/PRJNA1092797,https://www.ncbi.nlm.nih.gov/bioproject/PRJNA1092797,https://github.com/OlmLab/microbiome_repo/issues/new?template=catalog-contribution.yml&labels=contribution&title=%5Bcontribution%5D%20PRJNA1092797%3A%20verdict_evidence&study_accession=PRJNA1092797&contribution_type=verdict_evidence&release_tag=R2026.19,R2026.19,,1.17.1
331,PRJNA706606,Impact of Water Chlorination of Children's Gut Microbiomes in Bangladesh,COH2342,singleton study PRJNA706606,include,95,0,,age;delivery;feeding;preterm;antibiotics;probiotic,6,0.0,0.0,0.0,0.0,0.0,0.0,R3,R0,R0,R0,R3,R0,no_supplement_found,1 linked paper(s) (A_fulltext_xml); 0 inventoried supplementary members,"Upload a per-sample table keyed by run accession (SRR/ERR/DRR) or BioSample with age, delivery, feeding, preterm, antibiotics, probiotic, and state where it came from.",per_sample_table,1,,0,False,0.0,https://www.ebi.ac.uk/ena/browser/view/PRJNA706606,https://www.ncbi.nlm.nih.gov/bioproject/PRJNA706606,https://github.com/OlmLab/microbiome_repo/issues/new?template=catalog-contribution.yml&labels=contribution&title=%5Bcontribution%5D%20PRJNA706606%3A%20per_sample_table&study_accession=PRJNA706606&contribution_type=per_sample_table&release_tag=R2026.19,R2026.19,,1.17.1
332,PRJNA1154644,Species- and subspecies-level characterization of health-associated bacterial consortia that colonize the human gut during infancy,COH0351,singleton study PRJNA1154644,include,94,0,,age;delivery;feeding;preterm;antibiotics;probiotic,6,0.0,0.0,0.0,0.0,0.0,0.0,R0,R0,R0,R0,R0,R0,no_linked_paper,0 rows in study_paper_links; access_tier=none_no_linked_paper,"Point to the paper (PMID/DOI) describing PRJNA1154644, or upload a per-sample table keyed by run accession (SRR/ERR/DRR) with age, delivery, feeding, preterm, antibiotics, probiotic.",paper_pointer,0,,0,False,0.0,https://www.ebi.ac.uk/ena/browser/view/PRJNA1154644,https://www.ncbi.nlm.nih.gov/bioproject/PRJNA1154644,https://github.com/OlmLab/microbiome_repo/issues/new?template=catalog-contribution.yml&labels=contribution&title=%5Bcontribution%5D%20PRJNA1154644%3A%20paper_pointer&study_accession=PRJNA1154644&contribution_type=paper_pointer&release_tag=R2026.19,R2026.19,,1.17.1
333,PRJNA751712,To Probiotic or not to probiotic: using metagenomics to compare the gut microbiome of infants who fulfill probiotic-treatment criteria with those who do not.,COH0050,Westaway 2022 Australia,include,94,0,,age;delivery;feeding;preterm;antibiotics;probiotic,6,0.0,0.0,0.0,0.0,0.0,0.0,R3,R3,R3,R1,R3,R2,partial_coverage,"2 paper(s), 21 inventoried table(s); still missing age, delivery, feeding, preterm, antibiotics, probiotic","Upload a per-sample table keyed by run/BioSample accession with the still-missing columns (age, delivery, feeding, preterm, antibiotics, probiotic).",per_sample_table,2,35345612;35796792,21,False,0.0,https://www.ebi.ac.uk/ena/browser/view/PRJNA751712,https://www.ncbi.nlm.nih.gov/bioproject/PRJNA751712,https://github.com/OlmLab/microbiome_repo/issues/new?template=catalog-contribution.yml&labels=contribution&title=%5Bcontribution%5D%20PRJNA751712%3A%20per_sample_table&study_accession=PRJNA751712&contribution_type=per_sample_table&release_tag=R2026.19,R2026.19,,1.17.1
334,PRJEB60423,ecmo-ccu,COH2289,singleton study PRJEB60423,uncertain,93,0,,age;delivery;feeding;preterm;antibiotics;probiotic,6,0.0,0.0,0.0,0.0,0.0,0.0,R0,R0,R0,R0,R0,R0,archive_only_uncertain,round2_unresolvable: human-review round 2 (evidence_limited_to=archive_only): UNRESOLVABLE: age and body site. Shallow clinical mNGS (median 29.6 Mb/run) from the Zhengzhou First Affiliated Hospital…,"Tell us whether PRJEB60423 is infant gut shotgun metagenomics: paper section, protocol or cohort description that settles it.",verdict_evidence,0,,0,False,0.0,https://www.ebi.ac.uk/ena/browser/view/PRJEB60423,https://www.ncbi.nlm.nih.gov/bioproject/PRJEB60423,https://github.com/OlmLab/microbiome_repo/issues/new?template=catalog-contribution.yml&labels=contribution&title=%5Bcontribution%5D%20PRJEB60423%3A%20verdict_evidence&study_accession=PRJEB60423&contribution_type=verdict_evidence&release_tag=R2026.19,R2026.19,,1.17.1
335,PRJNA914532,Levofloxacin prophylaxis and parenteral nutrition have a detrimental effect on intestinal microbial networks in pediatric patients undergoing HSCT,COH0516,singleton study PRJNA914532,uncertain,90,0,,age;delivery;feeding;preterm;antibiotics;probiotic,6,0.0,0.0,0.0,0.0,0.0,0.0,R0,R0,R0,R0,R0,R0,archive_only_uncertain,"round1_unresolvable: human-review pass: UNRESOLVABLE: Bologna paediatric HSCT cohort (PMC9839701), 90 shotgun faecal metagenomes from 30 children sampled before transplant, at engraftment and before…","Tell us whether PRJNA914532 is infant gut shotgun metagenomics: paper section, protocol or cohort description that settles it.",verdict_evidence,0,,0,False,0.0,https://www.ebi.ac.uk/ena/browser/view/PRJNA914532,https://www.ncbi.nlm.nih.gov/bioproject/PRJNA914532,https://github.com/OlmLab/microbiome_repo/issues/new?template=catalog-contribution.yml&labels=contribution&title=%5Bcontribution%5D%20PRJNA914532%3A%20verdict_evidence&study_accession=PRJNA914532&contribution_type=verdict_evidence&release_tag=R2026.19,R2026.19,,1.17.1
336,PRJNA1189459,MicrobeMon threemonth infant,COH0354,singleton study PRJNA1189459,include,89,0,,age;delivery;feeding;preterm;antibiotics;probiotic,6,0.0,0.0,0.0,0.0,0.0,0.0,R0,R0,R0,R0,R0,R0,no_linked_paper,0 rows in study_paper_links; access_tier=none_no_linked_paper,"Point to the paper (PMID/DOI) describing PRJNA1189459, or upload a per-sample table keyed by run accession (SRR/ERR/DRR) with age, delivery, feeding, preterm, antibiotics, probiotic.",paper_pointer,0,,0,False,0.0,https://www.ebi.ac.uk/ena/browser/view/PRJNA1189459,https://www.ncbi.nlm.nih.gov/bioproject/PRJNA1189459,https://github.com/OlmLab/microbiome_repo/issues/new?template=catalog-contribution.yml&labels=contribution&title=%5Bcontribution%5D%20PRJNA1189459%3A%20paper_pointer&study_accession=PRJNA1189459&contribution_type=paper_pointer&release_tag=R2026.19,R2026.19,,1.17.1
337,PRJEB102751,Metagenomic sequencing data of gut microbiota from patients with functional gastrointestinal disorders (FGIDs),COH2349,singleton study PRJEB102751,uncertain,86,0,,age;delivery;feeding;preterm;antibiotics;probiotic,6,0.0,0.0,0.0,0.0,0.0,0.0,R0,R0,R0,R0,R0,R0,archive_only_uncertain,"round2_unresolvable: human-review round 2 (evidence_limited_to=archive_only): UNRESOLVABLE: age. Human faecal shotgun from 86 FGID patients, first public 2026-09-21 with no publication yet and no age…","Tell us whether PRJEB102751 is infant gut shotgun metagenomics: paper section, protocol or cohort description that settles it.",verdict_evidence,0,,0,False,0.0,https://www.ebi.ac.uk/ena/browser/view/PRJEB102751,https://www.ncbi.nlm.nih.gov/bioproject/PRJEB102751,https://github.com/OlmLab/microbiome_repo/issues/new?template=catalog-contribution.yml&labels=contribution&title=%5Bcontribution%5D%20PRJEB102751%3A%20verdict_evidence&study_accession=PRJEB102751&contribution_type=verdict_evidence&release_tag=R2026.19,R2026.19,,1.17.1
338,PRJNA417283,human metagenome,COH2338,singleton study PRJNA417283,include,86,0,30.0,age;delivery;feeding;preterm;antibiotics;probiotic,6,0.0,0.0,0.0,0.0,0.0,0.0,R3,R3,R3,R3,R3,R0,partial_coverage,"3 paper(s), 2 inventoried table(s); still missing age, delivery, feeding, preterm, antibiotics, probiotic","Upload a per-sample table keyed by run/BioSample accession with the still-missing columns (age, delivery, feeding, preterm, antibiotics, probiotic).",per_sample_table,3,29988506;41405404,2,False,0.0,https://www.ebi.ac.uk/ena/browser/view/PRJNA417283,https://www.ncbi.nlm.nih.gov/bioproject/PRJNA417283,https://github.com/OlmLab/microbiome_repo/issues/new?template=catalog-contribution.yml&labels=contribution&title=%5Bcontribution%5D%20PRJNA417283%3A%20per_sample_table&study_accession=PRJNA417283&contribution_type=per_sample_table&release_tag=R2026.19,R2026.19,,1.17.1
339,PRJNA834762,LMIC human infant stool whole-genome shotgun metagenomic sequencing,,,include,83,0,,age;delivery;feeding;preterm;antibiotics;probiotic,6,0.0,0.0,0.0,0.0,0.0,0.0,R2,R0,R3,R0,R3,R0,tables_unjoinable_need_key,paper-internal sample names-style sample names (forms seen: no candidate table in supp_inventory); no key to archive accessions (no candidate table in supp_inventory),"Upload a key file mapping paper-internal sample names -> SRR/ERR/DRR or BioSample accessions of PRJNA834762, or a per-sample table keyed by accession (age, delivery, feeding, preterm, antibiotics, pr…",id_key,3,,0,False,0.0,https://www.ebi.ac.uk/ena/browser/view/PRJNA834762,https://www.ncbi.nlm.nih.gov/bioproject/PRJNA834762,https://github.com/OlmLab/microbiome_repo/issues/new?template=catalog-contribution.yml&labels=contribution&title=%5Bcontribution%5D%20PRJNA834762%3A%20id_key&study_accession=PRJNA834762&contribution_type=id_key&release_tag=R2026.19,R2026.19,,1.17.1
340,PRJNA564995,Gut virome in VEO-IBD,COH0451,singleton study PRJNA564995,uncertain,82,0,,age;delivery;feeding;preterm;antibiotics;probiotic,6,0.0,0.0,0.0,0.0,0.0,0.0,R0,R0,R0,R0,R0,R0,archive_only_uncertain,"round1_unresolvable: human-review pass: UNRESOLVABLE: UPenn very-early-onset IBD virome, 82 VLP/MDA and bulk libraries (D### patients, H### healthy, DNC negative controls). VEO-IBD is defined by onse…","Tell us whether PRJNA564995 is infant gut shotgun metagenomics: paper section, protocol or cohort description that settles it.",verdict_evidence,0,,0,False,0.0,https://www.ebi.ac.uk/ena/browser/view/PRJNA564995,https://www.ncbi.nlm.nih.gov/bioproject/PRJNA564995,https://github.com/OlmLab/microbiome_repo/issues/new?template=catalog-contribution.yml&labels=contribution&title=%5Bcontribution%5D%20PRJNA564995%3A%20verdict_evidence&study_accession=PRJNA564995&contribution_type=verdict_evidence&release_tag=R2026.19,R2026.19,,1.17.1
341,PRJNA757365,Metagenomic Microbiota in Celiac Disease,COH0476,singleton study PRJNA757365,uncertain,80,0,,age;delivery;feeding;preterm;antibiotics;probiotic,6,0.0,0.0,0.0,0.0,0.0,0.0,R0,R0,R0,R0,R0,R0,archive_only_uncertain,"round1_unresolvable: human-review pass: UNRESOLVABLE: CosmosID/new-onset paediatric coeliac disease deposit (PMC8759644): 40 children with CeD and 39 controls, paired duodenal (D2) and stool (ST) sho…","Tell us whether PRJNA757365 is infant gut shotgun metagenomics: paper section, protocol or cohort description that settles it.",verdict_evidence,0,,0,False,0.0,https://www.ebi.ac.uk/ena/browser/view/PRJNA757365,https://www.ncbi.nlm.nih.gov/bioproject/PRJNA757365,https://github.com/OlmLab/microbiome_repo/issues/new?template=catalog-contribution.yml&labels=contribution&title=%5Bcontribution%5D%20PRJNA757365%3A%20verdict_evidence&study_accession=PRJNA757365&contribution_type=verdict_evidence&release_tag=R2026.19,R2026.19,,1.17.1
342,PRJEB79382,Stool microbiota stability,COH1586,Stool microbiome freezer storage cohort,include,77,0,,age;delivery;feeding;preterm;antibiotics;probiotic,6,0.0,0.0,0.0,0.0,0.0,0.0,R3,R0,R0,R0,R3,R0,no_supplement_found,2 linked paper(s) (A_fulltext_xml); 0 inventoried supplementary members,"Upload a per-sample table keyed by run accession (SRR/ERR/DRR) or BioSample with age, delivery, feeding, preterm, antibiotics, probiotic, and state where it came from.",per_sample_table,2,39932403,0,False,0.0,https://www.ebi.ac.uk/ena/browser/view/PRJEB79382,https://www.ncbi.nlm.nih.gov/bioproject/PRJEB79382,https://github.com/OlmLab/microbiome_repo/issues/new?template=catalog-contribution.yml&labels=contribution&title=%5Bcontribution%5D%20PRJEB79382%3A%20per_sample_table&study_accession=PRJEB79382&contribution_type=per_sample_table&release_tag=R2026.19,R2026.19,,1.17.1
343,PRJNA865291,gut metagenome in children consuming a fermented rice product,COH0506,singleton study PRJNA865291,uncertain,75,0,,age;delivery;feeding;preterm;antibiotics;probiotic,6,0.0,0.0,0.0,0.0,0.0,0.0,R0,R0,R0,R0,R0,R0,archive_only_uncertain,"round1_unresolvable: human-review pass: UNRESOLVABLE: University of Naples Federico II deposit, 75 deep shotgun stool metagenomes from children before (T0) and after (T6) consuming a fermented rice p…","Tell us whether PRJNA865291 is infant gut shotgun metagenomics: paper section, protocol or cohort description that settles it.",verdict_evidence,0,,0,False,0.0,https://www.ebi.ac.uk/ena/browser/view/PRJNA865291,https://www.ncbi.nlm.nih.gov/bioproject/PRJNA865291,https://github.com/OlmLab/microbiome_repo/issues/new?template=catalog-contribution.yml&labels=contribution&title=%5Bcontribution%5D%20PRJNA865291%3A%20verdict_evidence&study_accession=PRJNA865291&contribution_type=verdict_evidence&release_tag=R2026.19,R2026.19,,1.17.1
344,PRJEB41865,NUH Stool,COH2321,singleton study PRJEB41865,uncertain,72,0,,age;delivery;feeding;preterm;antibiotics;probiotic,6,0.0,0.0,0.0,0.0,0.0,0.0,R0,R0,R0,R0,R0,R0,archive_only_uncertain,round2_unresolvable: human-review round 2 (evidence_limited_to=archive_only): UNRESOLVABLE: host and age. Companion deposit to PRJEB41866 from the same Singapore GIS submitter; stool site is stated b…,"Tell us whether PRJEB41865 is infant gut shotgun metagenomics: paper section, protocol or cohort description that settles it.",verdict_evidence,0,,0,False,0.0,https://www.ebi.ac.uk/ena/browser/view/PRJEB41865,https://www.ncbi.nlm.nih.gov/bioproject/PRJEB41865,https://github.com/OlmLab/microbiome_repo/issues/new?template=catalog-contribution.yml&labels=contribution&title=%5Bcontribution%5D%20PRJEB41865%3A%20verdict_evidence&study_accession=PRJEB41865&contribution_type=verdict_evidence&release_tag=R2026.19,R2026.19,,1.17.1
345,PRJEB102170,Gut microbiome of toddlers up to 12 months of age,COH0276,singleton study PRJEB102170,include,71,0,,age;delivery;feeding;preterm;antibiotics;probiotic,6,0.0,0.0,0.0,0.0,0.0,0.0,R0,R0,R0,R0,R0,R0,no_linked_paper,0 rows in study_paper_links; access_tier=none_no_linked_paper,"Point to the paper (PMID/DOI) describing PRJEB102170, or upload a per-sample table keyed by run accession (SRR/ERR/DRR) with age, delivery, feeding, preterm, antibiotics, probiotic.",paper_pointer,0,,0,False,0.0,https://www.ebi.ac.uk/ena/browser/view/PRJEB102170,https://www.ncbi.nlm.nih.gov/bioproject/PRJEB102170,https://github.com/OlmLab/microbiome_repo/issues/new?template=catalog-contribution.yml&labels=contribution&title=%5Bcontribution%5D%20PRJEB102170%3A%20paper_pointer&study_accession=PRJEB102170&contribution_type=paper_pointer&release_tag=R2026.19,R2026.19,,1.17.1
346,PRJNA770101,the transmission of probio-m9 from mother to infant,COH0480,singleton study PRJNA770101,include,71,0,,age;delivery;feeding;preterm;antibiotics;probiotic,6,0.0,0.0,0.0,0.0,0.0,0.0,R0,R0,R0,R0,R0,R0,no_linked_paper,0 rows in study_paper_links; access_tier=none_no_linked_paper,"Point to the paper (PMID/DOI) describing PRJNA770101, or upload a per-sample table keyed by run accession (SRR/ERR/DRR) with age, delivery, feeding, preterm, antibiotics, probiotic.",paper_pointer,0,,0,False,0.0,https://www.ebi.ac.uk/ena/browser/view/PRJNA770101,https://www.ncbi.nlm.nih.gov/bioproject/PRJNA770101,https://github.com/OlmLab/microbiome_repo/issues/new?template=catalog-contribution.yml&labels=contribution&title=%5Bcontribution%5D%20PRJNA770101%3A%20paper_pointer&study_accession=PRJNA770101&contribution_type=paper_pointer&release_tag=R2026.19,R2026.19,,1.17.1
347,PRJNA1370643,Gut Microbiome Features of Children with Kawasaki Disease in Northwest China,,,uncertain,70,0,,age;delivery;feeding;preterm;antibiotics;probiotic,6,0.0,0.0,0.0,0.0,0.0,0.0,R0,R0,R0,R0,R0,R0,archive_only_uncertain,"biosample_rejudge_uncertain: re-judged with BioSample age attributes (30 infant-flagged samples, median 27.0 mo); prior exclude (age_child_over_36m) superseded","Tell us whether PRJNA1370643 is infant gut shotgun metagenomics: paper section, protocol or cohort description that settles it.",verdict_evidence,0,,0,False,0.0,https://www.ebi.ac.uk/ena/browser/view/PRJNA1370643,https://www.ncbi.nlm.nih.gov/bioproject/PRJNA1370643,https://github.com/OlmLab/microbiome_repo/issues/new?template=catalog-contribution.yml&labels=contribution&title=%5Bcontribution%5D%20PRJNA1370643%3A%20verdict_evidence&study_accession=PRJNA1370643&contribution_type=verdict_evidence&release_tag=R2026.19,R2026.19,,1.17.1
348,PRJNA1065277,Maternal factors are more capable of influencing the structure of infant gut microbes and bacteriophages than geography,COH0079,Shi 2024 China,include,68,0,,age;delivery;feeding;preterm;antibiotics;probiotic,6,0.0,0.0,0.0,0.0,0.0,0.0,R3,R2,R2,R2,R3,R0,partial_coverage,"1 paper(s), 14 inventoried table(s); still missing age, delivery, feeding, preterm, antibiotics, probiotic","Upload a per-sample table keyed by run/BioSample accession with the still-missing columns (age, delivery, feeding, preterm, antibiotics, probiotic).",per_sample_table,1,39268487,14,False,0.0,https://www.ebi.ac.uk/ena/browser/view/PRJNA1065277,https://www.ncbi.nlm.nih.gov/bioproject/PRJNA1065277,https://github.com/OlmLab/microbiome_repo/issues/new?template=catalog-contribution.yml&labels=contribution&title=%5Bcontribution%5D%20PRJNA1065277%3A%20per_sample_table&study_accession=PRJNA1065277&contribution_type=per_sample_table&release_tag=R2026.19,R2026.19,,1.17.1
349,PRJNA529400,Homo sapiens Metagenome,COH0443,singleton study PRJNA529400,include,68,0,4.0,age;delivery;feeding;preterm;antibiotics;probiotic,6,0.0,0.0,0.0,0.0,0.0,0.0,R2,R2,R3,R0,R3,R0,tables_unjoinable_need_key,"SampleID-style sample names (forms seen: SampleID, UNIQUELY FOUND IN ETH INFANTS, sample, sampleID); no key to archive accessions (no_match 4, below_gate 1)","Upload a key file mapping SampleID -> SRR/ERR/DRR or BioSample accessions of PRJNA529400, or a per-sample table keyed by accession (age, delivery, feeding, preterm, antibiotics, probiotic).",id_key,1,37116481,9,False,0.0,https://www.ebi.ac.uk/ena/browser/view/PRJNA529400,https://www.ncbi.nlm.nih.gov/bioproject/PRJNA529400,https://github.com/OlmLab/microbiome_repo/issues/new?template=catalog-contribution.yml&labels=contribution&title=%5Bcontribution%5D%20PRJNA529400%3A%20id_key&study_accession=PRJNA529400&contribution_type=id_key&release_tag=R2026.19,R2026.19,,1.17.1
350,PRJEB53954,Pediatric Leukemia and Lymphoma patient stool microbiome,COH0307,singleton study PRJEB53954,include,67,0,24.0,age;delivery;feeding;preterm;antibiotics;probiotic,6,0.0,0.0,0.0,0.0,0.0,0.0,R0,R0,R0,R0,R0,R0,no_linked_paper,0 rows in study_paper_links; access_tier=none_no_linked_paper,"Point to the paper (PMID/DOI) describing PRJEB53954, or upload a per-sample table keyed by run accession (SRR/ERR/DRR) with age, delivery, feeding, preterm, antibiotics, probiotic.",paper_pointer,0,,0,False,0.0,https://www.ebi.ac.uk/ena/browser/view/PRJEB53954,https://www.ncbi.nlm.nih.gov/bioproject/PRJEB53954,https://github.com/OlmLab/microbiome_repo/issues/new?template=catalog-contribution.yml&labels=contribution&title=%5Bcontribution%5D%20PRJEB53954%3A%20paper_pointer&study_accession=PRJEB53954&contribution_type=paper_pointer&release_tag=R2026.19,R2026.19,,1.17.1
351,PRJNA763908,Intestinal flora sequencing of Chinese infants,COH0477,singleton study PRJNA763908,include,66,0,,age;delivery;feeding;preterm;antibiotics;probiotic,6,0.0,0.0,0.0,0.0,0.0,0.0,R0,R0,R0,R0,R0,R0,no_linked_paper,0 rows in study_paper_links; access_tier=none_no_linked_paper,"Point to the paper (PMID/DOI) describing PRJNA763908, or upload a per-sample table keyed by run accession (SRR/ERR/DRR) with age, delivery, feeding, preterm, antibiotics, probiotic.",paper_pointer,0,,0,False,0.0,https://www.ebi.ac.uk/ena/browser/view/PRJNA763908,https://www.ncbi.nlm.nih.gov/bioproject/PRJNA763908,https://github.com/OlmLab/microbiome_repo/issues/new?template=catalog-contribution.yml&labels=contribution&title=%5Bcontribution%5D%20PRJNA763908%3A%20paper_pointer&study_accession=PRJNA763908&contribution_type=paper_pointer&release_tag=R2026.19,R2026.19,,1.17.1
352,PRJNA1434019,FMT study Bern,,,uncertain,65,0,,age;delivery;feeding;preterm;antibiotics;probiotic,6,0.0,0.0,0.0,0.0,0.0,0.0,R0,R0,R0,R0,R0,R0,archive_only_uncertain,"growth_uncertain_archive_only: discovery=cohort_name_crosswalk; evidence=token 'Bern' (place name from birthcohorts.net BILD cohort) matched study_title 'FMT study Bern'; blank tax_id, METAGENOMIC WG…","Tell us whether PRJNA1434019 is infant gut shotgun metagenomics: paper section, protocol or cohort description that settles it.",verdict_evidence,0,,0,False,0.0,https://www.ebi.ac.uk/ena/browser/view/PRJNA1434019,https://www.ncbi.nlm.nih.gov/bioproject/PRJNA1434019,https://github.com/OlmLab/microbiome_repo/issues/new?template=catalog-contribution.yml&labels=contribution&title=%5Bcontribution%5D%20PRJNA1434019%3A%20verdict_evidence&study_accession=PRJNA1434019&contribution_type=verdict_evidence&release_tag=R2026.19,R2026.19,,1.17.1
353,PRJNA986854,stool sample of paired mother-infant for 16S rRNA sequencing analysis,COH0170,Xiong 2025,include,65,0,,age;delivery;feeding;preterm;antibiotics;probiotic,6,0.0,0.0,0.0,0.0,0.0,0.0,R3,R3,R3,R3,R3,R3,no_supplement_found,1 linked paper(s) (A_fulltext_xml); 0 inventoried supplementary members,"Upload a per-sample table keyed by run accession (SRR/ERR/DRR) or BioSample with age, delivery, feeding, preterm, antibiotics, probiotic, and state where it came from.",per_sample_table,1,40467587,0,False,0.0,https://www.ebi.ac.uk/ena/browser/view/PRJNA986854,https://www.ncbi.nlm.nih.gov/bioproject/PRJNA986854,https://github.com/OlmLab/microbiome_repo/issues/new?template=catalog-contribution.yml&labels=contribution&title=%5Bcontribution%5D%20PRJNA986854%3A%20per_sample_table&study_accession=PRJNA986854&contribution_type=per_sample_table&release_tag=R2026.19,R2026.19,,1.17.1
354,PRJNA845014,gut microbiota in autism Raw sequence reads,COH0500,singleton study PRJNA845014,uncertain,62,0,,age;delivery;feeding;preterm;antibiotics;probiotic,6,0.0,0.0,0.0,0.0,0.0,0.0,R0,R0,R0,R0,R0,R0,archive_only_uncertain,"round1_unresolvable: human-review pass: UNRESOLVABLE: Peking Union Medical College Hospital autism/atopic-dermatitis cohort (PMC9253573), 62 deep shotgun stool metagenomes in AD and non-AD arms. Neit…","Tell us whether PRJNA845014 is infant gut shotgun metagenomics: paper section, protocol or cohort description that settles it.",verdict_evidence,0,,0,False,0.0,https://www.ebi.ac.uk/ena/browser/view/PRJNA845014,https://www.ncbi.nlm.nih.gov/bioproject/PRJNA845014,https://github.com/OlmLab/microbiome_repo/issues/new?template=catalog-contribution.yml&labels=contribution&title=%5Bcontribution%5D%20PRJNA845014%3A%20verdict_evidence&study_accession=PRJNA845014&contribution_type=verdict_evidence&release_tag=R2026.19,R2026.19,,1.17.1
355,PRJEB32732,Trial B 2019,COH2310,singleton study PRJEB32732,uncertain,61,0,,age;delivery;feeding;preterm;antibiotics;probiotic,6,0.0,0.0,0.0,0.0,0.0,0.0,R0,R0,R0,R0,R0,R0,archive_only_uncertain,"round2_unresolvable: human-review round 2 (evidence_limited_to=archive_only): UNRESOLVABLE: even the host species. No Europe PMC hit for PRJEB32732/ERP115446; the ENA records carry no host, age, body…","Tell us whether PRJEB32732 is infant gut shotgun metagenomics: paper section, protocol or cohort description that settles it.",verdict_evidence,0,,0,False,0.0,https://www.ebi.ac.uk/ena/browser/view/PRJEB32732,https://www.ncbi.nlm.nih.gov/bioproject/PRJEB32732,https://github.com/OlmLab/microbiome_repo/issues/new?template=catalog-contribution.yml&labels=contribution&title=%5Bcontribution%5D%20PRJEB32732%3A%20verdict_evidence&study_accession=PRJEB32732&contribution_type=verdict_evidence&release_tag=R2026.19,R2026.19,,1.17.1
356,PRJEB33013,Human gut microbiome,,,include,61,0,,age;delivery;feeding;preterm;antibiotics;probiotic,6,0.0,0.0,0.0,0.0,0.0,0.0,R2,R3,R3,R3,R3,R3,tables_unjoinable_need_key,paper-internal sample names-style sample names (forms seen: n/a); no key to archive accessions,"Upload a key file mapping paper-internal sample names -> SRR/ERR/DRR or BioSample accessions of PRJEB33013, or a per-sample table keyed by accession (age, delivery, feeding, preterm, antibiotics, pro…",id_key,2,36504822;38426063,5,False,0.0,https://www.ebi.ac.uk/ena/browser/view/PRJEB33013,https://www.ncbi.nlm.nih.gov/bioproject/PRJEB33013,https://github.com/OlmLab/microbiome_repo/issues/new?template=catalog-contribution.yml&labels=contribution&title=%5Bcontribution%5D%20PRJEB33013%3A%20id_key&study_accession=PRJEB33013&contribution_type=id_key&release_tag=R2026.19,R2026.19,,1.17.1
357,PRJNA1484372,Homo sapiens Metagenome,COH2360,singleton study PRJNA1484372,uncertain,60,0,,age;delivery;feeding;preterm;antibiotics;probiotic,6,0.0,0.0,0.0,0.0,0.0,0.0,R0,R0,R0,R0,R0,R0,archive_only_uncertain,round2_unresolvable: human-review round 2 (evidence_limited_to=biosample): UNRESOLVABLE: age. All 60 NCBI BioSamples record age 'not collected' and sex 'not collected'; the experiment titles ('MASLD2…,"Tell us whether PRJNA1484372 is infant gut shotgun metagenomics: paper section, protocol or cohort description that settles it.",verdict_evidence,0,,0,False,0.0,https://www.ebi.ac.uk/ena/browser/view/PRJNA1484372,https://www.ncbi.nlm.nih.gov/bioproject/PRJNA1484372,https://github.com/OlmLab/microbiome_repo/issues/new?template=catalog-contribution.yml&labels=contribution&title=%5Bcontribution%5D%20PRJNA1484372%3A%20verdict_evidence&study_accession=PRJNA1484372&contribution_type=verdict_evidence&release_tag=R2026.19,R2026.19,,1.17.1
358,PRJEB57911,Infant metagemone data,COH0308,singleton study PRJEB57911,include,58,0,,age;delivery;feeding;preterm;antibiotics;probiotic,6,0.0,0.0,0.0,0.0,0.0,0.0,R0,R0,R0,R0,R0,R0,no_linked_paper,0 rows in study_paper_links; access_tier=none_no_linked_paper,"Point to the paper (PMID/DOI) describing PRJEB57911, or upload a per-sample table keyed by run accession (SRR/ERR/DRR) with age, delivery, feeding, preterm, antibiotics, probiotic.",paper_pointer,0,,0,False,0.0,https://www.ebi.ac.uk/ena/browser/view/PRJEB57911,https://www.ncbi.nlm.nih.gov/bioproject/PRJEB57911,https://github.com/OlmLab/microbiome_repo/issues/new?template=catalog-contribution.yml&labels=contribution&title=%5Bcontribution%5D%20PRJEB57911%3A%20paper_pointer&study_accession=PRJEB57911&contribution_type=paper_pointer&release_tag=R2026.19,R2026.19,,1.17.1
359,PRJNA877820,Metagenomics of gut microbiota,COH2300,singleton study PRJNA877820,uncertain,58,0,,age;delivery;feeding;preterm;antibiotics;probiotic,6,0.0,0.0,0.0,0.0,0.0,0.0,R2,R3,R3,R0,R2,R3,archive_only_uncertain,round2_unresolvable: human-review round 2 (evidence_limited_to=supplement): UNRESOLVABLE: per-subject ages for the 58 samples. The accession belongs to the paediatric new-onset T1D multi-centre study…,"Tell us whether PRJNA877820 is infant gut shotgun metagenomics: paper section, protocol or cohort description that settles it.",verdict_evidence,0,,0,False,0.0,https://www.ebi.ac.uk/ena/browser/view/PRJNA877820,https://www.ncbi.nlm.nih.gov/bioproject/PRJNA877820,https://github.com/OlmLab/microbiome_repo/issues/new?template=catalog-contribution.yml&labels=contribution&title=%5Bcontribution%5D%20PRJNA877820%3A%20verdict_evidence&study_accession=PRJNA877820&contribution_type=verdict_evidence&release_tag=R2026.19,R2026.19,,1.17.1
360,PRJNA894152,Long read infant/young children fecal and environmental samples,COH0159,Mills 2023 Nicaragua,include,57,0,30.0,age;delivery;feeding;preterm;antibiotics;probiotic,6,0.0,0.0,0.0,0.0,0.0,0.0,R0,R3,R3,R0,R3,R3,no_supplement_found,1 linked paper(s) (A_fulltext_xml); 0 inventoried supplementary members,"Upload a per-sample table keyed by run accession (SRR/ERR/DRR) or BioSample with age, delivery, feeding, preterm, antibiotics, probiotic, and state where it came from.",per_sample_table,1,37715296,0,False,0.0,https://www.ebi.ac.uk/ena/browser/view/PRJNA894152,https://www.ncbi.nlm.nih.gov/bioproject/PRJNA894152,https://github.com/OlmLab/microbiome_repo/issues/new?template=catalog-contribution.yml&labels=contribution&title=%5Bcontribution%5D%20PRJNA894152%3A%20per_sample_table&study_accession=PRJNA894152&contribution_type=per_sample_table&release_tag=R2026.19,R2026.19,,1.17.1
361,PRJNA544346,fecal sample collected healthy human Raw sequence reads,COH0446,singleton study PRJNA544346,include,56,0,,age;delivery;feeding;preterm;antibiotics;probiotic,6,0.0,0.0,0.0,0.0,0.0,0.0,R0,R0,R0,R0,R0,R0,no_linked_paper,0 rows in study_paper_links; access_tier=none_no_linked_paper,"Point to the paper (PMID/DOI) describing PRJNA544346, or upload a per-sample table keyed by run accession (SRR/ERR/DRR) with age, delivery, feeding, preterm, antibiotics, probiotic.",paper_pointer,0,,0,False,0.0,https://www.ebi.ac.uk/ena/browser/view/PRJNA544346,https://www.ncbi.nlm.nih.gov/bioproject/PRJNA544346,https://github.com/OlmLab/microbiome_repo/issues/new?template=catalog-contribution.yml&labels=contribution&title=%5Bcontribution%5D%20PRJNA544346%3A%20paper_pointer&study_accession=PRJNA544346&contribution_type=paper_pointer&release_tag=R2026.19,R2026.19,,1.17.1
362,PRJEB55713,Child gut microbiome,,,include,55,0,15.0,age;delivery;feeding;preterm;antibiotics;probiotic,6,0.0,0.0,0.0,0.0,0.0,0.0,R3,R3,R3,R3,R3,R0,no_supplement_found,1 linked paper(s) (A_fulltext_xml); 0 inventoried supplementary members,"Upload a per-sample table keyed by run accession (SRR/ERR/DRR) or BioSample with age, delivery, feeding, preterm, antibiotics, probiotic, and state where it came from.",per_sample_table,1,36504822,0,False,0.0,https://www.ebi.ac.uk/ena/browser/view/PRJEB55713,https://www.ncbi.nlm.nih.gov/bioproject/PRJEB55713,https://github.com/OlmLab/microbiome_repo/issues/new?template=catalog-contribution.yml&labels=contribution&title=%5Bcontribution%5D%20PRJEB55713%3A%20per_sample_table&study_accession=PRJEB55713&contribution_type=per_sample_table&release_tag=R2026.19,R2026.19,,1.17.1
363,PRJDB10675,"International collaborative studies on the prevention, diagnosis, and drug discovery for diarrheal infectious diseases in India",COH2333,singleton study PRJDB10675,include,53,0,1.0,age;delivery;feeding;preterm;antibiotics;probiotic,6,0.0,0.0,0.0,0.0,0.0,0.0,R2,R0,R0,R0,R3,R0,tables_unjoinable_need_key,paper-internal sample names-style sample names (forms seen: no candidate table in supp_inventory); no key to archive accessions (no candidate table in supp_inventory),"Upload a key file mapping paper-internal sample names -> SRR/ERR/DRR or BioSample accessions of PRJDB10675, or a per-sample table keyed by accession (age, delivery, feeding, preterm, antibiotics, pro…",id_key,1,,0,False,0.0,https://www.ebi.ac.uk/ena/browser/view/PRJDB10675,https://www.ncbi.nlm.nih.gov/bioproject/PRJDB10675,https://github.com/OlmLab/microbiome_repo/issues/new?template=catalog-contribution.yml&labels=contribution&title=%5Bcontribution%5D%20PRJDB10675%3A%20id_key&study_accession=PRJDB10675&contribution_type=id_key&release_tag=R2026.19,R2026.19,,1.17.1
364,PRJDB33192,Infands gut virome (PRJCA031650),COH0270,singleton study PRJDB33192,include,51,0,,age;delivery;feeding;preterm;antibiotics;probiotic,6,0.0,0.0,0.0,0.0,0.0,0.0,R0,R0,R0,R0,R0,R0,no_linked_paper,0 rows in study_paper_links; access_tier=none_no_linked_paper,"Point to the paper (PMID/DOI) describing PRJDB33192, or upload a per-sample table keyed by run accession (SRR/ERR/DRR) with age, delivery, feeding, preterm, antibiotics, probiotic.",paper_pointer,0,,0,False,0.0,https://www.ebi.ac.uk/ena/browser/view/PRJDB33192,https://www.ncbi.nlm.nih.gov/bioproject/PRJDB33192,https://github.com/OlmLab/microbiome_repo/issues/new?template=catalog-contribution.yml&labels=contribution&title=%5Bcontribution%5D%20PRJDB33192%3A%20paper_pointer&study_accession=PRJDB33192&contribution_type=paper_pointer&release_tag=R2026.19,R2026.19,,1.17.1
365,PRJNA1276154,Metagenomic sequence of human feces,COH0372,singleton study PRJNA1276154,uncertain,50,0,,age;delivery;feeding;preterm;antibiotics;probiotic,6,0.0,0.0,0.0,0.0,0.0,0.0,R0,R0,R0,R0,R0,R0,archive_only_uncertain,"round1_unresolvable: human-review pass: UNRESOLVABLE: Zhengzhou University ASD deposit, 50 deep NovaSeq X Plus faecal metagenomes (FB/FT library codes = likely case/control), described only as 'ASD c…","Tell us whether PRJNA1276154 is infant gut shotgun metagenomics: paper section, protocol or cohort description that settles it.",verdict_evidence,0,,0,False,0.0,https://www.ebi.ac.uk/ena/browser/view/PRJNA1276154,https://www.ncbi.nlm.nih.gov/bioproject/PRJNA1276154,https://github.com/OlmLab/microbiome_repo/issues/new?template=catalog-contribution.yml&labels=contribution&title=%5Bcontribution%5D%20PRJNA1276154%3A%20verdict_evidence&study_accession=PRJNA1276154&contribution_type=verdict_evidence&release_tag=R2026.19,R2026.19,,1.17.1
366,PRJEB46659,Heritable Vaginal Bacteria Relate to Allergic Sensitization,COH2326,singleton study PRJEB46659,include,49,0,,age;delivery;feeding;preterm;antibiotics;probiotic,6,0.0,0.0,0.0,0.0,0.0,0.0,R3,R3,R3,R3,R3,R0,partial_coverage,"4 paper(s), 1 inventoried table(s); still missing age, delivery, feeding, preterm, antibiotics, probiotic","Upload a per-sample table keyed by run/BioSample accession with the still-missing columns (age, delivery, feeding, preterm, antibiotics, probiotic).",per_sample_table,4,35932762;40241748,1,False,0.0,https://www.ebi.ac.uk/ena/browser/view/PRJEB46659,https://www.ncbi.nlm.nih.gov/bioproject/PRJEB46659,https://github.com/OlmLab/microbiome_repo/issues/new?template=catalog-contribution.yml&labels=contribution&title=%5Bcontribution%5D%20PRJEB46659%3A%20per_sample_table&study_accession=PRJEB46659&contribution_type=per_sample_table&release_tag=R2026.19,R2026.19,,1.17.1
367,PRJEB9150,Gut microbial succession follows acute secretory diarrhea in humans,COH0318,singleton study PRJEB9150,include,49,0,11.0,age;delivery;feeding;preterm;antibiotics;probiotic,6,0.0,0.0,0.0,0.0,0.0,0.0,R2,R3,R2,R0,R3,R0,tables_unjoinable_need_key,"A Infant Formula-style sample names (forms seen: A Infant Formula, A Infant formula, Bonferroni-corrected p-value, Impact of geographical location of abund); no key to archive accessions (no_match 4)","Upload a key file mapping A Infant Formula -> SRR/ERR/DRR or BioSample accessions of PRJEB9150, or a per-sample table keyed by accession (age, delivery, feeding, preterm, antibiotics, probiotic).",id_key,2,36177457;39287373,21,False,0.0,https://www.ebi.ac.uk/ena/browser/view/PRJEB9150,https://www.ncbi.nlm.nih.gov/bioproject/PRJEB9150,https://github.com/OlmLab/microbiome_repo/issues/new?template=catalog-contribution.yml&labels=contribution&title=%5Bcontribution%5D%20PRJEB9150%3A%20id_key&study_accession=PRJEB9150&contribution_type=id_key&release_tag=R2026.19,R2026.19,,1.17.1
368,PRJEB46214,Gut bacterial gene changes following pegaspargase treatment in pediatric patients with Acute Lymphoblastic Leukemia,,,include,47,0,17.0,age;delivery;feeding;preterm;antibiotics;probiotic,6,0.0,0.0,0.0,0.0,0.0,0.0,R0,R0,R0,R0,R0,R0,no_linked_paper,0 rows in study_paper_links; access_tier=none_no_linked_paper,"Point to the paper (PMID/DOI) describing PRJEB46214, or upload a per-sample table keyed by run accession (SRR/ERR/DRR) with age, delivery, feeding, preterm, antibiotics, probiotic.",paper_pointer,0,,0,False,0.0,https://www.ebi.ac.uk/ena/browser/view/PRJEB46214,https://www.ncbi.nlm.nih.gov/bioproject/PRJEB46214,https://github.com/OlmLab/microbiome_repo/issues/new?template=catalog-contribution.yml&labels=contribution&title=%5Bcontribution%5D%20PRJEB46214%3A%20paper_pointer&study_accession=PRJEB46214&contribution_type=paper_pointer&release_tag=R2026.19,R2026.19,,1.17.1
369,PRJNA353874,Homo sapiens Metagenome,COH0412,singleton study PRJNA353874,uncertain,47,0,,age;delivery;feeding;preterm;antibiotics;probiotic,6,0.0,0.0,0.0,0.0,0.0,0.0,R0,R0,R0,R0,R0,R0,archive_only_uncertain,round1_unresolvable: human-review pass: UNRESOLVABLE: unresolved on two counts — WashU Malawi environmental-enteropathy children with no age range anywhere (sample IDs are ###A/###B subject-visit cod…,"Tell us whether PRJNA353874 is infant gut shotgun metagenomics: paper section, protocol or cohort description that settles it.",verdict_evidence,0,,0,False,0.0,https://www.ebi.ac.uk/ena/browser/view/PRJNA353874,https://www.ncbi.nlm.nih.gov/bioproject/PRJNA353874,https://github.com/OlmLab/microbiome_repo/issues/new?template=catalog-contribution.yml&labels=contribution&title=%5Bcontribution%5D%20PRJNA353874%3A%20verdict_evidence&study_accession=PRJNA353874&contribution_type=verdict_evidence&release_tag=R2026.19,R2026.19,,1.17.1
370,PRJEB29237,16S rRNA gene amplicon and metagenomic shotgun sequencing reads from a pediatric acute lymphoblastic leukemia cohort. Metagenomic shotgun sequencing reads have been prefiltered to remove any human DNA before uploading to following ethical guidelines for the study.,,,uncertain,44,0,10.0,age;delivery;feeding;preterm;antibiotics;probiotic,6,0.0,0.0,0.0,0.0,0.0,0.0,R2,R0,R0,R0,R2,R3,archive_only_uncertain,"sibling_recheck_uncertain: re-check of sibling deposit of included PRJEB46214/PRJEB53954 (cohort paper PMC9363618, 11 patients <3 y across four deposits); prior verdict superseded","Tell us whether PRJEB29237 is infant gut shotgun metagenomics: paper section, protocol or cohort description that settles it.",verdict_evidence,0,,0,False,0.0,https://www.ebi.ac.uk/ena/browser/view/PRJEB29237,https://www.ncbi.nlm.nih.gov/bioproject/PRJEB29237,https://github.com/OlmLab/microbiome_repo/issues/new?template=catalog-contribution.yml&labels=contribution&title=%5Bcontribution%5D%20PRJEB29237%3A%20verdict_evidence&study_accession=PRJEB29237&contribution_type=verdict_evidence&release_tag=R2026.19,R2026.19,,1.17.1
371,PRJNA1195013,"Stool microbiota from Mayan families. Age, town size, season, and food sourcing strategy evaluation",COH0355,singleton study PRJNA1195013,include,44,0,,age;delivery;feeding;preterm;antibiotics;probiotic,6,0.0,0.0,0.0,0.0,0.0,0.0,R0,R0,R0,R0,R0,R0,no_linked_paper,0 rows in study_paper_links; access_tier=none_no_linked_paper,"Point to the paper (PMID/DOI) describing PRJNA1195013, or upload a per-sample table keyed by run accession (SRR/ERR/DRR) with age, delivery, feeding, preterm, antibiotics, probiotic.",paper_pointer,0,,0,False,0.0,https://www.ebi.ac.uk/ena/browser/view/PRJNA1195013,https://www.ncbi.nlm.nih.gov/bioproject/PRJNA1195013,https://github.com/OlmLab/microbiome_repo/issues/new?template=catalog-contribution.yml&labels=contribution&title=%5Bcontribution%5D%20PRJNA1195013%3A%20paper_pointer&study_accession=PRJNA1195013&contribution_type=paper_pointer&release_tag=R2026.19,R2026.19,,1.17.1
372,PRJNA529124,Metagenomic sequencing of stool samples from Ghanaian individuals,COH2296,singleton study PRJNA529124,include,44,0,23.0,age;delivery;feeding;preterm;antibiotics;probiotic,6,0.0,0.0,0.0,0.0,0.0,0.0,R2,R2,R3,R0,R3,R3,tables_unjoinable_need_key,"Number of samples-style sample names (forms seen: Number of samples, Run, Sample, Sample size); no key to archive accessions (no_match 6, below_gate 2)","Upload a key file mapping Number of samples -> SRR/ERR/DRR or BioSample accessions of PRJNA529124, or a per-sample table keyed by accession (age, delivery, feeding, preterm, antibiotics, probiotic).",id_key,8,37116481;38426063;38441032,20,False,0.0,https://www.ebi.ac.uk/ena/browser/view/PRJNA529124,https://www.ncbi.nlm.nih.gov/bioproject/PRJNA529124,https://github.com/OlmLab/microbiome_repo/issues/new?template=catalog-contribution.yml&labels=contribution&title=%5Bcontribution%5D%20PRJNA529124%3A%20id_key&study_accession=PRJNA529124&contribution_type=id_key&release_tag=R2026.19,R2026.19,,1.17.1
373,PRJNA810575,Metagenomes of maternal and infant faecal samples,COH1265,Zhong Probio-M8 maternal-infant fecal cohort,include,44,0,,age;delivery;feeding;preterm;antibiotics;probiotic,6,0.0,0.0,0.0,0.0,0.0,0.0,R2,R2,R3,R3,R3,R3,tables_unjoinable_need_key,paper-internal sample names-style sample names (forms seen: no candidate table in supp_inventory); no key to archive accessions (no candidate table in supp_inventory),"Upload a key file mapping paper-internal sample names -> SRR/ERR/DRR or BioSample accessions of PRJNA810575, or a per-sample table keyed by accession (age, delivery, feeding, preterm, antibiotics, pr…",id_key,1,36419187,0,False,0.0,https://www.ebi.ac.uk/ena/browser/view/PRJNA810575,https://www.ncbi.nlm.nih.gov/bioproject/PRJNA810575,https://github.com/OlmLab/microbiome_repo/issues/new?template=catalog-contribution.yml&labels=contribution&title=%5Bcontribution%5D%20PRJNA810575%3A%20id_key&study_accession=PRJNA810575&contribution_type=id_key&release_tag=R2026.19,R2026.19,,1.17.1
374,PRJEB52295,Precocious infant gut microbiome reprograms enterocytes and promotes childhood obesity risk,COH1410,Precocious infant gut microbiome cohort,include,43,0,,age;delivery;feeding;preterm;antibiotics;probiotic,6,0.0,0.0,0.0,0.0,0.0,0.0,R2,R3,R3,R3,R3,R2,tables_unjoinable_need_key,Supplementary Table 1 | Association betw-style sample names (forms seen: Supplementary Table 1 | Association betw); no key to archive accessions (no_match 1),"Upload a key file mapping Supplementary Table 1 | Association betw -> SRR/ERR/DRR or BioSample accessions of PRJEB52295, or a per-sample table keyed by accession (age, delivery, feeding, preterm, ant…",id_key,1,38117587,11,False,0.0,https://www.ebi.ac.uk/ena/browser/view/PRJEB52295,https://www.ncbi.nlm.nih.gov/bioproject/PRJEB52295,https://github.com/OlmLab/microbiome_repo/issues/new?template=catalog-contribution.yml&labels=contribution&title=%5Bcontribution%5D%20PRJEB52295%3A%20id_key&study_accession=PRJEB52295&contribution_type=id_key&release_tag=R2026.19,R2026.19,,1.17.1
375,PRJNA833139,Gender-specific cross-generational microbial persistence of human gut microbes,COH0495,singleton study PRJNA833139,include,43,0,20.0,age;preterm;antibiotics;probiotic,4,0.0,0.744186,0.744186,0.0,0.0,0.0,R2,R2,R2,R3,R3,R3,tables_unjoinable_need_key,"Bifidobacterium longum subsp. infantis-style sample names (forms seen: Bifidobacterium longum subsp. infantis, Run, Sample); no key to archive accessions (no_match 2)","Upload a key file mapping Bifidobacterium longum subsp. infantis -> SRR/ERR/DRR or BioSample accessions of PRJNA833139, or a per-sample table keyed by accession (age, preterm, antibiotics, probiotic).",id_key,1,41350579,24,False,0.0,https://www.ebi.ac.uk/ena/browser/view/PRJNA833139,https://www.ncbi.nlm.nih.gov/bioproject/PRJNA833139,https://github.com/OlmLab/microbiome_repo/issues/new?template=catalog-contribution.yml&labels=contribution&title=%5Bcontribution%5D%20PRJNA833139%3A%20id_key&study_accession=PRJNA833139&contribution_type=id_key&release_tag=R2026.19,R2026.19,,1.17.1
376,PRJEB22032,Characterization_of_healthy_adult_and_infant_gut_microbiota_in_Vietnamese_People,COH0292,singleton study PRJEB22032,include,42,0,15.0,age;delivery;feeding;preterm;antibiotics;probiotic,6,0.0,0.0,0.0,0.0,0.0,0.0,R0,R0,R0,R0,R0,R0,no_linked_paper,0 rows in study_paper_links; access_tier=none_no_linked_paper,"Point to the paper (PMID/DOI) describing PRJEB22032, or upload a per-sample table keyed by run accession (SRR/ERR/DRR) with age, delivery, feeding, preterm, antibiotics, probiotic.",paper_pointer,0,,0,False,0.0,https://www.ebi.ac.uk/ena/browser/view/PRJEB22032,https://www.ncbi.nlm.nih.gov/bioproject/PRJEB22032,https://github.com/OlmLab/microbiome_repo/issues/new?template=catalog-contribution.yml&labels=contribution&title=%5Bcontribution%5D%20PRJEB22032%3A%20paper_pointer&study_accession=PRJEB22032&contribution_type=paper_pointer&release_tag=R2026.19,R2026.19,,1.17.1
377,PRJNA629353,The gut microbiome and Insulin Resistance in children born very preterm - whole genomic sequencing,,,uncertain,41,0,,age;delivery;feeding;preterm;antibiotics;probiotic,6,0.0,0.0,0.0,0.0,0.0,0.0,R0,R0,R0,R0,R0,R0,archive_only_uncertain,"biosample_rejudge_uncertain: re-judged with BioSample age attributes (20 infant-flagged samples, median nan mo); prior exclude (age_child_over_36m) superseded","Tell us whether PRJNA629353 is infant gut shotgun metagenomics: paper section, protocol or cohort description that settles it.",verdict_evidence,0,,0,False,0.0,https://www.ebi.ac.uk/ena/browser/view/PRJNA629353,https://www.ncbi.nlm.nih.gov/bioproject/PRJNA629353,https://github.com/OlmLab/microbiome_repo/issues/new?template=catalog-contribution.yml&labels=contribution&title=%5Bcontribution%5D%20PRJNA629353%3A%20verdict_evidence&study_accession=PRJNA629353&contribution_type=verdict_evidence&release_tag=R2026.19,R2026.19,,1.17.1
378,PRJNA525458,Fecal transplant in children with Clostridioides difficile,COH0441,singleton study PRJNA525458,uncertain,40,0,,age;delivery;feeding;preterm;antibiotics;probiotic,6,0.0,0.0,0.0,0.0,0.0,0.0,R0,R0,R0,R0,R1,R0,archive_only_uncertain,"biosample_rejudge_uncertain: re-judged with BioSample age attributes (7 infant-flagged samples, median 24.0 mo); prior exclude (age_child_over_36m) superseded","Tell us whether PRJNA525458 is infant gut shotgun metagenomics: paper section, protocol or cohort description that settles it.",verdict_evidence,0,,0,False,0.0,https://www.ebi.ac.uk/ena/browser/view/PRJNA525458,https://www.ncbi.nlm.nih.gov/bioproject/PRJNA525458,https://github.com/OlmLab/microbiome_repo/issues/new?template=catalog-contribution.yml&labels=contribution&title=%5Bcontribution%5D%20PRJNA525458%3A%20verdict_evidence&study_accession=PRJNA525458&contribution_type=verdict_evidence&release_tag=R2026.19,R2026.19,,1.17.1
379,PRJNA726032,A synbiotic intervention modulates meta-omics signatures of gut redox potential and acidity in elective caesarean born infants,COH0141,Lay 2021 Singapore,include,40,0,,age;delivery;preterm;antibiotics,4,0.0,0.0,1.0,0.0,0.0,0.75,R3,R3,R3,R3,R3,R3,partial_coverage,"1 paper(s), 26 inventoried table(s); still missing age, delivery, preterm, antibiotics","Upload a per-sample table keyed by run/BioSample accession with the still-missing columns (age, delivery, preterm, antibiotics).",per_sample_table,1,34172012,26,False,0.0,https://www.ebi.ac.uk/ena/browser/view/PRJNA726032,https://www.ncbi.nlm.nih.gov/bioproject/PRJNA726032,https://github.com/OlmLab/microbiome_repo/issues/new?template=catalog-contribution.yml&labels=contribution&title=%5Bcontribution%5D%20PRJNA726032%3A%20per_sample_table&study_accession=PRJNA726032&contribution_type=per_sample_table&release_tag=R2026.19,R2026.19,,1.17.1
380,PRJNA730640,The composition of gut microbiota in biliary atresia,COH0049,Song 2021 China,include,40,0,30.0,age;delivery;feeding;preterm;antibiotics;probiotic,6,0.0,0.0,0.0,0.0,0.0,0.0,R2,R3,R3,R3,R3,R3,tables_unjoinable_need_key,"Sample-style sample names (forms seen: Bonferroni-corrected p-value, Impact of geographical location of abund, Run ID, Sample); no key to archive accessions (no_match 4)","Upload a key file mapping Sample -> SRR/ERR/DRR or BioSample accessions of PRJNA730640, or a per-sample table keyed by accession (age, delivery, feeding, preterm, antibiotics, probiotic).",id_key,4,34262484;34646837;37191543;39287373,44,False,0.0,https://www.ebi.ac.uk/ena/browser/view/PRJNA730640,https://www.ncbi.nlm.nih.gov/bioproject/PRJNA730640,https://github.com/OlmLab/microbiome_repo/issues/new?template=catalog-contribution.yml&labels=contribution&title=%5Bcontribution%5D%20PRJNA730640%3A%20id_key&study_accession=PRJNA730640&contribution_type=id_key&release_tag=R2026.19,R2026.19,,1.17.1
381,PRJNA932130,Gut Microbiome of Children having Sepsis and Septic Shock,COH0519,singleton study PRJNA932130,uncertain,40,0,,age;delivery;feeding;preterm;antibiotics;probiotic,6,0.0,0.0,0.0,0.0,0.0,0.0,R0,R0,R0,R0,R0,R0,archive_only_uncertain,"round1_unresolvable: human-review pass: UNRESOLVABLE: AIIMS New Delhi paediatric sepsis cohort, 40 deep shotgun stool metagenomes in three groups (S = sepsis, SS = septic shock, H = healthy children)…","Tell us whether PRJNA932130 is infant gut shotgun metagenomics: paper section, protocol or cohort description that settles it.",verdict_evidence,0,,0,False,0.0,https://www.ebi.ac.uk/ena/browser/view/PRJNA932130,https://www.ncbi.nlm.nih.gov/bioproject/PRJNA932130,https://github.com/OlmLab/microbiome_repo/issues/new?template=catalog-contribution.yml&labels=contribution&title=%5Bcontribution%5D%20PRJNA932130%3A%20verdict_evidence&study_accession=PRJNA932130&contribution_type=verdict_evidence&release_tag=R2026.19,R2026.19,,1.17.1
382,PRJEB81735,The metagenomic sequencing data of healthy individuals.,COH2319,singleton study PRJEB81735,uncertain,38,0,,age;delivery;feeding;preterm;antibiotics;probiotic,6,0.0,0.0,0.0,0.0,0.0,0.0,R0,R0,R0,R0,R0,R0,archive_only_uncertain,"round2_unresolvable: human-review round 2 (evidence_limited_to=archive_only): UNRESOLVABLE: age and body site. '38 healthy individuals' with no age, host or site field anywhere in ENA/BioSample and n…","Tell us whether PRJEB81735 is infant gut shotgun metagenomics: paper section, protocol or cohort description that settles it.",verdict_evidence,0,,0,False,0.0,https://www.ebi.ac.uk/ena/browser/view/PRJEB81735,https://www.ncbi.nlm.nih.gov/bioproject/PRJEB81735,https://github.com/OlmLab/microbiome_repo/issues/new?template=catalog-contribution.yml&labels=contribution&title=%5Bcontribution%5D%20PRJEB81735%3A%20verdict_evidence&study_accession=PRJEB81735&contribution_type=verdict_evidence&release_tag=R2026.19,R2026.19,,1.17.1
383,PRJNA1233922,gut metagenome,COH0361,singleton study PRJNA1233922,include,38,0,,age;delivery;feeding;preterm;antibiotics;probiotic,6,0.0,0.0,0.0,0.0,0.0,0.0,R0,R0,R0,R0,R0,R0,no_linked_paper,0 rows in study_paper_links; access_tier=none_no_linked_paper,"Point to the paper (PMID/DOI) describing PRJNA1233922, or upload a per-sample table keyed by run accession (SRR/ERR/DRR) with age, delivery, feeding, preterm, antibiotics, probiotic.",paper_pointer,0,,0,False,0.0,https://www.ebi.ac.uk/ena/browser/view/PRJNA1233922,https://www.ncbi.nlm.nih.gov/bioproject/PRJNA1233922,https://github.com/OlmLab/microbiome_repo/issues/new?template=catalog-contribution.yml&labels=contribution&title=%5Bcontribution%5D%20PRJNA1233922%3A%20paper_pointer&study_accession=PRJNA1233922&contribution_type=paper_pointer&release_tag=R2026.19,R2026.19,,1.17.1
384,PRJDB4525,Shotgun metagenomics of fecal bacterial consortium inhabiting healthy Asian children,COH0272,singleton study PRJDB4525,include,36,0,1.0,age;delivery;feeding;preterm;antibiotics;probiotic,6,0.0,0.0,0.0,0.0,0.0,0.0,R2,R2,R2,R3,R3,R3,tables_unjoinable_need_key,"Bifidobacterium longum subsp. infantis-style sample names (forms seen: Bifidobacterium longum subsp. infantis, Run, Sample); no key to archive accessions (no_match 2)","Upload a key file mapping Bifidobacterium longum subsp. infantis -> SRR/ERR/DRR or BioSample accessions of PRJDB4525, or a per-sample table keyed by accession (age, delivery, feeding, preterm, antibi…",id_key,1,41350579,24,False,0.0,https://www.ebi.ac.uk/ena/browser/view/PRJDB4525,https://www.ncbi.nlm.nih.gov/bioproject/PRJDB4525,https://github.com/OlmLab/microbiome_repo/issues/new?template=catalog-contribution.yml&labels=contribution&title=%5Bcontribution%5D%20PRJDB4525%3A%20id_key&study_accession=PRJDB4525&contribution_type=id_key&release_tag=R2026.19,R2026.19,,1.17.1
385,PRJEB82926,"Probiotic Supplementation Impacts Gut Microbiota Development in Infants at Risk of Atopy: A Follow-up Analysis of a Randomised, Double-Blind, Placebo-Controlled Study",COH0071,Coates 2025 UK,include,34,0,,age;delivery;feeding;preterm;antibiotics;probiotic,6,0.0,0.0,0.0,0.0,0.0,0.0,R3,R3,R3,R3,R3,R2,pdf_only_supplement,"6 supplementary member(s) of 1 paper(s), all PDF/DOCX","Upload the PDF/DOCX supplement re-typed as CSV/TSV (one row per sample, accession column) with age, delivery, feeding, preterm, antibiotics, probiotic.",per_sample_table,1,40431157,0,False,0.0,https://www.ebi.ac.uk/ena/browser/view/PRJEB82926,https://www.ncbi.nlm.nih.gov/bioproject/PRJEB82926,https://github.com/OlmLab/microbiome_repo/issues/new?template=catalog-contribution.yml&labels=contribution&title=%5Bcontribution%5D%20PRJEB82926%3A%20per_sample_table&study_accession=PRJEB82926&contribution_type=per_sample_table&release_tag=R2026.19,R2026.19,,1.17.1
386,PRJNA1472032,Metagenomic profiling of maternal and infant gut microbiome samples,COH2358,singleton study PRJNA1472032,include,33,0,,age;delivery;feeding;preterm;antibiotics;probiotic,6,0.0,0.0,0.0,0.0,0.0,0.0,R0,R0,R0,R0,R0,R0,no_linked_paper,0 rows in study_paper_links; access_tier=none_no_linked_paper,"Point to the paper (PMID/DOI) describing PRJNA1472032, or upload a per-sample table keyed by run accession (SRR/ERR/DRR) with age, delivery, feeding, preterm, antibiotics, probiotic.",paper_pointer,0,,0,False,0.0,https://www.ebi.ac.uk/ena/browser/view/PRJNA1472032,https://www.ncbi.nlm.nih.gov/bioproject/PRJNA1472032,https://github.com/OlmLab/microbiome_repo/issues/new?template=catalog-contribution.yml&labels=contribution&title=%5Bcontribution%5D%20PRJNA1472032%3A%20paper_pointer&study_accession=PRJNA1472032&contribution_type=paper_pointer&release_tag=R2026.19,R2026.19,,1.17.1
387,PRJNA1104804,Gut microbiota profiles of CD children and healthy children,COH0341,singleton study PRJNA1104804,uncertain,32,0,,age;delivery;feeding;preterm;antibiotics;probiotic,6,0.0,0.0,0.0,0.0,0.0,0.0,R0,R0,R0,R0,R0,R0,archive_only_uncertain,"round1_unresolvable: human-review pass: UNRESOLVABLE: Shanghai Jiao Tong newly-onset Crohn's disease children vs healthy children (CD1-18/H1-14), no ages, no paper. Paediatric CD onset is usually sch…","Tell us whether PRJNA1104804 is infant gut shotgun metagenomics: paper section, protocol or cohort description that settles it.",verdict_evidence,0,,0,False,0.0,https://www.ebi.ac.uk/ena/browser/view/PRJNA1104804,https://www.ncbi.nlm.nih.gov/bioproject/PRJNA1104804,https://github.com/OlmLab/microbiome_repo/issues/new?template=catalog-contribution.yml&labels=contribution&title=%5Bcontribution%5D%20PRJNA1104804%3A%20verdict_evidence&study_accession=PRJNA1104804&contribution_type=verdict_evidence&release_tag=R2026.19,R2026.19,,1.17.1
388,PRJNA1198101,MILK study metagenomic re-sequencing of human milk,,,include,30,0,0.0,age;delivery;feeding;preterm;antibiotics;probiotic,6,0.0,0.0,0.0,0.0,0.0,0.0,R3,R3,R1,R3,R3,R0,no_supplement_found,1 linked paper(s) (A_fulltext_xml); 0 inventoried supplementary members,"Upload a per-sample table keyed by run accession (SRR/ERR/DRR) or BioSample with age, delivery, feeding, preterm, antibiotics, probiotic, and state where it came from.",per_sample_table,1,41274878,0,False,0.0,https://www.ebi.ac.uk/ena/browser/view/PRJNA1198101,https://www.ncbi.nlm.nih.gov/bioproject/PRJNA1198101,https://github.com/OlmLab/microbiome_repo/issues/new?template=catalog-contribution.yml&labels=contribution&title=%5Bcontribution%5D%20PRJNA1198101%3A%20per_sample_table&study_accession=PRJNA1198101&contribution_type=per_sample_table&release_tag=R2026.19,R2026.19,,1.17.1
389,PRJNA1241499,"Pediatric IBD Shotgun Metagenomics, Metatranscriptomics, and 16S rRNA",COH0363,singleton study PRJNA1241499,include,30,0,1.0,delivery;feeding;preterm;antibiotics;probiotic,5,1.0,0.0,0.0,0.0,0.0,0.0,R0,R0,R0,R0,R0,R0,no_linked_paper,0 rows in study_paper_links; access_tier=none_no_linked_paper,"Point to the paper (PMID/DOI) describing PRJNA1241499, or upload a per-sample table keyed by run accession (SRR/ERR/DRR) with delivery, feeding, preterm, antibiotics, probiotic.",paper_pointer,0,,0,False,0.0,https://www.ebi.ac.uk/ena/browser/view/PRJNA1241499,https://www.ncbi.nlm.nih.gov/bioproject/PRJNA1241499,https://github.com/OlmLab/microbiome_repo/issues/new?template=catalog-contribution.yml&labels=contribution&title=%5Bcontribution%5D%20PRJNA1241499%3A%20paper_pointer&study_accession=PRJNA1241499&contribution_type=paper_pointer&release_tag=R2026.19,R2026.19,,1.17.1
390,PRJNA1406796,Metagenomic Identification,COH0385,singleton study PRJNA1406796,include,30,0,30.0,age;delivery;feeding;preterm;antibiotics;probiotic,6,0.0,0.0,0.0,0.0,0.0,0.0,R0,R0,R0,R0,R0,R0,no_linked_paper,0 rows in study_paper_links; access_tier=none_no_linked_paper,"Point to the paper (PMID/DOI) describing PRJNA1406796, or upload a per-sample table keyed by run accession (SRR/ERR/DRR) with age, delivery, feeding, preterm, antibiotics, probiotic.",paper_pointer,0,,0,False,0.0,https://www.ebi.ac.uk/ena/browser/view/PRJNA1406796,https://www.ncbi.nlm.nih.gov/bioproject/PRJNA1406796,https://github.com/OlmLab/microbiome_repo/issues/new?template=catalog-contribution.yml&labels=contribution&title=%5Bcontribution%5D%20PRJNA1406796%3A%20paper_pointer&study_accession=PRJNA1406796&contribution_type=paper_pointer&release_tag=R2026.19,R2026.19,,1.17.1
391,PRJEB21259,AMR_metagenomic_sequencing,COH2316,singleton study PRJEB21259,include,28,0,,age;delivery;feeding;preterm;antibiotics;probiotic,6,0.0,0.0,0.0,0.0,0.0,0.0,R0,R0,R0,R0,R3,R0,no_supplement_found,2 linked paper(s) (A_fulltext_xml); 0 inventoried supplementary members,"Upload a per-sample table keyed by run accession (SRR/ERR/DRR) or BioSample with age, delivery, feeding, preterm, antibiotics, probiotic, and state where it came from.",per_sample_table,2,,0,False,0.0,https://www.ebi.ac.uk/ena/browser/view/PRJEB21259,https://www.ncbi.nlm.nih.gov/bioproject/PRJEB21259,https://github.com/OlmLab/microbiome_repo/issues/new?template=catalog-contribution.yml&labels=contribution&title=%5Bcontribution%5D%20PRJEB21259%3A%20per_sample_table&study_accession=PRJEB21259&contribution_type=per_sample_table&release_tag=R2026.19,R2026.19,,1.17.1
392,PRJNA363003,human metagenome Raw sequence reads,COH0413,singleton study PRJNA363003,include,27,0,,age;delivery;feeding;preterm;antibiotics;probiotic,6,0.0,0.0,0.0,0.0,0.0,0.0,R0,R0,R0,R0,R0,R0,no_linked_paper,0 rows in study_paper_links; access_tier=none_no_linked_paper,"Point to the paper (PMID/DOI) describing PRJNA363003, or upload a per-sample table keyed by run accession (SRR/ERR/DRR) with age, delivery, feeding, preterm, antibiotics, probiotic.",paper_pointer,0,,0,False,0.0,https://www.ebi.ac.uk/ena/browser/view/PRJNA363003,https://www.ncbi.nlm.nih.gov/bioproject/PRJNA363003,https://github.com/OlmLab/microbiome_repo/issues/new?template=catalog-contribution.yml&labels=contribution&title=%5Bcontribution%5D%20PRJNA363003%3A%20paper_pointer&study_accession=PRJNA363003&contribution_type=paper_pointer&release_tag=R2026.19,R2026.19,,1.17.1
393,PRJNA394687,Confirmation of Shigella detection in culture negative PCR positive diarrheal cases using a metagenomic approach,COH0418,singleton study PRJNA394687,include,27,0,18.0,age;delivery;feeding;preterm;antibiotics;probiotic,6,0.0,0.0,0.0,0.0,0.0,0.0,R0,R0,R0,R0,R0,R0,no_linked_paper,0 rows in study_paper_links; access_tier=none_no_linked_paper,"Point to the paper (PMID/DOI) describing PRJNA394687, or upload a per-sample table keyed by run accession (SRR/ERR/DRR) with age, delivery, feeding, preterm, antibiotics, probiotic.",paper_pointer,0,,0,False,0.0,https://www.ebi.ac.uk/ena/browser/view/PRJNA394687,https://www.ncbi.nlm.nih.gov/bioproject/PRJNA394687,https://github.com/OlmLab/microbiome_repo/issues/new?template=catalog-contribution.yml&labels=contribution&title=%5Bcontribution%5D%20PRJNA394687%3A%20paper_pointer&study_accession=PRJNA394687&contribution_type=paper_pointer&release_tag=R2026.19,R2026.19,,1.17.1
394,PRJNA772730,The FOUNDATION Study: Hospital Formulation Of B. infantis EVC001 Utilized In The NICU To Demonstrate Tolerability In Our Preterm Neonates,COH0146,FOUNDATION Study,include,25,0,,age;delivery;feeding;preterm;antibiotics,5,0.0,0.0,0.0,0.0,0.0,1.0,R3,R3,R3,R3,R3,R3,partial_coverage,"1 paper(s), 4 inventoried table(s); still missing age, delivery, feeding, preterm, antibiotics","Upload a per-sample table keyed by run/BioSample accession with the still-missing columns (age, delivery, feeding, preterm, antibiotics).",per_sample_table,1,35071138,4,False,0.0,https://www.ebi.ac.uk/ena/browser/view/PRJNA772730,https://www.ncbi.nlm.nih.gov/bioproject/PRJNA772730,https://github.com/OlmLab/microbiome_repo/issues/new?template=catalog-contribution.yml&labels=contribution&title=%5Bcontribution%5D%20PRJNA772730%3A%20per_sample_table&study_accession=PRJNA772730&contribution_type=per_sample_table&release_tag=R2026.19,R2026.19,,1.17.1
395,PRJEB7331,metagenomic analysis of human gut microbiome,,,uncertain,24,0,,age;delivery;feeding;preterm;antibiotics;probiotic,6,0.0,0.0,0.0,0.0,0.0,0.0,R0,R0,R0,R0,R0,R0,archive_only_uncertain,growth_uncertain_archive_only: discovery=reanalysis_raw_link; evidence=MGnify MGYS00000412 (root:Host-associated:Human:Digestive system:Large intestine:Fecal) bioproject; infant terms: none,"Tell us whether PRJEB7331 is infant gut shotgun metagenomics: paper section, protocol or cohort description that settles it.",verdict_evidence,0,,0,False,0.0,https://www.ebi.ac.uk/ena/browser/view/PRJEB7331,https://www.ncbi.nlm.nih.gov/bioproject/PRJEB7331,https://github.com/OlmLab/microbiome_repo/issues/new?template=catalog-contribution.yml&labels=contribution&title=%5Bcontribution%5D%20PRJEB7331%3A%20verdict_evidence&study_accession=PRJEB7331&contribution_type=verdict_evidence&release_tag=R2026.19,R2026.19,,1.17.1
396,PRJNA482729,"Effect of native and acetylated high amylose maize starch on fecal pH, short chain fatty acid concentrations, and microbiota in a cohort of normal and stunted children in southern India",COH0436,singleton study PRJNA482729,include,24,0,8.0,age;delivery;feeding;preterm;antibiotics;probiotic,6,0.0,0.0,0.0,0.0,0.0,0.0,R3,R3,R3,R0,R3,R3,no_supplement_found,1 linked paper(s) (A_fulltext_xml); 0 inventoried supplementary members,"Upload a per-sample table keyed by run accession (SRR/ERR/DRR) or BioSample with age, delivery, feeding, preterm, antibiotics, probiotic, and state where it came from.",per_sample_table,1,36123315,0,False,0.0,https://www.ebi.ac.uk/ena/browser/view/PRJNA482729,https://www.ncbi.nlm.nih.gov/bioproject/PRJNA482729,https://github.com/OlmLab/microbiome_repo/issues/new?template=catalog-contribution.yml&labels=contribution&title=%5Bcontribution%5D%20PRJNA482729%3A%20per_sample_table&study_accession=PRJNA482729&contribution_type=per_sample_table&release_tag=R2026.19,R2026.19,,1.17.1
397,PRJDB38518,Human gut virome (PRJCA034040),COH0271,singleton study PRJDB38518,uncertain,22,0,,age;delivery;feeding;preterm;antibiotics;probiotic,6,0.0,0.0,0.0,0.0,0.0,0.0,R0,R0,R0,R0,R0,R0,archive_only_uncertain,"round1_unresolvable: human-review pass: UNRESOLVABLE: cohort described only as 'children' with ASD; no per-sample age, no paper found; toddlers (≤36 m) cannot be excluded or confirmed.","Tell us whether PRJDB38518 is infant gut shotgun metagenomics: paper section, protocol or cohort description that settles it.",verdict_evidence,0,,0,False,0.0,https://www.ebi.ac.uk/ena/browser/view/PRJDB38518,https://www.ncbi.nlm.nih.gov/bioproject/PRJDB38518,https://github.com/OlmLab/microbiome_repo/issues/new?template=catalog-contribution.yml&labels=contribution&title=%5Bcontribution%5D%20PRJDB38518%3A%20verdict_evidence&study_accession=PRJDB38518&contribution_type=verdict_evidence&release_tag=R2026.19,R2026.19,,1.17.1
398,PRJEB25672,JoanneHStudy,COH2320,singleton study PRJEB25672,uncertain,22,0,,age;delivery;feeding;preterm;antibiotics;probiotic,6,0.0,0.0,0.0,0.0,0.0,0.0,R0,R0,R0,R0,R0,R0,archive_only_uncertain,"round2_unresolvable: human-review round 2 (evidence_limited_to=archive_only): UNRESOLVABLE: host, age, body site. 22 MiSeq runs from a Unilever submitter with placeholder sample names and no Europe P…","Tell us whether PRJEB25672 is infant gut shotgun metagenomics: paper section, protocol or cohort description that settles it.",verdict_evidence,0,,0,False,0.0,https://www.ebi.ac.uk/ena/browser/view/PRJEB25672,https://www.ncbi.nlm.nih.gov/bioproject/PRJEB25672,https://github.com/OlmLab/microbiome_repo/issues/new?template=catalog-contribution.yml&labels=contribution&title=%5Bcontribution%5D%20PRJEB25672%3A%20verdict_evidence&study_accession=PRJEB25672&contribution_type=verdict_evidence&release_tag=R2026.19,R2026.19,,1.17.1
399,PRJEB59728,This study examined pediatric patients undergoing treatment for various cancers and examined the impact of antibiotic use and duration on antibiotic resistance genes,,,include,22,0,8.0,age;delivery;feeding;preterm;antibiotics;probiotic,6,0.0,0.0,0.0,0.0,0.0,0.0,R3,R0,R0,R0,R2,R3,no_supplement_found,1 linked paper(s) (A_fulltext_xml); 0 inventoried supplementary members,"Upload a per-sample table keyed by run accession (SRR/ERR/DRR) or BioSample with age, delivery, feeding, preterm, antibiotics, probiotic, and state where it came from.",per_sample_table,1,,0,False,0.0,https://www.ebi.ac.uk/ena/browser/view/PRJEB59728,https://www.ncbi.nlm.nih.gov/bioproject/PRJEB59728,https://github.com/OlmLab/microbiome_repo/issues/new?template=catalog-contribution.yml&labels=contribution&title=%5Bcontribution%5D%20PRJEB59728%3A%20per_sample_table&study_accession=PRJEB59728&contribution_type=per_sample_table&release_tag=R2026.19,R2026.19,,1.17.1
400,PRJNA835321,Whole metagenome analysis of Infant gut and breast milk microbiota,COH0496,singleton study PRJNA835321,include,22,0,,age;delivery;feeding;preterm;antibiotics;probiotic,6,0.0,0.0,0.0,0.0,0.0,0.0,R0,R0,R3,R0,R3,R0,no_linked_paper,0 rows in study_paper_links; access_tier=none_no_linked_paper,"Point to the paper (PMID/DOI) describing PRJNA835321, or upload a per-sample table keyed by run accession (SRR/ERR/DRR) with age, delivery, feeding, preterm, antibiotics, probiotic.",paper_pointer,0,,0,False,0.0,https://www.ebi.ac.uk/ena/browser/view/PRJNA835321,https://www.ncbi.nlm.nih.gov/bioproject/PRJNA835321,https://github.com/OlmLab/microbiome_repo/issues/new?template=catalog-contribution.yml&labels=contribution&title=%5Bcontribution%5D%20PRJNA835321%3A%20paper_pointer&study_accession=PRJNA835321&contribution_type=paper_pointer&release_tag=R2026.19,R2026.19,,1.17.1
401,PRJNA1160256,The effects of selected food components and additives on the human gut microbiome,COH0091,Lemons 2025 Belgium,include,21,0,5.0,age;delivery;feeding;preterm;antibiotics;probiotic,6,0.0,0.0,0.0,0.0,0.0,0.0,R1,R0,R3,R0,R3,R3,tables_unjoinable_need_key,stderr-style sample names (forms seen: stderr); no key to archive accessions (no_match 2),"Upload a key file mapping stderr -> SRR/ERR/DRR or BioSample accessions of PRJNA1160256, or a per-sample table keyed by accession (age, delivery, feeding, preterm, antibiotics, probiotic).",id_key,1,40941064,3,False,0.0,https://www.ebi.ac.uk/ena/browser/view/PRJNA1160256,https://www.ncbi.nlm.nih.gov/bioproject/PRJNA1160256,https://github.com/OlmLab/microbiome_repo/issues/new?template=catalog-contribution.yml&labels=contribution&title=%5Bcontribution%5D%20PRJNA1160256%3A%20id_key&study_accession=PRJNA1160256&contribution_type=id_key&release_tag=R2026.19,R2026.19,,1.17.1
402,PRJNA844516,"Investigation of the Interrelationship among Mental, Physical and Intestinal Microbiota in Postpartum Mothers and Their Infants.",COH0499,singleton study PRJNA844516,include,19,0,9.0,age;delivery;feeding;preterm;antibiotics;probiotic,6,0.0,0.0,0.0,0.0,0.0,0.0,R0,R0,R0,R0,R0,R0,no_linked_paper,0 rows in study_paper_links; access_tier=none_no_linked_paper,"Point to the paper (PMID/DOI) describing PRJNA844516, or upload a per-sample table keyed by run accession (SRR/ERR/DRR) with age, delivery, feeding, preterm, antibiotics, probiotic.",paper_pointer,0,,0,False,0.0,https://www.ebi.ac.uk/ena/browser/view/PRJNA844516,https://www.ncbi.nlm.nih.gov/bioproject/PRJNA844516,https://github.com/OlmLab/microbiome_repo/issues/new?template=catalog-contribution.yml&labels=contribution&title=%5Bcontribution%5D%20PRJNA844516%3A%20paper_pointer&study_accession=PRJNA844516&contribution_type=paper_pointer&release_tag=R2026.19,R2026.19,,1.17.1
403,PRJNA1206304,Microbial Macrogenome,COH2322,singleton study PRJNA1206304,uncertain,18,0,,age;delivery;feeding;preterm;antibiotics;probiotic,6,0.0,0.0,0.0,0.0,0.0,0.0,R0,R0,R0,R0,R0,R0,archive_only_uncertain,"round2_unresolvable: human-review round 2 (evidence_limited_to=biosample): UNRESOLVABLE: host, age and body site. 18 deep NovaSeq metagenomes from China with host 'not applicable', isolation_source '…","Tell us whether PRJNA1206304 is infant gut shotgun metagenomics: paper section, protocol or cohort description that settles it.",verdict_evidence,0,,0,False,0.0,https://www.ebi.ac.uk/ena/browser/view/PRJNA1206304,https://www.ncbi.nlm.nih.gov/bioproject/PRJNA1206304,https://github.com/OlmLab/microbiome_repo/issues/new?template=catalog-contribution.yml&labels=contribution&title=%5Bcontribution%5D%20PRJNA1206304%3A%20verdict_evidence&study_accession=PRJNA1206304&contribution_type=verdict_evidence&release_tag=R2026.19,R2026.19,,1.17.1
404,PRJEB22207,Gut microbiome diagnostics in pre-term babies,COH0063,Leggett 2020,include,17,0,,age;delivery;feeding;preterm;antibiotics;probiotic,6,0.0,0.0,0.0,0.0,0.470588,0.470588,R2,R0,R0,R3,R3,R3,tables_unjoinable_need_key,"paper-internal sample names-style sample names (forms seen: Assembly ID, Run); no key to archive accessions (no_match 1)","Upload a key file mapping paper-internal sample names -> SRR/ERR/DRR or BioSample accessions of PRJEB22207, or a per-sample table keyed by accession (age, delivery, feeding, preterm, antibiotics, pro…",id_key,3,31844297;38172624,2,False,0.0,https://www.ebi.ac.uk/ena/browser/view/PRJEB22207,https://www.ncbi.nlm.nih.gov/bioproject/PRJEB22207,https://github.com/OlmLab/microbiome_repo/issues/new?template=catalog-contribution.yml&labels=contribution&title=%5Bcontribution%5D%20PRJEB22207%3A%20id_key&study_accession=PRJEB22207&contribution_type=id_key&release_tag=R2026.19,R2026.19,,1.17.1
405,PRJEB42045,Study of infant stool samples in the first year of life.,COH0300,singleton study PRJEB42045,include,16,0,,age;delivery;feeding;preterm;antibiotics;probiotic,6,0.0,0.0,0.0,0.0,0.0,0.0,R0,R0,R0,R0,R0,R0,no_linked_paper,0 rows in study_paper_links; access_tier=none_no_linked_paper,"Point to the paper (PMID/DOI) describing PRJEB42045, or upload a per-sample table keyed by run accession (SRR/ERR/DRR) with age, delivery, feeding, preterm, antibiotics, probiotic.",paper_pointer,0,,0,False,0.0,https://www.ebi.ac.uk/ena/browser/view/PRJEB42045,https://www.ncbi.nlm.nih.gov/bioproject/PRJEB42045,https://github.com/OlmLab/microbiome_repo/issues/new?template=catalog-contribution.yml&labels=contribution&title=%5Bcontribution%5D%20PRJEB42045%3A%20paper_pointer&study_accession=PRJEB42045&contribution_type=paper_pointer&release_tag=R2026.19,R2026.19,,1.17.1
406,PRJNA413160,Metagenome data from infant stools samples raw sequence reads,COH0421,singleton study PRJNA413160,include,16,0,,age;delivery;feeding;preterm;antibiotics;probiotic,6,0.0,0.0,0.0,0.0,0.0,0.0,R2,R2,R3,R3,R2,R3,tables_unjoinable_need_key,"ERR2367187_Prevotella_sp.-style sample names (forms seen: BioSample, ERR2367187_Prevotella_sp.); no key to archive accessions (no_match 1)","Upload a key file mapping ERR2367187_Prevotella_sp. -> SRR/ERR/DRR or BioSample accessions of PRJNA413160, or a per-sample table keyed by accession (age, delivery, feeding, preterm, antibiotics, prob…",id_key,1,37169786,10,False,0.0,https://www.ebi.ac.uk/ena/browser/view/PRJNA413160,https://www.ncbi.nlm.nih.gov/bioproject/PRJNA413160,https://github.com/OlmLab/microbiome_repo/issues/new?template=catalog-contribution.yml&labels=contribution&title=%5Bcontribution%5D%20PRJNA413160%3A%20id_key&study_accession=PRJNA413160&contribution_type=id_key&release_tag=R2026.19,R2026.19,,1.17.1
407,PRJEB6972,"The microbial colonization of the intestine during the first monthsof life constitutes the most important process for the microbiota-induced host-homeostasis.Alterations in this process may entail a high-risk for disease in later life. However, this process the potential factorsaffecting it in the infant are not well known. Moreover, the potential impact of orally administered vaccines, expected to interact with intestinal immune cells eliciting an immune response at mucosal level,upon the establishing microbiome remains unknown.Here we assessed the intestinal microbiome establishmentprocess and evaluated the impact of rotavirus vaccination upon this process. Metagenomic, PCR-DGGE and faecal short chain fatty acids analyses were performed on faecal samples obtained from three infants before and after the administration of each dose of vaccine. We found a high inter-individual variability in the early lifegut microbiota at microbial composition level, but a large similarity between the infants’ microbiomes at functional level. Rotavirus vaccination did not show any major effects upon the infant gut microbiota. Thus, the individual microbiome establishment and development process seems to occur in a defined manner during the first stages of life and it is not affected by oral rotavirus vaccination.",COH0612,Ang 2014 rotavirus infant cohort,include,15,0,,age;delivery;feeding;preterm;antibiotics;probiotic,6,0.0,0.0,0.0,0.0,0.0,0.0,R3,R3,R3,R3,R3,R0,no_supplement_found,1 linked paper(s) (A_fulltext_xml); 0 inventoried supplementary members,"Upload a per-sample table keyed by run accession (SRR/ERR/DRR) or BioSample with age, delivery, feeding, preterm, antibiotics, probiotic, and state where it came from.",per_sample_table,1,25491920,0,False,0.0,https://www.ebi.ac.uk/ena/browser/view/PRJEB6972,https://www.ncbi.nlm.nih.gov/bioproject/PRJEB6972,https://github.com/OlmLab/microbiome_repo/issues/new?template=catalog-contribution.yml&labels=contribution&title=%5Bcontribution%5D%20PRJEB6972%3A%20per_sample_table&study_accession=PRJEB6972&contribution_type=per_sample_table&release_tag=R2026.19,R2026.19,,1.17.1
408,PRJNA687137,"SIgA binding bacteria in paired samples of maternal feces, breast milk, and infant feces",,,include,15,0,,age;delivery;feeding;preterm;antibiotics;probiotic,6,0.0,0.0,0.0,0.0,0.0,0.0,R0,R0,R0,R0,R0,R0,no_linked_paper,0 rows in study_paper_links; access_tier=not_in_extraction_worklist,"Point to the paper (PMID/DOI) describing PRJNA687137, or upload a per-sample table keyed by run accession (SRR/ERR/DRR) with age, delivery, feeding, preterm, antibiotics, probiotic.",paper_pointer,0,,0,False,0.0,https://www.ebi.ac.uk/ena/browser/view/PRJNA687137,https://www.ncbi.nlm.nih.gov/bioproject/PRJNA687137,https://github.com/OlmLab/microbiome_repo/issues/new?template=catalog-contribution.yml&labels=contribution&title=%5Bcontribution%5D%20PRJNA687137%3A%20paper_pointer&study_accession=PRJNA687137&contribution_type=paper_pointer&release_tag=R2026.19,R2026.19,,1.17.1
409,PRJEB23207,Metagenomic characterization of the human intestinal microbiota in faecal samples from STEC-infected patients,COH2330,singleton study PRJEB23207,include,14,0,10.0,age;delivery;feeding;preterm;antibiotics;probiotic,6,0.0,0.0,0.0,0.0,0.0,0.0,R0,R0,R0,R0,R0,R3,no_supplement_found,1 linked paper(s) (A_fulltext_xml); 0 inventoried supplementary members,"Upload a per-sample table keyed by run accession (SRR/ERR/DRR) or BioSample with age, delivery, feeding, preterm, antibiotics, probiotic, and state where it came from.",per_sample_table,1,,0,False,0.0,https://www.ebi.ac.uk/ena/browser/view/PRJEB23207,https://www.ncbi.nlm.nih.gov/bioproject/PRJEB23207,https://github.com/OlmLab/microbiome_repo/issues/new?template=catalog-contribution.yml&labels=contribution&title=%5Bcontribution%5D%20PRJEB23207%3A%20per_sample_table&study_accession=PRJEB23207&contribution_type=per_sample_table&release_tag=R2026.19,R2026.19,,1.17.1
410,PRJEB41463,Examining the gut microbial community and genes in children with acute lymphoblastic leukemia that experience different levels of change in serum asparaginase activity during pegaspargase treatment,,,uncertain,14,0,,age;delivery;feeding;preterm;antibiotics;probiotic,6,0.0,0.0,0.0,0.0,0.0,0.0,R3,R3,R3,R3,R2,R3,archive_only_uncertain,"sibling_recheck_uncertain: re-check of sibling deposit of included PRJEB46214/PRJEB53954 (cohort paper PMC9363618, 11 patients <3 y across four deposits); prior verdict superseded","Tell us whether PRJEB41463 is infant gut shotgun metagenomics: paper section, protocol or cohort description that settles it.",verdict_evidence,0,,0,False,0.0,https://www.ebi.ac.uk/ena/browser/view/PRJEB41463,https://www.ncbi.nlm.nih.gov/bioproject/PRJEB41463,https://github.com/OlmLab/microbiome_repo/issues/new?template=catalog-contribution.yml&labels=contribution&title=%5Bcontribution%5D%20PRJEB41463%3A%20verdict_evidence&study_accession=PRJEB41463&contribution_type=verdict_evidence&release_tag=R2026.19,R2026.19,,1.17.1
411,PRJNA837236,LMIC human infant stool whole-genome shotgun metagenomic sequencing to validate qPCR Metagenome,,,include,14,0,,age;delivery;feeding;preterm;antibiotics;probiotic,6,0.0,0.0,0.0,0.0,0.0,0.0,R2,R0,R3,R0,R3,R0,tables_unjoinable_need_key,paper-internal sample names-style sample names (forms seen: no candidate table in supp_inventory); no key to archive accessions (no candidate table in supp_inventory),"Upload a key file mapping paper-internal sample names -> SRR/ERR/DRR or BioSample accessions of PRJNA837236, or a per-sample table keyed by accession (age, delivery, feeding, preterm, antibiotics, pr…",id_key,2,,0,False,0.0,https://www.ebi.ac.uk/ena/browser/view/PRJNA837236,https://www.ncbi.nlm.nih.gov/bioproject/PRJNA837236,https://github.com/OlmLab/microbiome_repo/issues/new?template=catalog-contribution.yml&labels=contribution&title=%5Bcontribution%5D%20PRJNA837236%3A%20id_key&study_accession=PRJNA837236&contribution_type=id_key&release_tag=R2026.19,R2026.19,,1.17.1
412,PRJNA1435557,ROLE OF GUT MICROBIOME AND MICROBIAL EPITOPE IN ROTAVIRUS INFECTION AMONG MALAYSIAN CHILDREN,COH0388,singleton study PRJNA1435557,include,13,0,7.0,age;delivery;feeding;preterm;antibiotics;probiotic,6,0.0,0.0,0.0,0.0,0.0,0.0,R0,R0,R0,R0,R0,R0,no_linked_paper,0 rows in study_paper_links; access_tier=none_no_linked_paper,"Point to the paper (PMID/DOI) describing PRJNA1435557, or upload a per-sample table keyed by run accession (SRR/ERR/DRR) with age, delivery, feeding, preterm, antibiotics, probiotic.",paper_pointer,0,,0,False,0.0,https://www.ebi.ac.uk/ena/browser/view/PRJNA1435557,https://www.ncbi.nlm.nih.gov/bioproject/PRJNA1435557,https://github.com/OlmLab/microbiome_repo/issues/new?template=catalog-contribution.yml&labels=contribution&title=%5Bcontribution%5D%20PRJNA1435557%3A%20paper_pointer&study_accession=PRJNA1435557&contribution_type=paper_pointer&release_tag=R2026.19,R2026.19,,1.17.1
413,PRJNA1514298,Probiotic-associated gut ecosystem recovery and carbapenem-resistant Enterobacteriaceae clearance in pediatric Salmonella infection,COH2361,singleton study PRJNA1514298,uncertain,13,0,,age;delivery;feeding;preterm;antibiotics;probiotic,6,0.0,0.0,0.0,0.0,0.0,0.0,R0,R0,R0,R0,R0,R0,archive_only_uncertain,"round2_unresolvable: human-review round 2 (evidence_limited_to=biosample): UNRESOLVABLE: the two patients' ages. Host, assay and site are all in scope (human faecal shotgun metagenomes, Zhejiang, 13…","Tell us whether PRJNA1514298 is infant gut shotgun metagenomics: paper section, protocol or cohort description that settles it.",verdict_evidence,0,,0,False,0.0,https://www.ebi.ac.uk/ena/browser/view/PRJNA1514298,https://www.ncbi.nlm.nih.gov/bioproject/PRJNA1514298,https://github.com/OlmLab/microbiome_repo/issues/new?template=catalog-contribution.yml&labels=contribution&title=%5Bcontribution%5D%20PRJNA1514298%3A%20verdict_evidence&study_accession=PRJNA1514298&contribution_type=verdict_evidence&release_tag=R2026.19,R2026.19,,1.17.1
414,PRJEB80456,afmt sample deep sequencing metagenomic and HiC,COH1844,Sun AFMT infant gut cohort,include,12,0,,age;delivery;feeding;preterm;probiotic,5,0.0,0.0,0.0,0.0,1.0,0.0,R3,R3,R3,R0,R3,R0,partial_coverage,"1 paper(s), 5 inventoried table(s); still missing age, delivery, feeding, preterm, probiotic","Upload a per-sample table keyed by run/BioSample accession with the still-missing columns (age, delivery, feeding, preterm, probiotic).",per_sample_table,1,42214386,5,False,0.0,https://www.ebi.ac.uk/ena/browser/view/PRJEB80456,https://www.ncbi.nlm.nih.gov/bioproject/PRJEB80456,https://github.com/OlmLab/microbiome_repo/issues/new?template=catalog-contribution.yml&labels=contribution&title=%5Bcontribution%5D%20PRJEB80456%3A%20per_sample_table&study_accession=PRJEB80456&contribution_type=per_sample_table&release_tag=R2026.19,R2026.19,,1.17.1
415,PRJNA1166969,Multi-Omics Analysis of the Microbial Profile Characteristics Associated with Pulmonary Arterial Hypertension in Congenital Heart Disease,COH2299,singleton study PRJNA1166969,include,12,0,,age;delivery;feeding;preterm;antibiotics;probiotic,6,0.0,0.0,0.0,0.0,0.0,0.0,R0,R0,R2,R3,R3,R3,no_supplement_found,1 linked paper(s) (A_fulltext_xml); 0 inventoried supplementary members,"Upload a per-sample table keyed by run accession (SRR/ERR/DRR) or BioSample with age, delivery, feeding, preterm, antibiotics, probiotic, and state where it came from.",per_sample_table,1,,0,False,0.0,https://www.ebi.ac.uk/ena/browser/view/PRJNA1166969,https://www.ncbi.nlm.nih.gov/bioproject/PRJNA1166969,https://github.com/OlmLab/microbiome_repo/issues/new?template=catalog-contribution.yml&labels=contribution&title=%5Bcontribution%5D%20PRJNA1166969%3A%20per_sample_table&study_accession=PRJNA1166969&contribution_type=per_sample_table&release_tag=R2026.19,R2026.19,,1.17.1
416,PRJNA1206528,Intestinal flora Genome sequencing and assembly,COH2335,singleton study PRJNA1206528,uncertain,12,0,,age;delivery;feeding;preterm;antibiotics;probiotic,6,0.0,0.0,0.0,0.0,0.0,0.0,R0,R0,R0,R0,R0,R0,archive_only_uncertain,"round2_unresolvable: human-review round 2 (evidence_limited_to=biosample): UNRESOLVABLE: host species. All 12 BioSamples carry age '10 weeks', sex 'female', tissue 'intestine', isolate 'feces', one c…","Tell us whether PRJNA1206528 is infant gut shotgun metagenomics: paper section, protocol or cohort description that settles it.",verdict_evidence,0,,0,False,0.0,https://www.ebi.ac.uk/ena/browser/view/PRJNA1206528,https://www.ncbi.nlm.nih.gov/bioproject/PRJNA1206528,https://github.com/OlmLab/microbiome_repo/issues/new?template=catalog-contribution.yml&labels=contribution&title=%5Bcontribution%5D%20PRJNA1206528%3A%20verdict_evidence&study_accession=PRJNA1206528&contribution_type=verdict_evidence&release_tag=R2026.19,R2026.19,,1.17.1
417,PRJNA922352,Prebiotics related research,COH2325,singleton study PRJNA922352,uncertain,12,0,,age;delivery;feeding;preterm;antibiotics;probiotic,6,0.0,0.0,0.0,0.0,0.0,0.0,R0,R0,R0,R0,R0,R0,archive_only_uncertain,"round2_unresolvable: human-review round 2 (evidence_limited_to=biosample): UNRESOLVABLE: host, age and body site. Twelve WGS metagenomes with treatment/control library codes (TG*/CG*), host 'not appl…","Tell us whether PRJNA922352 is infant gut shotgun metagenomics: paper section, protocol or cohort description that settles it.",verdict_evidence,0,,0,False,0.0,https://www.ebi.ac.uk/ena/browser/view/PRJNA922352,https://www.ncbi.nlm.nih.gov/bioproject/PRJNA922352,https://github.com/OlmLab/microbiome_repo/issues/new?template=catalog-contribution.yml&labels=contribution&title=%5Bcontribution%5D%20PRJNA922352%3A%20verdict_evidence&study_accession=PRJNA922352&contribution_type=verdict_evidence&release_tag=R2026.19,R2026.19,,1.17.1
418,PRJNA311208,Severe gut microbiota dysbiosis is associated with poor growth in patients with short bowel syndrome,COH0406,singleton study PRJNA311208,include,11,0,5.0,age;delivery;feeding;preterm;antibiotics;probiotic,6,0.0,0.0,0.0,0.0,0.0,0.0,R0,R0,R0,R0,R0,R0,no_linked_paper,0 rows in study_paper_links; access_tier=none_no_linked_paper,"Point to the paper (PMID/DOI) describing PRJNA311208, or upload a per-sample table keyed by run accession (SRR/ERR/DRR) with age, delivery, feeding, preterm, antibiotics, probiotic.",paper_pointer,0,,0,False,0.0,https://www.ebi.ac.uk/ena/browser/view/PRJNA311208,https://www.ncbi.nlm.nih.gov/bioproject/PRJNA311208,https://github.com/OlmLab/microbiome_repo/issues/new?template=catalog-contribution.yml&labels=contribution&title=%5Bcontribution%5D%20PRJNA311208%3A%20paper_pointer&study_accession=PRJNA311208&contribution_type=paper_pointer&release_tag=R2026.19,R2026.19,,1.17.1
419,PRJNA715615,Rural infant gut microbiota,COH0469,singleton study PRJNA715615,include,11,0,,age;delivery;feeding;preterm;antibiotics;probiotic,6,0.0,0.0,0.0,0.0,0.0,0.0,R2,R2,R3,R2,R2,R2,tables_unjoinable_need_key,"ID-style sample names (forms seen: ERR1449724, Erwinia mediterraneensis, ID, Veillonella_infantium); no key to archive accessions (below_gate 1, wide_matrix_skipped 1, no_match 1)","Upload a key file mapping ID -> SRR/ERR/DRR or BioSample accessions of PRJNA715615, or a per-sample table keyed by accession (age, delivery, feeding, preterm, antibiotics, probiotic).",id_key,1,34152069,9,False,0.0,https://www.ebi.ac.uk/ena/browser/view/PRJNA715615,https://www.ncbi.nlm.nih.gov/bioproject/PRJNA715615,https://github.com/OlmLab/microbiome_repo/issues/new?template=catalog-contribution.yml&labels=contribution&title=%5Bcontribution%5D%20PRJNA715615%3A%20id_key&study_accession=PRJNA715615&contribution_type=id_key&release_tag=R2026.19,R2026.19,,1.17.1
420,PRJNA1056831,Microbiota of infant cholestasis in Taiwan,COH0078,Lee 2024 Taiwan,include,10,0,,age;delivery;feeding;preterm;probiotic,5,0.0,0.0,0.0,0.0,1.0,0.0,R3,R3,R3,R3,R3,R3,partial_coverage,"1 paper(s), 3 inventoried table(s); still missing age, delivery, feeding, preterm, probiotic","Upload a per-sample table keyed by run/BioSample accession with the still-missing columns (age, delivery, feeding, preterm, probiotic).",per_sample_table,1,39006502,3,False,0.0,https://www.ebi.ac.uk/ena/browser/view/PRJNA1056831,https://www.ncbi.nlm.nih.gov/bioproject/PRJNA1056831,https://github.com/OlmLab/microbiome_repo/issues/new?template=catalog-contribution.yml&labels=contribution&title=%5Bcontribution%5D%20PRJNA1056831%3A%20per_sample_table&study_accession=PRJNA1056831&contribution_type=per_sample_table&release_tag=R2026.19,R2026.19,,1.17.1
421,PRJNA484151,Rural and Urban infant''s fecal microbiota study,COH0122,Dhakal 2019 USA,include,10,0,,age;feeding;preterm;probiotic,4,0.0,1.0,0.0,0.0,1.0,0.0,R3,R3,R3,R0,R3,R3,partial_coverage,"2 paper(s), 6 inventoried table(s); still missing age, feeding, preterm, probiotic","Upload a per-sample table keyed by run/BioSample accession with the still-missing columns (age, feeding, preterm, probiotic).",per_sample_table,2,31379808;32508773,6,False,0.0,https://www.ebi.ac.uk/ena/browser/view/PRJNA484151,https://www.ncbi.nlm.nih.gov/bioproject/PRJNA484151,https://github.com/OlmLab/microbiome_repo/issues/new?template=catalog-contribution.yml&labels=contribution&title=%5Bcontribution%5D%20PRJNA484151%3A%20per_sample_table&study_accession=PRJNA484151&contribution_type=per_sample_table&release_tag=R2026.19,R2026.19,,1.17.1
422,PRJNA590369,fecal metagenome Raw sequence reads,COH2339,singleton study PRJNA590369,uncertain,10,0,,age;delivery;feeding;preterm;antibiotics;probiotic,6,0.0,0.0,0.0,0.0,0.0,0.0,R0,R0,R0,R0,R0,R0,archive_only_uncertain,"round2_unresolvable: human-review round 2 (evidence_limited_to=biosample): UNRESOLVABLE: age. Ten deep human faecal metagenomes (host 9606, feces, ~14 Gb/run) with paired library names (1/L-6 etc.) b…","Tell us whether PRJNA590369 is infant gut shotgun metagenomics: paper section, protocol or cohort description that settles it.",verdict_evidence,0,,0,False,0.0,https://www.ebi.ac.uk/ena/browser/view/PRJNA590369,https://www.ncbi.nlm.nih.gov/bioproject/PRJNA590369,https://github.com/OlmLab/microbiome_repo/issues/new?template=catalog-contribution.yml&labels=contribution&title=%5Bcontribution%5D%20PRJNA590369%3A%20verdict_evidence&study_accession=PRJNA590369&contribution_type=verdict_evidence&release_tag=R2026.19,R2026.19,,1.17.1
423,PRJNA869587,human viral metagenome Metagenome,COH0155,Li 2023 China,include,9,0,,age;delivery;feeding;preterm;antibiotics;probiotic,6,0.0,0.0,0.0,0.0,0.0,0.0,R0,R0,R3,R0,R0,R0,no_supplement_found,1 linked paper(s) (A_fulltext_xml); 0 inventoried supplementary members,"Upload a per-sample table keyed by run accession (SRR/ERR/DRR) or BioSample with age, delivery, feeding, preterm, antibiotics, probiotic, and state where it came from.",per_sample_table,1,36973710,0,False,0.0,https://www.ebi.ac.uk/ena/browser/view/PRJNA869587,https://www.ncbi.nlm.nih.gov/bioproject/PRJNA869587,https://github.com/OlmLab/microbiome_repo/issues/new?template=catalog-contribution.yml&labels=contribution&title=%5Bcontribution%5D%20PRJNA869587%3A%20per_sample_table&study_accession=PRJNA869587&contribution_type=per_sample_table&release_tag=R2026.19,R2026.19,,1.17.1
424,PRJNA929356,Surveillance of enteric pathogens from human stool,COH0518,singleton study PRJNA929356,uncertain,9,0,,age;delivery;feeding;preterm;antibiotics;probiotic,6,0.0,0.0,0.0,0.0,0.0,0.0,R0,R0,R0,R0,R0,R0,archive_only_uncertain,"round1_unresolvable: human-review pass: UNRESOLVABLE: ACEGID/Redeemer's University typhoid-surveillance study in Osun State (PMC10140884). The enrolled cohort spans 1-14 y, so the study population re…","Tell us whether PRJNA929356 is infant gut shotgun metagenomics: paper section, protocol or cohort description that settles it.",verdict_evidence,0,,0,False,0.0,https://www.ebi.ac.uk/ena/browser/view/PRJNA929356,https://www.ncbi.nlm.nih.gov/bioproject/PRJNA929356,https://github.com/OlmLab/microbiome_repo/issues/new?template=catalog-contribution.yml&labels=contribution&title=%5Bcontribution%5D%20PRJNA929356%3A%20verdict_evidence&study_accession=PRJNA929356&contribution_type=verdict_evidence&release_tag=R2026.19,R2026.19,,1.17.1
425,PRJEB33847,Optimizing sequencing protocols for leaderboard metagenomics by combining long and short reads,COH0298,singleton study PRJEB33847,include,8,0,,age;delivery;feeding;preterm;antibiotics;probiotic,6,0.0,0.0,0.0,0.0,0.0,0.0,R3,R0,R0,R0,R0,R0,no_linked_paper,0 rows in study_paper_links; access_tier=none_no_linked_paper,"Point to the paper (PMID/DOI) describing PRJEB33847, or upload a per-sample table keyed by run accession (SRR/ERR/DRR) with age, delivery, feeding, preterm, antibiotics, probiotic.",paper_pointer,0,,0,False,0.0,https://www.ebi.ac.uk/ena/browser/view/PRJEB33847,https://www.ncbi.nlm.nih.gov/bioproject/PRJEB33847,https://github.com/OlmLab/microbiome_repo/issues/new?template=catalog-contribution.yml&labels=contribution&title=%5Bcontribution%5D%20PRJEB33847%3A%20paper_pointer&study_accession=PRJEB33847&contribution_type=paper_pointer&release_tag=R2026.19,R2026.19,,1.17.1
426,PRJEB73554,saudi childern Adtistic 2023,COH2293,singleton study PRJEB73554,uncertain,8,0,,age;delivery;feeding;preterm;antibiotics;probiotic,6,0.0,0.0,0.0,0.0,0.0,0.0,R0,R0,R0,R0,R0,R0,archive_only_uncertain,"round1_unresolvable: human-review pass: UNRESOLVABLE: 8 samples (C1-4 controls, P1-4 patients) of Saudi autistic children; no age, no body site, no paper; toddlers cannot be confirmed or excluded.","Tell us whether PRJEB73554 is infant gut shotgun metagenomics: paper section, protocol or cohort description that settles it.",verdict_evidence,0,,0,False,0.0,https://www.ebi.ac.uk/ena/browser/view/PRJEB73554,https://www.ncbi.nlm.nih.gov/bioproject/PRJEB73554,https://github.com/OlmLab/microbiome_repo/issues/new?template=catalog-contribution.yml&labels=contribution&title=%5Bcontribution%5D%20PRJEB73554%3A%20verdict_evidence&study_accession=PRJEB73554&contribution_type=verdict_evidence&release_tag=R2026.19,R2026.19,,1.17.1
427,PRJNA1513833,"ENTERIC VIRAL DETECTION AND BACTERIAL MICROBIOME PROFILES IN CHILDREN UNDER FIVE YEARS WITH ACUTE GASTROENTERITIS IN EMBU COUNTY, KENYA",COH0396,singleton study PRJNA1513833,include,5,0,3.0,age;delivery;feeding;preterm;antibiotics;probiotic,6,0.0,0.0,0.0,0.0,0.0,0.0,R0,R0,R0,R0,R0,R0,no_linked_paper,0 rows in study_paper_links; access_tier=none_no_linked_paper,"Point to the paper (PMID/DOI) describing PRJNA1513833, or upload a per-sample table keyed by run accession (SRR/ERR/DRR) with age, delivery, feeding, preterm, antibiotics, probiotic.",paper_pointer,0,,0,False,0.0,https://www.ebi.ac.uk/ena/browser/view/PRJNA1513833,https://www.ncbi.nlm.nih.gov/bioproject/PRJNA1513833,https://github.com/OlmLab/microbiome_repo/issues/new?template=catalog-contribution.yml&labels=contribution&title=%5Bcontribution%5D%20PRJNA1513833%3A%20paper_pointer&study_accession=PRJNA1513833&contribution_type=paper_pointer&release_tag=R2026.19,R2026.19,,1.17.1
428,PRJNA526942,"uncultured crAssphage strain:ZA | isolates :M186D4, C0521BW15,C0526BW15, C0521BD4, and C0531BW4",COH0442,singleton study PRJNA526942,include,4,0,3.0,age;delivery;feeding;preterm;antibiotics;probiotic,6,0.0,0.0,0.0,0.0,0.0,0.0,R0,R0,R0,R0,R0,R0,no_supplement_found,1 linked paper(s) (none_no_linked_paper); 0 inventoried supplementary members,"Upload a per-sample table keyed by run accession (SRR/ERR/DRR) or BioSample with age, delivery, feeding, preterm, antibiotics, probiotic, and state where it came from.",per_sample_table,1,,0,False,0.0,https://www.ebi.ac.uk/ena/browser/view/PRJNA526942,https://www.ncbi.nlm.nih.gov/bioproject/PRJNA526942,https://github.com/OlmLab/microbiome_repo/issues/new?template=catalog-contribution.yml&labels=contribution&title=%5Bcontribution%5D%20PRJNA526942%3A%20per_sample_table&study_accession=PRJNA526942&contribution_type=per_sample_table&release_tag=R2026.19,R2026.19,,1.17.1
429,PRJEB31957,Impact of narrow-spectrum antibiotics on the oral and fecal microbiome and resistome in a young child treated for otitis media,COH0296,singleton study PRJEB31957,uncertain,3,0,,age;delivery;feeding;preterm;antibiotics;probiotic,6,0.0,0.0,0.0,0.0,0.0,0.0,R1,R0,R0,R0,R0,R0,archive_only_uncertain,"round1_unresolvable: human-review pass: UNRESOLVABLE: single 'young child' with acute otitis media, age never stated; no paper found; could be 6-24 m or older.","Tell us whether PRJEB31957 is infant gut shotgun metagenomics: paper section, protocol or cohort description that settles it.",verdict_evidence,0,,0,False,0.0,https://www.ebi.ac.uk/ena/browser/view/PRJEB31957,https://www.ncbi.nlm.nih.gov/bioproject/PRJEB31957,https://github.com/OlmLab/microbiome_repo/issues/new?template=catalog-contribution.yml&labels=contribution&title=%5Bcontribution%5D%20PRJEB31957%3A%20verdict_evidence&study_accession=PRJEB31957&contribution_type=verdict_evidence&release_tag=R2026.19,R2026.19,,1.17.1
430,PRJNA380031,Maternal inheritance of bifidobacterial communities and bifidophages in infants through vertical transmission,COH0414,singleton study PRJNA380031,include,3,0,,age;delivery;feeding;preterm;antibiotics;probiotic,6,0.0,0.0,0.0,0.0,0.0,0.0,R3,R3,R2,R3,R3,R3,partial_coverage,"2 paper(s), 5 inventoried table(s); still missing age, delivery, feeding, preterm, antibiotics, probiotic","Upload a per-sample table keyed by run/BioSample accession with the still-missing columns (age, delivery, feeding, preterm, antibiotics, probiotic).",per_sample_table,2,28651630;37259063,5,False,0.0,https://www.ebi.ac.uk/ena/browser/view/PRJNA380031,https://www.ncbi.nlm.nih.gov/bioproject/PRJNA380031,https://github.com/OlmLab/microbiome_repo/issues/new?template=catalog-contribution.yml&labels=contribution&title=%5Bcontribution%5D%20PRJNA380031%3A%20per_sample_table&study_accession=PRJNA380031&contribution_type=per_sample_table&release_tag=R2026.19,R2026.19,,1.17.1
431,PRJEB47794,Test uploads for preterm metagenomes,COH2347,singleton study PRJEB47794,uncertain,2,0,,age;delivery;feeding;preterm;antibiotics;probiotic,6,0.0,0.0,0.0,0.0,0.0,0.0,R0,R0,R0,R0,R0,R0,archive_only_uncertain,"round2_unresolvable: human-review round 2 (evidence_limited_to=biosample): UNRESOLVABLE: whether the assay is community metagenomics or cultured isolates. Host, site and age are all in scope on the B…","Tell us whether PRJEB47794 is infant gut shotgun metagenomics: paper section, protocol or cohort description that settles it.",verdict_evidence,0,,0,False,0.0,https://www.ebi.ac.uk/ena/browser/view/PRJEB47794,https://www.ncbi.nlm.nih.gov/bioproject/PRJEB47794,https://github.com/OlmLab/microbiome_repo/issues/new?template=catalog-contribution.yml&labels=contribution&title=%5Bcontribution%5D%20PRJEB47794%3A%20verdict_evidence&study_accession=PRJEB47794&contribution_type=verdict_evidence&release_tag=R2026.19,R2026.19,,1.17.1
432,PRJNA1082298,Analysis of fecal resistome in children,COH0336,singleton study PRJNA1082298,include,2,0,1.0,age;delivery;feeding;preterm;antibiotics;probiotic,6,0.0,0.0,0.0,0.0,0.0,0.0,R0,R0,R0,R0,R0,R0,no_linked_paper,0 rows in study_paper_links; access_tier=none_no_linked_paper,"Point to the paper (PMID/DOI) describing PRJNA1082298, or upload a per-sample table keyed by run accession (SRR/ERR/DRR) with age, delivery, feeding, preterm, antibiotics, probiotic.",paper_pointer,0,,0,False,0.0,https://www.ebi.ac.uk/ena/browser/view/PRJNA1082298,https://www.ncbi.nlm.nih.gov/bioproject/PRJNA1082298,https://github.com/OlmLab/microbiome_repo/issues/new?template=catalog-contribution.yml&labels=contribution&title=%5Bcontribution%5D%20PRJNA1082298%3A%20paper_pointer&study_accession=PRJNA1082298&contribution_type=paper_pointer&release_tag=R2026.19,R2026.19,,1.17.1
433,PRJNA287207,Evaluation of vertical transmission between mother-infant,COH0403,singleton study PRJNA287207,include,2,0,1.0,age;delivery;feeding;preterm;antibiotics;probiotic,6,0.0,0.0,0.0,0.0,0.0,0.0,R2,R2,R3,R2,R2,R2,tables_unjoinable_need_key,"ERR1449724-style sample names (forms seen: Assembly ID, BioSample, ERR1449724, ERR2367187_Prevotella_sp.); no key to archive accessions (no_match 4, below_gate 1, wide_matrix_skipped 1)","Upload a key file mapping ERR1449724 -> SRR/ERR/DRR or BioSample accessions of PRJNA287207, or a per-sample table keyed by accession (age, delivery, feeding, preterm, antibiotics, probiotic).",id_key,9,34152069;36050292;36123315;36316342;37169786;37259063;38172624;38424077;39138199,21,False,0.0,https://www.ebi.ac.uk/ena/browser/view/PRJNA287207,https://www.ncbi.nlm.nih.gov/bioproject/PRJNA287207,https://github.com/OlmLab/microbiome_repo/issues/new?template=catalog-contribution.yml&labels=contribution&title=%5Bcontribution%5D%20PRJNA287207%3A%20id_key&study_accession=PRJNA287207&contribution_type=id_key&release_tag=R2026.19,R2026.19,,1.17.1
434,PRJNA320015,Technical validation of ethanol fixation on stool canine and infant metagenomes,COH0407,singleton study PRJNA320015,include,2,0,,age;delivery;feeding;preterm;antibiotics;probiotic,6,0.0,0.0,0.0,0.0,0.0,0.0,R2,R2,R3,R3,R2,R3,tables_unjoinable_need_key,"ERR2367187_Prevotella_sp.-style sample names (forms seen: BioSample, ERR2367187_Prevotella_sp.); no key to archive accessions (no_match 1)","Upload a key file mapping ERR2367187_Prevotella_sp. -> SRR/ERR/DRR or BioSample accessions of PRJNA320015, or a per-sample table keyed by accession (age, delivery, feeding, preterm, antibiotics, prob…",id_key,1,37169786,10,False,0.0,https://www.ebi.ac.uk/ena/browser/view/PRJNA320015,https://www.ncbi.nlm.nih.gov/bioproject/PRJNA320015,https://github.com/OlmLab/microbiome_repo/issues/new?template=catalog-contribution.yml&labels=contribution&title=%5Bcontribution%5D%20PRJNA320015%3A%20id_key&study_accession=PRJNA320015&contribution_type=id_key&release_tag=R2026.19,R2026.19,,1.17.1
435,PRJNA684904,human gut metagenome Genome sequencing and assembly,COH0464,singleton study PRJNA684904,uncertain,2,0,,age;delivery;feeding;preterm;antibiotics;probiotic,6,0.0,0.0,0.0,0.0,0.0,0.0,R1,R0,R3,R0,R3,R3,archive_only_uncertain,"round1_unresolvable: human-review pass: UNRESOLVABLE: North-West University deposit of two deep NovaSeq diarrhoeal stool metagenomes (B21, B26) from Mafikeng Provincial Hospital. The only age stateme…","Tell us whether PRJNA684904 is infant gut shotgun metagenomics: paper section, protocol or cohort description that settles it.",verdict_evidence,0,,0,False,0.0,https://www.ebi.ac.uk/ena/browser/view/PRJNA684904,https://www.ncbi.nlm.nih.gov/bioproject/PRJNA684904,https://github.com/OlmLab/microbiome_repo/issues/new?template=catalog-contribution.yml&labels=contribution&title=%5Bcontribution%5D%20PRJNA684904%3A%20verdict_evidence&study_accession=PRJNA684904&contribution_type=verdict_evidence&release_tag=R2026.19,R2026.19,,1.17.1
436,PRJEB11554,NeoM,COH0286,singleton study PRJEB11554,uncertain,1,0,,age;delivery;feeding;preterm;antibiotics;probiotic,6,0.0,0.0,0.0,0.0,0.0,0.0,R0,R0,R0,R0,R0,R0,archive_only_uncertain,"round1_unresolvable: human-review pass: UNRESOLVABLE: single MiSeq run titled 'NeoM' (Imperial College); no age, body site, description or paper; the 'Neo' token alone is a name-only signal.","Tell us whether PRJEB11554 is infant gut shotgun metagenomics: paper section, protocol or cohort description that settles it.",verdict_evidence,0,,0,False,0.0,https://www.ebi.ac.uk/ena/browser/view/PRJEB11554,https://www.ncbi.nlm.nih.gov/bioproject/PRJEB11554,https://github.com/OlmLab/microbiome_repo/issues/new?template=catalog-contribution.yml&labels=contribution&title=%5Bcontribution%5D%20PRJEB11554%3A%20verdict_evidence&study_accession=PRJEB11554&contribution_type=verdict_evidence&release_tag=R2026.19,R2026.19,,1.17.1
437,PRJNA1106451,Metagenomic assembly of genomes from a segmented filamentous bacterium present in the gut of Malian children,COH0343,singleton study PRJNA1106451,include,1,0,0.0,age;delivery;feeding;preterm;antibiotics;probiotic,6,0.0,0.0,0.0,0.0,0.0,0.0,R0,R0,R0,R0,R0,R0,no_linked_paper,0 rows in study_paper_links; access_tier=none_no_linked_paper,"Point to the paper (PMID/DOI) describing PRJNA1106451, or upload a per-sample table keyed by run accession (SRR/ERR/DRR) with age, delivery, feeding, preterm, antibiotics, probiotic.",paper_pointer,0,,0,False,0.0,https://www.ebi.ac.uk/ena/browser/view/PRJNA1106451,https://www.ncbi.nlm.nih.gov/bioproject/PRJNA1106451,https://github.com/OlmLab/microbiome_repo/issues/new?template=catalog-contribution.yml&labels=contribution&title=%5Bcontribution%5D%20PRJNA1106451%3A%20paper_pointer&study_accession=PRJNA1106451&contribution_type=paper_pointer&release_tag=R2026.19,R2026.19,,1.17.1
438,PRJNA312041,human fecal raw sequence reads,COH0111,Guo 2016 China,include,1,0,,age;delivery;feeding;preterm;antibiotics;probiotic,6,0.0,0.0,0.0,0.0,0.0,0.0,R3,R0,R0,R0,R3,R0,no_supplement_found,1 linked paper(s) (A_fulltext_xml); 0 inventoried supplementary members,"Upload a per-sample table keyed by run accession (SRR/ERR/DRR) or BioSample with age, delivery, feeding, preterm, antibiotics, probiotic, and state where it came from.",per_sample_table,1,27226242,0,False,0.0,https://www.ebi.ac.uk/ena/browser/view/PRJNA312041,https://www.ncbi.nlm.nih.gov/bioproject/PRJNA312041,https://github.com/OlmLab/microbiome_repo/issues/new?template=catalog-contribution.yml&labels=contribution&title=%5Bcontribution%5D%20PRJNA312041%3A%20per_sample_table&study_accession=PRJNA312041&contribution_type=per_sample_table&release_tag=R2026.19,R2026.19,,1.17.1
439,PRJNA731529,Infant gut metagenome Metagenome,COH0472,singleton study PRJNA731529,include,1,0,,age;delivery;feeding;preterm;antibiotics;probiotic,6,0.0,0.0,0.0,0.0,0.0,0.0,R0,R0,R0,R0,R0,R0,no_linked_paper,0 rows in study_paper_links; access_tier=none_no_linked_paper,"Point to the paper (PMID/DOI) describing PRJNA731529, or upload a per-sample table keyed by run accession (SRR/ERR/DRR) with age, delivery, feeding, preterm, antibiotics, probiotic.",paper_pointer,0,,0,False,0.0,https://www.ebi.ac.uk/ena/browser/view/PRJNA731529,https://www.ncbi.nlm.nih.gov/bioproject/PRJNA731529,https://github.com/OlmLab/microbiome_repo/issues/new?template=catalog-contribution.yml&labels=contribution&title=%5Bcontribution%5D%20PRJNA731529%3A%20paper_pointer&study_accession=PRJNA731529&contribution_type=paper_pointer&release_tag=R2026.19,R2026.19,,1.17.1
