study_accession,field,coverage,n_with_value,n_catalog_scope,best_tier,blocker_code,evidence,release_added,release_retired,package_added
PRJNA510445,age,0.095387,122,1279,R2,partial_coverage,R2 paper.supp.12866_2021_2305_MOESM3_ESM.xlsx[Supp. Table 6!Month]: Month | relation=own_data;n_rows=1244,R2026.16,,1.15.0
PRJNA510445,delivery,0.0,0,1279,R3,partial_coverage,R3 paper.fulltext.body: nal fecal microbiota transplantation in cesarean-born infants rapidly restores Normal gu | rela…,R2026.16,,1.15.0
PRJNA510445,feeding,0.0,0,1279,R2,partial_coverage,R2 paper.supp.12866_2021_2305_MOESM3_ESM.xlsx[Supp. Table 5!Function enriched in]: Function enriched in | relation=own_…,R2026.16,,1.15.0
PRJNA510445,preterm,0.0,0,1279,R3,partial_coverage,R3 paper.fulltext.body: ime relative to term birth (40 weeks of gestational age). b) Distribution | relation=reused_pub…,R2026.16,,1.15.0
PRJNA510445,antibiotics,0.0,0,1279,R2,partial_coverage,R2 paper.supp.12866_2021_2305_MOESM3_ESM.xlsx[Supp. Table 4!Enriched in]: Enriched in | relation=own_data;n_rows=178,R2026.16,,1.15.0
PRJNA510445,probiotic,0.0,0,1279,R3,partial_coverage,"R3 paper.fulltext.body: le, our results suggest that dietary or probiotic approaches targeting abundances or | relation…",R2026.16,,1.15.0
PRJNA1274040,age,0.0,0,1000,R0,no_linked_paper,R0 no_linked_paper;no_attribute,R2026.16,,1.15.0
PRJNA1274040,delivery,0.0,0,1000,R0,no_linked_paper,R0 no_linked_paper;no_attribute,R2026.16,,1.15.0
PRJNA1274040,feeding,0.0,0,1000,R0,no_linked_paper,R0 no_linked_paper;no_attribute,R2026.16,,1.15.0
PRJNA1274040,preterm,0.0,0,1000,R0,no_linked_paper,R0 no_linked_paper;no_attribute,R2026.16,,1.15.0
PRJNA1274040,antibiotics,0.0,0,1000,R0,no_linked_paper,R0 no_linked_paper;no_attribute,R2026.16,,1.15.0
PRJNA1274040,probiotic,0.0,0,1000,R0,no_linked_paper,R0 no_linked_paper;no_attribute,R2026.16,,1.15.0
PRJNA900180,age,0.0,0,830,R0,no_linked_paper,R0 no_linked_paper;no_attribute,R2026.16,,1.15.0
PRJNA900180,delivery,0.0,0,830,R0,no_linked_paper,R0 no_linked_paper;no_attribute,R2026.16,,1.15.0
PRJNA900180,feeding,0.0,0,830,R0,no_linked_paper,R0 no_linked_paper;no_attribute,R2026.16,,1.15.0
PRJNA900180,preterm,0.0,0,830,R0,no_linked_paper,R0 no_linked_paper;no_attribute,R2026.16,,1.15.0
PRJNA900180,antibiotics,0.0,0,830,R0,no_linked_paper,R0 no_linked_paper;no_attribute,R2026.16,,1.15.0
PRJNA900180,probiotic,0.0,0,830,R0,no_linked_paper,R0 no_linked_paper;no_attribute,R2026.16,,1.15.0
PRJNA1123170,age,0.0,0,760,R0,no_linked_paper,R0 no_linked_paper;no_attribute,R2026.16,,1.15.0
PRJNA1123170,delivery,0.0,0,760,R0,no_linked_paper,R0 no_linked_paper;no_attribute,R2026.16,,1.15.0
PRJNA1123170,feeding,0.0,0,760,R0,no_linked_paper,R0 no_linked_paper;no_attribute,R2026.16,,1.15.0
PRJNA1123170,preterm,0.0,0,760,R0,no_linked_paper,R0 no_linked_paper;no_attribute,R2026.16,,1.15.0
PRJNA1123170,antibiotics,0.0,0,760,R0,no_linked_paper,R0 no_linked_paper;no_attribute,R2026.16,,1.15.0
PRJNA1123170,probiotic,0.0,0,760,R0,no_linked_paper,R0 no_linked_paper;no_attribute,R2026.16,,1.15.0
PRJEB49383,age,0.0,0,2351,R2,tables_unjoinable_need_key,"R2 paper.supp.41564_2022_1213_MOESM3_ESM.xlsx[Fig 1,5c+d, eFig1,2,4a+b!DOL]: DOL | relation=own_data;n_rows=1432",R2026.16,,1.15.0
PRJEB49383,delivery,0.0,0,2351,R2,tables_unjoinable_need_key,"R2 paper.supp.41564_2022_1213_MOESM3_ESM.xlsx[Fig 1,5c+d, eFig1,2,4a+b!Gardnerella_vaginalis]: Gardnerella_vaginalis |…",R2026.16,,1.15.0
PRJEB49383,feeding,0.0,0,2351,R3,tables_unjoinable_need_key,"R3 paper.fulltext.body: nfants, birth mode 2 – 5 and receipt of breast milk 1 | relation=own_data;n_mentions=4",R2026.16,,1.15.0
PRJEB49383,preterm,1.0,2351,2351,R1,complete,R1 sample.attr.sample_title: Preterm stool metagenome | hit_frac=1.00;attr_col=sample_title,R2026.16,,1.15.0
PRJEB49383,antibiotics,0.0,0,2351,R3,tables_unjoinable_need_key,"R3 paper.fulltext.body: e (MOM, formula or both) (Fig. 1a ) and antibiotic exposure. To | relation=own_data;n_mentions=…",R2026.16,,1.15.0
PRJEB49383,probiotic,0.0,0,2351,R2,tables_unjoinable_need_key,"R2 paper.supp.41564_2022_1213_MOESM3_ESM.xlsx[Fig 1,5c+d, eFig1,2,4a+b!Probiotics_Summary]: Probiotics_Summary | relati…",R2026.16,,1.15.0
PRJEB90577,age,0.0,0,631,R0,no_linked_paper,R0 no_linked_paper;no_attribute,R2026.16,,1.15.0
PRJEB90577,delivery,0.0,0,631,R0,no_linked_paper,R0 no_linked_paper;no_attribute,R2026.16,,1.15.0
PRJEB90577,feeding,0.0,0,631,R0,no_linked_paper,R0 no_linked_paper;no_attribute,R2026.16,,1.15.0
PRJEB90577,preterm,0.0,0,631,R0,no_linked_paper,R0 no_linked_paper;no_attribute,R2026.16,,1.15.0
PRJEB90577,antibiotics,0.0,0,631,R0,no_linked_paper,R0 no_linked_paper;no_attribute,R2026.16,,1.15.0
PRJEB90577,probiotic,0.0,0,631,R0,no_linked_paper,R0 no_linked_paper;no_attribute,R2026.16,,1.15.0
PRJEB111647,age,0.0,0,543,R0,no_linked_paper,R0 no_linked_paper;no_attribute,R2026.16,,1.15.0
PRJEB111647,delivery,0.0,0,543,R0,no_linked_paper,R0 no_linked_paper;no_attribute,R2026.16,,1.15.0
PRJEB111647,feeding,0.0,0,543,R0,no_linked_paper,R0 no_linked_paper;no_attribute,R2026.16,,1.15.0
PRJEB111647,preterm,0.0,0,543,R0,no_linked_paper,R0 no_linked_paper;no_attribute,R2026.16,,1.15.0
PRJEB111647,antibiotics,0.0,0,543,R0,no_linked_paper,R0 no_linked_paper;no_attribute,R2026.16,,1.15.0
PRJEB111647,probiotic,0.0,0,543,R0,no_linked_paper,R0 no_linked_paper;no_attribute,R2026.16,,1.15.0
PRJEB9403,age,0.0,0,1392,R0,no_linked_paper,R0 no_linked_paper;no_attribute,R2026.16,,1.15.0
PRJEB9403,delivery,0.0,0,1392,R0,no_linked_paper,R0 no_linked_paper;no_attribute,R2026.16,,1.15.0
PRJEB9403,feeding,0.0,0,1392,R0,no_linked_paper,R0 no_linked_paper;no_attribute,R2026.16,,1.15.0
PRJEB9403,preterm,1.0,1392,1392,R0,complete,R0 no_linked_paper;no_attribute,R2026.16,,1.15.0
PRJEB9403,antibiotics,0.0,0,1392,R0,no_linked_paper,R0 no_linked_paper;no_attribute,R2026.16,,1.15.0
PRJEB9403,probiotic,0.0,0,1392,R0,no_linked_paper,R0 no_linked_paper;no_attribute,R2026.16,,1.15.0
PRJNA1072081,age,0.0,0,961,R3,no_supplement_found,R3 paper.fulltext.body: ent of the fecal microbiome from 3 to 9 months of age | relation=own_data;n_mentions=62,R2026.16,,1.15.0
PRJNA1072081,delivery,0.0,0,961,R3,no_supplement_found,"R3 paper.fulltext.body: maternal factors, 1 preterm delivery, 2 delivery mode, 3 breastfeeding, complementary feeding |…",R2026.16,,1.15.0
PRJNA1072081,feeding,0.0,0,961,R3,no_supplement_found,"R3 paper.fulltext.body: 1 preterm delivery, 2 delivery mode, 3 breastfeeding, complementary feeding, 4 and | relation=o…",R2026.16,,1.15.0
PRJNA1072081,preterm,1.0,961,961,R3,complete,"R3 paper.fulltext.body: nd is influenced by maternal factors, 1 preterm delivery, 2 delivery mode, | relation=own_data;…",R2026.16,,1.15.0
PRJNA1072081,antibiotics,0.0,0,961,R3,no_supplement_found,"R3 paper.fulltext.body: stfeeding, complementary feeding, 4 and antibiotic use, 5 among others. Previous studies | rela…",R2026.16,,1.15.0
PRJNA1072081,probiotic,0.0,0,961,R0,no_supplement_found,R0 fulltext_scanned_no_mention;n_papers=1,R2026.16,,1.15.0
PRJEB79896,age,0.0,0,946,R0,no_linked_paper,R0 no_linked_paper;no_attribute,R2026.16,,1.15.0
PRJEB79896,delivery,0.0,0,946,R0,no_linked_paper,R0 no_linked_paper;no_attribute,R2026.16,,1.15.0
PRJEB79896,feeding,0.0,0,946,R0,no_linked_paper,R0 no_linked_paper;no_attribute,R2026.16,,1.15.0
PRJEB79896,preterm,1.0,946,946,R0,complete,R0 no_linked_paper;no_attribute,R2026.16,,1.15.0
PRJEB79896,antibiotics,0.0,0,946,R0,no_linked_paper,R0 no_linked_paper;no_attribute,R2026.16,,1.15.0
PRJEB79896,probiotic,0.0,0,946,R3,no_linked_paper,R3 sample.attr.sample_title: MIMS Environmental/Metagenome sample from probiotic metageno | partial_attr hit_frac=0.00,R2026.16,,1.15.0
PRJNA46337,age,0.0,0,827,R2,tables_unjoinable_need_key,R2 paper.supp.spectrum01176-21_supp_1_seq9.xlsx[Table S1!Gestational age (weeks)]: Gestational age (weeks) | relation=r…,R2026.16,,1.15.0
PRJNA46337,delivery,0.0,0,827,R3,tables_unjoinable_need_key,"R3 paper.fulltext.body: ation to antibiotic exposure, diet, and mode of delivery Investigating antibiotic exposure, | r…",R2026.16,,1.15.0
PRJNA46337,feeding,0.0,0,827,R3,tables_unjoinable_need_key,R3 paper.fulltext.body: stinal microbial communities of healthy breastfed infants are dominated by bifidobacteria | rel…,R2026.16,,1.15.0
PRJNA46337,preterm,1.0,827,827,R2,complete,R2 paper.supp.spectrum01176-21_supp_1_seq9.xlsx[Table S1!Gestational age (weeks)]: Gestational age (weeks) | relation=r…,R2026.16,,1.15.0
PRJNA46337,antibiotics,0.0,0,827,R3,tables_unjoinable_need_key,R3 paper.fulltext.body: as a consequence of the broad-spectrum antibiotic treatments. This suggests that the | relation…,R2026.16,,1.15.0
PRJNA46337,probiotic,0.0,0,827,R2,tables_unjoinable_need_key,R2 paper.supp.spectrum01176-21_supp_1_seq9.xlsx[Table S6!Limosilactobacillus fermentum]: Limosilactobacillus fermentum…,R2026.16,,1.15.0
PRJNA695570,age,0.49017,374,763,R2,partial_coverage,R2 paper.supp.msystems.01294-23-s0004.xlsx[Sheet1!Age (day)]: Age (day) | relation=reused_public_data;n_rows=6653,R2026.16,,1.15.0
PRJNA695570,delivery,0.0,0,763,R2,partial_coverage,R2 paper.supp.41522_2025_868_MOESM2_ESM.xlsx[Data S1!Delivery Mode]: Delivery Mode | relation=reused_public_data;n_rows…,R2026.16,,1.15.0
PRJNA695570,feeding,0.0,0,763,R2,partial_coverage,R2 paper.supp.Data_Sheet_6.XLSX[Table S5!A Breast milk]: A Breast milk | relation=reused_public_data;n_rows=272,R2026.16,,1.15.0
PRJNA695570,preterm,0.0,0,763,R3,partial_coverage,R3 paper.fulltext.body: d bacteriophages in 5-11 year-olds born preterm compared to full term. Front. | relation=own_da…,R2026.16,,1.15.0
PRJNA695570,antibiotics,0.0,0,763,R3,partial_coverage,R3 paper.fulltext.body: e not collected if the infant had taken antibiotics within the last | relation=own_data;n_menti…,R2026.16,,1.15.0
PRJNA695570,probiotic,0.0,0,763,R3,partial_coverage,R3 paper.fulltext.body: of F. prausnitzii as a Next-Generation Probiotic. Front. Microbiol. 2017;8:1226. doi: 10 | rela…,R2026.16,,1.15.0
PRJEB100868,age,0.0,0,744,R3,no_supplement_found,R3 paper.fulltext.body: 1 and 365 d old at the initial sampling timepoint. The exclusion | relation=own_data;n_mentions…,R2026.16,,1.15.0
PRJEB100868,delivery,0.0,0,744,R3,no_supplement_found,"R3 paper.fulltext.body: um spp. include the use of antibiotics, birth mode and hospital stay | relation=own_data;n_ment…",R2026.16,,1.15.0
PRJEB100868,feeding,0.0,0,744,R3,no_supplement_found,"R3 paper.fulltext.body: st few months is not universal, even in breast-fed infants. This was | relation=own_data;n_ment…",R2026.16,,1.15.0
PRJEB100868,preterm,1.0,744,744,R3,complete,"R3 paper.fulltext.body: riteria included major health problems, preterm birth, or long-term use of antibiotics | relati…",R2026.16,,1.15.0
PRJEB100868,antibiotics,0.0,0,744,R3,no_supplement_found,R3 paper.fulltext.body: were associated with a low abundance of antibiotic resistance genes and long-term | relation=ow…,R2026.16,,1.15.0
PRJEB100868,probiotic,0.0,0,744,R3,no_supplement_found,"R3 paper.fulltext.body: eastfeeding patterns, maternal age, and probiotic use rates, but showed exclusive vaginal | rel…",R2026.16,,1.15.0
PRJNA838575,age,1.0,2934,2934,R2,complete,R2 paper.supp.pnas.2501030122.sd01.xlsx[questionairre-data!Question visit]: Question visit | relation=own_data;n_rows=55,R2026.16,,1.15.0
PRJNA838575,delivery,0.0,0,2934,R3,partial_coverage,"R3 paper.fulltext.body: actors for allergic diseases, including mode of delivery, diet, urban living, and | relation=ow…",R2026.16,,1.15.0
PRJNA838575,feeding,0.0,0,2934,R2,partial_coverage,R2 paper.supp.41467_2023_40336_MOESM1_ESM.pdf[page6_t1!Variable]: Variable | relation=own_data;n_rows=22,R2026.16,,1.15.0
PRJNA838575,preterm,0.0,0,2934,R3,partial_coverage,"R3 paper.fulltext.body: er siblings, mode of delivery at birth, birth weight, the season of | relation=own_data;n_menti…",R2026.16,,1.15.0
PRJNA838575,antibiotics,0.0,0,2934,R3,partial_coverage,"R3 paper.fulltext.body: de of delivery, diet, urban living, and antibiotic exposure, also influence early | relation=ow…",R2026.16,,1.15.0
PRJNA838575,probiotic,0.0,0,2934,R3,partial_coverage,"R3 paper.fulltext.body: , M. K. et al. Targeted delivery of the probiotic Saccharomyces boulardii | relation=own_data;n…",R2026.16,,1.15.0
PRJNA1290379,age,0.0,0,261,R2,tables_unjoinable_need_key,R2 paper.supp.KGMI_A_2616066_SM0826.pdf[page2_t1!A Subject 4 OOM 1.00 ecnadnubA 0.75 0.50 evitaleR 0.25 0.00 ]: A Subje…,R2026.16,,1.15.0
PRJNA1290379,delivery,0.0,0,261,R3,tables_unjoinable_need_key,"R3 paper.fulltext.body: M population include increased rates of vaginal delivery, home births, exposure to | relation=o…",R2026.16,,1.15.0
PRJNA1290379,feeding,0.0,0,261,R3,tables_unjoinable_need_key,"R3 paper.fulltext.body: o farm animals/livestock, and exclusive breastfeeding, as well as decreased rates of | relation…",R2026.16,,1.15.0
PRJNA1290379,preterm,0.0,0,261,R0,tables_unjoinable_need_key,R0 fulltext_scanned_no_mention;n_papers=1,R2026.16,,1.15.0
PRJNA1290379,antibiotics,0.0,0,261,R3,tables_unjoinable_need_key,"R3 paper.fulltext.body: g, as well as decreased rates of infant antibiotic use and pets | relation=own_data;n_mentions=5",R2026.16,,1.15.0
PRJNA1290379,probiotic,0.0,0,261,R0,tables_unjoinable_need_key,R0 fulltext_scanned_no_mention;n_papers=1,R2026.16,,1.15.0
PRJNA1086532,age,0.0,0,404,R0,no_linked_paper,R0 no_linked_paper;no_attribute,R2026.16,,1.15.0
PRJNA1086532,delivery,0.0,0,404,R0,no_linked_paper,R0 no_linked_paper;no_attribute,R2026.16,,1.15.0
PRJNA1086532,feeding,0.0,0,404,R0,no_linked_paper,R0 no_linked_paper;no_attribute,R2026.16,,1.15.0
PRJNA1086532,preterm,1.0,404,404,R0,complete,R0 no_linked_paper;no_attribute,R2026.16,,1.15.0
PRJNA1086532,antibiotics,0.0,0,404,R0,no_linked_paper,R0 no_linked_paper;no_attribute,R2026.16,,1.15.0
PRJNA1086532,probiotic,0.0,0,404,R0,no_linked_paper,R0 no_linked_paper;no_attribute,R2026.16,,1.15.0
PRJNA1378986,age,1.0,1454,1454,R0,complete,R0 no_linked_paper;no_attribute,R2026.16,,1.15.0
PRJNA1378986,delivery,0.0,0,1454,R0,no_linked_paper,R0 no_linked_paper;no_attribute,R2026.16,,1.15.0
PRJNA1378986,feeding,0.0,0,1454,R0,no_linked_paper,R0 no_linked_paper;no_attribute,R2026.16,,1.15.0
PRJNA1378986,preterm,0.0,0,1454,R0,no_linked_paper,R0 no_linked_paper;no_attribute,R2026.16,,1.15.0
PRJNA1378986,antibiotics,0.0,0,1454,R0,no_linked_paper,R0 no_linked_paper;no_attribute,R2026.16,,1.15.0
PRJNA1378986,probiotic,0.0,0,1454,R0,no_linked_paper,R0 no_linked_paper;no_attribute,R2026.16,,1.15.0
PRJNA1502892,age,0.0,0,390,R3,pdf_only_supplement,"R3 paper.fulltext.body: s, and many receive empiric antibiotics at birth [ 1 ]. While | relation=unsure;n_mentions=22",R2026.16,,1.15.0
PRJNA1502892,delivery,0.0,0,390,R3,pdf_only_supplement,"R3 paper.fulltext.body: gestational age (GA), maternal history, mode of delivery). Two recent randomized controlled | r…",R2026.16,,1.15.0
PRJNA1502892,feeding,0.0,0,390,R3,pdf_only_supplement,"R3 paper.fulltext.body: eeding a , n stools (% stools) Maternal breast milk (MBM) 157 | relation=unsure;n_mentions=2",R2026.16,,1.15.0
PRJNA1502892,preterm,1.0,390,390,R3,complete,R3 paper.fulltext.body: Introduction Premature and low birthweight infants have high r | relation=unsure;n_mentions=30,R2026.16,,1.15.0
PRJNA1502892,antibiotics,0.0,0,390,R3,pdf_only_supplement,"R3 paper.fulltext.body: nd meningitis, and many receive empiric antibiotics at birth [ 1 ]. | relation=unsure;n_mention…",R2026.16,,1.15.0
PRJNA1502892,probiotic,0.0,0,390,R0,pdf_only_supplement,R0 fulltext_scanned_no_mention;n_papers=1,R2026.16,,1.15.0
PRJEB37883,age,0.0,0,379,R3,pdf_only_supplement,R3 paper.fulltext.body: exposed to antibiotics in the first few days of life and for | relation=unsure;n_mentions=25,R2026.16,,1.15.0
PRJEB37883,delivery,0.0,0,379,R3,pdf_only_supplement,"R3 paper.fulltext.body: in the metagenomic subset were born via C-section and not vaginally, vertical | relation=unsure…",R2026.16,,1.15.0
PRJEB37883,feeding,0.0,0,379,R3,pdf_only_supplement,"R3 paper.fulltext.body: of HM can only be partially mimicked by formula milk (FM); nevertheless, | relation=unsure;n_me…",R2026.16,,1.15.0
PRJEB37883,preterm,1.0,379,379,R3,complete,"R3 paper.fulltext.body: rcent of all infants worldwide are born prematurely, i.e., before 37 weeks’ | relation=unsure;n…",R2026.16,,1.15.0
PRJEB37883,antibiotics,0.0,0,379,R3,pdf_only_supplement,"R3 paper.fulltext.body: mes that include the use of probiotics, antibiotics, and differentiated feeding protocols | rel…",R2026.16,,1.15.0
PRJEB37883,probiotic,0.0,0,379,R3,pdf_only_supplement,"R3 paper.fulltext.body: axis programmes that include the use of probiotics, antibiotics, and differentiated feedi | rel…",R2026.16,,1.15.0
PRJNA806984,age,1.0,1347,1347,R1,complete,R1 sample.attr.sample_title: Stool sample collected at the age of 6 months from subject R | hit_frac=1.00;attr_col=samp…,R2026.16,,1.15.0
PRJNA806984,delivery,0.0,0,1347,R2,partial_coverage,R2 paper.supp.41564_2024_1804_MOESM2_ESM.xlsx[neonatal_subject!birth_mode]: birth_mode | relation=reused_public_data;n_…,R2026.16,,1.15.0
PRJNA806984,feeding,0.0,0,1347,R2,partial_coverage,R2 paper.supp.41564_2024_1804_MOESM2_ESM.xlsx[neonatal_subject!baby_feed_1sthr_after_birth]: baby_feed_1sthr_after_birt…,R2026.16,,1.15.0
PRJNA806984,preterm,0.0,0,1347,R2,partial_coverage,R2 paper.supp.41564_2024_1804_MOESM2_ESM.xlsx[neonatal_subject!birthweight_kg]: birthweight_kg | relation=reused_public…,R2026.16,,1.15.0
PRJNA806984,antibiotics,0.0,0,1347,R2,partial_coverage,R2 paper.supp.41564_2024_1804_MOESM2_ESM.xlsx[neonatal_subject!maternal_labour_antibiotics]: maternal_labour_antibiotic…,R2026.16,,1.15.0
PRJNA806984,probiotic,0.0,0,1347,R3,partial_coverage,R3 paper.fulltext.body: ow of opportunity for intervention with probiotics or prebiotics to prevent or | relation=reuse…,R2026.16,,1.15.0
PRJEB24771,age,1.0,1392,1392,R1,complete,R1 sample.attr.sample_title: 11405.subject114.timepoint2 | hit_frac=1.00;attr_col=sample_title,R2026.16,,1.15.0
PRJEB24771,delivery,0.025144,35,1392,R2,partial_coverage,R2 paper.supp.EMI4-13-626-s001.xlsx[Table_S1!mode of delivery]: mode of delivery | relation=reused_public_data;n_rows=1…,R2026.16,,1.15.0
PRJEB24771,feeding,0.0,0,1392,R3,partial_coverage,"R3 paper.fulltext.body: al factors, including mode of delivery, feeding type, antibiotic exposure, post-weaning diet |…",R2026.16,,1.15.0
PRJEB24771,preterm,0.0,0,1392,R2,partial_coverage,R2 paper.supp.EMI4-13-626-s001.xlsx[Table_S1!Birthweight]: Birthweight | relation=reused_public_data;n_rows=1109,R2026.16,,1.15.0
PRJEB24771,antibiotics,0.0,0,1392,R2,partial_coverage,R2 paper.supp.EMI4-13-626-s001.xlsx[Table_S1!treatment]: treatment | relation=reused_public_data;n_rows=1109,R2026.16,,1.15.0
PRJEB24771,probiotic,0.0,0,1392,R2,partial_coverage,R2 paper.supp.EMI4-13-626-s001.xlsx[Table_S4!Lactobacillus ruminis]: Lactobacillus ruminis | relation=reused_public_dat…,R2026.16,,1.15.0
PRJEB110894,age,0.0,0,365,R0,no_linked_paper,R0 no_linked_paper;no_attribute,R2026.16,,1.15.0
PRJEB110894,delivery,0.0,0,365,R0,no_linked_paper,R0 no_linked_paper;no_attribute,R2026.16,,1.15.0
PRJEB110894,feeding,0.0,0,365,R0,no_linked_paper,R0 no_linked_paper;no_attribute,R2026.16,,1.15.0
PRJEB110894,preterm,1.0,365,365,R1,complete,R1 sample.attr.sample_title: Preterm stool metagenome | hit_frac=1.00;attr_col=sample_title,R2026.16,,1.15.0
PRJEB110894,antibiotics,0.0,0,365,R0,no_linked_paper,R0 no_linked_paper;no_attribute,R2026.16,,1.15.0
PRJEB110894,probiotic,0.0,0,365,R0,no_linked_paper,R0 no_linked_paper;no_attribute,R2026.16,,1.15.0
PRJNA1364313,age,0.0,0,361,R0,no_linked_paper,R0 no_linked_paper;no_attribute,R2026.16,,1.15.0
PRJNA1364313,delivery,0.0,0,361,R0,no_linked_paper,R0 no_linked_paper;no_attribute,R2026.16,,1.15.0
PRJNA1364313,feeding,0.0,0,361,R0,no_linked_paper,R0 no_linked_paper;no_attribute,R2026.16,,1.15.0
PRJNA1364313,preterm,1.0,361,361,R0,complete,R0 no_linked_paper;no_attribute,R2026.16,,1.15.0
PRJNA1364313,antibiotics,0.0,0,361,R0,no_linked_paper,R0 no_linked_paper;no_attribute,R2026.16,,1.15.0
PRJNA1364313,probiotic,0.0,0,361,R0,no_linked_paper,R0 no_linked_paper;no_attribute,R2026.16,,1.15.0
PRJNA903921,age,1.0,1033,1033,R3,complete,"R3 paper.fulltext.body: to and including the relevant sampling time point after birth, were compared | relation=own_dat…",R2026.16,,1.15.0
PRJNA903921,delivery,0.0,0,1033,R3,partial_coverage,"R3 paper.fulltext.body: d clinical groups (e.g., vaginal versus cesarean-section birth), potential covariables w | rela…",R2026.16,,1.15.0
PRJNA903921,feeding,0.0,0,1033,R3,partial_coverage,R3 paper.fulltext.body: ompared to those whose mothers did not. Breastfeeding status was defined as | relation=own_data…,R2026.16,,1.15.0
PRJNA903921,preterm,0.0,0,1033,R3,partial_coverage,"R3 paper.fulltext.body: ore than 2,000 g, greater than 36 weeks gestational age, and admitted | relation=own_data;n_men…",R2026.16,,1.15.0
PRJNA903921,antibiotics,0.0,0,1033,R3,partial_coverage,"R3 paper.fulltext.body: For example, mice treated with low-dose antibiotics during infancy develop obesity and | relati…",R2026.16,,1.15.0
PRJNA903921,probiotic,0.0,0,1033,R3,partial_coverage,"R3 paper.fulltext.body: ich promote the increased abundances of probiotic bacteria (Lactobacillus, Bifidobacteria | rel…",R2026.16,,1.15.0
PRJNA1051094,age,0.0,0,122,R0,no_linked_paper,R0 no_linked_paper;no_attribute,R2026.16,,1.15.0
PRJNA1051094,delivery,0.0,0,122,R0,no_linked_paper,R0 no_linked_paper;no_attribute,R2026.16,,1.15.0
PRJNA1051094,feeding,0.0,0,122,R0,no_linked_paper,R0 no_linked_paper;no_attribute,R2026.16,,1.15.0
PRJNA1051094,preterm,0.0,0,122,R0,no_linked_paper,R0 no_linked_paper;no_attribute,R2026.16,,1.15.0
PRJNA1051094,antibiotics,0.0,0,122,R0,no_linked_paper,R0 no_linked_paper;no_attribute,R2026.16,,1.15.0
PRJNA1051094,probiotic,0.0,0,122,R0,no_linked_paper,R0 no_linked_paper;no_attribute,R2026.16,,1.15.0
PRJNA1081952,age,1.0,940,940,R3,complete,R3 paper.fulltext.body: his microbiome sub study. The baseline (at 8 months of age) characteristics | relation=own_data…,R2026.16,,1.15.0
PRJNA1081952,delivery,0.0,0,940,R0,partial_coverage,R0 fulltext_scanned_no_mention;n_papers=2,R2026.16,,1.15.0
PRJNA1081952,feeding,0.0,0,940,R3,partial_coverage,R3 paper.fulltext.body: dian age additional foods were added to breastfeeding was 6 months; 19.4% | relation=own_data;n…,R2026.16,,1.15.0
PRJNA1081952,preterm,0.0,0,940,R0,partial_coverage,R0 fulltext_scanned_no_mention;n_papers=2,R2026.16,,1.15.0
PRJNA1081952,antibiotics,0.0,0,940,R2,partial_coverage,R2 paper.supp.41467_2024_51326_MOESM4_ESM.xlsx[Figure 4D!metadata]: metadata | relation=own_data;n_rows=162,R2026.16,,1.15.0
PRJNA1081952,probiotic,0.0,0,940,R0,partial_coverage,R0 fulltext_scanned_no_mention;n_papers=2,R2026.16,,1.15.0
PRJNA695070,age,0.0,0,572,R3,no_supplement_found,"R3 paper.fulltext.body: ctional samples collected from a single time point [ 4 , 5 | relation=own_data;n_mentions=18",R2026.16,,1.15.0
PRJNA695070,delivery,0.0,0,572,R3,no_supplement_found,"R3 paper.fulltext.body: was much higher in infants delivered by cesarean section. In contrast, Bacteroides | relation=o…",R2026.16,,1.15.0
PRJNA695070,feeding,0.0,0,572,R3,no_supplement_found,R3 paper.fulltext.body: evalence of enterotypes associated with breastfeeding ( n = 6139). Wilcoxon rank-sum | relation…,R2026.16,,1.15.0
PRJNA695070,preterm,1.0,572,572,R3,complete,R3 paper.fulltext.body: ics We enrolled a cohort of 101 Chinese full-term healthy neonates in | relation=own_data;n_men…,R2026.16,,1.15.0
PRJNA695070,antibiotics,1.0,572,572,R3,complete,R3 paper.fulltext.body: s mother was non-vegetarian and with no antibiotic use during pregnancy and | relation=own_data…,R2026.16,,1.15.0
PRJNA695070,probiotic,0.0,0,572,R0,no_supplement_found,R0 fulltext_scanned_no_mention;n_papers=2,R2026.16,,1.15.0
PRJNA1305341,age,0.0,0,250,R3,no_supplement_found,"R3 paper.fulltext.body: %) compared with placebo (206/914, 23%) at 6 weeks, 2 weeks after | relation=own_data;n_mention…",R2026.16,,1.15.0
PRJNA1305341,delivery,0.0,0,250,R3,no_supplement_found,"R3 paper.fulltext.body: lusion, in the ProRIDE cohort of mostly vaginally born and breastfed infants | relation=own_dat…",R2026.16,,1.15.0
PRJNA1305341,feeding,0.0,0,250,R3,no_supplement_found,"R3 paper.fulltext.body: 7 Bifidobacterium species, abundant in breastfed infants, are key bacterial symbionts th | rela…",R2026.16,,1.15.0
PRJNA1305341,preterm,1.0,250,250,R3,complete,"R3 paper.fulltext.body: obilome is still limited, especially in full-term infants from LMICs. Similarly, the | relation…",R2026.16,,1.15.0
PRJNA1305341,antibiotics,0.0,0,250,R3,no_supplement_found,R3 paper.fulltext.body: les (ESBL-E) are not covered by empiric antibiotic regimes and lead to | relation=own_data;n_me…,R2026.16,,1.15.0
PRJNA1305341,probiotic,0.0,0,250,R3,no_supplement_found,"R3 paper.fulltext.body: including AMR bacteria. 5 As a result, probiotic supplementation has been explored | relation=o…",R2026.16,,1.15.0
PRJEB89491,age,1.0,808,808,R2,complete,R2 paper.supp.13073_2026_1660_MOESM1_ESM.xlsx[Table_S11!Age]: Age | relation=own_data;n_rows=3676,R2026.16,,1.15.0
PRJEB89491,delivery,0.0,0,808,R3,partial_coverage,"R3 paper.fulltext.body: od introduction (weeks), delivery type (C-section, vaginal), maternal atopy (no, yes), pa | rel…",R2026.16,,1.15.0
PRJEB89491,feeding,0.0,0,808,R3,partial_coverage,"R3 paper.fulltext.body: vironment while genetic factors, infant feeding practices, and dietary transitions also play |…",R2026.16,,1.15.0
PRJEB89491,preterm,0.0,0,808,R3,partial_coverage,"R3 paper.fulltext.body: ores, and on social media. Infants born prematurely (gestational age ≤ 32 | relation=own_data;n…",R2026.16,,1.15.0
PRJEB89491,antibiotics,0.0,0,808,R3,partial_coverage,R3 paper.fulltext.body: cluding gastrointestinal infections—and antibiotic prescriptions for respiratory infection | re…,R2026.16,,1.15.0
PRJEB89491,probiotic,0.0,0,808,R2,partial_coverage,R2 paper.supp.13073_2026_1660_MOESM1_ESM.xlsx[Additional_File_1_Index!Supplementary Table 1A. Number of samples collect…,R2026.16,,1.15.0
PRJEB101960,age,0.0,0,107,R0,no_linked_paper,R0 no_linked_paper;no_attribute,R2026.16,,1.15.0
PRJEB101960,delivery,0.0,0,107,R0,no_linked_paper,R0 no_linked_paper;no_attribute,R2026.16,,1.15.0
PRJEB101960,feeding,0.0,0,107,R0,no_linked_paper,R0 no_linked_paper;no_attribute,R2026.16,,1.15.0
PRJEB101960,preterm,0.0,0,107,R0,no_linked_paper,R0 no_linked_paper;no_attribute,R2026.16,,1.15.0
PRJEB101960,antibiotics,0.0,0,107,R0,no_linked_paper,R0 no_linked_paper;no_attribute,R2026.16,,1.15.0
PRJEB101960,probiotic,0.0,0,107,R0,no_linked_paper,R0 no_linked_paper;no_attribute,R2026.16,,1.15.0
PRJNA296814,age,1.0,747,747,R2,complete,R2 paper.supp.12866_2021_2129_MOESM2_ESM.xlsx[Table S5!Sample Age]: Sample Age | relation=own_data;n_rows=24,R2026.16,,1.15.0
PRJNA296814,delivery,0.0,0,747,R2,tables_unjoinable_need_key,R2 paper.supp.12866_2021_2129_MOESM2_ESM.xlsx[Table S5!Delivery Mode]: Delivery Mode | relation=own_data;n_rows=24,R2026.16,,1.15.0
PRJNA296814,feeding,0.0,0,747,R2,tables_unjoinable_need_key,R2 paper.supp.12866_2021_2129_MOESM2_ESM.xlsx[Table S5!Feeding Mode]: Feeding Mode | relation=own_data;n_rows=24,R2026.16,,1.15.0
PRJNA296814,preterm,0.0,0,747,R2,tables_unjoinable_need_key,R2 paper.supp.12866_2021_2129_MOESM2_ESM.xlsx[Table S5!Gestational Age]: Gestational Age | relation=own_data;n_rows=24,R2026.16,,1.15.0
PRJNA296814,antibiotics,0.0,0,747,R2,tables_unjoinable_need_key,R2 paper.supp.12866_2021_2129_MOESM2_ESM.xlsx[Table S2!antibiotic_inactivation]: antibiotic_inactivation | relation=own…,R2026.16,,1.15.0
PRJNA296814,probiotic,0.0,0,747,R2,tables_unjoinable_need_key,R2 paper.supp.msystems.00364-23-s0001.xlsx[Genera_INFANTMET_6month!d__Bacteria;p__Firmicutes;c__Bacilli;o__Lactobacilla…,R2026.16,,1.15.0
PRJEB106892,age,1.0,675,675,R3,complete,R3 paper.fulltext.body: ict mortality using data from the other timepoint and their performance evaluated | relation=un…,R2026.16,,1.15.0
PRJEB106892,delivery,0.0,0,675,R0,no_supplement_found,R0 fulltext_scanned_no_mention;n_papers=1,R2026.16,,1.15.0
PRJEB106892,feeding,0.0,0,675,R0,no_supplement_found,R0 fulltext_scanned_no_mention;n_papers=1,R2026.16,,1.15.0
PRJEB106892,preterm,0.0,0,675,R3,no_supplement_found,R3 paper.fulltext.body: . et al. Multiomics characterization of preterm birth in low- and middle-income | relation=unsu…,R2026.16,,1.15.0
PRJEB106892,antibiotics,0.0,0,675,R3,no_supplement_found,R3 paper.fulltext.body: ome omic distance could be an effect of antibiotic treatment on the | relation=unsure;n_mention…,R2026.16,,1.15.0
PRJEB106892,probiotic,0.0,0,675,R0,no_supplement_found,R0 fulltext_scanned_no_mention;n_papers=1,R2026.16,,1.15.0
PRJNA927010,age,0.0,0,213,R0,no_linked_paper,R0 no_linked_paper;no_attribute,R2026.16,,1.15.0
PRJNA927010,delivery,0.0,0,213,R0,no_linked_paper,R0 no_linked_paper;no_attribute,R2026.16,,1.15.0
PRJNA927010,feeding,0.0,0,213,R0,no_linked_paper,R0 no_linked_paper;no_attribute,R2026.16,,1.15.0
PRJNA927010,preterm,1.0,213,213,R0,complete,R0 no_linked_paper;no_attribute,R2026.16,,1.15.0
PRJNA927010,antibiotics,0.0,0,213,R0,no_linked_paper,R0 no_linked_paper;no_attribute,R2026.16,,1.15.0
PRJNA927010,probiotic,0.0,0,213,R0,no_linked_paper,R0 no_linked_paper;no_attribute,R2026.16,,1.15.0
PRJNA715601,age,1.0,662,662,R2,complete,R2 paper.supp.41564_2023_1549_MOESM2_ESM.xlsx[Supplementary Table 2!Host Age (days)]: Host Age (days) | relation=reused…,R2026.16,,1.15.0
PRJNA715601,delivery,0.0,0,662,R3,partial_coverage,R3 paper.fulltext.body: (%) Yes | No 382 (72.1%) | 148 (27.9%) Delivery mode—no. (%) | relation=own_data;n_mentions=3,R2026.16,,1.15.0
PRJNA715601,feeding,0.0,0,662,R3,partial_coverage,R3 paper.fulltext.body: l | Caesarian 519 (78.4%) | 143 (21.6%) Breastfeeding—no. (%) Mixed food | relation=own_data;n_…,R2026.16,,1.15.0
PRJNA715601,preterm,0.0,0,662,R3,partial_coverage,"R3 paper.fulltext.body: (%) Cat | Dog 133 (20.2%) | 123 (18.8%) Gestational age, median | relation=own_data;n_mentions=2",R2026.16,,1.15.0
PRJNA715601,antibiotics,0.0,0,662,R2,partial_coverage,R2 paper.supp.41467_2023_44289_MOESM4_ESM.xlsx[DATA!Drug.Class]: Drug.Class | relation=own_data;n_rows=9031,R2026.16,,1.15.0
PRJNA715601,probiotic,0.0,0,662,R0,partial_coverage,R0 fulltext_scanned_no_mention;n_papers=6,R2026.16,,1.15.0
PRJNA971895,age,0.0,0,209,R3,no_supplement_found,R3 paper.fulltext.body: administered antibiotics in the first 4 days of life. INFANTMET (IM) included | relation=own_da…,R2026.16,,1.15.0
PRJNA971895,delivery,0.0,0,209,R3,no_supplement_found,"R3 paper.fulltext.body: e not limited to gestational age [ 6 ], mode of delivery | relation=own_data;n_mentions=47",R2026.16,,1.15.0
PRJNA971895,feeding,0.0,0,209,R3,no_supplement_found,"R3 paper.fulltext.body: al vs C-section) [ 7 ], feeding habits (breastfeeding vs formula feeding) | relation=own_data;n…",R2026.16,,1.15.0
PRJNA971895,preterm,1.0,209,209,R3,complete,R3 paper.fulltext.body: ors that include but are not limited to gestational age [ 6 | relation=own_data;n_mentions=9,R2026.16,,1.15.0
PRJNA971895,antibiotics,0.0,0,209,R3,no_supplement_found,"R3 paper.fulltext.body: tfeeding vs formula feeding) [ 8 ], and antibiotic uptake, both by | relation=own_data;n_mentio…",R2026.16,,1.15.0
PRJNA971895,probiotic,0.0,0,209,R3,no_supplement_found,R3 paper.fulltext.body: probable therapeutic administration of probiotics where possible. Due to the stringent p | rela…,R2026.16,,1.15.0
PRJNA961698,age,1.0,659,659,R2,complete,R2 paper.supp.msystems.00661-23-s0003.pdf[page1_t2!Age of Mother]: Age of Mother | relation=own_data;n_rows=2,R2026.16,,1.15.0
PRJNA961698,delivery,0.0,0,659,R2,pdf_only_supplement,R2 paper.supp.msystems.00661-23-s0003.pdf[page1_t2!Delivery Type]: Delivery Type | relation=own_data;n_rows=2,R2026.16,,1.15.0
PRJNA961698,feeding,0.0,0,659,R2,pdf_only_supplement,R2 paper.supp.msystems.00661-23-s0003.pdf[page1_t2!Breastfed at 6 months]: Breastfed at 6 months | relation=own_data;n_…,R2026.16,,1.15.0
PRJNA961698,preterm,0.0,0,659,R2,pdf_only_supplement,R2 paper.supp.msystems.00661-23-s0003.pdf[page1_t1!Birth Weight (kg)]: Birth Weight (kg) | relation=own_data;n_rows=101,R2026.16,,1.15.0
PRJNA961698,antibiotics,0.0,0,659,R2,pdf_only_supplement,R2 paper.supp.msystems.00661-23-s0003.pdf[page4_t2!Immunosupprasant #1]: Immunosupprasant #1 | relation=own_data;n_rows…,R2026.16,,1.15.0
PRJNA961698,probiotic,0.0,0,659,R0,pdf_only_supplement,R0 fulltext_scanned_no_mention;n_papers=1,R2026.16,,1.15.0
PRJEB46943,age,1.0,655,655,R2,complete,R2 paper.supp.41467_2026_74609_MOESM3_ESM.xlsx[Sheet1!Sampling period (months)]: Sampling period (months) | relation=un…,R2026.16,,1.15.0
PRJEB46943,delivery,0.0,0,655,R2,partial_coverage,R2 paper.supp.41467_2026_74609_MOESM3_ESM.xlsx[Sheet1!Delivery mode metadata]: Delivery mode metadata | relation=unsure…,R2026.16,,1.15.0
PRJEB46943,feeding,0.0,0,655,R3,partial_coverage,R3 paper.fulltext.body: robiota after the introduction of first complementary foods in infant samples from | relation=u…,R2026.16,,1.15.0
PRJEB46943,preterm,0.0,0,655,R3,partial_coverage,R3 paper.fulltext.body: 9) FUT2 secretor = AG/GG (%) 475 (82.5) Gestational age (days) (mean | relation=unsure;n_mentio…,R2026.16,,1.15.0
PRJEB46943,antibiotics,0.0,0,655,R3,partial_coverage,R3 paper.fulltext.body: ease its fitness 36 . These can include antibiotic resistance genes 37 | relation=unsure;n_ment…,R2026.16,,1.15.0
PRJEB46943,probiotic,0.0,0,655,R0,partial_coverage,R0 fulltext_scanned_no_mention;n_papers=8,R2026.16,,1.15.0
PRJNA1320699,age,0.0,0,90,R3,pdf_only_supplement,R3 paper.fulltext.body: generally thought to start from 2 to 4 weeks of age ( | relation=own_data;n_mentions=10,R2026.16,,1.15.0
PRJNA1320699,delivery,0.0,0,90,R3,pdf_only_supplement,"R3 paper.fulltext.body: ices that alter the microbiome, such as delivery mode, antibiotics, or diet | relation=own_data…",R2026.16,,1.15.0
PRJNA1320699,feeding,0.0,0,90,R3,pdf_only_supplement,"R3 paper.fulltext.body: including vaginal deliveries, extended breastfeeding, and minimal use of antibiotics. Im | rela…",R2026.16,,1.15.0
PRJNA1320699,preterm,0.0,0,90,R0,pdf_only_supplement,R0 fulltext_scanned_no_mention;n_papers=1,R2026.16,,1.15.0
PRJNA1320699,antibiotics,0.0,0,90,R3,pdf_only_supplement,"R3 paper.fulltext.body: the microbiome, such as delivery mode, antibiotics, or diet ( 5 , | relation=own_data;n_mention…",R2026.16,,1.15.0
PRJNA1320699,probiotic,0.0,0,90,R3,pdf_only_supplement,"R3 paper.fulltext.body: is , two organisms commonly utilized as probiotics ( 28 ), caused | relation=own_data;n_mention…",R2026.16,,1.15.0
PRJEB112735,age,1.0,611,611,R0,complete,R0 no_linked_paper;no_attribute,R2026.16,,1.15.0
PRJEB112735,delivery,0.0,0,611,R0,no_linked_paper,R0 no_linked_paper;no_attribute,R2026.16,,1.15.0
PRJEB112735,feeding,0.0,0,611,R0,no_linked_paper,R0 no_linked_paper;no_attribute,R2026.16,,1.15.0
PRJEB112735,preterm,0.0,0,611,R0,no_linked_paper,R0 no_linked_paper;no_attribute,R2026.16,,1.15.0
PRJEB112735,antibiotics,0.0,0,611,R0,no_linked_paper,R0 no_linked_paper;no_attribute,R2026.16,,1.15.0
PRJEB112735,probiotic,0.0,0,611,R0,no_linked_paper,R0 no_linked_paper;no_attribute,R2026.16,,1.15.0
PRJNA1425751,age,0.0,0,383,R3,no_supplement_found,"R3 paper.fulltext.body: terventions, stool sampling at multiple timepoints, and a post-treatment developmental ass | re…",R2026.16,,1.15.0
PRJNA1425751,delivery,0.0,0,383,R3,no_supplement_found,"R3 paper.fulltext.body: respect to confounding factors such as delivery mode, gender, age, mothers’ age, | relation=uns…",R2026.16,,1.15.0
PRJNA1425751,feeding,0.0,0,383,R3,no_supplement_found,"R3 paper.fulltext.body: r childbirth; (6) Enrolled infants were exclusively breastfed, exclusively formula-fed, or mixe…",R2026.16,,1.15.0
PRJNA1425751,preterm,1.0,383,383,R3,complete,R3 paper.fulltext.body: recruiting neonates hospitalized in the NICU of the Lingang Campus of the | relation=unsure;n_m…,R2026.16,,1.15.0
PRJNA1425751,antibiotics,1.0,383,383,R3,complete,"R3 paper.fulltext.body: 500 g and <4,000 g; (4) No prior use of antibiotics or | relation=unsure;n_mentions=3",R2026.16,,1.15.0
PRJNA1425751,probiotic,0.0,0,383,R3,no_supplement_found,"R3 paper.fulltext.body: ase (IBD) ( Roy and Dhaneshwar, 2023 ). Probiotics have gained attention | relation=unsure;n_me…",R2026.16,,1.15.0
PRJNA821542,age,1.0,534,534,R1,complete,R1 sample.attr.sample_title: Stool sample collected at the age of 3 months from the child | hit_frac=0.84;attr_col=samp…,R2026.16,,1.15.0
PRJNA821542,delivery,0.0,0,534,R3,partial_coverage,"R3 paper.fulltext.body: s consistently show that breastfeeding, delivery mode, infant formula use, sex (female/male), |…",R2026.16,,1.15.0
PRJNA821542,feeding,0.0,0,534,R3,partial_coverage,"R3 paper.fulltext.body: , [19] ]. Despite extensive research on breastfeeding and formula feeding, there | relation=own…",R2026.16,,1.15.0
PRJNA821542,preterm,0.0,0,534,R3,partial_coverage,"R3 paper.fulltext.body: xclusion criteria included prematurity (gestational age <35 wk), and severe illnesses. Within |…",R2026.16,,1.15.0
PRJNA821542,antibiotics,0.0,0,534,R3,partial_coverage,"R3 paper.fulltext.body: of solid/complementary foods, and prior antibiotic use have a significant impact on | relation=…",R2026.16,,1.15.0
PRJNA821542,probiotic,0.0,0,534,R0,partial_coverage,R0 fulltext_scanned_no_mention;n_papers=2,R2026.16,,1.15.0
PRJNA1139951,age,0.954972,509,533,R3,complete,R3 sample.attr.library_name: Hsap_meta_d1.v1.pb.concat.no_hsap | partial_attr hit_frac=0.07,R2026.16,,1.15.0
PRJNA1139951,delivery,0.0,0,533,R0,no_linked_paper,R0 no_linked_paper;no_attribute,R2026.16,,1.15.0
PRJNA1139951,feeding,0.0,0,533,R0,no_linked_paper,R0 no_linked_paper;no_attribute,R2026.16,,1.15.0
PRJNA1139951,preterm,0.0,0,533,R0,no_linked_paper,R0 no_linked_paper;no_attribute,R2026.16,,1.15.0
PRJNA1139951,antibiotics,0.0,0,533,R0,no_linked_paper,R0 no_linked_paper;no_attribute,R2026.16,,1.15.0
PRJNA1139951,probiotic,0.0,0,533,R0,no_linked_paper,R0 no_linked_paper;no_attribute,R2026.16,,1.15.0
PRJEB70237,age,1.0,2236,2236,R2,complete,R2 paper.supp.KGMI_A_2383746_SM2027.zip::Supplementary_file_1_ENA_ID.xlsx[Supplementary_file_1_ENA_ID!Sampling_age]: Sa…,R2026.16,,1.15.0
PRJEB70237,delivery,0.0,0,2236,R3,partial_coverage,R3 paper.fulltext.body: load or by affecting individual genes. Delivery mode has been identified as | relation=own_data…,R2026.16,,1.15.0
PRJEB70237,feeding,0.0,0,2236,R3,partial_coverage,"R3 paper.fulltext.body: d with higher resistance gene load than breastfeeding, although infants also receive | relation…",R2026.16,,1.15.0
PRJEB70237,preterm,1.0,2236,2236,R3,complete,R3 paper.fulltext.body: 24 months. Term singleton babies with a birthweight exceeding 2.5 kg and | relation=own_data;n_…,R2026.16,,1.15.0
PRJEB70237,antibiotics,0.0,0,2236,R3,partial_coverage,R3 paper.fulltext.body: special interest on the transmission of antibiotic resistance genes (ARGs) has been | relation=…,R2026.16,,1.15.0
PRJEB70237,probiotic,0.0,0,2236,R3,partial_coverage,"R3 paper.fulltext.body: tetracycline. Of note, a commonly used probiotics such as Bifidobacterium animalis subsp | rela…",R2026.16,,1.15.0
PRJEB84944,age,0.783133,325,415,R2,complete,R2 paper.supp.41467_2025_63401_MOESM9_ESM.xlsx[Fig. 1a!Time point]: Time point | relation=own_data;n_rows=547,R2026.16,,1.15.0
PRJEB84944,delivery,0.0,0,415,R3,partial_coverage,"R3 paper.fulltext.body: stome to prior antibiotic exposure 19 , delivery mode 14 , 18 | relation=own_data;n_mentions=36",R2026.16,,1.15.0
PRJEB84944,feeding,0.0,0,415,R3,partial_coverage,"R3 paper.fulltext.body: ontrolled for sex, family lifestyle and feeding mode. a – d | relation=own_data;n_mentions=7",R2026.16,,1.15.0
PRJEB84944,preterm,0.0,0,415,R3,partial_coverage,R3 paper.fulltext.body: twice from their mothers. Children born pre-term (before gestational week 36) were | relation=o…,R2026.16,,1.15.0
PRJEB84944,antibiotics,0.0,0,415,R3,partial_coverage,"R3 paper.fulltext.body: e expression of specific genes known as antibiotic resistance genes (ARGs), which | relation=ow…",R2026.16,,1.15.0
PRJEB84944,probiotic,0.0,0,415,R3,partial_coverage,"R3 paper.fulltext.body: ng vaginal delivery, or administered as probiotics or as part of a | relation=own_data;n_mentio…",R2026.16,,1.15.0
PRJNA799247,age,1.0,2103,2103,R2,complete,R2 paper.supp.ADVS-12-e05154-s006.xlsx[Sheet1!Day of life]: Day of life | relation=reused_public_data;n_rows=5684,R2026.16,,1.15.0
PRJNA799247,delivery,0.0,0,2103,R2,partial_coverage,R2 paper.supp.ADVS-12-e05154-s006.xlsx[Sheet1!Delivery mode]: Delivery mode | relation=reused_public_data;n_rows=5684,R2026.16,,1.15.0
PRJNA799247,feeding,0.0,0,2103,R2,partial_coverage,R2 paper.supp.ADVS-12-e05154-s006.xlsx[Sheet1!Feeding pattern]: Feeding pattern | relation=reused_public_data;n_rows=56…,R2026.16,,1.15.0
PRJNA799247,preterm,1.0,2103,2103,R2,complete,R2 paper.supp.ADVS-12-e05154-s006.xlsx[Sheet1!Gestational age (weeks)]: Gestational age (weeks) | relation=reused_publi…,R2026.16,,1.15.0
PRJNA799247,antibiotics,0.0,0,2103,R2,partial_coverage,R2 paper.supp.ADVS-12-e05154-s006.xlsx[Sheet1!Infant antibiotics]: Infant antibiotics | relation=reused_public_data;n_r…,R2026.16,,1.15.0
PRJNA799247,probiotic,0.0,0,2103,R0,partial_coverage,R0 fulltext_scanned_no_mention;n_papers=2,R2026.16,,1.15.0
PRJEB27325,age,1.0,402,402,R3,complete,R3 paper.fulltext.body: onization of the human intestine begins at birth and is beginning to | relation=own_data;n_ment…,R2026.16,,1.15.0
PRJEB27325,delivery,0.0,0,402,R3,partial_coverage,"R3 paper.fulltext.body: isk of atopic dermatitis in a cohort of caesarean-born infants 3 , | relation=own_data;n_mentio…",R2026.16,,1.15.0
PRJEB27325,feeding,0.0,0,402,R3,partial_coverage,"R3 paper.fulltext.body: n addition to nutrients for the infant, breast milk contains a diverse | relation=own_data;n_me…",R2026.16,,1.15.0
PRJEB27325,preterm,0.0,0,402,R3,partial_coverage,R3 paper.fulltext.body: reduced abundance of Lactobacillales in premature infants of non-secretor mothers 21 . | relati…,R2026.16,,1.15.0
PRJEB27325,antibiotics,0.0,0,402,R3,partial_coverage,"R3 paper.fulltext.body: otic given to infant or mother), and no antibiotics given to the | relation=own_data;n_mentions…",R2026.16,,1.15.0
PRJEB27325,probiotic,0.0,0,402,R3,partial_coverage,R3 paper.fulltext.body: faecal samples at age 3 months during a probiotic intervention trial 38 | relation=own_data;n_m…,R2026.16,,1.15.0
PRJNA1445932,age,1.0,398,398,R1,complete,R1 sample.attr.host_age_months: 19.1051 | hit_frac=1.00;attr_col=host_age_months;src=biosample_xml_sample8;n_sampled=8,R2026.16,,1.15.0
PRJNA1445932,delivery,0.0,0,398,R3,partial_coverage,"R3 paper.fulltext.body: ed by a multitude of factors, including delivery mode, exposure to antibiotics, | relation=unsu…",R2026.16,,1.15.0
PRJNA1445932,feeding,0.0,0,398,R3,partial_coverage,R3 paper.fulltext.body: This is in response to the cessation of breastmilk and introduction of | relation=unsure;n_ment…,R2026.16,,1.15.0
PRJNA1445932,preterm,0.0,0,398,R3,partial_coverage,"R3 paper.fulltext.body: eport of fever, diarrhea, or cough, and birth weight. Participants ( n | relation=unsure;n_ment…",R2026.16,,1.15.0
PRJNA1445932,antibiotics,0.0,0,398,R3,partial_coverage,"R3 paper.fulltext.body: s, including delivery mode, exposure to antibiotics, diet, and maternal health 40 | relation=un…",R2026.16,,1.15.0
PRJNA1445932,probiotic,0.0,0,398,R0,partial_coverage,R0 fulltext_scanned_no_mention;n_papers=1,R2026.16,,1.15.0
PRJNA1141394,age,0.0,0,133,R0,no_linked_paper,R0 no_linked_paper;no_attribute,R2026.16,,1.15.0
PRJNA1141394,delivery,0.0,0,133,R0,no_linked_paper,R0 no_linked_paper;no_attribute,R2026.16,,1.15.0
PRJNA1141394,feeding,0.0,0,133,R1,no_linked_paper,R1 sample.attr.isolation_source: feeding tube | hit_frac=0.91;attr_col=isolation_source,R2026.16,,1.15.0
PRJNA1141394,preterm,1.0,133,133,R0,complete,R0 no_linked_paper;no_attribute,R2026.16,,1.15.0
PRJNA1141394,antibiotics,0.0,0,133,R0,no_linked_paper,R0 no_linked_paper;no_attribute,R2026.16,,1.15.0
PRJNA1141394,probiotic,0.0,0,133,R0,no_linked_paper,R0 no_linked_paper;no_attribute,R2026.16,,1.15.0
PRJNA1130109,age,0.0,0,203,R3,pdf_only_supplement,"R3 paper.fulltext.body: ted by their respective mothers at each time point, a questionnaire was | relation=own_data;n_m…",R2026.16,,1.15.0
PRJNA1130109,delivery,0.0,0,203,R3,pdf_only_supplement,"R3 paper.fulltext.body: nd family history and lifestyle, on the delivery mode and gender of | relation=own_data;n_menti…",R2026.16,,1.15.0
PRJNA1130109,feeding,0.344828,70,203,R3,pdf_only_supplement,"R3 paper.fulltext.body: th. Other factors such as gender, early feeding practices (e.g., all infants | relation=own_dat…",R2026.16,,1.15.0
PRJNA1130109,preterm,1.0,203,203,R0,complete,R0 fulltext_scanned_no_mention;n_papers=1,R2026.16,,1.15.0
PRJNA1130109,antibiotics,0.0,0,203,R3,pdf_only_supplement,R3 paper.fulltext.body: ers should not have taken any course of antibiotics from 28 weeks | relation=own_data;n_mention…,R2026.16,,1.15.0
PRJNA1130109,probiotic,0.0,0,203,R0,pdf_only_supplement,R0 fulltext_scanned_no_mention;n_papers=1,R2026.16,,1.15.0
PRJNA776332,age,0.0,0,61,R2,tables_unjoinable_need_key,R2 paper.supp.Table_3.xlsx[Sheet2!Gestational Age category]: Gestational Age category | relation=own_data;n_rows=61,R2026.16,,1.15.0
PRJNA776332,delivery,0.0,0,61,R2,tables_unjoinable_need_key,R2 paper.supp.Table_3.xlsx[Sheet2!Anaerococcus_vaginalis]: Anaerococcus_vaginalis | relation=own_data;n_rows=61,R2026.16,,1.15.0
PRJNA776332,feeding,0.0,0,61,R2,tables_unjoinable_need_key,R2 paper.supp.Table_1.xlsx[Table!Cumulative volume of mother’s own breastmilk (MOM) *]: Cumulative volume of mother’s o…,R2026.16,,1.15.0
PRJNA776332,preterm,0.0,0,61,R2,tables_unjoinable_need_key,R2 paper.supp.Table_3.xlsx[Sheet2!Gestational Age category]: Gestational Age category | relation=own_data;n_rows=61,R2026.16,,1.15.0
PRJNA776332,antibiotics,0.0,0,61,R2,tables_unjoinable_need_key,R2 paper.supp.Table_1.xlsx[Table!number days used antibiotics (abx) after birth till postnat]: number days used antibio…,R2026.16,,1.15.0
PRJNA776332,probiotic,0.0,0,61,R2,tables_unjoinable_need_key,R2 paper.supp.Table_3.xlsx[Sheet2!Lactobacillus_rhamnosus]: Lactobacillus_rhamnosus | relation=own_data;n_rows=61,R2026.16,,1.15.0
PRJNA870588,age,0.0,0,114,R2,tables_unjoinable_need_key,R2 paper.supp.KGMI_A_2183690_SM7175.docx[table6!PMA]: PMA | relation=own_data;n_rows=113,R2026.16,,1.15.0
PRJNA870588,delivery,0.0,0,114,R3,tables_unjoinable_need_key,R3 paper.fulltext.body: significantly different between groups. Birth mode did not significantly affect microbiota | re…,R2026.16,,1.15.0
PRJNA870588,feeding,0.0,0,114,R3,tables_unjoinable_need_key,R3 paper.fulltext.body: d mother’s own milk compared with donor breast milk. Am J Clin | relation=own_data;n_mentions=1,R2026.16,,1.15.0
PRJNA870588,preterm,1.0,114,114,R3,complete,"R3 paper.fulltext.body: Introduction Preterm birth, a live birth occurring before 37 | relation=own_data;n_mentions=86",R2026.16,,1.15.0
PRJNA870588,antibiotics,0.0,0,114,R3,tables_unjoinable_need_key,R3 paper.fulltext.body: in both groups had similar patterns of antibiotic use over time (Supplementary | relation=own_d…,R2026.16,,1.15.0
PRJNA870588,probiotic,0.0,0,114,R3,tables_unjoinable_need_key,R3 paper.fulltext.body: ties. Others have proposed BSH-carrying probiotics as a potential strategy to stimulate | relat…,R2026.16,,1.15.0
PRJNA949443,age,0.0,0,49,R1,tables_unjoinable_need_key,"R1 sample.attr.isolation_source: meconium_DNA_17,2 | hit_frac=0.51;attr_col=isolation_source",R2026.16,,1.15.0
PRJNA949443,delivery,0.0,0,49,R3,tables_unjoinable_need_key,"R3 paper.fulltext.body: ly believed to begin at birth, with the mode of delivery being | relation=own_data;n_mentions=8",R2026.16,,1.15.0
PRJNA949443,feeding,0.0,0,49,R3,tables_unjoinable_need_key,R3 paper.fulltext.body: lonization is the type of milk feeding: breast-fed or formula-fed. It has | relation=own_data;n…,R2026.16,,1.15.0
PRJNA949443,preterm,0.0,0,49,R3,tables_unjoinable_need_key,"R3 paper.fulltext.body: other’s age, length of gestation (i.e., full-term versus preterm), smoking habits, and | relati…",R2026.16,,1.15.0
PRJNA949443,antibiotics,0.0,0,49,R0,tables_unjoinable_need_key,R0 fulltext_scanned_no_mention;n_papers=1,R2026.16,,1.15.0
PRJNA949443,probiotic,0.0,0,49,R3,tables_unjoinable_need_key,R3 paper.fulltext.body: and vitamins produced by commensal and probiotic bacteria. Microb. Cell Fact. 2017;16:79 | rela…,R2026.16,,1.15.0
PRJEB28671,age,1.0,590,590,R2,complete,"R2 paper.supp.41564_2021_1023_MOESM4_ESM.xlsx[Sup Table 5!Taxa Day 1, 15, and 85]: Taxa Day 1, 15, and 85 | relation=ow…",R2026.16,,1.15.0
PRJEB28671,delivery,0.0,0,590,R0,partial_coverage,R0 fulltext_scanned_no_mention;n_papers=2,R2026.16,,1.15.0
PRJEB28671,feeding,0.0,0,590,R3,partial_coverage,"R3 paper.fulltext.body: fore the age of 7 months as a result of weaning, but | relation=own_data;n_mentions=6",R2026.16,,1.15.0
PRJEB28671,preterm,0.0,0,590,R0,partial_coverage,R0 fulltext_scanned_no_mention;n_papers=2,R2026.16,,1.15.0
PRJEB28671,antibiotics,1.0,590,590,R2,complete,R2 paper.supp.41564_2021_1023_MOESM4_ESM.xlsx[Sup Table 1!treatment mean]: treatment mean | relation=own_data;n_rows=31,R2026.16,,1.15.0
PRJEB28671,probiotic,0.0,0,590,R2,partial_coverage,R2 paper.supp.41564_2021_1023_MOESM4_ESM.xlsx[Sup Table 6 Meta and Count data!Lactobacillus_ruminis_0.54]: Lactobacillu…,R2026.16,,1.15.0
PRJEB77729,age,0.0,0,89,R3,no_supplement_found,R3 paper.fulltext.body: gathered from all 30 infants at various time points. Stool samples were | relation=own_data;n_m…,R2026.16,,1.15.0
PRJEB77729,delivery,0.0,0,89,R3,no_supplement_found,"R3 paper.fulltext.body: ironmental factors, including genetics, delivery mode, antibiotic use during birth and early |…",R2026.16,,1.15.0
PRJEB77729,feeding,0.0,0,89,R3,no_supplement_found,"R3 paper.fulltext.body: otic use during birth and early infancy feeding mode, and the characteristics | relation=own_da…",R2026.16,,1.15.0
PRJEB77729,preterm,1.0,89,89,R3,complete,"R3 paper.fulltext.body: numerous factors, including birth mode, gestational age, host genetics, environmental factors,…",R2026.16,,1.15.0
PRJEB77729,antibiotics,0.0,0,89,R3,no_supplement_found,"R3 paper.fulltext.body: ors, including genetics, delivery mode, antibiotic use during birth and early infancy | relatio…",R2026.16,,1.15.0
PRJEB77729,probiotic,0.0,0,89,R0,no_supplement_found,R0 fulltext_scanned_no_mention;n_papers=1,R2026.16,,1.15.0
PRJNA1087376,age,1.0,230,230,R0,complete,R0 no_linked_paper;no_attribute,R2026.16,,1.15.0
PRJNA1087376,delivery,0.0,0,230,R0,no_linked_paper,R0 no_linked_paper;no_attribute,R2026.16,,1.15.0
PRJNA1087376,feeding,0.0,0,230,R0,no_linked_paper,R0 no_linked_paper;no_attribute,R2026.16,,1.15.0
PRJNA1087376,preterm,0.0,0,230,R0,no_linked_paper,R0 no_linked_paper;no_attribute,R2026.16,,1.15.0
PRJNA1087376,antibiotics,0.0,0,230,R0,no_linked_paper,R0 no_linked_paper;no_attribute,R2026.16,,1.15.0
PRJNA1087376,probiotic,0.0,0,230,R0,no_linked_paper,R0 no_linked_paper;no_attribute,R2026.16,,1.15.0
PRJEB45799,age,1.0,218,218,R2,complete,R2 paper.supp.41586_2022_5620_MOESM3_ESM.xlsx[Table S2!days_from_first_timepoint]: days_from_first_timepoint | relation…,R2026.16,,1.15.0
PRJEB45799,delivery,0.0,0,218,R2,tables_unjoinable_need_key,R2 paper.supp.41586_2022_5620_MOESM3_ESM.xlsx[Table S2!mode_delivery]: mode_delivery | relation=own_data;n_rows=9716,R2026.16,,1.15.0
PRJEB45799,feeding,0.0,0,218,R3,tables_unjoinable_need_key,R3 paper.fulltext.body: ). In concordance with the reduced post-weaning physical intimacy and the infant’s | relation=o…,R2026.16,,1.15.0
PRJEB45799,preterm,0.0,0,218,R3,tables_unjoinable_need_key,"R3 paper.fulltext.body: ate dependence on the delivery mode and gestational age, analyzed with analysis | relation=reus…",R2026.16,,1.15.0
PRJEB45799,antibiotics,0.0,0,218,R3,tables_unjoinable_need_key,"R3 paper.fulltext.body: iduals to whom no intervention (such as antibiotic or drug treatment, or | relation=own_data;n_…",R2026.16,,1.15.0
PRJEB45799,probiotic,0.0,0,218,R3,tables_unjoinable_need_key,"R3 paper.fulltext.body: mples), from locations where commercial probiotics are less available. Following the same | rel…",R2026.16,,1.15.0
PRJNA747761,age,1.0,206,206,R2,complete,R2 paper.supp.43705_2022_154_MOESM2_ESM.xlsx[Table S1!Age (Months)]: Age (Months) | relation=own_data;n_rows=213,R2026.16,,1.15.0
PRJNA747761,delivery,0.0,0,206,R2,tables_unjoinable_need_key,R2 paper.supp.43705_2022_154_MOESM2_ESM.xlsx[Table S8!Lactobacillus_vaginalis]: Lactobacillus_vaginalis | relation=own_…,R2026.16,,1.15.0
PRJNA747761,feeding,0.0,0,206,R3,tables_unjoinable_need_key,"R3 paper.fulltext.body: d of delivery, exposure to antibiotics, breastfeeding status, sanitation, and diet [ | relation…",R2026.16,,1.15.0
PRJNA747761,preterm,0.0,0,206,R0,tables_unjoinable_need_key,R0 fulltext_scanned_no_mention;n_papers=2,R2026.16,,1.15.0
PRJNA747761,antibiotics,0.0,0,206,R3,tables_unjoinable_need_key,"R3 paper.fulltext.body: as the method of delivery, exposure to antibiotics, breastfeeding status, sanitation, and | rel…",R2026.16,,1.15.0
PRJNA747761,probiotic,0.0,0,206,R2,tables_unjoinable_need_key,R2 paper.supp.43705_2022_154_MOESM2_ESM.xlsx[Table S8!Lactobacillus_acidophilus]: Lactobacillus_acidophilus | relation=…,R2026.16,,1.15.0
PRJEB48251,age,1.0,205,205,R2,complete,R2 paper.supp.41467_2023_38694_MOESM7_ESM.xlsx[Sheet1!Time.name1]: Time.name1 | relation=own_data;n_rows=65,R2026.16,,1.15.0
PRJEB48251,delivery,0.0,0,205,R2,partial_coverage,R2 paper.supp.41467_2023_38694_MOESM4_ESM.xlsx[Samples used in study!Infant_stool_Delivery_Shotgun]: Infant_stool_Deliv…,R2026.16,,1.15.0
PRJEB48251,feeding,0.0,0,205,R2,partial_coverage,R2 paper.supp.KGMI_A_2541033_SM3864.docx[table1!Detected in breastmilk]: Detected in breastmilk | relation=own_data;n_r…,R2026.16,,1.15.0
PRJEB48251,preterm,0.0,0,205,R3,partial_coverage,R3 paper.fulltext.body: ) - At labour (maternal) 135 33.33 - In NICU (infant) 135 | relation=own_data;n_mentions=3,R2026.16,,1.15.0
PRJEB48251,antibiotics,0.0,0,205,R2,partial_coverage,R2 paper.supp.KGMI_A_2541033_SM3866.xlsx[Sheet1!antibiotics_in_labour]: antibiotics_in_labour | relation=own_data;n_row…,R2026.16,,1.15.0
PRJEB48251,probiotic,0.0,0,205,R3,partial_coverage,R3 paper.fulltext.body: these factors via ingestion of specific probiotic strains influence strain transmission 1 | rel…,R2026.16,,1.15.0
PRJNA1286160,age,1.0,203,203,R0,complete,R0 no_linked_paper;no_attribute,R2026.16,,1.15.0
PRJNA1286160,delivery,0.0,0,203,R0,no_linked_paper,R0 no_linked_paper;no_attribute,R2026.16,,1.15.0
PRJNA1286160,feeding,0.0,0,203,R0,no_linked_paper,R0 no_linked_paper;no_attribute,R2026.16,,1.15.0
PRJNA1286160,preterm,0.0,0,203,R0,no_linked_paper,R0 no_linked_paper;no_attribute,R2026.16,,1.15.0
PRJNA1286160,antibiotics,0.0,0,203,R0,no_linked_paper,R0 no_linked_paper;no_attribute,R2026.16,,1.15.0
PRJNA1286160,probiotic,0.0,0,203,R0,no_linked_paper,R0 no_linked_paper;no_attribute,R2026.16,,1.15.0
PRJNA1280936,age,1.0,829,829,R1,complete,R1 sample.attr.host_age: 21 days | hit_frac=1.00;attr_col=host_age;src=biosample_xml_sample8;n_sampled=8,R2026.16,,1.15.0
PRJNA1280936,delivery,0.0,0,829,R3,partial_coverage,R3 paper.fulltext.body: e NICU cohort was primarily composed of cesarean section delivery (Supplementary Informa | rela…,R2026.16,,1.15.0
PRJNA1280936,feeding,0.0,0,829,R3,partial_coverage,"R3 paper.fulltext.body: nce, including delivery mode, receiving breast milk and antibiotic use. In the | relation=unsur…",R2026.16,,1.15.0
PRJNA1280936,preterm,1.0,829,829,R1,complete,R1 sample.attr.host_gest_age: 31 | hit_frac=1.00;attr_col=host_gest_age;src=biosample_xml_sample8;n_sampled=8,R2026.16,,1.15.0
PRJNA1280936,antibiotics,0.0,0,829,R3,partial_coverage,R3 paper.fulltext.body: d into three groups based on cohort and antibiotic exposure; samples are | relation=unsure;n_me…,R2026.16,,1.15.0
PRJNA1280936,probiotic,0.0,0,829,R0,partial_coverage,R0 fulltext_scanned_no_mention;n_papers=1,R2026.16,,1.15.0
PRJNA955235,age,1.0,189,189,R2,complete,R2 paper.supp.mbio.03420-24-s0008.xls[Table S4!AgeMonth]: AgeMonth | relation=own_data;n_rows=3863,R2026.16,,1.15.0
PRJNA955235,delivery,0.0,0,189,R3,partial_coverage,"R3 paper.fulltext.body: as well as external factors, including delivery mode, breastfeeding status, and antibiotic | re…",R2026.16,,1.15.0
PRJNA955235,feeding,0.0,0,189,R3,partial_coverage,"R3 paper.fulltext.body: ernal factors, including delivery mode, breastfeeding status, and antibiotic exposure ( 4 | rel…",R2026.16,,1.15.0
PRJNA955235,preterm,0.0,0,189,R0,partial_coverage,R0 fulltext_scanned_no_mention;n_papers=2,R2026.16,,1.15.0
PRJNA955235,antibiotics,0.0,0,189,R2,partial_coverage,R2 paper.supp.mbio.03420-24-s0008.xls[Table S6!medication]: medication | relation=own_data;n_rows=2610,R2026.16,,1.15.0
PRJNA955235,probiotic,0.0,0,189,R3,partial_coverage,"R3 paper.fulltext.body: li lab strain Nissle 1917, a recognized probiotic strain ( 63 ), | relation=reused_public_data;…",R2026.16,,1.15.0
PRJEB84376,age,1.0,1368,1368,R0,complete,R0 no_linked_paper;no_attribute,R2026.16,,1.15.0
PRJEB84376,delivery,1.0,1368,1368,R0,complete,R0 no_linked_paper;no_attribute,R2026.16,,1.15.0
PRJEB84376,feeding,0.0,0,1368,R0,no_linked_paper,R0 no_linked_paper;no_attribute,R2026.16,,1.15.0
PRJEB84376,preterm,0.0,0,1368,R0,no_linked_paper,R0 no_linked_paper;no_attribute,R2026.16,,1.15.0
PRJEB84376,antibiotics,0.0,0,1368,R0,no_linked_paper,R0 no_linked_paper;no_attribute,R2026.16,,1.15.0
PRJEB84376,probiotic,0.0,0,1368,R0,no_linked_paper,R0 no_linked_paper;no_attribute,R2026.16,,1.15.0
PRJEB89462,age,1.0,1366,1366,R2,complete,R2 paper.supp.spectrum.02153-25-s0003.csv[!day]: day | relation=own_data;n_rows=1366,R2026.16,,1.15.0
PRJEB89462,delivery,1.0,1366,1366,R2,complete,R2 paper.supp.spectrum.02153-25-s0003.csv[!delivery]: delivery | relation=own_data;n_rows=1366,R2026.16,,1.15.0
PRJEB89462,feeding,0.0,0,1366,R0,partial_coverage,R0 fulltext_scanned_no_mention;n_papers=1,R2026.16,,1.15.0
PRJEB89462,preterm,0.0,0,1366,R0,partial_coverage,R0 fulltext_scanned_no_mention;n_papers=1,R2026.16,,1.15.0
PRJEB89462,antibiotics,0.0,0,1366,R0,partial_coverage,R0 fulltext_scanned_no_mention;n_papers=1,R2026.16,,1.15.0
PRJEB89462,probiotic,0.0,0,1366,R0,partial_coverage,R0 fulltext_scanned_no_mention;n_papers=1,R2026.16,,1.15.0
PRJNA486782,age,0.982456,168,171,R2,complete,R2 paper.supp.msystems.00929-24-s0003.xlsx[Table S1!Age (years)]: Age (years) | relation=reused_public_data;n_rows=8076,R2026.16,,1.15.0
PRJNA486782,delivery,0.0,0,171,R3,partial_coverage,"R3 paper.fulltext.body: role for environmental factors [ 12 ]. Mode of delivery, infant feeding | relation=own_data;n_m…",R2026.16,,1.15.0
PRJNA486782,feeding,0.0,0,171,R2,partial_coverage,R2 paper.supp.Data_Sheet_6.XLSX[Table S5!A Breast milk]: A Breast milk | relation=reused_public_data;n_rows=272,R2026.16,,1.15.0
PRJNA486782,preterm,0.0,0,171,R3,partial_coverage,R3 paper.fulltext.body: ime relative to term birth (40 weeks of gestational age). b) Distribution | relation=reused_pub…,R2026.16,,1.15.0
PRJNA486782,antibiotics,0.0,0,171,R3,partial_coverage,"R3 paper.fulltext.body: viral infections, and early exposure to antibiotics are just a few of | relation=own_data;n_men…",R2026.16,,1.15.0
PRJNA486782,probiotic,0.0,0,171,R3,partial_coverage,"R3 paper.fulltext.body: . thermophilus has been identified as a probiotic, releasing an anti-inflammatory metabol | rel…",R2026.16,,1.15.0
PRJEB76913,age,0.0,0,35,R3,partial_coverage,R3 paper.fulltext.body: he maternity ward during their first 14 days of life. All samples | relation=own_data;n_mention…,R2026.16,,1.15.0
PRJEB76913,delivery,0.0,0,35,R3,partial_coverage,R3 paper.fulltext.body: ertical transmission of maternal flora. Vaginal delivery creates an intestinal microbiota that…,R2026.16,,1.15.0
PRJEB76913,feeding,0.0,0,35,R3,partial_coverage,"R3 paper.fulltext.body: different intestinal flora compared to breast milk, characterized by increased diversity o | re…",R2026.16,,1.15.0
PRJEB76913,preterm,0.0,0,35,R3,partial_coverage,"R3 paper.fulltext.body: committee (Project number 496/2018BO1). Full-term neonates admitted to the PICU, the pati | rel…",R2026.16,,1.15.0
PRJEB76913,antibiotics,0.0,0,35,R3,partial_coverage,"R3 paper.fulltext.body: ology in these critically ill neonates, antibiotic treatment and hospital-acquired pathoge | re…",R2026.16,,1.15.0
PRJEB76913,probiotic,0.0,0,35,R3,partial_coverage,"R3 paper.fulltext.body: Typpo et al., 2015 ). Administration of probiotics to correct dysbiosis and | relation=own_data…",R2026.16,,1.15.0
PRJEB32135,age,1.0,156,156,R2,complete,R2 paper.supp.EMI4-13-626-s001.xlsx[Table_S1!Age (days)]: Age (days) | relation=reused_public_data;n_rows=1109,R2026.16,,1.15.0
PRJEB32135,delivery,0.0,0,156,R2,partial_coverage,R2 paper.supp.EMI4-13-626-s001.xlsx[Table_S1!mode of delivery]: mode of delivery | relation=reused_public_data;n_rows=1…,R2026.16,,1.15.0
PRJEB32135,feeding,0.0,0,156,R2,partial_coverage,R2 paper.supp.Data_Sheet_6.XLSX[Table S5!A Breast milk]: A Breast milk | relation=reused_public_data;n_rows=272,R2026.16,,1.15.0
PRJEB32135,preterm,0.0,0,156,R2,partial_coverage,R2 paper.supp.EMI4-13-626-s001.xlsx[Table_S1!Birthweight]: Birthweight | relation=reused_public_data;n_rows=1109,R2026.16,,1.15.0
PRJEB32135,antibiotics,0.0,0,156,R2,partial_coverage,R2 paper.supp.EMI4-13-626-s001.xlsx[Table_S1!treatment]: treatment | relation=reused_public_data;n_rows=1109,R2026.16,,1.15.0
PRJEB32135,probiotic,0.0,0,156,R2,partial_coverage,R2 paper.supp.EMI4-13-626-s001.xlsx[Table_S4!Lactobacillus ruminis]: Lactobacillus ruminis | relation=reused_public_dat…,R2026.16,,1.15.0
PRJNA947616,age,1.0,606,606,R3,complete,R3 paper.fulltext.body: fecal samples increased with increasing postnatal age (linear mixed effects models; Shannon | r…,R2026.16,,1.15.0
PRJNA947616,delivery,0.0,0,606,R3,partial_coverage,R3 paper.fulltext.body: d nearly two-thirds (63%) were born via Cesarean section (Table 1 ). | relation=own_data;n_ment…,R2026.16,,1.15.0
PRJNA947616,feeding,0.0,0,606,R3,partial_coverage,R3 paper.fulltext.body: 7%) Enteral feeding during study period Breast milk only 45 (60%) Formula | relation=own_data;n…,R2026.16,,1.15.0
PRJNA947616,preterm,1.0,606,606,R3,complete,R3 paper.fulltext.body: cause of mortality and morbidity among premature infants. Early-onset sepsis (EOS; onset | rela…,R2026.16,,1.15.0
PRJNA947616,antibiotics,0.0,0,606,R3,partial_coverage,R3 paper.fulltext.body: y (88%) of infants received one or more antibiotics during the study | relation=own_data;n_ment…,R2026.16,,1.15.0
PRJNA947616,probiotic,0.0,0,606,R3,partial_coverage,R3 paper.fulltext.body: ). All infants received a single-strain probiotic ( Bifidobacterium breve M16V) from | relation…,R2026.16,,1.15.0
PRJNA1355224,age,1.0,151,151,R3,complete,R3 paper.fulltext.body: e associated with risk of relapse to AM at 1 month or | relation=own_data;n_mentions=8,R2026.16,,1.15.0
PRJNA1355224,delivery,0.0,0,151,R0,no_supplement_found,R0 fulltext_scanned_no_mention;n_papers=1,R2026.16,,1.15.0
PRJNA1355224,feeding,0.0,0,151,R0,no_supplement_found,R0 fulltext_scanned_no_mention;n_papers=1,R2026.16,,1.15.0
PRJNA1355224,preterm,0.0,0,151,R3,no_supplement_found,R3 paper.fulltext.body: developmental patterns in early life of preterm infants: impacts of feeding and | relation=own_…,R2026.16,,1.15.0
PRJNA1355224,antibiotics,0.0,0,151,R3,no_supplement_found,"R3 paper.fulltext.body: includes specially-formulated foods and antimicrobial therapy, namely amoxicillin in South Suda…",R2026.16,,1.15.0
PRJNA1355224,probiotic,0.0,0,151,R0,no_supplement_found,R0 fulltext_scanned_no_mention;n_papers=1,R2026.16,,1.15.0
PRJEB74747,age,0.0,0,59,R0,no_linked_paper,R0 no_linked_paper;no_attribute,R2026.16,,1.15.0
PRJEB74747,delivery,0.0,0,59,R0,no_linked_paper,R0 no_linked_paper;no_attribute,R2026.16,,1.15.0
PRJEB74747,feeding,0.0,0,59,R0,no_linked_paper,R0 no_linked_paper;no_attribute,R2026.16,,1.15.0
PRJEB74747,preterm,1.0,59,59,R0,complete,R0 no_linked_paper;no_attribute,R2026.16,,1.15.0
PRJEB74747,antibiotics,0.0,0,59,R0,no_linked_paper,R0 no_linked_paper;no_attribute,R2026.16,,1.15.0
PRJEB74747,probiotic,0.0,0,59,R0,no_linked_paper,R0 no_linked_paper;no_attribute,R2026.16,,1.15.0
PRJNA1029046,age,0.0,0,29,R0,no_linked_paper,R0 no_linked_paper;no_attribute,R2026.16,,1.15.0
PRJNA1029046,delivery,0.0,0,29,R0,no_linked_paper,R0 no_linked_paper;no_attribute,R2026.16,,1.15.0
PRJNA1029046,feeding,0.0,0,29,R0,no_linked_paper,R0 no_linked_paper;no_attribute,R2026.16,,1.15.0
PRJNA1029046,preterm,0.0,0,29,R0,no_linked_paper,R0 no_linked_paper;no_attribute,R2026.16,,1.15.0
PRJNA1029046,antibiotics,0.0,0,29,R0,no_linked_paper,R0 no_linked_paper;no_attribute,R2026.16,,1.15.0
PRJNA1029046,probiotic,0.0,0,29,R0,no_linked_paper,R0 no_linked_paper;no_attribute,R2026.16,,1.15.0
PRJEB108678,age,0.961268,273,284,R0,complete,R0 no_linked_paper;no_attribute,R2026.16,,1.15.0
PRJEB108678,delivery,0.0,0,284,R0,no_linked_paper,R0 no_linked_paper;no_attribute,R2026.16,,1.15.0
PRJEB108678,feeding,0.0,0,284,R0,no_linked_paper,R0 no_linked_paper;no_attribute,R2026.16,,1.15.0
PRJEB108678,preterm,0.0,0,284,R0,no_linked_paper,R0 no_linked_paper;no_attribute,R2026.16,,1.15.0
PRJEB108678,antibiotics,0.721831,205,284,R0,complete,R0 no_linked_paper;no_attribute,R2026.16,,1.15.0
PRJEB108678,probiotic,0.0,0,284,R0,no_linked_paper,R0 no_linked_paper;no_attribute,R2026.16,,1.15.0
PRJEB49206,age,1.0,121,121,R0,complete,R0 not assessed by recoverability track,R2026.16,,1.15.0
PRJEB49206,delivery,0.0,0,121,R0,no_linked_paper,R0 not assessed by recoverability track,R2026.16,,1.15.0
PRJEB49206,feeding,0.0,0,121,R0,no_linked_paper,R0 not assessed by recoverability track,R2026.16,,1.15.0
PRJEB49206,preterm,0.0,0,121,R0,no_linked_paper,R0 not assessed by recoverability track,R2026.16,,1.15.0
PRJEB49206,antibiotics,0.0,0,121,R0,no_linked_paper,R0 not assessed by recoverability track,R2026.16,,1.15.0
PRJEB49206,probiotic,0.0,0,121,R0,no_linked_paper,R0 not assessed by recoverability track,R2026.16,,1.15.0
PRJNA1428929,age,1.0,120,120,R3,complete,R3 paper.fulltext.body: tandardized neurobehavioral assessments at 3 months CA. 2 Methods 2.1 Study design | relation=o…,R2026.16,,1.15.0
PRJNA1428929,delivery,0.0,0,120,R3,no_supplement_found,"R3 paper.fulltext.body: ollowing a priori selected confounders: delivery mode (vaginal/cesarean), birth weight (conti |…",R2026.16,,1.15.0
PRJNA1428929,feeding,0.0,0,120,R3,no_supplement_found,R3 paper.fulltext.body: Birth weight (± 100 g); and 4) primary feeding mode at the | relation=own_data;n_mentions=4,R2026.16,,1.15.0
PRJNA1428929,preterm,0.0,0,120,R3,no_supplement_found,"R3 paper.fulltext.body: 1 Introduction Preterm birth, defined as delivery before 37 we | relation=own_data;n_mentions=41",R2026.16,,1.15.0
PRJNA1428929,antibiotics,0.0,0,120,R3,no_supplement_found,"R3 paper.fulltext.body: Shaped by clinical necessities such as antibiotic exposure, parenteral nutrition, and del | rel…",R2026.16,,1.15.0
PRJNA1428929,probiotic,0.0,0,120,R3,no_supplement_found,R3 paper.fulltext.body: arnered attention as a “next-generation probiotic” due to its established roles in | relation=o…,R2026.16,,1.15.0
PRJNA284162,age,0.0,0,48,R2,tables_unjoinable_need_key,R2 paper.supp.41467_2026_74609_MOESM3_ESM.xlsx[Sheet1!Sampling period (months)]: Sampling period (months) | relation=re…,R2026.16,,1.15.0
PRJNA284162,delivery,0.0,0,48,R2,tables_unjoinable_need_key,R2 paper.supp.41467_2026_74609_MOESM3_ESM.xlsx[Sheet1!Delivery mode metadata]: Delivery mode metadata | relation=reused…,R2026.16,,1.15.0
PRJNA284162,feeding,0.0,0,48,R3,tables_unjoinable_need_key,R3 paper.fulltext.body: ommunity richness compared to exclusive breastfeeding (Supplementary Fig. 3B ). To evalua | rel…,R2026.16,,1.15.0
PRJNA284162,preterm,1.0,48,48,R3,complete,"R3 paper.fulltext.body: other factors, including delivery mode, gestational age, dietary shifts 6 , 7 | relation=reused…",R2026.16,,1.15.0
PRJNA284162,antibiotics,0.0,0,48,R3,tables_unjoinable_need_key,"R3 paper.fulltext.body: age, dietary shifts 6 , 7 , exposure to antibiotics 8 , | relation=reused_public_data;n_mention…",R2026.16,,1.15.0
PRJNA284162,probiotic,0.0,0,48,R3,tables_unjoinable_need_key,R3 paper.fulltext.body: t al. Bifidobacterium and Lactobacillus probiotics and gut dysbiosis in preterm infants | relat…,R2026.16,,1.15.0
PRJEB41102,age,0.16875,27,160,R2,tables_unjoinable_need_key,R2 paper.supp.msystems.01294-23-s0004.xlsx[Sheet1!Age (day)]: Age (day) | relation=reused_public_data;n_rows=6653,R2026.16,,1.15.0
PRJEB41102,delivery,0.0,0,160,R2,tables_unjoinable_need_key,R2 paper.supp.41522_2025_868_MOESM2_ESM.xlsx[Data S1!Delivery Mode]: Delivery Mode | relation=reused_public_data;n_rows…,R2026.16,,1.15.0
PRJEB41102,feeding,0.0,0,160,R2,tables_unjoinable_need_key,R2 paper.supp.41522_2025_868_MOESM2_ESM.xlsx[Data S1!Feeding type]: Feeding type | relation=reused_public_data;n_rows=5…,R2026.16,,1.15.0
PRJEB41102,preterm,1.0,160,160,R3,complete,R3 paper.fulltext.body: e of delivery (vaginal or cesarean) and gestational age at birth (term | relation=reused_public…,R2026.16,,1.15.0
PRJEB41102,antibiotics,1.0,160,160,R3,complete,"R3 paper.fulltext.body: such as diet composition, use of drugs/antibiotics, and medical treatments. A deeper | relation…",R2026.16,,1.15.0
PRJEB41102,probiotic,1.0,160,160,R3,complete,R3 paper.fulltext.body: om those who had received antibiotic or probiotic treatment at the time | relation=reused_publi…,R2026.16,,1.15.0
PRJNA1260751,age,0.0,0,26,R3,partial_coverage,R3 paper.fulltext.body: vels and lower Proteobacteria abundance at birth (in colostrum samples). 16-19 Disrupted | rela…,R2026.16,,1.15.0
PRJNA1260751,delivery,0.0,0,26,R3,partial_coverage,"R3 paper.fulltext.body: een maternal factors (BMI, age, parity, mode of delivery, blood pressure) and | relation=own_da…",R2026.16,,1.15.0
PRJNA1260751,feeding,0.0,0,26,R3,partial_coverage,"R3 paper.fulltext.body: g the home visits, anthropometric data, breastmilk and stool samples ( n | relation=own_data;n_…",R2026.16,,1.15.0
PRJNA1260751,preterm,0.0,0,26,R3,partial_coverage,"R3 paper.fulltext.body: rns may have long-term consequences, as premature acquisition of Clostridia and Lachnospi | rel…",R2026.16,,1.15.0
PRJNA1260751,antibiotics,0.0,0,26,R3,partial_coverage,R3 paper.fulltext.body: Exclusion criteria included a prolonged antibiotic exposure (<3 weeks) at any stage | relation=…,R2026.16,,1.15.0
PRJNA1260751,probiotic,0.0,0,26,R0,partial_coverage,R0 fulltext_scanned_no_mention;n_papers=1,R2026.16,,1.15.0
PRJNA733860,age,0.0,0,47,R2,tables_unjoinable_need_key,R2 paper.supp.spectrum01176-21_supp_1_seq9.xlsx[Table S1!Gestational age (weeks)]: Gestational age (weeks) | relation=o…,R2026.16,,1.15.0
PRJNA733860,delivery,0.0,0,47,R0,tables_unjoinable_need_key,R0 fulltext_scanned_no_mention;n_papers=1,R2026.16,,1.15.0
PRJNA733860,feeding,0.0,0,47,R3,tables_unjoinable_need_key,R3 paper.fulltext.body: stinal microbial communities of healthy breastfed infants are dominated by bifidobacteria | rel…,R2026.16,,1.15.0
PRJNA733860,preterm,1.0,47,47,R2,complete,R2 paper.supp.spectrum01176-21_supp_1_seq9.xlsx[Table S1!Gestational age (weeks)]: Gestational age (weeks) | relation=o…,R2026.16,,1.15.0
PRJNA733860,antibiotics,0.0,0,47,R3,tables_unjoinable_need_key,R3 paper.fulltext.body: as a consequence of the broad-spectrum antibiotic treatments. This suggests that the | relation…,R2026.16,,1.15.0
PRJNA733860,probiotic,0.0,0,47,R2,tables_unjoinable_need_key,R2 paper.supp.spectrum01176-21_supp_1_seq9.xlsx[Table S6!Limosilactobacillus fermentum]: Limosilactobacillus fermentum…,R2026.16,,1.15.0
PRJNA1413407,age,1.0,108,108,R0,complete,R0 no_linked_paper;no_attribute,R2026.16,,1.15.0
PRJNA1413407,delivery,0.0,0,108,R0,no_linked_paper,R0 no_linked_paper;no_attribute,R2026.16,,1.15.0
PRJNA1413407,feeding,0.0,0,108,R0,no_linked_paper,R0 no_linked_paper;no_attribute,R2026.16,,1.15.0
PRJNA1413407,preterm,0.0,0,108,R0,no_linked_paper,R0 no_linked_paper;no_attribute,R2026.16,,1.15.0
PRJNA1413407,antibiotics,0.0,0,108,R0,no_linked_paper,R0 no_linked_paper;no_attribute,R2026.16,,1.15.0
PRJNA1413407,probiotic,0.0,0,108,R0,no_linked_paper,R0 no_linked_paper;no_attribute,R2026.16,,1.15.0
PRJEB24006,age,0.0,0,25,R2,tables_unjoinable_need_key,R2 paper.supp.msystems.00929-24-s0003.xlsx[Table S1!Age (years)]: Age (years) | relation=reused_public_data;n_rows=8076,R2026.16,,1.15.0
PRJEB24006,delivery,0.0,0,25,R3,tables_unjoinable_need_key,R3 paper.fulltext.body: nts were born at term via uncomplicated Cesarean or natural vaginal delivery | relation=reused_…,R2026.16,,1.15.0
PRJEB24006,feeding,0.0,0,25,R2,tables_unjoinable_need_key,R2 paper.supp.Data_Sheet_6.XLSX[Table S5!A Breast milk]: A Breast milk | relation=reused_public_data;n_rows=272,R2026.16,,1.15.0
PRJEB24006,preterm,0.0,0,25,R3,tables_unjoinable_need_key,"R3 paper.fulltext.body: s including age, gender, delivery mode, gestational age, and feeding patterns. b | relation=reu…",R2026.16,,1.15.0
PRJEB24006,antibiotics,0.0,0,25,R3,tables_unjoinable_need_key,"R3 paper.fulltext.body: s, such as dietary habits, illness, and antibiotic treatments, continue to impact | relation=re…",R2026.16,,1.15.0
PRJEB24006,probiotic,0.0,0,25,R3,tables_unjoinable_need_key,"R3 paper.fulltext.body: empted to restore the gut microbiota by probiotic supplements 36 , vaginal | relation=reused_pu…",R2026.16,,1.15.0
PRJNA1019702,age,1.0,334,334,R3,complete,"R3 paper.fulltext.body: er sources 10 , starting from the first day of life 11 | relation=own_data;n_mentions=58",R2026.16,,1.15.0
PRJNA1019702,delivery,0.0,0,334,R3,partial_coverage,"R3 paper.fulltext.body: Fig. 1A ). The majority of infants were vaginally born (75%), exclusively | relation=own_data;n…",R2026.16,,1.15.0
PRJNA1019702,feeding,0.0,0,334,R3,partial_coverage,"R3 paper.fulltext.body: 6 , 11 – 15 , the role of the maternal breast | relation=own_data;n_mentions=75",R2026.16,,1.15.0
PRJNA1019702,preterm,1.0,334,334,R3,complete,"R3 paper.fulltext.body: abetic and non-smokers, and delivered a full-term infant. No case of breast | relation=own_data…",R2026.16,,1.15.0
PRJNA1019702,antibiotics,0.0,0,334,R3,partial_coverage,"R3 paper.fulltext.body: vely breastfed at six months (76%), and antibiotics naive (67% had not | relation=own_data;n_me…",R2026.16,,1.15.0
PRJNA1019702,probiotic,0.0,0,334,R0,partial_coverage,R0 fulltext_scanned_no_mention;n_papers=4,R2026.16,,1.15.0
PRJNA752686,age,0.0,0,42,R3,partial_coverage,R3 paper.fulltext.body: emonstrated in several studies to occur at birth and throughout the first | relation=reused_pub…,R2026.16,,1.15.0
PRJNA752686,delivery,0.0,0,42,R3,partial_coverage,R3 paper.fulltext.body: s influenced rather dramatically by the delivery mode (vaginal delivery [SVD] vs | relation=reu…,R2026.16,,1.15.0
PRJNA752686,feeding,0.0,0,42,R3,partial_coverage,"R3 paper.fulltext.body: e of maternal primary caregiving and/or breastfeeding, there is a tendency for | relation=reuse…",R2026.16,,1.15.0
PRJNA752686,preterm,1.0,42,42,R3,complete,"R3 paper.fulltext.body: ate dependence on the delivery mode and gestational age, analyzed with analysis | relation=reus…",R2026.16,,1.15.0
PRJNA752686,antibiotics,0.0,0,42,R3,partial_coverage,R3 paper.fulltext.body: r analysis for all diagnoses except the antibiotics-treated group. ( E and | relation=reused_pu…,R2026.16,,1.15.0
PRJNA752686,probiotic,0.0,0,42,R0,partial_coverage,R0 fulltext_scanned_no_mention;n_papers=1,R2026.16,,1.15.0
PRJNA595749,age,0.984802,648,658,R2,complete,R2 paper.supp.43705_2021_3_MOESM15_ESM.xlsx[Day 5!Antibiotics since last visit?]: Antibiotics since last visit? | relat…,R2026.16,,1.15.0
PRJNA595749,delivery,0.919453,605,658,R2,complete,R2 paper.supp.43705_2021_3_MOESM15_ESM.xlsx[Birth!Delivery mode]: Delivery mode | relation=own_data;n_rows=16351,R2026.16,,1.15.0
PRJNA595749,feeding,0.0,0,658,R2,tables_unjoinable_need_key,R2 paper.supp.43705_2021_3_MOESM15_ESM.xlsx[Birth!Feeding (milk)]: Feeding (milk) | relation=own_data;n_rows=16351,R2026.16,,1.15.0
PRJNA595749,preterm,0.034954,23,658,R2,tables_unjoinable_need_key,R2 paper.supp.43856_2024_715_MOESM7_ESM.xlsx[Data_S5!Gestational age (weeks)]: Gestational age (weeks) | relation=reuse…,R2026.16,,1.15.0
PRJNA595749,antibiotics,0.034954,23,658,R2,tables_unjoinable_need_key,R2 paper.supp.43705_2021_3_MOESM15_ESM.xlsx[Birth!Maternal Antibiotic treatment around delivery]: Maternal Antibiotic t…,R2026.16,,1.15.0
PRJNA595749,probiotic,0.0,0,658,R3,tables_unjoinable_need_key,"R3 paper.fulltext.body: are folate producers, as well as known probiotics, and supplementation with bifidobacter | rela…",R2026.16,,1.15.0
PRJNA1414141,age,1.0,90,90,R0,complete,R0 no_linked_paper;no_attribute,R2026.16,,1.15.0
PRJNA1414141,delivery,0.0,0,90,R0,no_linked_paper,R0 no_linked_paper;no_attribute,R2026.16,,1.15.0
PRJNA1414141,feeding,0.0,0,90,R0,no_linked_paper,R0 no_linked_paper;no_attribute,R2026.16,,1.15.0
PRJNA1414141,preterm,0.0,0,90,R0,no_linked_paper,R0 no_linked_paper;no_attribute,R2026.16,,1.15.0
PRJNA1414141,antibiotics,0.0,0,90,R0,no_linked_paper,R0 no_linked_paper;no_attribute,R2026.16,,1.15.0
PRJNA1414141,probiotic,0.0,0,90,R0,no_linked_paper,R0 no_linked_paper;no_attribute,R2026.16,,1.15.0
PRJNA688164,age,0.0,0,22,R2,tables_unjoinable_need_key,R2 paper.supp.msystems.01294-23-s0004.xlsx[Sheet1!Age (day)]: Age (day) | relation=reused_public_data;n_rows=6653,R2026.16,,1.15.0
PRJNA688164,delivery,0.0,0,22,R2,tables_unjoinable_need_key,R2 paper.supp.41522_2025_868_MOESM2_ESM.xlsx[Data S1!Delivery Mode]: Delivery Mode | relation=reused_public_data;n_rows…,R2026.16,,1.15.0
PRJNA688164,feeding,0.0,0,22,R2,tables_unjoinable_need_key,R2 paper.supp.Data_Sheet_6.XLSX[Table S5!A Breast milk]: A Breast milk | relation=reused_public_data;n_rows=272,R2026.16,,1.15.0
PRJNA688164,preterm,0.0,0,22,R3,tables_unjoinable_need_key,R3 paper.fulltext.body: e of delivery (vaginal or cesarean) and gestational age at birth (term | relation=reused_public…,R2026.16,,1.15.0
PRJNA688164,antibiotics,0.0,0,22,R3,tables_unjoinable_need_key,"R3 paper.fulltext.body: such as diet composition, use of drugs/antibiotics, and medical treatments. A deeper | relation…",R2026.16,,1.15.0
PRJNA688164,probiotic,0.0,0,22,R3,tables_unjoinable_need_key,R3 paper.fulltext.body: om those who had received antibiotic or probiotic treatment at the time | relation=reused_publi…,R2026.16,,1.15.0
PRJNA1138246,age,1.0,298,298,R2,complete,R2 paper.supp.KGMI_A_2541029_SM3807.docx[table3!Rounded child age (months)]: Rounded child age (months) | relation=own_…,R2026.16,,1.15.0
PRJNA1138246,delivery,0.0,0,298,R3,tables_unjoinable_need_key,"R3 paper.fulltext.body: t the gut microbiome, including child’s delivery mode (binary fixed effects term) | relation=ow…",R2026.16,,1.15.0
PRJNA1138246,feeding,0.0,0,298,R3,tables_unjoinable_need_key,R3 paper.fulltext.body: a flush toilet). We did not adjust for breastfeeding as there was | relation=own_data;n_mention…,R2026.16,,1.15.0
PRJNA1138246,preterm,1.0,298,298,R3,complete,R3 paper.fulltext.body: y and through community health centers. Full-term babies were enrolled no later | relation=own_…,R2026.16,,1.15.0
PRJNA1138246,antibiotics,0.0,0,298,R3,tables_unjoinable_need_key,"R3 paper.fulltext.body: sked about children’s milk consumption, antibiotic use, diarrhea (defined as ≥ 3 | relation=own…",R2026.16,,1.15.0
PRJNA1138246,probiotic,0.0,0,298,R0,tables_unjoinable_need_key,R0 fulltext_scanned_no_mention;n_papers=1,R2026.16,,1.15.0
PRJNA345144,age,1.0,646,646,R2,complete,R2 paper.supp.msystems.01294-23-s0004.xlsx[Sheet1!Age (day)]: Age (day) | relation=reused_public_data;n_rows=6653,R2026.16,,1.15.0
PRJNA345144,delivery,0.342105,221,646,R2,partial_coverage,R2 paper.supp.EMI4-13-626-s001.xlsx[Table_S1!mode of delivery]: mode of delivery | relation=reused_public_data;n_rows=1…,R2026.16,,1.15.0
PRJNA345144,feeding,0.0,0,646,R2,partial_coverage,R2 paper.supp.Data_Sheet_6.XLSX[Table S5!A Breast milk]: A Breast milk | relation=reused_public_data;n_rows=272,R2026.16,,1.15.0
PRJNA345144,preterm,0.0,0,646,R2,partial_coverage,R2 paper.supp.EMI4-13-626-s001.xlsx[Table_S1!Birthweight]: Birthweight | relation=reused_public_data;n_rows=1109,R2026.16,,1.15.0
PRJNA345144,antibiotics,0.51548,333,646,R2,complete,R2 paper.supp.EMI4-13-626-s001.xlsx[Table_S1!treatment]: treatment | relation=reused_public_data;n_rows=1109,R2026.16,,1.15.0
PRJNA345144,probiotic,1.0,646,646,R2,complete,R2 paper.supp.EMI4-13-626-s001.xlsx[Table_S4!Lactobacillus ruminis]: Lactobacillus ruminis | relation=reused_public_dat…,R2026.16,,1.15.0
PRJNA1095378,age,0.0,0,60,R3,partial_coverage,"R3 paper.fulltext.body: 30 preterm neonates across two sampling time points, including meconium and stool | relation=ow…",R2026.16,,1.15.0
PRJNA1095378,delivery,0.0,0,60,R3,partial_coverage,"R3 paper.fulltext.body: f 2.55. Additional information included mode of delivery, antibiotic administration to mothers…",R2026.16,,1.15.0
PRJNA1095378,feeding,0.0,0,60,R3,partial_coverage,R3 paper.fulltext.body: omycin (+) 50% ( n = 8) 0% ( n = 0) | relation=own_data;n_mentions=13,R2026.16,,1.15.0
PRJNA1095378,preterm,1.0,60,60,R3,complete,R3 paper.fulltext.body: eonatal mortalities annually ( 1 – 3 ). Preterm infants stand out | relation=own_data;n_mention…,R2026.16,,1.15.0
PRJNA1095378,antibiotics,1.0,60,60,R3,complete,R3 paper.fulltext.body: INTRODUCTION Antibiotic resistance is a formidable global healt | relation=own_data;n_mentions=…,R2026.16,,1.15.0
PRJNA1095378,probiotic,0.0,0,60,R3,partial_coverage,R3 paper.fulltext.body: preterm infants reveals new benefits of probiotic supplementation. Microbiome 10:136. doi | rel…,R2026.16,,1.15.0
PRJNA417343,age,1.0,269,269,R1,complete,R1 sample.attr.sample_title: Infant N5_215 DOL 40 | hit_frac=1.00;attr_col=sample_title,R2026.16,,1.15.0
PRJNA417343,delivery,0.0,0,269,R2,partial_coverage,R2 paper.supp.41522_2023_392_MOESM1_ESM.xlsx[Supplementary Table 1!Mode of delivery]: Mode of delivery | relation=reuse…,R2026.16,,1.15.0
PRJNA417343,feeding,0.0,0,269,R3,partial_coverage,"R3 paper.fulltext.body: 3 , 4 . However, in the period between weaning and 3 | relation=reused_public_data;n_mentions=7",R2026.16,,1.15.0
PRJNA417343,preterm,1.0,269,269,R3,complete,"R3 paper.fulltext.body: rs, such as mode of delivery, diet, and gestational age 5 – | relation=reused_public_data;n_men…",R2026.16,,1.15.0
PRJNA417343,antibiotics,0.0,0,269,R2,partial_coverage,R2 paper.supp.41522_2023_392_MOESM1_ESM.xlsx[Supplementary Table 1!Treatment]: Treatment | relation=reused_public_data;…,R2026.16,,1.15.0
PRJNA417343,probiotic,0.0,0,269,R3,partial_coverage,"R3 paper.fulltext.body: , such as diet, type of birth, illness, probiotic, and antibiotic administration, | relation=re…",R2026.16,,1.15.0
PRJNA994433,age,1.0,80,80,R2,complete,R2 paper.supp.41467_2024_45209_MOESM3_ESM.csv[!Age (weeks)]: Age (weeks) | relation=own_data;n_rows=80,R2026.16,,1.15.0
PRJNA994433,delivery,0.0,0,80,R2,partial_coverage,R2 paper.supp.41564_2024_1804_MOESM2_ESM.xlsx[neonatal_subject!birth_mode]: birth_mode | relation=reused_public_data;n_…,R2026.16,,1.15.0
PRJNA994433,feeding,0.0,0,80,R2,partial_coverage,R2 paper.supp.41467_2024_45209_MOESM3_ESM.csv[!Formula_type]: Formula_type | relation=own_data;n_rows=80,R2026.16,,1.15.0
PRJNA994433,preterm,0.0,0,80,R2,partial_coverage,R2 paper.supp.41467_2024_45209_MOESM3_ESM.csv[!Birth_weight_baby (kg)]: Birth_weight_baby (kg) | relation=own_data;n_ro…,R2026.16,,1.15.0
PRJNA994433,antibiotics,0.0,0,80,R2,partial_coverage,R2 paper.supp.41467_2024_45209_MOESM3_ESM.csv[!Mother_antibiotics]: Mother_antibiotics | relation=own_data;n_rows=80,R2026.16,,1.15.0
PRJNA994433,probiotic,0.0,0,80,R2,partial_coverage,R2 paper.supp.41467_2024_45209_MOESM3_ESM.csv[!Mother_probiotics]: Mother_probiotics | relation=own_data;n_rows=80,R2026.16,,1.15.0
PRJNA1145027,age,0.653846,51,78,R1,complete,R1 sample.attr.library_name: s128.STL.V02.1mo | hit_frac=0.99;attr_col=library_name,R2026.16,,1.15.0
PRJNA1145027,delivery,0.0,0,78,R3,partial_coverage,R3 paper.fulltext.body: at this early time point is impacted by delivery mode. Infants that | relation=own_data;n_menti…,R2026.16,,1.15.0
PRJNA1145027,feeding,0.0,0,78,R3,partial_coverage,"R3 paper.fulltext.body: cture during early life are impacted by feeding practices, as breast and | relation=own_data;n_…",R2026.16,,1.15.0
PRJNA1145027,preterm,0.0,0,78,R3,partial_coverage,"R3 paper.fulltext.body: at birth are negatively correlated with gestational age (Fig. S1A), which suggests | relation=o…",R2026.16,,1.15.0
PRJNA1145027,antibiotics,0.0,0,78,R3,partial_coverage,"R3 paper.fulltext.body: -C, Bäumler AJ. 2020. High-fat diet and antibiotics cooperatively impair mitochondrial bio | re…",R2026.16,,1.15.0
PRJNA1145027,probiotic,0.0,0,78,R3,partial_coverage,R3 paper.fulltext.body: s could be diminished by treatment with probiotic Bifidobacterium breve . 30 | relation=reused_…,R2026.16,,1.15.0
PRJNA884103,age,1.0,449,449,R3,complete,R3 paper.fulltext.body: . Time = days post-inoculation. P0/P21: postnatal day 0/21. b Stool and | relation=reused_publi…,R2026.16,,1.15.0
PRJNA884103,delivery,1.0,449,449,R0,complete,R0 fulltext_scanned_no_mention;n_papers=1,R2026.16,,1.15.0
PRJNA884103,feeding,0.0,0,449,R3,partial_coverage,R3 paper.fulltext.body: g for assessment of gut colonization at weaning age (Fig. 4a ). | relation=reused_public_data;n…,R2026.16,,1.15.0
PRJNA884103,preterm,0.0,0,449,R3,partial_coverage,"R3 paper.fulltext.body: ost age and disease state (hospitalized preterm infants, term infants/children, and adu | relat…",R2026.16,,1.15.0
PRJNA884103,antibiotics,0.0,0,449,R3,partial_coverage,"R3 paper.fulltext.body: disruptive events, such as exposure to antibiotics, infectious diseases, or dietary chang | rel…",R2026.16,,1.15.0
PRJNA884103,probiotic,0.0,0,449,R0,partial_coverage,R0 fulltext_scanned_no_mention;n_papers=1,R2026.16,,1.15.0
PRJNA1249435,age,1.0,77,77,R0,complete,R0 no_linked_paper;no_attribute,R2026.16,,1.15.0
PRJNA1249435,delivery,0.0,0,77,R0,no_linked_paper,R0 no_linked_paper;no_attribute,R2026.16,,1.15.0
PRJNA1249435,feeding,0.0,0,77,R0,no_linked_paper,R0 no_linked_paper;no_attribute,R2026.16,,1.15.0
PRJNA1249435,preterm,0.0,0,77,R0,no_linked_paper,R0 no_linked_paper;no_attribute,R2026.16,,1.15.0
PRJNA1249435,antibiotics,0.0,0,77,R0,no_linked_paper,R0 no_linked_paper;no_attribute,R2026.16,,1.15.0
PRJNA1249435,probiotic,0.0,0,77,R0,no_linked_paper,R0 no_linked_paper;no_attribute,R2026.16,,1.15.0
PRJNA1230889,age,0.0,0,108,R2,tables_unjoinable_need_key,R2 paper.supp.41467_2026_71764_MOESM9_ESM.xlsx[Figure 1 + Figure S1&2!Age]: Age | relation=reused_public_data;n_rows=54…,R2026.16,,1.15.0
PRJNA1230889,delivery,0.0,0,108,R2,tables_unjoinable_need_key,R2 paper.supp.41467_2026_71764_MOESM9_ESM.xlsx[Figure 1 + Figure S1&2!Infant_mode_of_birth_detailed]: Infant_mode_of_bi…,R2026.16,,1.15.0
PRJNA1230889,feeding,1.0,108,108,R3,complete,R3 paper.fulltext.body: less other stochastic components. Human breastmilk represents the primary source of nutrit | re…,R2026.16,,1.15.0
PRJNA1230889,preterm,1.0,108,108,R3,complete,"R3 paper.fulltext.body: rly colonizers. However, in diseased or premature infants, the nutrient and redox | relation=re…",R2026.16,,1.15.0
PRJNA1230889,antibiotics,0.0,0,108,R3,tables_unjoinable_need_key,"R3 paper.fulltext.body: Reyman, M. et al. Effects of early-life antibiotics on the developing infant | relation=reused_…",R2026.16,,1.15.0
PRJNA1230889,probiotic,0.0,0,108,R3,tables_unjoinable_need_key,"R3 paper.fulltext.body: s, helping guide the rational design of probiotics and/or dietary interventions to | relation=r…",R2026.16,,1.15.0
PRJEB14941,age,0.644231,67,104,R3,complete,R3 sample.attr.sample_title: 2024.birth.MNIH02UP.BFF10F.infant.FE | partial_attr hit_frac=0.17,R2026.16,,1.15.0
PRJEB14941,delivery,0.0,0,104,R0,no_linked_paper,R0 no_linked_paper;no_attribute,R2026.16,,1.15.0
PRJEB14941,feeding,0.0,0,104,R0,no_linked_paper,R0 no_linked_paper;no_attribute,R2026.16,,1.15.0
PRJEB14941,preterm,0.0,0,104,R0,no_linked_paper,R0 no_linked_paper;no_attribute,R2026.16,,1.15.0
PRJEB14941,antibiotics,0.0,0,104,R0,no_linked_paper,R0 no_linked_paper;no_attribute,R2026.16,,1.15.0
PRJEB14941,probiotic,0.894231,93,104,R0,complete,R0 no_linked_paper;no_attribute,R2026.16,,1.15.0
PRJNA1128723,age,1.0,65,65,R1,complete,"R1 sample.attr.sample_title: Infant stool sample: subject eui501ke1gry, timepoint 3mo | hit_frac=0.95;attr_col=sample_t…",R2026.16,,1.15.0
PRJNA1128723,delivery,0.0,0,65,R3,partial_coverage,"R3 paper.fulltext.body: ractices 14 , socioeconomic status 52 , delivery mode and gestational age | relation=own_data;n…",R2026.16,,1.15.0
PRJNA1128723,feeding,0.0,0,65,R3,partial_coverage,"R3 paper.fulltext.body: ry and environmental exposures, such as breastfeeding behavior and the introduction of | relati…",R2026.16,,1.15.0
PRJNA1128723,preterm,0.0,0,65,R3,partial_coverage,"R3 paper.fulltext.body: oeconomic status 52 , delivery mode and gestational age 53 can enhance | relation=own_data;n_me…",R2026.16,,1.15.0
PRJNA1128723,antibiotics,0.0,0,65,R3,partial_coverage,"R3 paper.fulltext.body: e NCBI BioProject ID for the DIABIMMUNE Antibiotics cohort, but the data | relation=own_data;n_…",R2026.16,,1.15.0
PRJNA1128723,probiotic,0.0,0,65,R0,partial_coverage,R0 fulltext_scanned_no_mention;n_papers=3,R2026.16,,1.15.0
PRJEB62041,age,1.0,344,344,R3,complete,"R3 paper.fulltext.body: s and ORV outcome, microbiota diversity at 6 weeks of age (the | relation=own_data;n_mentions=10",R2026.16,,1.15.0
PRJEB62041,delivery,1.0,344,344,R3,complete,R3 paper.fulltext.body: of study cohorts India Malawi N 283 58 Caesarean delivery 62/283 (21.9) | relation=own_data;n_m…,R2026.16,,1.15.0
PRJEB62041,feeding,0.0,0,344,R3,partial_coverage,R3 paper.fulltext.body: 58 (100.0) IPV b 92 (32.5) – Exclusive breastfeeding up to 11 | relation=own_data;n_mentions=7,R2026.16,,1.15.0
PRJEB62041,preterm,0.0,0,344,R3,partial_coverage,"R3 paper.fulltext.body: aesarean delivery 62/283 (21.9) 0 (0.0) Birthweight (kg), mean (s.d.) 2.96 (0.43) | relation=ow…",R2026.16,,1.15.0
PRJEB62041,antibiotics,0.0,0,344,R3,partial_coverage,R3 paper.fulltext.body: of life 243 (85.9) 53 (91.4) Exposed to antibiotics up to 14 | relation=own_data;n_mentions=3,R2026.16,,1.15.0
PRJEB62041,probiotic,0.0,0,344,R0,partial_coverage,R0 fulltext_scanned_no_mention;n_papers=1,R2026.16,,1.15.0
PRJEB15633,age,0.0,0,85,R2,partial_coverage,R2 paper.supp.41522_2026_1130_MOESM2_ESM.csv[!mean_age]: mean_age | relation=reused_public_data;n_rows=26,R2026.16,,1.15.0
PRJEB15633,delivery,0.0,0,85,R2,partial_coverage,R2 paper.supp.mmc1.xlsx[Table S1!Delivery]: Delivery | relation=reused_public_data;n_rows=1035,R2026.16,,1.15.0
PRJEB15633,feeding,1.0,85,85,R2,complete,R2 paper.supp.mmc1.xlsx[Table S1!Feeding]: Feeding | relation=reused_public_data;n_rows=1035,R2026.16,,1.15.0
PRJEB15633,preterm,1.0,85,85,R3,complete,R3 paper.fulltext.body: . infantis was found to better colonize premature infant guts than Bifidobacterium | relation=o…,R2026.16,,1.15.0
PRJEB15633,antibiotics,0.0,0,85,R3,partial_coverage,"R3 paper.fulltext.body: example, via C-section and intrapartum antibiotic use) and disruptions to horizontal tran | rel…",R2026.16,,1.15.0
PRJEB15633,probiotic,0.0,0,85,R3,partial_coverage,R3 paper.fulltext.body: t al. Bifidobacterium and Lactobacillus probiotics and gut dysbiosis in preterm infants | relat…,R2026.16,,1.15.0
PRJNA557731,age,0.921466,176,191,R2,complete,R2 paper.supp.EMI4-13-626-s001.xlsx[Table_S1!Age (days)]: Age (days) | relation=reused_public_data;n_rows=1109,R2026.16,,1.15.0
PRJNA557731,delivery,0.0,0,191,R2,partial_coverage,R2 paper.supp.EMI4-13-626-s001.xlsx[Table_S1!mode of delivery]: mode of delivery | relation=reused_public_data;n_rows=1…,R2026.16,,1.15.0
PRJNA557731,feeding,0.0,0,191,R2,partial_coverage,R2 paper.supp.Data_Sheet_6.XLSX[Table S5!A Breast milk]: A Breast milk | relation=reused_public_data;n_rows=272,R2026.16,,1.15.0
PRJNA557731,preterm,1.0,191,191,R2,complete,R2 paper.supp.EMI4-13-626-s001.xlsx[Table_S1!Birthweight]: Birthweight | relation=reused_public_data;n_rows=1109,R2026.16,,1.15.0
PRJNA557731,antibiotics,0.0,0,191,R2,partial_coverage,R2 paper.supp.EMI4-13-626-s001.xlsx[Table_S1!treatment]: treatment | relation=reused_public_data;n_rows=1109,R2026.16,,1.15.0
PRJNA557731,probiotic,0.0,0,191,R2,partial_coverage,R2 paper.supp.EMI4-13-626-s001.xlsx[Table_S4!Lactobacillus ruminis]: Lactobacillus ruminis | relation=reused_public_dat…,R2026.16,,1.15.0
PRJNA774819,age,0.0,0,29,R2,tables_unjoinable_need_key,"R2 paper.supp.mbio.01299-22-s0009.xlsx[Table S3!Table S3 Taxonomic groups significantly associated with PMA,]: Table S3…",R2026.16,,1.15.0
PRJNA774819,delivery,0.0,0,29,R3,tables_unjoinable_need_key,"R3 paper.fulltext.body: atal corticosteroids, preeclampsia, and delivery mode, were not associated with IP. These | rel…",R2026.16,,1.15.0
PRJNA774819,feeding,0.0,0,29,R2,tables_unjoinable_need_key,R2 paper.supp.mbio.01299-22-s0010.xlsx[TABLE S4!Table S4. Bifidobacterium homologous gene clusters (HGCs) ch]: Table S4…,R2026.16,,1.15.0
PRJNA774819,preterm,1.0,29,29,R2,complete,R2 paper.supp.mbio.01299-22-s0010.xlsx[TABLE S4!Table S4. Bifidobacterium homologous gene clusters (HGCs) ch]: Table S4…,R2026.16,,1.15.0
PRJNA774819,antibiotics,0.0,0,29,R3,tables_unjoinable_need_key,"R3 paper.fulltext.body: rupture of membranes (PPROM), maternal antibiotics, antenatal corticosteroids, preeclamps | rel…",R2026.16,,1.15.0
PRJNA774819,probiotic,0.0,0,29,R2,tables_unjoinable_need_key,R2 paper.supp.mbio.01299-22-s0010.xlsx[TABLE S4!Table S4. Bifidobacterium homologous gene clusters (HGCs) ch]: Table S4…,R2026.16,,1.15.0
PRJNA1045596,age,0.940171,110,117,R3,complete,R3 sample.attr.library_name: s138.IBD.Therapy.Feces.Week.4.run19 | partial_attr hit_frac=0.44,R2026.16,,1.15.0
PRJNA1045596,delivery,0.0,0,117,R0,no_linked_paper,R0 no_linked_paper;no_attribute,R2026.16,,1.15.0
PRJNA1045596,feeding,0.0,0,117,R0,no_linked_paper,R0 no_linked_paper;no_attribute,R2026.16,,1.15.0
PRJNA1045596,preterm,0.0,0,117,R0,no_linked_paper,R0 no_linked_paper;no_attribute,R2026.16,,1.15.0
PRJNA1045596,antibiotics,1.0,117,117,R3,complete,R3 sample.attr.library_name: s.299.Healthy.Antibiotics.Feces.week.8 | partial_attr hit_frac=0.07,R2026.16,,1.15.0
PRJNA1045596,probiotic,0.0,0,117,R0,no_linked_paper,R0 no_linked_paper;no_attribute,R2026.16,,1.15.0
PRJNA693793,age,1.0,304,304,R2,complete,R2 paper.supp.pnas.2114619119.sd01.xlsx[Supplementary Table 1!Gestational age (weeks)]: Gestational age (weeks) | relat…,R2026.16,,1.15.0
PRJNA693793,delivery,1.0,304,304,R2,complete,R2 paper.supp.41467_2026_74609_MOESM3_ESM.xlsx[Sheet1!Delivery mode metadata]: Delivery mode metadata | relation=unsure…,R2026.16,,1.15.0
PRJNA693793,feeding,0.0,0,304,R3,tables_unjoinable_need_key,"R3 paper.fulltext.body: lated with formula feeding, pointing to formula milk as a possible source | relation=own_data;n…",R2026.16,,1.15.0
PRJNA693793,preterm,0.0,0,304,R2,tables_unjoinable_need_key,R2 paper.supp.pnas.2114619119.sd01.xlsx[Supplementary Table 1!Gestational age (weeks)]: Gestational age (weeks) | relat…,R2026.16,,1.15.0
PRJNA693793,antibiotics,0.0,0,304,R3,tables_unjoinable_need_key,"R3 paper.fulltext.body: administration, fungal infections, and antibiotic treatment ( SI Appendix , Fig. S13 | relation…",R2026.16,,1.15.0
PRJNA693793,probiotic,0.0,0,304,R3,tables_unjoinable_need_key,R3 paper.fulltext.body: in the human gut and are even used in (probiotics) treatments for | relation=own_data;n_mention…,R2026.16,,1.15.0
PRJNA1452547,age,1.0,299,299,R3,complete,"R3 paper.fulltext.body: tap water can be introduced to infants at 12 months of age, | relation=own_data;n_mentions=26",R2026.16,,1.15.0
PRJNA1452547,delivery,0.0,0,299,R3,partial_coverage,"R3 paper.fulltext.body: reastfeeding status at recruitment, and mode of delivery, implemented by the QMinim | relation=…",R2026.16,,1.15.0
PRJNA1452547,feeding,0.0,0,299,R3,partial_coverage,"R3 paper.fulltext.body: m (biased coin; 0.7) stratified by sex, breastfeeding status at recruitment, and | relation=own…",R2026.16,,1.15.0
PRJNA1452547,preterm,1.0,299,299,R0,complete,R0 fulltext_scanned_no_mention;n_papers=1,R2026.16,,1.15.0
PRJNA1452547,antibiotics,0.0,0,299,R3,partial_coverage,R3 paper.fulltext.body: for gut health and disease resilience. Antibiotic resistance in children has arisen | relation=…,R2026.16,,1.15.0
PRJNA1452547,probiotic,0.505017,151,299,R2,complete,R2 paper.supp.43856_2026_1626_MOESM4_ESM.csv[!randomisation_group]: randomisation_group | relation=own_data;n_rows=228,R2026.16,,1.15.0
PRJNA592261,age,0.311927,34,109,R1,partial_coverage,R1 sample.attr.isolation_source: Stool of a pregnant female of 21 years | hit_frac=0.82;attr_col=isolation_source,R2026.16,,1.15.0
PRJNA592261,delivery,0.0,0,109,R3,partial_coverage,R3 paper.fulltext.body: 1 weeks 42 weeks 38 weeks Type of birth Vaginal delivery Cesarean | relation=own_data;n_mention…,R2026.16,,1.15.0
PRJNA592261,feeding,1.0,109,109,R3,complete,"R3 paper.fulltext.body: ound as early as 2-weeks after birth in exclusively breast-fed infants. Tobamoviruses, | relati…",R2026.16,,1.15.0
PRJNA592261,preterm,0.0,0,109,R3,partial_coverage,R3 paper.fulltext.body: natal follow-up Monthly Monthly Monthly Birth weight and height 3.570 kg/49 cm | relation=own_d…,R2026.16,,1.15.0
PRJNA592261,antibiotics,1.0,109,109,R3,complete,R3 paper.fulltext.body: sity None None Diseases No No No Use of antibiotics No No | relation=own_data;n_mentions=2,R2026.16,,1.15.0
PRJNA592261,probiotic,0.0,0,109,R0,partial_coverage,R0 fulltext_scanned_no_mention;n_papers=3,R2026.16,,1.15.0
PRJNA413162,age,0.0,0,19,R2,tables_unjoinable_need_key,R2 paper.supp.41522_2023_392_MOESM1_ESM.xlsx[Supplementary Table 1!Age (days)]: Age (days) | relation=reused_public_dat…,R2026.16,,1.15.0
PRJNA413162,delivery,0.0,0,19,R2,tables_unjoinable_need_key,R2 paper.supp.41522_2023_392_MOESM1_ESM.xlsx[Supplementary Table 1!Mode of delivery]: Mode of delivery | relation=reuse…,R2026.16,,1.15.0
PRJNA413162,feeding,0.0,0,19,R3,tables_unjoinable_need_key,"R3 paper.fulltext.body: 3 , 4 . However, in the period between weaning and 3 | relation=reused_public_data;n_mentions=7",R2026.16,,1.15.0
PRJNA413162,preterm,0.0,0,19,R3,tables_unjoinable_need_key,"R3 paper.fulltext.body: rs, such as mode of delivery, diet, and gestational age 5 – | relation=reused_public_data;n_men…",R2026.16,,1.15.0
PRJNA413162,antibiotics,0.0,0,19,R2,tables_unjoinable_need_key,R2 paper.supp.41522_2023_392_MOESM1_ESM.xlsx[Supplementary Table 1!Treatment]: Treatment | relation=reused_public_data;…,R2026.16,,1.15.0
PRJNA413162,probiotic,0.526316,10,19,R3,complete,"R3 paper.fulltext.body: , such as diet, type of birth, illness, probiotic, and antibiotic administration, | relation=re…",R2026.16,,1.15.0
PRJNA701982,age,0.842105,48,57,R3,complete,R3 paper.fulltext.body: life. One SBS participant had a higher age at sampling compared to | relation=own_data;n_mentio…,R2026.16,,1.15.0
PRJNA701982,delivery,0.0,0,57,R0,partial_coverage,R0 fulltext_scanned_no_mention;n_papers=1,R2026.16,,1.15.0
PRJNA701982,feeding,0.0,0,57,R3,partial_coverage,"R3 paper.fulltext.body: d the GM as a determinant of successful weaning from PN, conclusions | relation=own_data;n_ment…",R2026.16,,1.15.0
PRJNA701982,preterm,0.0,0,57,R3,partial_coverage,"R3 paper.fulltext.body: mple size, lack of suitable age-matched preterm and term controls, and cross-sectional | relati…",R2026.16,,1.15.0
PRJNA701982,antibiotics,0.0,0,57,R2,partial_coverage,R2 paper.supp.KGMI_A_1940792_SM0926.zip::Supplementary information/Supplementary Data Table 5.xlsx[210101_shortbred_tab…,R2026.16,,1.15.0
PRJNA701982,probiotic,0.0,0,57,R0,partial_coverage,R0 fulltext_scanned_no_mention;n_papers=1,R2026.16,,1.15.0
PRJNA61745,age,0.0,0,27,R0,no_linked_paper,R0 not assessed by recoverability track,R2026.16,,1.15.0
PRJNA61745,delivery,0.0,0,27,R0,no_linked_paper,R0 not assessed by recoverability track,R2026.16,,1.15.0
PRJNA61745,feeding,0.0,0,27,R0,no_linked_paper,R0 not assessed by recoverability track,R2026.16,,1.15.0
PRJNA61745,preterm,1.0,27,27,R0,complete,R0 not assessed by recoverability track,R2026.16,,1.15.0
PRJNA61745,antibiotics,0.0,0,27,R0,no_linked_paper,R0 not assessed by recoverability track,R2026.16,,1.15.0
PRJNA61745,probiotic,0.0,0,27,R0,no_linked_paper,R0 not assessed by recoverability track,R2026.16,,1.15.0
PRJNA988496,age,1.0,273,273,R3,complete,R3 paper.fulltext.body: study were enrolled in “The First 1000 Days of Life and Beyond” | relation=own_data;n_mentions=…,R2026.16,,1.15.0
PRJNA988496,delivery,1.0,273,273,R3,complete,"R3 paper.fulltext.body: hat occur during this window, including vaginal delivery and lack of antibiotic | relation=own_…",R2026.16,,1.15.0
PRJNA988496,feeding,0.0,0,273,R3,partial_coverage,"R3 paper.fulltext.body: tibiotic use, and infant data including feeding mode and antibiotic use were | relation=own_dat…",R2026.16,,1.15.0
PRJNA988496,preterm,0.0,0,273,R2,partial_coverage,R2 paper.supp.KGMI_A_2604874_SM7123.docx[table1!Infant Characteristics]: Infant Characteristics | relation=reused_publi…,R2026.16,,1.15.0
PRJNA988496,antibiotics,0.0,0,273,R3,partial_coverage,"R3 paper.fulltext.body: including vaginal delivery and lack of antibiotic exposure, are known to be | relation=own_data…",R2026.16,,1.15.0
PRJNA988496,probiotic,0.007326,2,273,R0,partial_coverage,R0 fulltext_scanned_no_mention;n_papers=3,R2026.16,,1.15.0
PRJNA1231247,age,0.0,0,40,R3,no_supplement_found,"R3 paper.fulltext.body: were observed in sex, gestational age, postnatal age at sampling, mode of | relation=own_data;n…",R2026.16,,1.15.0
PRJNA1231247,delivery,0.0,0,40,R3,no_supplement_found,R3 paper.fulltext.body: elements such as gestational timing and mode of delivery ( Pattaroni et | relation=own_data;n_m…,R2026.16,,1.15.0
PRJNA1231247,feeding,0.0,0,40,R3,no_supplement_found,R3 paper.fulltext.body: a of infants who are born naturally and breastfed predominantly consists of | relation=own_data…,R2026.16,,1.15.0
PRJNA1231247,preterm,1.0,40,40,R3,complete,R3 paper.fulltext.body: stics of the NRDS and CON A total of 40 preterm neonates | relation=own_data;n_mentions=11,R2026.16,,1.15.0
PRJNA1231247,antibiotics,1.0,40,40,R3,complete,"R3 paper.fulltext.body: hin 24 h after birth, and none received antibiotics before stool collection. | relation=own_dat…",R2026.16,,1.15.0
PRJNA1231247,probiotic,0.0,0,40,R3,no_supplement_found,R3 paper.fulltext.body: acteroides and a decrease in Roseburia. Probiotic interventions can effectively modulate | rela…,R2026.16,,1.15.0
PRJNA422569,age,0.0,0,31,R2,tables_unjoinable_need_key,R2 paper.supp.41522_2023_392_MOESM1_ESM.xlsx[Supplementary Table 1!Age (days)]: Age (days) | relation=reused_public_dat…,R2026.16,,1.15.0
PRJNA422569,delivery,0.0,0,31,R2,tables_unjoinable_need_key,R2 paper.supp.41522_2023_392_MOESM1_ESM.xlsx[Supplementary Table 1!Mode of delivery]: Mode of delivery | relation=reuse…,R2026.16,,1.15.0
PRJNA422569,feeding,0.0,0,31,R2,tables_unjoinable_need_key,R2 paper.supp.41522_2025_868_MOESM2_ESM.xlsx[Data S1!Feeding type]: Feeding type | relation=reused_public_data;n_rows=5…,R2026.16,,1.15.0
PRJNA422569,preterm,1.0,31,31,R3,complete,"R3 paper.fulltext.body: responding to fecal samples of healthy, full-term infants aged from one month | relation=reused…",R2026.16,,1.15.0
PRJNA422569,antibiotics,0.0,0,31,R2,tables_unjoinable_need_key,R2 paper.supp.41522_2023_392_MOESM1_ESM.xlsx[Supplementary Table 1!Treatment]: Treatment | relation=reused_public_data;…,R2026.16,,1.15.0
PRJNA422569,probiotic,1.0,31,31,R3,complete,"R3 paper.fulltext.body: inistration of drugs, prebiotics and/or probiotics, only infant fecal samples belonging t | rel…",R2026.16,,1.15.0
PRJNA978345,age,1.0,96,96,R0,complete,R0 no_linked_paper;no_attribute,R2026.16,,1.15.0
PRJNA978345,delivery,0.0,0,96,R0,no_linked_paper,R0 no_linked_paper;no_attribute,R2026.16,,1.15.0
PRJNA978345,feeding,0.0,0,96,R0,no_linked_paper,R0 no_linked_paper;no_attribute,R2026.16,,1.15.0
PRJNA978345,preterm,0.0,0,96,R0,no_linked_paper,R0 no_linked_paper;no_attribute,R2026.16,,1.15.0
PRJNA978345,antibiotics,1.0,96,96,R0,complete,R0 no_linked_paper;no_attribute,R2026.16,,1.15.0
PRJNA978345,probiotic,0.0,0,96,R0,no_linked_paper,R0 no_linked_paper;no_attribute,R2026.16,,1.15.0
PRJNA657818,age,0.385542,64,166,R2,partial_coverage,R2 paper.supp.mmc2.xlsx[Dyad.metadata!gestational age (weeks)]: gestational age (weeks) | relation=own_data;n_rows=1004,R2026.16,,1.15.0
PRJNA657818,delivery,0.777108,129,166,R2,complete,R2 paper.supp.mmc2.xlsx[Dyad.metadata!delivery mode]: delivery mode | relation=own_data;n_rows=1004,R2026.16,,1.15.0
PRJNA657818,feeding,0.0,0,166,R2,partial_coverage,R2 paper.supp.mmc2.xlsx[Dyad.metadata!Infant feeding at 2 weeks]: Infant feeding at 2 weeks | relation=own_data;n_rows=…,R2026.16,,1.15.0
PRJNA657818,preterm,1.0,166,166,R2,complete,R2 paper.supp.mmc2.xlsx[Dyad.metadata!gestational age (weeks)]: gestational age (weeks) | relation=own_data;n_rows=1004,R2026.16,,1.15.0
PRJNA657818,antibiotics,0.0,0,166,R2,partial_coverage,R2 paper.supp.mmc2.xlsx[Dyad.metadata!baby_antibiotics]: baby_antibiotics | relation=own_data;n_rows=1004,R2026.16,,1.15.0
PRJNA657818,probiotic,0.0,0,166,R3,partial_coverage,"R3 paper.fulltext.body: empted to restore the gut microbiota by probiotic supplements 36 , vaginal | relation=reused_pu…",R2026.16,,1.15.0
PRJNA1348516,age,1.0,809,809,R0,complete,R0 no_linked_paper;no_attribute,R2026.16,,1.15.0
PRJNA1348516,delivery,1.0,809,809,R0,complete,R0 no_linked_paper;no_attribute,R2026.16,,1.15.0
PRJNA1348516,feeding,0.0,0,809,R0,no_linked_paper,R0 no_linked_paper;no_attribute,R2026.16,,1.15.0
PRJNA1348516,preterm,0.0,0,809,R0,no_linked_paper,R0 no_linked_paper;no_attribute,R2026.16,,1.15.0
PRJNA1348516,antibiotics,0.872682,706,809,R0,complete,R0 no_linked_paper;no_attribute,R2026.16,,1.15.0
PRJNA1348516,probiotic,0.0,0,809,R0,no_linked_paper,R0 no_linked_paper;no_attribute,R2026.16,,1.15.0
PRJNA1513446,age,1.0,44,44,R1,complete,R1 sample.attr.host_age: 1 day | hit_frac=1.00;attr_col=host_age;src=biosample_xml_sample8;n_sampled=8,R2026.16,,1.15.0
PRJNA1513446,delivery,0.0,0,44,R0,no_linked_paper,R0 no_linked_paper;no_attribute,R2026.16,,1.15.0
PRJNA1513446,feeding,0.0,0,44,R0,no_linked_paper,R0 no_linked_paper;no_attribute,R2026.16,,1.15.0
PRJNA1513446,preterm,0.0,0,44,R0,no_linked_paper,R0 no_linked_paper;no_attribute,R2026.16,,1.15.0
PRJNA1513446,antibiotics,0.0,0,44,R0,no_linked_paper,R0 no_linked_paper;no_attribute,R2026.16,,1.15.0
PRJNA1513446,probiotic,0.0,0,44,R0,no_linked_paper,R0 no_linked_paper;no_attribute,R2026.16,,1.15.0
PRJNA698986,age,0.976871,718,735,R1,complete,R1 sample.attr.sample_title: Infant #59 DOL 256 | hit_frac=0.92;attr_col=sample_title,R2026.16,,1.15.0
PRJNA698986,delivery,1.0,735,735,R2,complete,R2 paper.supp.mmc2.xlsx[Sheet1!POD in NICU if born prematurely]: POD in NICU if born prematurely | relation=own_data;n_…,R2026.16,,1.15.0
PRJNA698986,feeding,0.0,0,735,R2,partial_coverage,R2 paper.supp.mmc2.xlsx[Sheet1!Feeds]: Feeds | relation=own_data;n_rows=22,R2026.16,,1.15.0
PRJNA698986,preterm,0.0,0,735,R2,partial_coverage,R2 paper.supp.mmc2.xlsx[Sheet1!POD in NICU if born prematurely]: POD in NICU if born prematurely | relation=own_data;n_…,R2026.16,,1.15.0
PRJNA698986,antibiotics,0.991837,729,735,R2,complete,R2 paper.supp.mmc2.xlsx[Sheet1!Initial Abx Admission]: Initial Abx Admission | relation=own_data;n_rows=22,R2026.16,,1.15.0
PRJNA698986,probiotic,0.0,0,735,R3,partial_coverage,R3 paper.fulltext.body: ve . Supplementation of Bifidobacterium probiotic strains with a broad HMO metabolic | relation…,R2026.16,,1.15.0
PRJNA1177813,age,1.0,42,42,R0,complete,R0 fulltext_scanned_no_mention;n_papers=1,R2026.16,,1.15.0
PRJNA1177813,delivery,0.0,0,42,R0,pdf_only_supplement,R0 fulltext_scanned_no_mention;n_papers=1,R2026.16,,1.15.0
PRJNA1177813,feeding,0.0,0,42,R2,pdf_only_supplement,R2 paper.supp.nutrients-17-00151-s001.zip::nutrients-3392092-supplementary.pdf[page4_t1!BF Infant]: BF Infant | relatio…,R2026.16,,1.15.0
PRJNA1177813,preterm,0.0,0,42,R0,pdf_only_supplement,R0 fulltext_scanned_no_mention;n_papers=1,R2026.16,,1.15.0
PRJNA1177813,antibiotics,0.0,0,42,R3,pdf_only_supplement,"R3 paper.fulltext.body: n three alcoholic beverages a day, were antibiotic free, prebiotic free, and | relation=own_dat…",R2026.16,,1.15.0
PRJNA1177813,probiotic,0.0,0,42,R3,pdf_only_supplement,"R3 paper.fulltext.body: ntageously by developers of prebiotics, probiotics, or therapeutics that target the gut | relat…",R2026.16,,1.15.0
PRJNA290380,age,1.0,769,769,R2,complete,R2 paper.supp.msystems.01294-23-s0004.xlsx[Sheet1!Age (day)]: Age (day) | relation=reused_public_data;n_rows=6653,R2026.16,,1.15.0
PRJNA290380,delivery,1.0,769,769,R2,complete,R2 paper.supp.41467_2020_17541_MOESM5_ESM.xls[Supplementary_Table_2.txt!Delivery_Mode]: Delivery_Mode | relation=own_da…,R2026.16,,1.15.0
PRJNA290380,feeding,0.022107,17,769,R2,partial_coverage,R2 paper.supp.41467_2020_17541_MOESM5_ESM.xls[Supplementary_Table_2.txt!Feeding_Status_Corrected]: Feeding_Status_Corre…,R2026.16,,1.15.0
PRJNA290380,preterm,0.0,0,769,R2,partial_coverage,R2 paper.supp.ADVS-12-e05154-s006.xlsx[Sheet1!Gestational age (weeks)]: Gestational age (weeks) | relation=reused_publi…,R2026.16,,1.15.0
PRJNA290380,antibiotics,0.977893,752,769,R2,complete,R2 paper.supp.ADVS-12-e05154-s006.xlsx[Sheet1!Infant antibiotics]: Infant antibiotics | relation=reused_public_data;n_r…,R2026.16,,1.15.0
PRJNA290380,probiotic,0.0,0,769,R2,partial_coverage,R2 paper.supp.EMI4-13-626-s001.xlsx[Table_S4!Lactobacillus ruminis]: Lactobacillus ruminis | relation=reused_public_dat…,R2026.16,,1.15.0
PRJNA385126,age,1.0,40,40,R2,complete,R2 paper.supp.peerj-06-4694-s001.xlsx[SupplementaryTable1!Age (years)]: Age (years) | relation=own_data;n_rows=23,R2026.16,,1.15.0
PRJNA385126,delivery,0.0,0,40,R2,partial_coverage,R2 paper.supp.41467_2026_74609_MOESM3_ESM.xlsx[Sheet1!Delivery mode metadata]: Delivery mode metadata | relation=reused…,R2026.16,,1.15.0
PRJNA385126,feeding,0.0,0,40,R2,partial_coverage,R2 paper.supp.peerj-06-4694-s001.xlsx[SupplementaryTable1!Breastfed]: Breastfed | relation=own_data;n_rows=23,R2026.16,,1.15.0
PRJNA385126,preterm,0.0,0,40,R3,partial_coverage,R3 paper.fulltext.body: (2017) confirmed that delivery mode and gestational age significantly influence bacterial compo…,R2026.16,,1.15.0
PRJNA385126,antibiotics,0.0,0,40,R3,partial_coverage,"R3 paper.fulltext.body: infant’s microbiota, from birth mode to antibiotic usage, diet, geographical location, lif | re…",R2026.16,,1.15.0
PRJNA385126,probiotic,0.0,0,40,R0,partial_coverage,R0 fulltext_scanned_no_mention;n_papers=3,R2026.16,,1.15.0
PRJNA1042647,age,1.0,180,180,R1,complete,R1 sample.attr.library_name: IgramRun3.193.2.STL.V07.12mo | hit_frac=0.56;attr_col=library_name,R2026.16,,1.15.0
PRJNA1042647,delivery,0.0,0,180,R3,partial_coverage,"R3 paper.fulltext.body: e effect of intrapartum antibiotics and delivery mode, we ran the statistical | relation=own_da…",R2026.16,,1.15.0
PRJNA1042647,feeding,0.711111,128,180,R3,complete,"R3 paper.fulltext.body: ironmental factors [ 3 ], in particular breastfeeding [ 4 , 5 | relation=own_data;n_mentions=48",R2026.16,,1.15.0
PRJNA1042647,preterm,0.0,0,180,R3,partial_coverage,R3 paper.fulltext.body: vaginal delivery or C-section. We added gestational age as a covariate in | relation=own_data;n…,R2026.16,,1.15.0
PRJNA1042647,antibiotics,0.0,0,180,R3,partial_coverage,"R3 paper.fulltext.body: in particular breastfeeding [ 4 , 5 ]. Antibiotics might also alter | relation=own_data;n_menti…",R2026.16,,1.15.0
PRJNA1042647,probiotic,0.0,0,180,R3,partial_coverage,R3 paper.fulltext.body: s could be diminished by treatment with probiotic Bifidobacterium breve . 30 | relation=reused_…,R2026.16,,1.15.0
PRJEB35919,age,0.0,0,20,R0,no_linked_paper,R0 no_linked_paper;no_attribute,R2026.16,,1.15.0
PRJEB35919,delivery,0.0,0,20,R0,no_linked_paper,R0 no_linked_paper;no_attribute,R2026.16,,1.15.0
PRJEB35919,feeding,0.0,0,20,R0,no_linked_paper,R0 no_linked_paper;no_attribute,R2026.16,,1.15.0
PRJEB35919,preterm,1.0,20,20,R1,complete,R1 sample.attr.sample_title: Preterm infant stool | hit_frac=1.00;attr_col=sample_title,R2026.16,,1.15.0
PRJEB35919,antibiotics,0.0,0,20,R0,no_linked_paper,R0 no_linked_paper;no_attribute,R2026.16,,1.15.0
PRJEB35919,probiotic,0.0,0,20,R0,no_linked_paper,R0 no_linked_paper;no_attribute,R2026.16,,1.15.0
PRJNA1274602,age,0.0,0,20,R0,no_linked_paper,R0 no_linked_paper;no_attribute,R2026.16,,1.15.0
PRJNA1274602,delivery,0.0,0,20,R0,no_linked_paper,R0 no_linked_paper;no_attribute,R2026.16,,1.15.0
PRJNA1274602,feeding,0.0,0,20,R0,no_linked_paper,R0 no_linked_paper;no_attribute,R2026.16,,1.15.0
PRJNA1274602,preterm,1.0,20,20,R0,complete,R0 no_linked_paper;no_attribute,R2026.16,,1.15.0
PRJNA1274602,antibiotics,0.0,0,20,R0,no_linked_paper,R0 no_linked_paper;no_attribute,R2026.16,,1.15.0
PRJNA1274602,probiotic,0.0,0,20,R0,no_linked_paper,R0 no_linked_paper;no_attribute,R2026.16,,1.15.0
PRJNA850838,age,0.0,0,12,R0,no_linked_paper,R0 no_linked_paper;no_attribute,R2026.16,,1.15.0
PRJNA850838,delivery,0.0,0,12,R0,no_linked_paper,R0 no_linked_paper;no_attribute,R2026.16,,1.15.0
PRJNA850838,feeding,0.0,0,12,R0,no_linked_paper,R0 no_linked_paper;no_attribute,R2026.16,,1.15.0
PRJNA850838,preterm,0.0,0,12,R0,no_linked_paper,R0 no_linked_paper;no_attribute,R2026.16,,1.15.0
PRJNA850838,antibiotics,0.0,0,12,R0,no_linked_paper,R0 no_linked_paper;no_attribute,R2026.16,,1.15.0
PRJNA850838,probiotic,0.0,0,12,R0,no_linked_paper,R0 no_linked_paper;no_attribute,R2026.16,,1.15.0
PRJNA858926,age,0.0,0,50,R3,no_supplement_found,"R3 paper.fulltext.body: out disability or any diagnosed disease at birth, and (7) Apgar score | relation=own_data;n_men…",R2026.16,,1.15.0
PRJNA858926,delivery,0.0,0,50,R3,no_supplement_found,"R3 paper.fulltext.body: em, the majority of babies were born by vaginal delivery, and male | relation=own_data;n_mentio…",R2026.16,,1.15.0
PRJNA858926,feeding,1.0,50,50,R1,complete,R1 sample.attr.sample_title: Metagenome or environmental sample from human milk metagenom | hit_frac=0.50;attr_col=samp…,R2026.16,,1.15.0
PRJNA858926,preterm,1.0,50,50,R3,complete,"R3 paper.fulltext.body: ria for infants were (1) singleton, (2) full-term (≥37 weeks), (3) 30–120 | relation=own_data;n…",R2026.16,,1.15.0
PRJNA858926,antibiotics,0.0,0,50,R3,no_supplement_found,"R3 paper.fulltext.body: ad used any prebiotics, probiotics, and antibiotics in the past 4 weeks | relation=own_data;n_m…",R2026.16,,1.15.0
PRJNA858926,probiotic,0.0,0,50,R3,no_supplement_found,"R3 paper.fulltext.body: 8. Infants who had used any prebiotics, probiotics, and antibiotics in the | relation=own_data;…",R2026.16,,1.15.0
PRJEB83552,age,1.0,1462,1462,R3,complete,R3 sample.attr.sample_title: 15004.infantstool.metagenomics.15days.106424 | partial_attr hit_frac=0.00,R2026.16,,1.15.0
PRJEB83552,delivery,1.0,1462,1462,R0,complete,R0 no_linked_paper;no_attribute,R2026.16,,1.15.0
PRJEB83552,feeding,0.0,0,1462,R0,no_linked_paper,R0 no_linked_paper;no_attribute,R2026.16,,1.15.0
PRJEB83552,preterm,0.976744,1428,1462,R0,complete,R0 no_linked_paper;no_attribute,R2026.16,,1.15.0
PRJEB83552,antibiotics,0.0,0,1462,R0,no_linked_paper,R0 no_linked_paper;no_attribute,R2026.16,,1.15.0
PRJEB83552,probiotic,0.0,0,1462,R0,no_linked_paper,R0 no_linked_paper;no_attribute,R2026.16,,1.15.0
PRJNA1258733,age,0.807692,126,156,R2,complete,R2 paper.supp.supplementary_material_wrag124.zip::Supplementary_Tables_Parizadeh_etal.xlsx[S5.C!Infant age group]: Infa…,R2026.16,,1.15.0
PRJNA1258733,delivery,0.807692,126,156,R3,complete,"R3 paper.fulltext.body: itial microbial colonization [ 1 , 6 ]. Vaginally delivered infants acquire | relation=own_data…",R2026.16,,1.15.0
PRJNA1258733,feeding,0.0,0,156,R2,tables_unjoinable_need_key,R2 paper.supp.supplementary_material_wrag124.zip::Supplementary_Tables_Parizadeh_etal.xlsx[S1.A!Weaning age]: Weaning a…,R2026.16,,1.15.0
PRJNA1258733,preterm,0.0,0,156,R3,tables_unjoinable_need_key,"R3 paper.fulltext.body: gut microbiota composition in healthy, full-term, vaginally born and breast-fed infants | relat…",R2026.16,,1.15.0
PRJNA1258733,antibiotics,0.0,0,156,R3,tables_unjoinable_need_key,"R3 paper.fulltext.body: okulich NA, Chung J, Battaglia T et al. Antibiotics, birth mode, and | relation=own_data;n_ment…",R2026.16,,1.15.0
PRJNA1258733,probiotic,0.0,0,156,R0,tables_unjoinable_need_key,R0 fulltext_scanned_no_mention;n_papers=1,R2026.16,,1.15.0
PRJNA648487,age,1.0,94,94,R3,complete,R3 paper.fulltext.body: hropometric measurements were collected at birth and 4-months corrected age (4M). Fecal | relat…,R2026.16,,1.15.0
PRJNA648487,delivery,0.0,0,94,R3,partial_coverage,"R3 paper.fulltext.body: on (test of proportions, p = 0.026) and Cesarean section rates ( | relation=own_data;n_mentions…",R2026.16,,1.15.0
PRJNA648487,feeding,0.0,0,94,R2,partial_coverage,R2 paper.supp.Data_Sheet_6.XLSX[Table S5!A Breast milk]: A Breast milk | relation=reused_public_data;n_rows=272,R2026.16,,1.15.0
PRJNA648487,preterm,1.0,94,94,R3,complete,R3 paper.fulltext.body: re approximately 15 million babies born preterm each year ( World Health | relation=own_data;n_…,R2026.16,,1.15.0
PRJNA648487,antibiotics,0.0,0,94,R3,partial_coverage,R3 paper.fulltext.body: Gut Microbial Diversity Maternal use of antibiotics or probiotics within the four-week | relati…,R2026.16,,1.15.0
PRJNA648487,probiotic,0.0,0,94,R3,partial_coverage,R3 paper.fulltext.body: t data and safety monitoring committee. Probiotics Use of prophylactic probiotics was | relatio…,R2026.16,,1.15.0
PRJNA521878,age,1.0,64,64,R1,complete,R1 sample.attr.sample_title: infant stool microbiome from subject N60191 at day of life 3 | hit_frac=1.00;attr_col=samp…,R2026.16,,1.15.0
PRJNA521878,delivery,0.0,0,64,R2,partial_coverage,R2 paper.supp.41522_2023_392_MOESM1_ESM.xlsx[Supplementary Table 1!Mode of delivery]: Mode of delivery | relation=reuse…,R2026.16,,1.15.0
PRJNA521878,feeding,0.0,0,64,R2,partial_coverage,R2 paper.supp.41522_2025_868_MOESM2_ESM.xlsx[Data S1!Feeding type]: Feeding type | relation=reused_public_data;n_rows=5…,R2026.16,,1.15.0
PRJNA521878,preterm,0.0,0,64,R3,partial_coverage,"R3 paper.fulltext.body: ut bacteriome, including delivery mode, gestational age at birth, and feeding pattern | relatio…",R2026.16,,1.15.0
PRJNA521878,antibiotics,1.0,64,64,R2,complete,R2 paper.supp.41522_2023_392_MOESM1_ESM.xlsx[Supplementary Table 1!Treatment]: Treatment | relation=reused_public_data;…,R2026.16,,1.15.0
PRJNA521878,probiotic,0.0,0,64,R3,partial_coverage,"R3 paper.fulltext.body: empted to restore the gut microbiota by probiotic supplements 36 , vaginal | relation=reused_pu…",R2026.16,,1.15.0
PRJNA1191223,age,0.0,0,92,R2,tables_unjoinable_need_key,R2 paper.supp.41467_2025_62584_MOESM5_ESM.xlsx[Supp-Data-3!Week]: Week | relation=own_data;n_rows=92,R2026.16,,1.15.0
PRJNA1191223,delivery,0.0,0,92,R3,tables_unjoinable_need_key,"R3 paper.fulltext.body: estation) who were matched for diet and birth mode, providing a relatively | relation=own_data;…",R2026.16,,1.15.0
PRJNA1191223,feeding,1.0,92,92,R3,complete,"R3 paper.fulltext.body: bacterium longum , both associated with breastfeeding and recognised for promoting a | relation…",R2026.16,,1.15.0
PRJNA1191223,preterm,1.0,92,92,R1,complete,R1 sample.attr.sample_title: Gut metagenome of preterm infant P10-W1 | hit_frac=1.00;attr_col=sample_title,R2026.16,,1.15.0
PRJNA1191223,antibiotics,1.0,92,92,R2,complete,R2 paper.supp.41467_2025_62584_MOESM5_ESM.xlsx[Supp-Data-3!Antibiotic]: Antibiotic | relation=own_data;n_rows=92,R2026.16,,1.15.0
PRJNA1191223,probiotic,0.0,0,92,R2,tables_unjoinable_need_key,R2 paper.supp.41467_2025_62584_MOESM10_ESM.zip::Source_data_Fig1.xlsx[Genus-taxa-count!Lactobacillus]: Lactobacillus |…,R2026.16,,1.15.0
PRJNA949528,age,1.0,143,143,R3,complete,R3 paper.fulltext.body: teria: (a) an infant who is less than 5 months of age | relation=own_data;n_mentions=10,R2026.16,,1.15.0
PRJNA949528,delivery,1.0,143,143,R3,complete,"R3 paper.fulltext.body: These differences may be related to the mode of delivery, with infants | relation=own_data;n_me…",R2026.16,,1.15.0
PRJNA949528,feeding,0.0,0,143,R3,partial_coverage,R3 paper.fulltext.body: dies 3 . One of the main assumptions in breastfeeding is gastrointestinal | relation=own_data;n…,R2026.16,,1.15.0
PRJNA949528,preterm,0.0,0,143,R3,partial_coverage,R3 paper.fulltext.body: de children born with any pathology and premature babies. Neonatal meconium samples | relation=…,R2026.16,,1.15.0
PRJNA949528,antibiotics,0.0,0,143,R3,partial_coverage,R3 paper.fulltext.body: at play. Such a factor may be maternal antibiotics in the perinatal | relation=own_data;n_menti…,R2026.16,,1.15.0
PRJNA949528,probiotic,0.0,0,143,R3,partial_coverage,R3 paper.fulltext.body: f infantile colic is the ability of the probiotic strain Lactobacillus reuteri | relation=own_d…,R2026.16,,1.15.0
PRJNA1102671,age,0.0,0,11,R1,no_linked_paper,R1 sample.attr.library_name: VRM-17D | hit_frac=0.55;attr_col=library_name,R2026.16,,1.15.0
PRJNA1102671,delivery,0.0,0,11,R0,no_linked_paper,R0 no_linked_paper;no_attribute,R2026.16,,1.15.0
PRJNA1102671,feeding,0.0,0,11,R0,no_linked_paper,R0 no_linked_paper;no_attribute,R2026.16,,1.15.0
PRJNA1102671,preterm,0.0,0,11,R0,no_linked_paper,R0 no_linked_paper;no_attribute,R2026.16,,1.15.0
PRJNA1102671,antibiotics,0.0,0,11,R0,no_linked_paper,R0 no_linked_paper;no_attribute,R2026.16,,1.15.0
PRJNA1102671,probiotic,0.0,0,11,R0,no_linked_paper,R0 no_linked_paper;no_attribute,R2026.16,,1.15.0
PRJNA299342,age,0.0,0,11,R0,no_linked_paper,R0 no_linked_paper;no_attribute,R2026.16,,1.15.0
PRJNA299342,delivery,0.0,0,11,R0,no_linked_paper,R0 no_linked_paper;no_attribute,R2026.16,,1.15.0
PRJNA299342,feeding,0.0,0,11,R0,no_linked_paper,R0 no_linked_paper;no_attribute,R2026.16,,1.15.0
PRJNA299342,preterm,0.0,0,11,R0,no_linked_paper,R0 no_linked_paper;no_attribute,R2026.16,,1.15.0
PRJNA299342,antibiotics,0.0,0,11,R0,no_linked_paper,R0 no_linked_paper;no_attribute,R2026.16,,1.15.0
PRJNA299342,probiotic,0.0,0,11,R0,no_linked_paper,R0 no_linked_paper;no_attribute,R2026.16,,1.15.0
PRJNA390646,age,0.0,0,60,R2,partial_coverage,R2 paper.supp.41522_2023_392_MOESM1_ESM.xlsx[Supplementary Table 1!Age (days)]: Age (days) | relation=reused_public_dat…,R2026.16,,1.15.0
PRJNA390646,delivery,0.0,0,60,R2,partial_coverage,R2 paper.supp.41522_2023_392_MOESM1_ESM.xlsx[Supplementary Table 1!Mode of delivery]: Mode of delivery | relation=reuse…,R2026.16,,1.15.0
PRJNA390646,feeding,1.0,60,60,R3,complete,R3 paper.fulltext.body: eria are the dominant fecal microbes in breastfed infants ( 1 – | relation=own_data;n_mentions=…,R2026.16,,1.15.0
PRJNA390646,preterm,1.0,60,60,R3,complete,R3 paper.fulltext.body: innate and adaptive immune responses in premature infants. Forum Immunopathol Dis Ther | relati…,R2026.16,,1.15.0
PRJNA390646,antibiotics,0.0,0,60,R2,partial_coverage,R2 paper.supp.41522_2023_392_MOESM1_ESM.xlsx[Supplementary Table 1!Treatment]: Treatment | relation=reused_public_data;…,R2026.16,,1.15.0
PRJNA390646,probiotic,1.0,60,60,R2,complete,R2 paper.supp.41586_2026_10592_MOESM22_ESM.xlsx[panel c!Lactobacillales unclassified]: Lactobacillales unclassified | r…,R2026.16,,1.15.0
PRJNA1062322,age,0.0,0,57,R0,no_linked_paper,R0 no_linked_paper;no_attribute,R2026.16,,1.15.0
PRJNA1062322,delivery,1.0,57,57,R0,complete,R0 no_linked_paper;no_attribute,R2026.16,,1.15.0
PRJNA1062322,feeding,0.0,0,57,R0,no_linked_paper,R0 no_linked_paper;no_attribute,R2026.16,,1.15.0
PRJNA1062322,preterm,1.0,57,57,R0,complete,R0 no_linked_paper;no_attribute,R2026.16,,1.15.0
PRJNA1062322,antibiotics,0.0,0,57,R0,no_linked_paper,R0 no_linked_paper;no_attribute,R2026.16,,1.15.0
PRJNA1062322,probiotic,0.596491,34,57,R0,complete,R0 no_linked_paper;no_attribute,R2026.16,,1.15.0
PRJNA884688,age,0.477064,52,109,R3,no_supplement_found,R3 paper.fulltext.body: 4 ). Early complementary feeding (∼5–12 months of age) represents the time | relation=own_data;…,R2026.16,,1.15.0
PRJNA884688,delivery,0.0,0,109,R3,no_supplement_found,"R3 paper.fulltext.body: y ( 39 , 40 ). Besides mode of feeding, delivery mode | relation=own_data;n_mentions=2",R2026.16,,1.15.0
PRJNA884688,feeding,1.0,109,109,R1,complete,R1 sample.attr.sample_title: MGS sequence: infant feeding study | hit_frac=1.00;attr_col=sample_title,R2026.16,,1.15.0
PRJNA884688,preterm,1.0,109,109,R3,complete,"R3 paper.fulltext.body: Malawian infants and growth failure in preterm infants ( 6 , 7 | relation=own_data;n_mentions=4",R2026.16,,1.15.0
PRJNA884688,antibiotics,0.0,0,109,R3,no_supplement_found,R3 paper.fulltext.body: P = 0.02) of WLZ. Two participants had antibiotics during the intervention | relation=own_data;…,R2026.16,,1.15.0
PRJNA884688,probiotic,0.0,0,109,R3,no_supplement_found,"R3 paper.fulltext.body: of WLZ, suggesting that these potential probiotics may contribute to lower overweight | relatio…",R2026.16,,1.15.0
PRJNA798191,age,0.0,0,51,R3,no_supplement_found,R3 paper.fulltext.body: diatricians. They were enrolled at 9–16 weeks of age. Infants were eligible | relation=own_data…,R2026.16,,1.15.0
PRJNA798191,delivery,0.0,0,51,R3,no_supplement_found,"R3 paper.fulltext.body: 5) Median 37.5 39.0 Min–max 37–39 38–39 Mode of delivery, n (%) | relation=own_data;n_mentions=3",R2026.16,,1.15.0
PRJNA798191,feeding,1.0,51,51,R3,complete,"R3 paper.fulltext.body: h and 90th percentiles, and exclusively formula-fed at least two weeks before | relation=own_da…",R2026.16,,1.15.0
PRJNA798191,preterm,1.0,51,51,R3,complete,"R3 paper.fulltext.body: ontrolled study conducted with healthy, full-term, exclusively IF-fed infants. The total | rela…",R2026.16,,1.15.0
PRJNA798191,antibiotics,0.0,0,51,R3,no_supplement_found,"R3 paper.fulltext.body: cow’s milk allergy, use of probiotics, antibiotics or other medication that treat | relation=ow…",R2026.16,,1.15.0
PRJNA798191,probiotic,1.0,51,51,R3,complete,"R3 paper.fulltext.body: h documented cow’s milk allergy, use of probiotics, antibiotics or other medication | relation=…",R2026.16,,1.15.0
PRJEB14969,age,0.0,0,37,R3,no_supplement_found,"R3 paper.fulltext.body: ke from dairy, but not meat or cereals, at 12 months was | relation=own_data;n_mentions=2",R2026.16,,1.15.0
PRJEB14969,delivery,0.837838,31,37,R0,complete,R0 fulltext_scanned_no_mention;n_papers=1,R2026.16,,1.15.0
PRJEB14969,feeding,0.0,0,37,R3,no_supplement_found,R3 paper.fulltext.body: dult-like state 9 with the cessation of breastfeeding being identified as a | relation=own_data…,R2026.16,,1.15.0
PRJEB14969,preterm,1.0,37,37,R0,complete,R0 fulltext_scanned_no_mention;n_papers=1,R2026.16,,1.15.0
PRJEB14969,antibiotics,0.0,0,37,R3,no_supplement_found,R3 paper.fulltext.body: ntestinal and immunodeficiency disease; antibiotic use in the previous 3 months; medicatio | re…,R2026.16,,1.15.0
PRJEB14969,probiotic,0.0,0,37,R0,no_supplement_found,R0 fulltext_scanned_no_mention;n_papers=1,R2026.16,,1.15.0
PRJEB64567,age,1.0,28,28,R0,complete,R0 no_linked_paper;no_attribute,R2026.16,,1.15.0
PRJEB64567,delivery,0.0,0,28,R0,no_linked_paper,R0 no_linked_paper;no_attribute,R2026.16,,1.15.0
PRJEB64567,feeding,0.0,0,28,R0,no_linked_paper,R0 no_linked_paper;no_attribute,R2026.16,,1.15.0
PRJEB64567,preterm,0.0,0,28,R0,no_linked_paper,R0 no_linked_paper;no_attribute,R2026.16,,1.15.0
PRJEB64567,antibiotics,0.0,0,28,R0,no_linked_paper,R0 no_linked_paper;no_attribute,R2026.16,,1.15.0
PRJEB64567,probiotic,0.0,0,28,R0,no_linked_paper,R0 no_linked_paper;no_attribute,R2026.16,,1.15.0
PRJEB97976,age,0.0,0,108,R2,tables_unjoinable_need_key,R2 paper.supp.41467_2026_73297_MOESM4_ESM.zip::Source data/Source Data 1 (Main).xlsx[Fig. 3b p-values!Donor ID_timepoin…,R2026.16,,1.15.0
PRJEB97976,delivery,1.0,108,108,R3,complete,"R3 paper.fulltext.body: dyad cohort. Healthy mothers and their vaginally delivered and exclusively breastfed infants, |…",R2026.16,,1.15.0
PRJEB97976,feeding,1.0,108,108,R1,complete,R1 sample.attr.library_name: I_G_T2_HMOs_shotgun sequencing of faecal sample enriched in | hit_frac=1.00;attr_col=libra…,R2026.16,,1.15.0
PRJEB97976,preterm,0.0,0,108,R0,tables_unjoinable_need_key,R0 fulltext_scanned_no_mention;n_papers=1,R2026.16,,1.15.0
PRJEB97976,antibiotics,1.0,108,108,R2,complete,R2 paper.supp.41467_2026_73297_MOESM4_ESM.zip::Source data/Source Data 2 (SI).xlsx[SI Fig. 15a!antibiotics]: antibiotic…,R2026.16,,1.15.0
PRJEB97976,probiotic,0.0,0,108,R0,tables_unjoinable_need_key,R0 fulltext_scanned_no_mention;n_papers=1,R2026.16,,1.15.0
PRJNA606271,age,0.0,0,20,R2,partial_coverage,R2 paper.supp.41467_2020_20495_MOESM1_ESM.docx[table5!Age (months)]: Age (months) | relation=own_data;n_rows=29,R2026.16,,1.15.0
PRJNA606271,delivery,0.0,0,20,R3,partial_coverage,"R3 paper.fulltext.body: gestational age, birth weight Z-score, mode of delivery, maternal prepregnancy BMI, and | relat…",R2026.16,,1.15.0
PRJNA606271,feeding,0.45,9,20,R3,partial_coverage,"R3 paper.fulltext.body: boys: 39.5, SD 1.1). No differences in breastfeeding rates were detected between | relation=own…",R2026.16,,1.15.0
PRJNA606271,preterm,1.0,20,20,R3,complete,"R3 paper.fulltext.body: c exposure and affect childhood growth, gestational age, birth weight Z-score, mode | relation=…",R2026.16,,1.15.0
PRJNA606271,antibiotics,0.0,0,20,R2,partial_coverage,R2 paper.supp.41467_2020_20495_MOESM1_ESM.docx[table5!Control/Abx]: Control/Abx | relation=own_data;n_rows=29,R2026.16,,1.15.0
PRJNA606271,probiotic,0.0,0,20,R2,partial_coverage,R2 paper.supp.41467_2020_20495_MOESM3_ESM.xlsx[Supplementary Figure 6!Lactobacillus]: Lactobacillus | relation=own_data…,R2026.16,,1.15.0
PRJNA1128803,age,0.0,0,9,R0,no_linked_paper,R0 no_linked_paper;no_attribute,R2026.16,,1.15.0
PRJNA1128803,delivery,0.0,0,9,R0,no_linked_paper,R0 no_linked_paper;no_attribute,R2026.16,,1.15.0
PRJNA1128803,feeding,0.0,0,9,R0,no_linked_paper,R0 no_linked_paper;no_attribute,R2026.16,,1.15.0
PRJNA1128803,preterm,0.0,0,9,R0,no_linked_paper,R0 no_linked_paper;no_attribute,R2026.16,,1.15.0
PRJNA1128803,antibiotics,0.0,0,9,R0,no_linked_paper,R0 no_linked_paper;no_attribute,R2026.16,,1.15.0
PRJNA1128803,probiotic,0.0,0,9,R0,no_linked_paper,R0 no_linked_paper;no_attribute,R2026.16,,1.15.0
PRJNA1076911,age,1.0,25,25,R1,complete,R1 sample.attr.isolation_source: 6 weeks postpartum MotherW stool | hit_frac=1.00;attr_col=isolation_source,R2026.16,,1.15.0
PRJNA1076911,delivery,0.0,0,25,R3,partial_coverage,R3 paper.fulltext.body: ut microbiome dysbiosis associated with caesarean delivery was previously unclear. In thi | rel…,R2026.16,,1.15.0
PRJNA1076911,feeding,0.0,0,25,R3,partial_coverage,"R3 paper.fulltext.body: by factors such as delivery mode [ 4 ], breastfeeding and antibiotic | relation=own_data;n_ment…",R2026.16,,1.15.0
PRJNA1076911,preterm,0.0,0,25,R3,partial_coverage,R3 paper.fulltext.body: ks of gestation; 10–90th percentile for birthweight; maternal pre-pregnancy body mass index | r…,R2026.16,,1.15.0
PRJNA1076911,antibiotics,0.0,0,25,R3,partial_coverage,R3 paper.fulltext.body: ent The role of confounding intrapartum antibiotic use on infant gut microbiome | relation=own_…,R2026.16,,1.15.0
PRJNA1076911,probiotic,0.0,0,25,R3,partial_coverage,"R3 paper.fulltext.body: diabetes mellitus, infant antibiotic or probiotic use, maternal antibiotic use between 24 | rel…",R2026.16,,1.15.0
PRJNA504891,age,1.0,25,25,R2,complete,R2 paper.supp.mmc1.xlsx[Tab2 - PublicMetagenomes!Age (years)]: Age (years) | relation=own_data;n_rows=9316,R2026.16,,1.15.0
PRJNA504891,delivery,0.08,2,25,R2,tables_unjoinable_need_key,R2 paper.supp.42003_2026_9639_MOESM2_ESM.zip::Supplementary Data/Supplementary_Data_14.xlsx[FS2f-g!Delivery_mode_factor…,R2026.16,,1.15.0
PRJNA504891,feeding,0.0,0,25,R2,tables_unjoinable_need_key,R2 paper.supp.42003_2026_9639_MOESM2_ESM.zip::Supplementary Data/Supplementary_Data_14.xlsx[FS2f-g!Breast_18m_factor]:…,R2026.16,,1.15.0
PRJNA504891,preterm,0.0,0,25,R3,tables_unjoinable_need_key,"R3 paper.fulltext.body: ia are rarely shared by co-hospitalized premature infants, regardless of necrotizing ente | rel…",R2026.16,,1.15.0
PRJNA504891,antibiotics,0.0,0,25,R3,tables_unjoinable_need_key,"R3 paper.fulltext.body: h groups’ microbiomes encoded extensive antibiotic biosynthesis genes ( Figure 5 E), | relation…",R2026.16,,1.15.0
PRJNA504891,probiotic,0.0,0,25,R2,tables_unjoinable_need_key,"R2 paper.supp.42003_2026_9639_MOESM2_ESM.zip::Supplementary Data/Supplementary_Data_14.xlsx[F2c-d, FS2a-d!Teff_Freq_Fac…",R2026.16,,1.15.0
PRJEB86954,age,1.0,23,23,R2,complete,R2 paper.supp.KGMI_A_2587966_SM0647.xlsx[S2a!Age group]: Age group | relation=own_data;n_rows=1004,R2026.16,,1.15.0
PRJEB86954,delivery,0.0,0,23,R0,partial_coverage,R0 fulltext_scanned_no_mention;n_papers=1,R2026.16,,1.15.0
PRJEB86954,feeding,0.0,0,23,R0,partial_coverage,R0 fulltext_scanned_no_mention;n_papers=1,R2026.16,,1.15.0
PRJEB86954,preterm,0.0,0,23,R3,partial_coverage,"R3 paper.fulltext.body: ombo-Ngoma G, et al. Association of low birth weight and polyparasitic infection | relation=own…",R2026.16,,1.15.0
PRJEB86954,antibiotics,0.0,0,23,R0,partial_coverage,R0 fulltext_scanned_no_mention;n_papers=1,R2026.16,,1.15.0
PRJEB86954,probiotic,0.0,0,23,R0,partial_coverage,R0 fulltext_scanned_no_mention;n_papers=1,R2026.16,,1.15.0
PRJDA72415,age,0.727273,16,22,R3,complete,R3 sample.attr.sample_title: P1-026D | partial_attr hit_frac=0.01,R2026.16,,1.15.0
PRJDA72415,delivery,0.0,0,22,R0,no_linked_paper,R0 no_linked_paper;no_attribute,R2026.16,,1.15.0
PRJDA72415,feeding,0.0,0,22,R0,no_linked_paper,R0 no_linked_paper;no_attribute,R2026.16,,1.15.0
PRJDA72415,preterm,0.0,0,22,R0,no_linked_paper,R0 no_linked_paper;no_attribute,R2026.16,,1.15.0
PRJDA72415,antibiotics,0.0,0,22,R0,no_linked_paper,R0 no_linked_paper;no_attribute,R2026.16,,1.15.0
PRJDA72415,probiotic,0.0,0,22,R0,no_linked_paper,R0 no_linked_paper;no_attribute,R2026.16,,1.15.0
PRJNA1304237,age,1.0,22,22,R3,complete,R3 paper.fulltext.body: erm infants matched for gestational and postnatal age were recruited as controls. | relation=ow…,R2026.16,,1.15.0
PRJNA1304237,delivery,0.0,0,22,R3,partial_coverage,R3 paper.fulltext.body: ers with PPROM 3 (25%) 2 (16.67%) 0.615 Mode of delivery (Vaginal/LSCS) | relation=own_data;n_m…,R2026.16,,1.15.0
PRJNA1304237,feeding,0.0,0,22,R0,partial_coverage,R0 fulltext_scanned_no_mention;n_papers=1,R2026.16,,1.15.0
PRJNA1304237,preterm,0.0,0,22,R3,partial_coverage,R3 paper.fulltext.body: ntributes to morbidity and mortality in preterm infants. The incidence of NEC | relation=own_da…,R2026.16,,1.15.0
PRJNA1304237,antibiotics,0.0,0,22,R3,partial_coverage,"R3 paper.fulltext.body: formula feeding, maternal and neonatal antibiotic exposure, and premature birth, have bee | rel…",R2026.16,,1.15.0
PRJNA1304237,probiotic,0.0,0,22,R3,partial_coverage,R3 paper.fulltext.body: g to alterations in the gut microbiota. Probiotics have been shown to | relation=own_data;n_men…,R2026.16,,1.15.0
PRJNA1217583,age,0.470588,16,34,R3,partial_coverage,R3 paper.fulltext.body: practical reasoning scores in offspring at 36 months of age. These findings | relation=own_data…,R2026.16,,1.15.0
PRJNA1217583,delivery,0.0,0,34,R3,partial_coverage,"R3 paper.fulltext.body: robiome composition, particularly among vaginally delivered children from families with higher…",R2026.16,,1.15.0
PRJNA1217583,feeding,0.0,0,34,R3,partial_coverage,"R3 paper.fulltext.body: onal weight gain, mode of delivery, and breastfeeding practices [ 5 , | relation=own_data;n_men…",R2026.16,,1.15.0
PRJNA1217583,preterm,1.0,34,34,R3,complete,R3 paper.fulltext.body: the obstetric parameters revealed that gestational age at delivery in the obese | relation=own_…,R2026.16,,1.15.0
PRJNA1217583,antibiotics,1.0,34,34,R3,complete,"R3 paper.fulltext.body: ic composition, metabolic pathways, and antibiotic resistance genes during early postnatal | re…",R2026.16,,1.15.0
PRJNA1217583,probiotic,0.0,0,34,R3,partial_coverage,"R3 paper.fulltext.body: bolic functions provide new targets for probiotic and prebiotic therapy. For example, | relatio…",R2026.16,,1.15.0
PRJNA1260441,age,0.5,10,20,R0,complete,R0 no_linked_paper;no_attribute,R2026.16,,1.15.0
PRJNA1260441,delivery,0.0,0,20,R0,no_linked_paper,R0 no_linked_paper;no_attribute,R2026.16,,1.15.0
PRJNA1260441,feeding,0.0,0,20,R0,no_linked_paper,R0 no_linked_paper;no_attribute,R2026.16,,1.15.0
PRJNA1260441,preterm,0.0,0,20,R0,no_linked_paper,R0 no_linked_paper;no_attribute,R2026.16,,1.15.0
PRJNA1260441,antibiotics,0.0,0,20,R0,no_linked_paper,R0 no_linked_paper;no_attribute,R2026.16,,1.15.0
PRJNA1260441,probiotic,0.0,0,20,R0,no_linked_paper,R0 no_linked_paper;no_attribute,R2026.16,,1.15.0
PRJNA819247,age,0.0,0,20,R0,partial_coverage,R0 fulltext_scanned_no_mention;n_papers=1,R2026.16,,1.15.0
PRJNA819247,delivery,0.0,0,20,R3,partial_coverage,"R3 paper.fulltext.body: 2020 ; García-Mantrana et al., 2020 ), mode of delivery ( Bäckhed | relation=own_data;n_mention…",R2026.16,,1.15.0
PRJNA819247,feeding,1.0,20,20,R3,complete,"R3 paper.fulltext.body: et al., 2015 ; Bokulich et al., 2016 ), feeding practices (breastfeeding, | relation=own_data;n…",R2026.16,,1.15.0
PRJNA819247,preterm,0.0,0,20,R3,partial_coverage,"R3 paper.fulltext.body: tibiotic use ( Bokulich et al., 2016 ), gestational age at delivery | relation=own_data;n_menti…",R2026.16,,1.15.0
PRJNA819247,antibiotics,1.0,20,20,R3,complete,"R3 paper.fulltext.body: et al., 2018 ; Stewart et al., 2018 ), antibiotic use ( | relation=own_data;n_mentions=22",R2026.16,,1.15.0
PRJNA819247,probiotic,0.0,0,20,R3,partial_coverage,"R3 paper.fulltext.body: s antibiotics, vitamin supplements, and probiotics, all of which may impact results. | relation…",R2026.16,,1.15.0
PRJNA889771,age,1.0,46,46,R1,complete,R1 sample.attr.sample_title: Infant Gut #7 DOL 17 | hit_frac=1.00;attr_col=sample_title,R2026.16,,1.15.0
PRJNA889771,delivery,0.0,0,46,R0,no_linked_paper,R0 no_linked_paper;no_attribute,R2026.16,,1.15.0
PRJNA889771,feeding,0.0,0,46,R0,no_linked_paper,R0 no_linked_paper;no_attribute,R2026.16,,1.15.0
PRJNA889771,preterm,1.0,46,46,R0,complete,R0 no_linked_paper;no_attribute,R2026.16,,1.15.0
PRJNA889771,antibiotics,0.0,0,46,R0,no_linked_paper,R0 no_linked_paper;no_attribute,R2026.16,,1.15.0
PRJNA889771,probiotic,0.0,0,46,R0,no_linked_paper,R0 no_linked_paper;no_attribute,R2026.16,,1.15.0
PRJNA497734,age,1.0,1135,1135,R2,complete,R2 paper.supp.NIHMS1512780-supplement-Sup_Table_1.xlsx[Samples!age_at_collection]: age_at_collection | relation=own_dat…,R2026.16,,1.15.0
PRJNA497734,delivery,1.0,1135,1135,R2,complete,"R2 paper.supp.NIHMS1512780-supplement-Sup_Table_1.xlsx[Pregnancy, birth!csection]: csection | relation=own_data;n_rows=…",R2026.16,,1.15.0
PRJNA497734,feeding,0.767401,871,1135,R2,complete,R2 paper.supp.NIHMS1512780-supplement-Sup_Table_1.xlsx[Mlik!milk_first_three_days]: milk_first_three_days | relation=ow…,R2026.16,,1.15.0
PRJNA497734,preterm,0.0,0,1135,R2,controlled_access,"R2 paper.supp.NIHMS1512780-supplement-Sup_Table_1.xlsx[Pregnancy, birth!gestational_diabetes]: gestational_diabetes | r…",R2026.16,,1.15.0
PRJNA497734,antibiotics,0.0,0,1135,R2,controlled_access,R2 paper.supp.41467_2024_45209_MOESM3_ESM.csv[!Mother_antibiotics]: Mother_antibiotics | relation=reused_public_data;n_…,R2026.16,,1.15.0
PRJNA497734,probiotic,0.0,0,1135,R2,controlled_access,R2 paper.supp.41467_2024_45209_MOESM3_ESM.csv[!Mother_probiotics]: Mother_probiotics | relation=reused_public_data;n_ro…,R2026.16,,1.15.0
PRJEB62690,age,1.0,1110,1110,R1,complete,R1 sample.attr.sample_title: 08-004 - Week 2 - chrhmo_10_14 | hit_frac=1.00;attr_col=sample_title,R2026.16,,1.15.0
PRJEB62690,delivery,1.0,1110,1110,R3,complete,R3 paper.fulltext.body: a fluctuating microbiome influenced by birth mode and exposure to environmental bacteria | rela…,R2026.16,,1.15.0
PRJEB62690,feeding,1.0,1110,1110,R3,complete,R3 paper.fulltext.body: 1. Introduction Human breastmilk provides the optimal nutritional compos | relation=unsure;n_me…,R2026.16,,1.15.0
PRJEB62690,preterm,0.0,0,1110,R3,no_supplement_found,"R3 paper.fulltext.body: (V1), born at full term (37–42 weeks of gestational age), singleton birth, | relation=unsure;n_…",R2026.16,,1.15.0
PRJEB62690,antibiotics,0.0,0,1110,R3,no_supplement_found,R3 paper.fulltext.body: s milk protein or (c) administration of antibiotics prior to V1 and | relation=unsure;n_mention…,R2026.16,,1.15.0
PRJEB62690,probiotic,0.0,0,1110,R0,no_supplement_found,R0 fulltext_scanned_no_mention;n_papers=1,R2026.16,,1.15.0
PRJNA1112760,age,1.0,64,64,R3,complete,R3 paper.fulltext.body: achnoid spaces. Starting from the first day of life every infant received | relation=own_data;n…,R2026.16,,1.15.0
PRJNA1112760,delivery,0.0,0,64,R0,partial_coverage,R0 fulltext_scanned_no_mention;n_papers=1,R2026.16,,1.15.0
PRJNA1112760,feeding,0.0,0,64,R0,partial_coverage,R0 fulltext_scanned_no_mention;n_papers=1,R2026.16,,1.15.0
PRJNA1112760,preterm,1.0,64,64,R1,complete,R1 sample.attr.sample_title: stool from an extremely premature neonate | hit_frac=1.00;attr_col=sample_title,R2026.16,,1.15.0
PRJNA1112760,antibiotics,0.0,0,64,R3,partial_coverage,R3 paper.fulltext.body: e) Dot plot visualizing the presence of antibiotic resistance genes in dereplicated | relation=…,R2026.16,,1.15.0
PRJNA1112760,probiotic,1.0,64,64,R3,complete,R3 paper.fulltext.body: t day of life every infant received the probiotic preparation Infloran ( | relation=own_data;n_…,R2026.16,,1.15.0
PRJEB83236,age,1.0,385,385,R3,complete,R3 paper.fulltext.body: fant stool samples from birth up to six months of age: Bifidobacterium | relation=own_data;n_me…,R2026.16,,1.15.0
PRJEB83236,delivery,1.0,385,385,R3,complete,"R3 paper.fulltext.body: ant-maternal characteristics (including mode of delivery, infant feeding practices, infant anti…",R2026.16,,1.15.0
PRJEB83236,feeding,0.0,0,385,R3,no_supplement_found,"R3 paper.fulltext.body: ics (including mode of delivery, infant feeding practices, infant antibiotic exposure, and | re…",R2026.16,,1.15.0
PRJEB83236,preterm,1.0,385,385,R3,complete,R3 paper.fulltext.body: elivered by C-section (54%). The median gestational age among preterm infants was | relation=ow…,R2026.16,,1.15.0
PRJEB83236,antibiotics,0.0,0,385,R3,no_supplement_found,"R3 paper.fulltext.body: ivery, infant feeding practices, infant antibiotic exposure, and maternal stool B. infanti | re…",R2026.16,,1.15.0
PRJEB83236,probiotic,0.0,0,385,R3,no_supplement_found,"R3 paper.fulltext.body: ), which could then be used to identify probiotic species/strains best suited | relation=own_da…",R2026.16,,1.15.0
PRJNA717139,age,1.0,18,18,R3,complete,R3 paper.fulltext.body: e infants primarily during the first 30 days of life (DOL) (full | relation=own_data;n_mentions…,R2026.16,,1.15.0
PRJNA717139,delivery,0.0,0,18,R0,no_supplement_found,R0 fulltext_scanned_no_mention;n_papers=1,R2026.16,,1.15.0
PRJNA717139,feeding,0.0,0,18,R0,no_supplement_found,R0 fulltext_scanned_no_mention;n_papers=1,R2026.16,,1.15.0
PRJNA717139,preterm,0.0,0,18,R3,no_supplement_found,R3 paper.fulltext.body: gs [ 8 ]. C. parapsilosis infections of premature infants are of | relation=own_data;n_mentions…,R2026.16,,1.15.0
PRJNA717139,antibiotics,0.0,0,18,R3,no_supplement_found,R3 paper.fulltext.body: infants in particular typically receive antibiotics in the first weeks of life | relation=own_d…,R2026.16,,1.15.0
PRJNA717139,probiotic,0.0,0,18,R0,no_supplement_found,R0 fulltext_scanned_no_mention;n_papers=1,R2026.16,,1.15.0
PRJNA1404625,age,1.0,835,835,R0,complete,R0 no_linked_paper;no_attribute,R2026.16,,1.15.0
PRJNA1404625,delivery,0.990419,827,835,R0,complete,R0 no_linked_paper;no_attribute,R2026.16,,1.15.0
PRJNA1404625,feeding,0.928144,775,835,R0,complete,R0 no_linked_paper;no_attribute,R2026.16,,1.15.0
PRJNA1404625,preterm,0.0,0,835,R0,no_linked_paper,R0 no_linked_paper;no_attribute,R2026.16,,1.15.0
PRJNA1404625,antibiotics,0.0,0,835,R0,no_linked_paper,R0 no_linked_paper;no_attribute,R2026.16,,1.15.0
PRJNA1404625,probiotic,0.0,0,835,R0,no_linked_paper,R0 no_linked_paper;no_attribute,R2026.16,,1.15.0
PRJEB87209,age,1.0,50,50,R2,complete,R2 paper.supp.41467_2025_65758_MOESM5_ESM.xlsx[pco species!age-pop]: age-pop | relation=own_data;n_rows=100,R2026.16,,1.15.0
PRJEB87209,delivery,1.0,50,50,R2,complete,R2 paper.supp.41467_2025_65758_MOESM2_ESM.xlsx[Sheet1!Mode of Delivery]: Mode of Delivery | relation=own_data;n_rows=101,R2026.16,,1.15.0
PRJEB87209,feeding,0.0,0,50,R2,partial_coverage,R2 paper.supp.41467_2025_65758_MOESM2_ESM.xlsx[Sheet1!Currently breastfeeding]: Currently breastfeeding | relation=own_…,R2026.16,,1.15.0
PRJEB87209,preterm,0.0,0,50,R3,partial_coverage,R3 paper.fulltext.body: 58) 0.958 Mean (SD) 317 (170) 317 (171) Gestational age at delivery | relation=own_data;n_menti…,R2026.16,,1.15.0
PRJEB87209,antibiotics,0.0,0,50,R3,partial_coverage,"R3 paper.fulltext.body: toxins, parasitic and other infections, antibiotics, and psycho-social stress, which vary | rel…",R2026.16,,1.15.0
PRJEB87209,probiotic,0.0,0,50,R0,partial_coverage,R0 fulltext_scanned_no_mention;n_papers=1,R2026.16,,1.15.0
PRJEB12669,age,1.0,15,15,R2,complete,R2 paper.supp.EMI4-13-626-s001.xlsx[Table_S1!Age (days)]: Age (days) | relation=reused_public_data;n_rows=1109,R2026.16,,1.15.0
PRJEB12669,delivery,0.0,0,15,R2,partial_coverage,R2 paper.supp.EMI4-13-626-s001.xlsx[Table_S1!mode of delivery]: mode of delivery | relation=reused_public_data;n_rows=1…,R2026.16,,1.15.0
PRJEB12669,feeding,0.0,0,15,R2,partial_coverage,R2 paper.supp.Data_Sheet_6.XLSX[Table S5!A Breast milk]: A Breast milk | relation=reused_public_data;n_rows=272,R2026.16,,1.15.0
PRJEB12669,preterm,0.0,0,15,R2,partial_coverage,R2 paper.supp.EMI4-13-626-s001.xlsx[Table_S1!Birthweight]: Birthweight | relation=reused_public_data;n_rows=1109,R2026.16,,1.15.0
PRJEB12669,antibiotics,0.0,0,15,R2,partial_coverage,R2 paper.supp.EMI4-13-626-s001.xlsx[Table_S1!treatment]: treatment | relation=reused_public_data;n_rows=1109,R2026.16,,1.15.0
PRJEB12669,probiotic,0.0,0,15,R2,partial_coverage,R2 paper.supp.EMI4-13-626-s001.xlsx[Table_S4!Lactobacillus ruminis]: Lactobacillus ruminis | relation=reused_public_dat…,R2026.16,,1.15.0
PRJNA436562,age,1.0,46,46,R2,complete,R2 paper.supp.sph005182646st4.pdf[page1_t1!Month]: Month | relation=own_data;n_rows=28,R2026.16,,1.15.0
PRJNA436562,delivery,0.0,0,46,R2,partial_coverage,R2 paper.supp.41522_2025_868_MOESM2_ESM.xlsx[Data S1!Delivery Mode]: Delivery Mode | relation=reused_public_data;n_rows…,R2026.16,,1.15.0
PRJNA436562,feeding,1.0,46,46,R2,complete,R2 paper.supp.Data_Sheet_6.XLSX[Table S5!A Breast milk]: A Breast milk | relation=reused_public_data;n_rows=272,R2026.16,,1.15.0
PRJNA436562,preterm,0.0,0,46,R3,partial_coverage,"R3 paper.fulltext.body: livery mode (vaginal or section), term (full-term or premature), or feeding pattern | relation=…",R2026.16,,1.15.0
PRJNA436562,antibiotics,0.0,0,46,R3,partial_coverage,"R3 paper.fulltext.body: m is intrinsically resistant to several antibiotics, it is not known to | relation=own_data;n_m…",R2026.16,,1.15.0
PRJNA436562,probiotic,0.0,0,46,R3,partial_coverage,R3 paper.fulltext.body: s with an HMO-consuming Bifidobacterium probiotic resulted in lasting colonization of the | rel…,R2026.16,,1.15.0
PRJNA748448,age,0.0,0,12,R3,partial_coverage,R3 paper.fulltext.body: d every other week from birth week to 2 months of age. | relation=own_data;n_mentions=8,R2026.16,,1.15.0
PRJNA748448,delivery,0.0,0,12,R3,partial_coverage,"R3 paper.fulltext.body: s, and it is likely to be influenced by birth mode, feeding | relation=own_data;n_mentions=3",R2026.16,,1.15.0
PRJNA748448,feeding,0.0,0,12,R0,partial_coverage,R0 fulltext_scanned_no_mention;n_papers=1,R2026.16,,1.15.0
PRJNA748448,preterm,1.0,12,12,R3,complete,R3 paper.fulltext.body: ong the health problems associated with preterm birth is an increased risk | relation=own_data;…,R2026.16,,1.15.0
PRJNA748448,antibiotics,1.0,12,12,R3,complete,"R3 paper.fulltext.body: erventions, such as the use of systemic antibiotics along with antiseptic wipes | relation=own_…",R2026.16,,1.15.0
PRJNA748448,probiotic,0.0,0,12,R3,partial_coverage,R3 paper.fulltext.body: S. epidermidis strains may be useful as probiotics through their production of | relation=own_d…,R2026.16,,1.15.0
PRJNA633576,age,0.991189,225,227,R2,complete,R2 paper.supp.41598_2020_80583_MOESM6_ESM.xls[Metada !Age]: Age | relation=own_data;n_rows=227,R2026.16,,1.15.0
PRJNA633576,delivery,0.0,0,227,R2,partial_coverage,R2 paper.supp.41522_2025_868_MOESM2_ESM.xlsx[Data S1!Delivery Mode]: Delivery Mode | relation=reused_public_data;n_rows…,R2026.16,,1.15.0
PRJNA633576,feeding,0.995595,226,227,R2,complete,R2 paper.supp.Data_Sheet_6.XLSX[Table S5!A Breast milk]: A Breast milk | relation=reused_public_data;n_rows=272,R2026.16,,1.15.0
PRJNA633576,preterm,1.0,227,227,R3,complete,"R3 paper.fulltext.body: countries have described communities in preterm infants 16 , 17 , and | relation=own_data;n_men…",R2026.16,,1.15.0
PRJNA633576,antibiotics,0.0,0,227,R2,partial_coverage,R2 paper.supp.41598_2020_80583_MOESM9_ESM.xls[CHROMOS_arg_state.txt!Drug Class]: Drug Class | relation=own_data;n_rows=…,R2026.16,,1.15.0
PRJNA633576,probiotic,0.0,0,227,R2,partial_coverage,R2 paper.supp.41586_2026_10592_MOESM22_ESM.xlsx[panel c!Lactobacillales unclassified]: Lactobacillales unclassified | r…,R2026.16,,1.15.0
PRJNA555020,age,0.0,0,8,R2,partial_coverage,R2 paper.supp.41467_2019_13014_MOESM4_ESM.xlsx[F1B!age_sample]: age_sample | relation=own_data;n_rows=915,R2026.16,,1.15.0
PRJNA555020,delivery,0.0,0,8,R2,partial_coverage,R2 paper.supp.41467_2022_34155_MOESM4_ESM.xlsx[Fig3b!grp]: grp | relation=own_data;n_rows=110,R2026.16,,1.15.0
PRJNA555020,feeding,0.0,0,8,R2,partial_coverage,R2 paper.supp.41467_2022_34155_MOESM4_ESM.xlsx[Fig3b!grp]: grp | relation=own_data;n_rows=110,R2026.16,,1.15.0
PRJNA555020,preterm,1.0,8,8,R3,complete,"R3 paper.fulltext.body: over both groups with the exception of gestational age (two-sample t test, | relation=own_data;…",R2026.16,,1.15.0
PRJNA555020,antibiotics,0.0,0,8,R2,partial_coverage,R2 paper.supp.41467_2022_28525_MOESM4_ESM.xlsx[eF3!abr]: abr | relation=reused_public_data;n_rows=632,R2026.16,,1.15.0
PRJNA555020,probiotic,0.0,0,8,R3,partial_coverage,R3 paper.fulltext.body: ed microbes well-known for their use as probiotics 24 . They promote | relation=own_data;n_ment…,R2026.16,,1.15.0
PRJNA895372,age,1.0,28,28,R3,complete,"R3 paper.fulltext.body: ion models adjusted for gestational age at birth, birthweight, and age at | relation=unsure;n_m…",R2026.16,,1.15.0
PRJNA895372,delivery,0.0,0,28,R2,partial_coverage,R2 paper.supp.KGMI_A_2298697_SM2306.xlsx[DeliveryVD!DeliveryVD1_Estimate]: DeliveryVD1_Estimate | relation=unsure;n_row…,R2026.16,,1.15.0
PRJNA895372,feeding,0.0,0,28,R3,partial_coverage,"R3 paper.fulltext.body: % Delivery mode, % vaginal delivery 81% Feeding type, % formula (4 | relation=unsure;n_mentions…",R2026.16,,1.15.0
PRJNA895372,preterm,1.0,28,28,R2,complete,R2 paper.supp.KGMI_A_2298697_SM2307.xlsx[Linear regression!Birthweight_Estimate]: Birthweight_Estimate | relation=unsur…,R2026.16,,1.15.0
PRJNA895372,antibiotics,0.0,0,28,R3,partial_coverage,"R3 paper.fulltext.body: nt/type, amount/type of the solid food, antibiotic usage and infections, other medications | re…",R2026.16,,1.15.0
PRJNA895372,probiotic,0.0,0,28,R3,partial_coverage,"R3 paper.abstract: itamin B 12 nutritional or Blautia spp. probiotic supplementation, to support the | relation=unsure;…",R2026.16,,1.15.0
PRJNA1067625,age,1.0,13,13,R0,complete,R0 no_linked_paper;no_attribute,R2026.16,,1.15.0
PRJNA1067625,delivery,0.0,0,13,R0,no_linked_paper,R0 no_linked_paper;no_attribute,R2026.16,,1.15.0
PRJNA1067625,feeding,0.0,0,13,R0,no_linked_paper,R0 no_linked_paper;no_attribute,R2026.16,,1.15.0
PRJNA1067625,preterm,0.0,0,13,R0,no_linked_paper,R0 no_linked_paper;no_attribute,R2026.16,,1.15.0
PRJNA1067625,antibiotics,0.0,0,13,R0,no_linked_paper,R0 no_linked_paper;no_attribute,R2026.16,,1.15.0
PRJNA1067625,probiotic,0.0,0,13,R0,no_linked_paper,R0 no_linked_paper;no_attribute,R2026.16,,1.15.0
PRJNA979436,age,1.0,13,13,R3,complete,"R3 paper.fulltext.body: metabolomics, and host transcriptomics at 6 months of age. Exploiting these multi-omics | relat…",R2026.16,,1.15.0
PRJNA979436,delivery,0.0,0,13,R2,pdf_only_supplement,R2 paper.supp.41522_2025_714_MOESM1_ESM.pdf[page4_t1!Delivery mode]: Delivery mode | relation=own_data;n_rows=22,R2026.16,,1.15.0
PRJNA979436,feeding,0.0,0,13,R2,pdf_only_supplement,R2 paper.supp.41522_2025_714_MOESM1_ESM.pdf[page4_t1!Feeding type]: Feeding type | relation=own_data;n_rows=22,R2026.16,,1.15.0
PRJNA979436,preterm,0.0,0,13,R3,pdf_only_supplement,R3 paper.fulltext.body: ving growth and development in term and preterm neonates. Cochrane Db. Syst. | relation=own_dat…,R2026.16,,1.15.0
PRJNA979436,antibiotics,0.0,0,13,R0,pdf_only_supplement,R0 fulltext_scanned_no_mention;n_papers=1,R2026.16,,1.15.0
PRJNA979436,probiotic,0.0,0,13,R3,pdf_only_supplement,R3 paper.fulltext.body: ted by the gut microbiota 10 – 12 . The probiotic Bifidobacterium | relation=own_data;n_mention…,R2026.16,,1.15.0
PRJNA300541,age,1.0,26,26,R2,complete,R2 paper.supp.41598_2023_47748_MOESM2_ESM.xlsx[16S_Samples_info!Age_years]: Age_years | relation=own_data;n_rows=1484,R2026.16,,1.15.0
PRJNA300541,delivery,0.0,0,26,R3,tables_unjoinable_need_key,"R3 paper.fulltext.body: trongly influenced by factors including birth mode, breastfeeding, and diet 8 , | relation=own_…",R2026.16,,1.15.0
PRJNA300541,feeding,0.0,0,26,R3,tables_unjoinable_need_key,"R3 paper.fulltext.body: , 6 , 7 . Factors, such as birth-mode, breast-feeding, diet, antibiotic | relation=own_data;n_m…",R2026.16,,1.15.0
PRJNA300541,preterm,1.0,26,26,R3,complete,"R3 paper.fulltext.body: stfeeding or infant formula) ( 3 – 5 ), gestational age, health | relation=unsure;n_mentions=1",R2026.16,,1.15.0
PRJNA300541,antibiotics,0.0,0,26,R3,tables_unjoinable_need_key,"R3 paper.fulltext.body: ch as birth-mode, breast-feeding, diet, antibiotic treatment, diseases, and proximity with | re…",R2026.16,,1.15.0
PRJNA300541,probiotic,0.0,0,26,R0,tables_unjoinable_need_key,R0 fulltext_scanned_no_mention;n_papers=10,R2026.16,,1.15.0
PRJNA433393,age,1.0,12,12,R1,complete,R1 sample.attr.sample_title: Infant L1_008 DOL 124 | hit_frac=0.86;attr_col=sample_title,R2026.16,,1.15.0
PRJNA433393,delivery,0.0,0,12,R0,no_linked_paper,R0 no_linked_paper;no_attribute,R2026.16,,1.15.0
PRJNA433393,feeding,0.0,0,12,R0,no_linked_paper,R0 no_linked_paper;no_attribute,R2026.16,,1.15.0
PRJNA433393,preterm,0.0,0,12,R0,no_linked_paper,R0 no_linked_paper;no_attribute,R2026.16,,1.15.0
PRJNA433393,antibiotics,0.0,0,12,R0,no_linked_paper,R0 no_linked_paper;no_attribute,R2026.16,,1.15.0
PRJNA433393,probiotic,0.0,0,12,R0,no_linked_paper,R0 no_linked_paper;no_attribute,R2026.16,,1.15.0
PRJEB54991,age,1.0,162,162,R3,complete,R3 paper.fulltext.body: ntiles and APGAR scores of 7 or greater at birth were eligible. | relation=own_data;n_mentions=7,R2026.16,,1.15.0
PRJEB54991,delivery,0.0,0,162,R3,partial_coverage,R3 paper.fulltext.body: owed by Black and African American. The mode of delivery of most | relation=own_data;n_mentions…,R2026.16,,1.15.0
PRJEB54991,feeding,1.0,162,162,R3,complete,R3 paper.fulltext.body: ed randomized controlled study with two formula-fed arms and a reference breastfed | relation=o…,R2026.16,,1.15.0
PRJEB54991,preterm,1.0,162,162,R3,complete,R3 paper.fulltext.body: gestation) infants of either sex with a birth weight between the 5th | relation=own_data;n_ment…,R2026.16,,1.15.0
PRJEB54991,antibiotics,0.0,0,162,R3,partial_coverage,R3 paper.fulltext.body: the infant gut microbiome and impact of antibiotic treatment on bacterial strain | relation=own…,R2026.16,,1.15.0
PRJEB54991,probiotic,0.0,0,162,R0,partial_coverage,R0 fulltext_scanned_no_mention;n_papers=1,R2026.16,,1.15.0
PRJNA1148144,age,1.0,24,24,R3,complete,R3 paper.fulltext.body: ]. Although early-onset infections (< 7 days of life) have decreased following | relation=own_d…,R2026.16,,1.15.0
PRJNA1148144,delivery,0.0,0,24,R3,partial_coverage,"R3 paper.fulltext.body: icrobials, other medications, diet, and birth mode [ 77 ]. However, given | relation=own_data;n…",R2026.16,,1.15.0
PRJNA1148144,feeding,0.0,0,24,R3,partial_coverage,"R3 paper.fulltext.body: iome-targeting interventions, including breastfeeding [ 78 ], may provide a protective ro | rel…",R2026.16,,1.15.0
PRJNA1148144,preterm,1.0,24,24,R3,complete,"R3 paper.fulltext.body: how to prevent late-onset infections in full-term infants, motivating a better understand | rel…",R2026.16,,1.15.0
PRJNA1148144,antibiotics,0.0,0,24,R3,partial_coverage,R3 paper.fulltext.body: llowing the introduction of intrapartum antibiotic prophylaxis for Streptococcus agalactia | re…,R2026.16,,1.15.0
PRJNA1148144,probiotic,0.0,0,24,R0,partial_coverage,R0 fulltext_scanned_no_mention;n_papers=2,R2026.16,,1.15.0
PRJEB51728,age,1.0,859,859,R2,complete,R2 paper.supp.41467_2023_36135_MOESM5_ESM.xlsx[Supp data 2!age]: age | relation=own_data;n_rows=90,R2026.16,,1.15.0
PRJEB51728,delivery,0.705471,606,859,R2,complete,R2 paper.supp.mmc2.docx[table1!#Born method]: #Born method | relation=reused_public_data;n_rows=14,R2026.16,,1.15.0
PRJEB51728,feeding,0.0,0,859,R2,partial_coverage,R2 paper.supp.mmc1.xlsx[Table S2!started_solids]: started_solids | relation=reused_public_data;n_rows=3981,R2026.16,,1.15.0
PRJEB51728,preterm,0.705471,606,859,R2,complete,R2 paper.supp.mmc1.xlsx[Table S2!birth_weight]: birth_weight | relation=reused_public_data;n_rows=3981,R2026.16,,1.15.0
PRJEB51728,antibiotics,0.705471,606,859,R2,complete,R2 paper.supp.mmc1.xlsx[Table S2!antibiotics_current_use]: antibiotics_current_use | relation=reused_public_data;n_rows…,R2026.16,,1.15.0
PRJEB51728,probiotic,0.0,0,859,R3,partial_coverage,"R3 paper.fulltext.body: actose, and difucosyllactose by various probiotic and pathogenic bacteria. J Agric Food | relat…",R2026.16,,1.15.0
PRJNA215106,age,1.0,10,10,R2,complete,R2 paper.supp.pone.0078822.s002.pdf[page11_t1!Age]: Age | relation=own_data;n_rows=23,R2026.16,,1.15.0
PRJNA215106,delivery,0.0,0,10,R2,partial_coverage,R2 paper.supp.41522_2025_868_MOESM2_ESM.xlsx[Data S1!Delivery Mode]: Delivery Mode | relation=reused_public_data;n_rows…,R2026.16,,1.15.0
PRJNA215106,feeding,0.0,0,10,R2,partial_coverage,R2 paper.supp.Data_Sheet_6.XLSX[Table S5!A Breast milk]: A Breast milk | relation=reused_public_data;n_rows=272,R2026.16,,1.15.0
PRJNA215106,preterm,0.0,0,10,R3,partial_coverage,R3 paper.fulltext.body: e of delivery (vaginal or cesarean) and gestational age at birth (term | relation=reused_public…,R2026.16,,1.15.0
PRJNA215106,antibiotics,0.0,0,10,R3,partial_coverage,R3 paper.fulltext.body: Introduction Increasing antibiotic resistance in human pathogens threatens | relation=own_data;…,R2026.16,,1.15.0
PRJNA215106,probiotic,0.0,0,10,R3,partial_coverage,R3 paper.fulltext.body: identify potential interactions between probiotic and pathogenic gut microbes. Although m | rel…,R2026.16,,1.15.0
PRJNA707065,age,1.0,10,10,R1,complete,R1 sample.attr.sample_title: Infant stool sample collected at the age 6 months from famil | hit_frac=1.00;attr_col=samp…,R2026.16,,1.15.0
PRJNA707065,delivery,0.0,0,10,R3,partial_coverage,"R3 paper.fulltext.body: L, Bryant A, Bergerat A, Cher A, et al. Delivery mode affects | relation=own_data;n_mentions=2",R2026.16,,1.15.0
PRJNA707065,feeding,0.0,0,10,R2,partial_coverage,R2 paper.supp.41598_2022_4848_MOESM3_ESM.xlsx[N per strain !Breastfeeding status]: Breastfeeding status | relation=own_…,R2026.16,,1.15.0
PRJNA707065,preterm,0.0,0,10,R0,partial_coverage,R0 fulltext_scanned_no_mention;n_papers=1,R2026.16,,1.15.0
PRJNA707065,antibiotics,0.0,0,10,R0,partial_coverage,R0 fulltext_scanned_no_mention;n_papers=1,R2026.16,,1.15.0
PRJNA707065,probiotic,0.0,0,10,R3,partial_coverage,"R3 paper.fulltext.body: tional micronutrients, myo-inositol and probiotics— Lactobacillus rhamnosus NCC 4007 (CGM | rel…",R2026.16,,1.15.0
PRJNA1206145,age,1.0,108,108,R3,complete,R3 paper.fulltext.body: mization. 1 INTRODUCTION The first 1000 days of life are viewed as | relation=own_data;n_mentio…,R2026.16,,1.15.0
PRJNA1206145,delivery,1.0,108,108,R3,complete,R3 paper.fulltext.body: Key message Cesarean‐born infants often have a distinct gut | relation=own_data;n_mentions=9,R2026.16,,1.15.0
PRJNA1206145,feeding,0.0,0,108,R3,partial_coverage,R3 paper.fulltext.body: tage of infants receiving a majority of breast milk decreased in both | relation=own_data;n_men…,R2026.16,,1.15.0
PRJNA1206145,preterm,1.0,108,108,R0,complete,R0 fulltext_scanned_no_mention;n_papers=1,R2026.16,,1.15.0
PRJNA1206145,antibiotics,0.0,0,108,R3,partial_coverage,R3 paper.fulltext.body: uce SCFAs and are more likely to harbor antibiotic resistance genes. 10 | relation=own_data;n_m…,R2026.16,,1.15.0
PRJNA1206145,probiotic,0.0,0,108,R3,partial_coverage,"R3 paper.fulltext.body: ded infants who had previously received probiotic supplements, multiple birth infants, an | rel…",R2026.16,,1.15.0
PRJEB11419,age,1.0,78,78,R2,complete,R2 paper.supp.Table4.XLSX[TEDDY-SWE!age at collection]: age at collection | relation=reused_public_data;n_rows=3565,R2026.16,,1.15.0
PRJEB11419,delivery,0.961538,75,78,R2,complete,R2 paper.supp.mmc1.xlsx[Table S1!Delivery]: Delivery | relation=reused_public_data;n_rows=1035,R2026.16,,1.15.0
PRJEB11419,feeding,0.051282,4,78,R2,tables_unjoinable_need_key,R2 paper.supp.mmc1.xlsx[Table S1!Feeding]: Feeding | relation=reused_public_data;n_rows=1035,R2026.16,,1.15.0
PRJEB11419,preterm,0.0,0,78,R3,tables_unjoinable_need_key,"R3 paper.fulltext.body: tors such as mode of delivery, diet and gestational age [1] , | relation=reused_public_data;n_m…",R2026.16,,1.15.0
PRJEB11419,antibiotics,1.0,78,78,R3,complete,"R3 paper.fulltext.body: ntestinal diseases, and were not taking antibiotics at the time of sample | relation=reused_pub…",R2026.16,,1.15.0
PRJEB11419,probiotic,0.320513,25,78,R2,tables_unjoinable_need_key,R2 paper.supp.Table4.XLSX[Deehan!Probiotic]: Probiotic | relation=reused_public_data;n_rows=200,R2026.16,,1.15.0
PRJNA945262,age,0.826923,86,104,R3,complete,R3 paper.fulltext.body: thers (both MoVD and MoCS) at different time points of the lactation | relation=own_data;n_ment…,R2026.16,,1.15.0
PRJNA945262,delivery,0.0,0,104,R3,no_supplement_found,"R3 paper.fulltext.body: gestation (term or preterm birth), (ii) mode of delivery (vaginal delivery [VD] | relation=own_…",R2026.16,,1.15.0
PRJNA945262,feeding,0.826923,86,104,R3,complete,"R3 paper.fulltext.body: the VD babies, and (vi) breast skin and breast milk (BM) of | relation=own_data;n_mentions=37",R2026.16,,1.15.0
PRJNA945262,preterm,1.0,104,104,R3,complete,"R3 paper.fulltext.body: ing: (i) duration of gestation (term or preterm birth), (ii) mode of | relation=own_data;n_ment…",R2026.16,,1.15.0
PRJNA945262,antibiotics,0.0,0,104,R3,no_supplement_found,"R3 paper.fulltext.body: MoCSs may be the effect of intrapartum antibiotic prophylaxis, which is are | relation=own_data…",R2026.16,,1.15.0
PRJNA945262,probiotic,0.0,0,104,R3,no_supplement_found,R3 paper.fulltext.body: l enable designing better and efficient probiotics with the combination of key | relation=own_d…,R2026.16,,1.15.0
PRJNA343008,age,1.0,24,24,R3,complete,R3 sample.attr.library_name: EM205-T0 | partial_attr hit_frac=0.08,R2026.16,,1.15.0
PRJNA343008,delivery,1.0,24,24,R0,complete,R0 no_linked_paper;no_attribute,R2026.16,,1.15.0
PRJNA343008,feeding,0.0,0,24,R0,no_linked_paper,R0 no_linked_paper;no_attribute,R2026.16,,1.15.0
PRJNA343008,preterm,0.0,0,24,R0,no_linked_paper,R0 no_linked_paper;no_attribute,R2026.16,,1.15.0
PRJNA343008,antibiotics,0.0,0,24,R0,no_linked_paper,R0 no_linked_paper;no_attribute,R2026.16,,1.15.0
PRJNA343008,probiotic,0.0,0,24,R0,no_linked_paper,R0 no_linked_paper;no_attribute,R2026.16,,1.15.0
PRJNA524703,age,1.0,207,207,R2,complete,R2 paper.supp.41467_2025_61478_MOESM1_ESM.pdf[page2_t1!NC source / sample timepoint]: NC source / sample timepoint | re…,R2026.16,,1.15.0
PRJNA524703,delivery,0.884058,183,207,R2,complete,R2 paper.supp.41467_2026_74609_MOESM3_ESM.xlsx[Sheet1!Delivery mode metadata]: Delivery mode metadata | relation=reused…,R2026.16,,1.15.0
PRJNA524703,feeding,0.78744,163,207,R2,complete,R2 paper.supp.Data_Sheet_6.XLSX[Table S5!A Breast milk]: A Breast milk | relation=reused_public_data;n_rows=272,R2026.16,,1.15.0
PRJNA524703,preterm,0.0,0,207,R2,tables_unjoinable_need_key,R2 paper.supp.EMI4-13-626-s001.xlsx[Table_S1!Birthweight]: Birthweight | relation=reused_public_data;n_rows=1109,R2026.16,,1.15.0
PRJNA524703,antibiotics,0.0,0,207,R2,tables_unjoinable_need_key,R2 paper.supp.EMI4-13-626-s001.xlsx[Table_S1!treatment]: treatment | relation=reused_public_data;n_rows=1109,R2026.16,,1.15.0
PRJNA524703,probiotic,0.0,0,207,R2,tables_unjoinable_need_key,R2 paper.supp.EMI4-13-626-s001.xlsx[Table_S4!Lactobacillus ruminis]: Lactobacillus ruminis | relation=reused_public_dat…,R2026.16,,1.15.0
PRJEB62848,age,1.0,181,181,R3,complete,R3 paper.fulltext.body: ants who had received a placebo ( n = 4 at 0 | relation=unsure;n_mentions=10,R2026.16,,1.15.0
PRJEB62848,delivery,1.0,181,181,R3,complete,"R3 paper.fulltext.body: perinatal exposures, including birth by cesarean section and perinatal and postnatal ant | rela…",R2026.16,,1.15.0
PRJEB62848,feeding,0.0,0,181,R3,no_supplement_found,"R3 paper.fulltext.body: ibiotic treatment, as well as a lack of breast milk and parental | relation=unsure;n_mentions=15",R2026.16,,1.15.0
PRJEB62848,preterm,1.0,181,181,R1,complete,R1 sample.attr.sample_title: preterm probiotics infant L23_F0kk | hit_frac=1.00;attr_col=sample_title,R2026.16,,1.15.0
PRJEB62848,antibiotics,0.0,0,181,R3,no_supplement_found,"R3 paper.fulltext.body: ean section and perinatal and postnatal antibiotic treatment, as well as a | relation=unsure;n_…",R2026.16,,1.15.0
PRJEB62848,probiotic,1.0,181,181,R3,complete,R3 paper.fulltext.body: e preterm gut microbiome using specific probiotics to fight acute health challenges. | relation…,R2026.16,,1.15.0
PRJEB108038,age,1.0,16,16,R0,complete,R0 fulltext_scanned_no_mention;n_papers=1,R2026.16,,1.15.0
PRJEB108038,delivery,0.0,0,16,R0,partial_coverage,R0 fulltext_scanned_no_mention;n_papers=1,R2026.16,,1.15.0
PRJEB108038,feeding,0.0,0,16,R3,partial_coverage,"R3 paper.fulltext.body: cal interventions such as phototherapy, feeding practices, and antibiotic exposure ( Ding | rel…",R2026.16,,1.15.0
PRJEB108038,preterm,1.0,16,16,R0,complete,R0 fulltext_scanned_no_mention;n_papers=1,R2026.16,,1.15.0
PRJEB108038,antibiotics,0.0,0,16,R3,partial_coverage,"R3 paper.fulltext.body: athways ( Quince et al., 2017 ). 2.1.8. Antibiotic resistance genes and | relation=own_data;n_m…",R2026.16,,1.15.0
PRJEB108038,probiotic,0.0,0,16,R3,partial_coverage,"R3 paper.fulltext.body: crobiome-targeted interventions—such as probiotics, prebiotics, or maternal dietary modul | rel…",R2026.16,,1.15.0
PRJNA630999,age,0.593857,174,293,R2,complete,R2 paper.supp.Table_2.XLSX[Shannon.csv!Day Of Life]: Day Of Life | relation=own_data;n_rows=292,R2026.16,,1.15.0
PRJNA630999,delivery,0.129693,38,293,R2,tables_unjoinable_need_key,R2 paper.supp.ADVS-12-e05154-s006.xlsx[Sheet1!Delivery mode]: Delivery mode | relation=reused_public_data;n_rows=5684,R2026.16,,1.15.0
PRJNA630999,feeding,1.0,293,293,R2,complete,R2 paper.supp.ADVS-12-e05154-s006.xlsx[Sheet1!Feeding pattern]: Feeding pattern | relation=reused_public_data;n_rows=56…,R2026.16,,1.15.0
PRJNA630999,preterm,1.0,293,293,R2,complete,R2 paper.supp.ADVS-12-e05154-s006.xlsx[Sheet1!Gestational age (weeks)]: Gestational age (weeks) | relation=reused_publi…,R2026.16,,1.15.0
PRJNA630999,antibiotics,0.0,0,293,R2,tables_unjoinable_need_key,R2 paper.supp.ADVS-12-e05154-s006.xlsx[Sheet1!Infant antibiotics]: Infant antibiotics | relation=reused_public_data;n_r…,R2026.16,,1.15.0
PRJNA630999,probiotic,0.593857,174,293,R2,complete,R2 paper.supp.Table_2.XLSX[Shannon.csv!Probiotic]: Probiotic | relation=own_data;n_rows=292,R2026.16,,1.15.0
PRJNA762668,age,0.363636,12,33,R3,partial_coverage,R3 paper.fulltext.body: nt and dynamic process during the first days of life (Perez-Muñoz et | relation=own_data;n_ment…,R2026.16,,1.15.0
PRJNA762668,delivery,1.0,33,33,R3,complete,R3 paper.fulltext.body: ing the dramatically high rate of (43%) cesarean section (CS) compared with | relation=own_data…,R2026.16,,1.15.0
PRJNA762668,feeding,0.0,0,33,R3,partial_coverage,"R3 paper.fulltext.body: tibiotic administration, differences in breastfeeding behaviors, gestational age, and lik | rel…",R2026.16,,1.15.0
PRJNA762668,preterm,1.0,33,33,R3,complete,"R3 paper.fulltext.body: differences in breastfeeding behaviors, gestational age, and like in our case of | relation=own…",R2026.16,,1.15.0
PRJNA762668,antibiotics,1.0,33,33,R3,complete,"R3 paper.fulltext.body: confounding factors such as intrapartum antibiotic administration, differences in breastfe | re…",R2026.16,,1.15.0
PRJNA762668,probiotic,0.0,0,33,R0,partial_coverage,R0 fulltext_scanned_no_mention;n_papers=1,R2026.16,,1.15.0
PRJNA63661,age,1.0,474,474,R2,complete,R2 paper.supp.2049-2618-2-36-S1.xlsx[Metadata for upload 8_4_14!week]: week | relation=own_data;n_rows=151,R2026.16,,1.15.0
PRJNA63661,delivery,0.852321,404,474,R2,complete,R2 paper.supp.2049-2618-2-36-S1.xlsx[Metadata for upload 8_4_14!delivery_mode]: delivery_mode | relation=own_data;n_row…,R2026.16,,1.15.0
PRJNA63661,feeding,0.0,0,474,R2,partial_coverage,R2 paper.supp.Table_3.XLSX[mapping_global.txt!feeding_practice]: feeding_practice | relation=reused_public_data;n_rows=…,R2026.16,,1.15.0
PRJNA63661,preterm,0.626582,297,474,R2,complete,R2 paper.supp.2049-2618-2-36-S1.xlsx[Metadata for upload 8_4_14!infant_birthweight_g]: infant_birthweight_g | relation=…,R2026.16,,1.15.0
PRJNA63661,antibiotics,0.751055,356,474,R2,complete,R2 paper.supp.mgen-6-377-s002.xlsx[Supplementary_Table_1!Which week the antibiotic treatment was given]: Which week the…,R2026.16,,1.15.0
PRJNA63661,probiotic,0.0,0,474,R2,partial_coverage,R2 paper.supp.spectrum01176-21_supp_1_seq9.xlsx[Table S6!Limosilactobacillus fermentum]: Limosilactobacillus fermentum…,R2026.16,,1.15.0
PRJEB14801,age,1.0,20,20,R0,complete,R0 no_linked_paper;no_attribute,R2026.16,,1.15.0
PRJEB14801,delivery,0.0,0,20,R3,no_linked_paper,R3 sample.attr.sample_title: 1774.49Vaginal23.10.09 | partial_attr hit_frac=0.01,R2026.16,,1.15.0
PRJEB14801,feeding,1.0,20,20,R3,complete,R3 sample.attr.sample_title: 1774.L4.1Milk.Puer | partial_attr hit_frac=0.00,R2026.16,,1.15.0
PRJEB14801,preterm,0.0,0,20,R0,no_linked_paper,R0 no_linked_paper;no_attribute,R2026.16,,1.15.0
PRJEB14801,antibiotics,0.0,0,20,R0,no_linked_paper,R0 no_linked_paper;no_attribute,R2026.16,,1.15.0
PRJEB14801,probiotic,0.0,0,20,R0,no_linked_paper,R0 no_linked_paper;no_attribute,R2026.16,,1.15.0
PRJNA376566,age,1.0,407,407,R2,complete,R2 paper.supp.41467_2017_2018_MOESM16_ESM.txt[!dol]: dol | relation=own_data;n_rows=1608,R2026.16,,1.15.0
PRJNA376566,delivery,0.990172,403,407,R2,complete,R2 paper.supp.41467_2017_2018_MOESM5_ESM.txt[!birth_mode]: birth_mode | relation=own_data;n_rows=605,R2026.16,,1.15.0
PRJNA376566,feeding,0.0,0,407,R2,partial_coverage,R2 paper.supp.Table_3.XLSX[mapping_global.txt!feeding_practice]: feeding_practice | relation=reused_public_data;n_rows=…,R2026.16,,1.15.0
PRJNA376566,preterm,0.805897,328,407,R1,complete,R1 sample.attr.sample_title: preterm infant gut metagenome N2_070_016G1 | hit_frac=1.00;attr_col=sample_title,R2026.16,,1.15.0
PRJNA376566,antibiotics,0.990172,403,407,R2,complete,R2 paper.supp.Table_3.XLSX[mapping_global.txt!antibiotic_treatment]: antibiotic_treatment | relation=reused_public_data…,R2026.16,,1.15.0
PRJNA376566,probiotic,0.0,0,407,R2,partial_coverage,R2 paper.supp.spectrum01176-21_supp_1_seq9.xlsx[Table S6!Limosilactobacillus fermentum]: Limosilactobacillus fermentum…,R2026.16,,1.15.0
PRJNA301903,age,0.995037,401,403,R2,complete,R2 paper.supp.41522_2026_1130_MOESM2_ESM.csv[!mean_age]: mean_age | relation=reused_public_data;n_rows=26,R2026.16,,1.15.0
PRJNA301903,delivery,0.997519,402,403,R2,complete,R2 paper.supp.Table_3.XLSX[mapping_global.txt!delivery_mode]: delivery_mode | relation=reused_public_data;n_rows=1647,R2026.16,,1.15.0
PRJNA301903,feeding,0.0,0,403,R2,partial_coverage,R2 paper.supp.Table_3.XLSX[mapping_global.txt!feeding_practice]: feeding_practice | relation=reused_public_data;n_rows=…,R2026.16,,1.15.0
PRJNA301903,preterm,1.0,403,403,R2,complete,R2 paper.supp.Table_3.XLSX[mapping_global.txt!gestational_age_week]: gestational_age_week | relation=reused_public_data…,R2026.16,,1.15.0
PRJNA301903,antibiotics,0.995037,401,403,R2,complete,R2 paper.supp.Table_3.XLSX[mapping_global.txt!antibiotic_treatment]: antibiotic_treatment | relation=reused_public_data…,R2026.16,,1.15.0
PRJNA301903,probiotic,0.0,0,403,R3,partial_coverage,"R3 paper.fulltext.body: ). Bifidobacterium longum is used as a probiotic to alleviate gastrointestinal, immunolo | rela…",R2026.16,,1.15.0
PRJNA384716,age,1.0,64,64,R2,complete,R2 paper.supp.41467_2018_6393_MOESM5_ESM.xlsx[Sample_metadata!GE(Weeks)]: GE(Weeks) | relation=own_data;n_rows=96,R2026.16,,1.15.0
PRJNA384716,delivery,1.0,64,64,R2,complete,R2 paper.supp.41522_2025_868_MOESM2_ESM.xlsx[Data S1!Delivery Mode]: Delivery Mode | relation=reused_public_data;n_rows…,R2026.16,,1.15.0
PRJNA384716,feeding,0.0,0,64,R2,partial_coverage,R2 paper.supp.41522_2025_868_MOESM2_ESM.xlsx[Data S1!Feeding type]: Feeding type | relation=reused_public_data;n_rows=5…,R2026.16,,1.15.0
PRJNA384716,preterm,1.0,64,64,R2,complete,R2 paper.supp.KGMI_A_1911571_SM8722.zip::Supplementary information/Table S1.xlsx[Shao et al.!Gestational age]: Gestatio…,R2026.16,,1.15.0
PRJNA384716,antibiotics,0.0,0,64,R2,partial_coverage,R2 paper.supp.KGMI_A_1911571_SM8722.zip::Supplementary information/Table S1.xlsx[Shao et al.!Maternal antibiotics befor…,R2026.16,,1.15.0
PRJNA384716,probiotic,0.0,0,64,R3,partial_coverage,"R3 paper.fulltext.body: ion of the microbiome, ARGs and MGEs in probiotic and placebo groups. | relation=own_data;n_men…",R2026.16,,1.15.0
PRJNA543520,age,0.53125,34,64,R2,complete,R2 paper.supp.jiaa155_suppl_supplementary_table_s2_s9.xlsx[Table S6!sample day]: sample day | relation=own_data;n_rows=…,R2026.16,,1.15.0
PRJNA543520,delivery,1.0,64,64,R2,complete,R2 paper.supp.41522_2025_868_MOESM2_ESM.xlsx[Data S1!Delivery Mode]: Delivery Mode | relation=reused_public_data;n_rows…,R2026.16,,1.15.0
PRJNA543520,feeding,0.0,0,64,R2,partial_coverage,R2 paper.supp.Data_Sheet_6.XLSX[Table S5!A Breast milk]: A Breast milk | relation=reused_public_data;n_rows=272,R2026.16,,1.15.0
PRJNA543520,preterm,1.0,64,64,R3,complete,R3 paper.fulltext.body: d by penicillin alone (14%) (Table 1 ). Gestational age and birth | relation=own_data;n_mention…,R2026.16,,1.15.0
PRJNA543520,antibiotics,0.0,0,64,R2,partial_coverage,R2 paper.supp.jiaa155_suppl_supplementary_table_s2_s9.xlsx[Table S6!treatment]: treatment | relation=own_data;n_rows=543,R2026.16,,1.15.0
PRJNA543520,probiotic,0.0,0,64,R2,partial_coverage,R2 paper.supp.jiaa155_suppl_supplementary_table_s2_s9.xlsx[Table S3!Lactobacillus]: Lactobacillus | relation=own_data;n…,R2026.16,,1.15.0
PRJNA716780,age,1.0,37,37,R2,complete,R2 paper.supp.41586_2022_5620_MOESM3_ESM.xlsx[Table S2!days_from_first_timepoint]: days_from_first_timepoint | relation…,R2026.16,,1.15.0
PRJNA716780,delivery,1.0,37,37,R2,complete,R2 paper.supp.42003_2026_9639_MOESM2_ESM.zip::Supplementary Data/Supplementary_Data_14.xlsx[FS2f-g!Delivery_mode_factor…,R2026.16,,1.15.0
PRJNA716780,feeding,0.0,0,37,R2,tables_unjoinable_need_key,R2 paper.supp.42003_2026_9639_MOESM2_ESM.zip::Supplementary Data/Supplementary_Data_14.xlsx[FS2f-g!Breast_18m_factor]:…,R2026.16,,1.15.0
PRJNA716780,preterm,0.0,0,37,R3,tables_unjoinable_need_key,"R3 paper.fulltext.body: livery mode (vaginal or section), term (full-term or premature), or feeding pattern | relation=…",R2026.16,,1.15.0
PRJNA716780,antibiotics,1.0,37,37,R2,complete,"R2 paper.supp.42003_2026_9639_MOESM2_ESM.zip::Supplementary Data/Supplementary_Data_14.xlsx[F2c-d, FS2a-d!Teff_Freq_Fac…",R2026.16,,1.15.0
PRJNA716780,probiotic,0.0,0,37,R3,tables_unjoinable_need_key,"R3 paper.fulltext.body: mples), from locations where commercial probiotics are less available. Following the same | rel…",R2026.16,,1.15.0
PRJNA872399,age,1.0,275,275,R2,complete,R2 paper.supp.ADVS-12-e05154-s006.xlsx[Sheet1!Day of life]: Day of life | relation=reused_public_data;n_rows=5684,R2026.16,,1.15.0
PRJNA872399,delivery,1.0,275,275,R2,complete,R2 paper.supp.ADVS-12-e05154-s006.xlsx[Sheet1!Delivery mode]: Delivery mode | relation=reused_public_data;n_rows=5684,R2026.16,,1.15.0
PRJNA872399,feeding,0.0,0,275,R2,partial_coverage,R2 paper.supp.ADVS-12-e05154-s006.xlsx[Sheet1!Feeding pattern]: Feeding pattern | relation=reused_public_data;n_rows=56…,R2026.16,,1.15.0
PRJNA872399,preterm,1.0,275,275,R2,complete,R2 paper.supp.ADVS-12-e05154-s006.xlsx[Sheet1!Gestational age (weeks)]: Gestational age (weeks) | relation=reused_publi…,R2026.16,,1.15.0
PRJNA872399,antibiotics,1.0,275,275,R2,complete,R2 paper.supp.ADVS-12-e05154-s006.xlsx[Sheet1!Infant antibiotics]: Infant antibiotics | relation=reused_public_data;n_r…,R2026.16,,1.15.0
PRJNA872399,probiotic,0.0,0,275,R3,partial_coverage,"R3 paper.fulltext.body: es, such as decolonization measures and probiotic use. LRE infants present with | relation=own_…",R2026.16,,1.15.0
PRJEB14935,age,0.0,0,3,R2,tables_unjoinable_need_key,R2 paper.supp.41522_2023_392_MOESM1_ESM.xlsx[Supplementary Table 1!Age (days)]: Age (days) | relation=reused_public_dat…,R2026.16,,1.15.0
PRJEB14935,delivery,0.0,0,3,R2,tables_unjoinable_need_key,R2 paper.supp.41522_2023_392_MOESM1_ESM.xlsx[Supplementary Table 1!Mode of delivery]: Mode of delivery | relation=reuse…,R2026.16,,1.15.0
PRJEB14935,feeding,0.0,0,3,R3,tables_unjoinable_need_key,R3 paper.fulltext.body: ta (particularly in vaginally delivered breast-fed infants) and are associated with improv | re…,R2026.16,,1.15.0
PRJEB14935,preterm,0.0,0,3,R3,tables_unjoinable_need_key,"R3 paper.fulltext.body: an 37 weeks of gestation are defined as preterm, and account for | relation=own_data;n_mentions…",R2026.16,,1.15.0
PRJEB14935,antibiotics,0.0,0,3,R2,tables_unjoinable_need_key,R2 paper.supp.41522_2023_392_MOESM1_ESM.xlsx[Supplementary Table 1!Treatment]: Treatment | relation=reused_public_data;…,R2026.16,,1.15.0
PRJEB14935,probiotic,0.0,0,3,R3,tables_unjoinable_need_key,"R3 paper.fulltext.body: , and have been used for many years as ‘probiotics’ [ 11 | relation=own_data;n_mentions=24",R2026.16,,1.15.0
PRJNA613054,age,1.0,20,20,R2,complete,R2 paper.supp.41467_2022_28525_MOESM4_ESM.xlsx[eF3!age_sample]: age_sample | relation=own_data;n_rows=632,R2026.16,,1.15.0
PRJNA613054,delivery,0.0,0,20,R2,partial_coverage,R2 paper.supp.41467_2022_28525_MOESM4_ESM.xlsx[F4+eT11+eT12+eT13!birthmode]: birthmode | relation=own_data;n_rows=925,R2026.16,,1.15.0
PRJNA613054,feeding,0.0,0,20,R2,partial_coverage,R2 paper.supp.41467_2022_28525_MOESM4_ESM.xlsx[F4+eT11+eT12+eT13!bf.sample]: bf.sample | relation=own_data;n_rows=925,R2026.16,,1.15.0
PRJNA613054,preterm,1.0,20,20,R3,complete,"R3 paper.fulltext.body: udied in 147 neonates born ≥36 weeks of gestational age, who were | relation=own_data;n_mention…",R2026.16,,1.15.0
PRJNA613054,antibiotics,1.0,20,20,R2,complete,R2 paper.supp.41467_2022_28525_MOESM4_ESM.xlsx[eF3!abr]: abr | relation=own_data;n_rows=632,R2026.16,,1.15.0
PRJNA613054,probiotic,0.0,0,20,R0,partial_coverage,R0 fulltext_scanned_no_mention;n_papers=1,R2026.16,,1.15.0
PRJNA489693,age,1.0,6,6,R2,complete,R2 paper.supp.41522_2025_868_MOESM2_ESM.xlsx[Data S1!Age group]: Age group | relation=reused_public_data;n_rows=5288,R2026.16,,1.15.0
PRJNA489693,delivery,0.0,0,6,R2,partial_coverage,R2 paper.supp.41522_2025_868_MOESM2_ESM.xlsx[Data S1!Delivery Mode]: Delivery Mode | relation=reused_public_data;n_rows…,R2026.16,,1.15.0
PRJNA489693,feeding,0.0,0,6,R1,partial_coverage,R1 sample.attr.isolation_source: feed tube | hit_frac=0.67;attr_col=isolation_source,R2026.16,,1.15.0
PRJNA489693,preterm,0.0,0,6,R3,partial_coverage,R3 paper.fulltext.body: e of delivery (vaginal or cesarean) and gestational age at birth (term | relation=reused_public…,R2026.16,,1.15.0
PRJNA489693,antibiotics,0.0,0,6,R3,partial_coverage,"R3 paper.fulltext.body: rst year of life. These factors include antibiotic usage, feeding practices (breastfeeding | re…",R2026.16,,1.15.0
PRJNA489693,probiotic,0.0,0,6,R3,partial_coverage,R3 paper.fulltext.body: om those who had received antibiotic or probiotic treatment at the time | relation=reused_publi…,R2026.16,,1.15.0
PRJNA701480,age,1.0,91,91,R3,complete,R3 paper.fulltext.body: ic measures or body composition up to 3 months of age. Implications | relation=own_data;n_menti…,R2026.16,,1.15.0
PRJNA701480,delivery,1.0,91,91,R3,complete,R3 paper.fulltext.body: tal microbiome in four neonates born by caesarean section that received topical | relation=own_…,R2026.16,,1.15.0
PRJNA701480,feeding,0.0,0,91,R3,partial_coverage,"R3 paper.fulltext.body: a on the mother and newborn, as well as feeding mode and | relation=own_data;n_mentions=12",R2026.16,,1.15.0
PRJNA701480,preterm,1.0,91,91,R3,complete,"R3 paper.fulltext.body: , women were excluded if they delivered preterm (<37 weeks of gestation), | relation=own_data;n…",R2026.16,,1.15.0
PRJNA701480,antibiotics,0.0,0,91,R3,partial_coverage,R3 paper.fulltext.body: ronment (often possessing virulence and antibiotic resistance genes) are overrepresented [ | re…,R2026.16,,1.15.0
PRJNA701480,probiotic,0.549451,50,91,R3,complete,"R3 paper.fulltext.body: emergency CS, had taken antibiotics or probiotics within the last two weeks | relation=own_data…",R2026.16,,1.15.0
PRJNA1227883,age,0.0,0,80,R3,partial_coverage,"R3 paper.fulltext.body: er risk of diseases and host health 3 . At birth, prenatal | relation=own_data;n_mentions=62",R2026.16,,1.15.0
PRJNA1227883,delivery,0.9625,77,80,R3,complete,"R3 paper.fulltext.body: prenatal conditions, host genetics, and mode of delivery influence the development of | relatio…",R2026.16,,1.15.0
PRJNA1227883,feeding,0.9625,77,80,R3,complete,"R3 paper.fulltext.body: reatment, mode of feeding, the start of weaning, geographical location and other | relation=own…",R2026.16,,1.15.0
PRJNA1227883,preterm,1.0,80,80,R3,complete,"R3 paper.fulltext.body: a cross-sectional study of 1-month-old preterm infants, identified higher ARG loads in | relati…",R2026.16,,1.15.0
PRJNA1227883,antibiotics,0.9625,77,80,R2,complete,R2 paper.supp.41467_2025_61154_MOESM8_ESM.xlsx[contigs_infants!Antimicrobials]: Antimicrobials | relation=own_data;n_ro…,R2026.16,,1.15.0
PRJNA1227883,probiotic,0.9625,77,80,R0,complete,R0 fulltext_scanned_no_mention;n_papers=1,R2026.16,,1.15.0
PRJEB54707,age,1.0,80,80,R3,complete,R3 paper.fulltext.body: ommends exclusive breastfeeding until 6 months of age and continued breastfeeding after | relat…,R2026.16,,1.15.0
PRJEB54707,delivery,1.0,80,80,R3,complete,"R3 paper.fulltext.body: etence ( 8 – 11 ). Many factors such as C-section birth, | relation=own_data;n_mentions=2",R2026.16,,1.15.0
PRJEB54707,feeding,1.0,80,80,R1,complete,"R1 sample.attr.sample_title: Control formula, infant s1020 | hit_frac=1.00;attr_col=sample_title",R2026.16,,1.15.0
PRJEB54707,preterm,0.0,0,80,R3,partial_coverage,R3 paper.fulltext.body: 20 (52) 13 (72) 6 (60) 11 (46) 14 (50) Gestational age | relation=own_data;n_mentions=1,R2026.16,,1.15.0
PRJEB54707,antibiotics,0.0,0,80,R3,partial_coverage,"R3 paper.fulltext.body: . Many factors such as C-section birth, antibiotic use, and a lack | relation=own_data;n_mentio…",R2026.16,,1.15.0
PRJEB54707,probiotic,0.0,0,80,R0,partial_coverage,R0 fulltext_scanned_no_mention;n_papers=1,R2026.16,,1.15.0
PRJNA821920,age,1.0,37,37,R3,complete,R3 paper.fulltext.body: ome samples were collected from infants at 9 months of age and | relation=own_data;n_mentions=20,R2026.16,,1.15.0
PRJNA821920,delivery,1.0,37,37,R3,complete,R3 paper.fulltext.body: ohort of 56 infants over 110 days after vaginal birth. 9 They | relation=own_data;n_mentions=3,R2026.16,,1.15.0
PRJNA821920,feeding,0.0,0,37,R3,no_supplement_found,"R3 paper.fulltext.body: ect, offer pacifier, offer food, nurse (breastfeed), rub/massage/pat, kiss, hug, rock, ve | rel…",R2026.16,,1.15.0
PRJNA821920,preterm,1.0,37,37,R3,complete,"R3 paper.fulltext.body: clusion criteria included: Infants born prematurely (36 weeks or younger), or infants | relatio…",R2026.16,,1.15.0
PRJNA821920,antibiotics,0.0,0,37,R3,no_supplement_found,"R3 paper.fulltext.body: including infant feeding choice, infant antibiotic exposure (which may directly influence | rel…",R2026.16,,1.15.0
PRJNA821920,probiotic,0.0,0,37,R0,no_supplement_found,R0 fulltext_scanned_no_mention;n_papers=1,R2026.16,,1.15.0
PRJNA549787,age,1.0,165,165,R2,complete,R2 paper.supp.msystems.01294-23-s0004.xlsx[Sheet1!Age (day)]: Age (day) | relation=reused_public_data;n_rows=6653,R2026.16,,1.15.0
PRJNA549787,delivery,0.993939,164,165,R2,complete,R2 paper.supp.EMI4-13-626-s001.xlsx[Table_S1!mode of delivery]: mode of delivery | relation=reused_public_data;n_rows=1…,R2026.16,,1.15.0
PRJNA549787,feeding,1.0,165,165,R2,complete,R2 paper.supp.Data_Sheet_6.XLSX[Table S5!A Breast milk]: A Breast milk | relation=reused_public_data;n_rows=272,R2026.16,,1.15.0
PRJNA549787,preterm,0.357576,59,165,R2,partial_coverage,R2 paper.supp.EMI4-13-626-s001.xlsx[Table_S1!Birthweight]: Birthweight | relation=reused_public_data;n_rows=1109,R2026.16,,1.15.0
PRJNA549787,antibiotics,0.0,0,165,R2,partial_coverage,R2 paper.supp.EMI4-13-626-s001.xlsx[Table_S1!treatment]: treatment | relation=reused_public_data;n_rows=1109,R2026.16,,1.15.0
PRJNA549787,probiotic,0.0,0,165,R2,partial_coverage,R2 paper.supp.EMI4-13-626-s001.xlsx[Table_S4!Lactobacillus ruminis]: Lactobacillus ruminis | relation=reused_public_dat…,R2026.16,,1.15.0
PRJEB36405,age,1.0,5,5,R3,complete,R3 paper.fulltext.body: ples were collected from pregnant women at 36 weeks gestation between 2010 | relation=own_data;…,R2026.16,,1.15.0
PRJEB36405,delivery,0.0,0,5,R0,partial_coverage,R0 fulltext_scanned_no_mention;n_papers=1,R2026.16,,1.15.0
PRJEB36405,feeding,0.0,0,5,R0,partial_coverage,R0 fulltext_scanned_no_mention;n_papers=1,R2026.16,,1.15.0
PRJEB36405,preterm,0.0,0,5,R0,partial_coverage,R0 fulltext_scanned_no_mention;n_papers=1,R2026.16,,1.15.0
PRJEB36405,antibiotics,0.0,0,5,R3,partial_coverage,R3 paper.fulltext.body: ut in the last decades high exposure to antibiotics has driven the | relation=own_data;n_mentio…,R2026.16,,1.15.0
PRJEB36405,probiotic,0.0,0,5,R0,partial_coverage,R0 fulltext_scanned_no_mention;n_papers=1,R2026.16,,1.15.0
PRJNA746509,age,1.0,5,5,R3,complete,"R3 paper.fulltext.body: (BE-10 and ammonia levels 120 umol/L). At 4 days of age, NBS | relation=own_data;n_mentions=18",R2026.16,,1.15.0
PRJNA746509,delivery,0.0,0,5,R3,no_supplement_found,R3 paper.fulltext.body: t at a lower level in the microbiota of vaginally delivered and | relation=own_data;n_mentions=1,R2026.16,,1.15.0
PRJNA746509,feeding,0.0,0,5,R3,no_supplement_found,R3 paper.fulltext.body: ter an uneventful pregnancy. He started breastfeeding soon after birth. After 48 | relation=own…,R2026.16,,1.15.0
PRJNA746509,preterm,0.0,0,5,R0,no_supplement_found,R0 fulltext_scanned_no_mention;n_papers=1,R2026.16,,1.15.0
PRJNA746509,antibiotics,0.0,0,5,R3,no_supplement_found,"R3 paper.fulltext.body: includes a low-protein diet, the use of antibiotics to reduce gut propionate | relation=own_dat…",R2026.16,,1.15.0
PRJNA746509,probiotic,0.0,0,5,R3,no_supplement_found,"R3 paper.fulltext.body: nating with 2–3 weeks off. Furthermore, probiotic supplementation (avoiding those contain | rel…",R2026.16,,1.15.0
PRJNA272371,age,1.0,4,4,R1,complete,"R1 sample.attr.isolation_source: fecal sample PR157 from 1 month old male Malay infant, caesa | hit_frac=1.00;attr_col=…",R2026.16,,1.15.0
PRJNA272371,delivery,0.0,0,4,R1,partial_coverage,"R1 sample.attr.isolation_source: fecal sample PR157 from 1 month old male Malay infant, caesa | hit_frac=1.00;attr_col=…",R2026.16,,1.15.0
PRJNA272371,feeding,0.0,0,4,R1,partial_coverage,"R1 sample.attr.isolation_source: fecal sample PR157 from 1 month old male Malay infant, caesa | hit_frac=1.00;attr_col=…",R2026.16,,1.15.0
PRJNA272371,preterm,0.0,0,4,R3,partial_coverage,"R3 paper.fulltext.body: livery mode (vaginal or section), term (full-term or premature), or feeding pattern | relation=…",R2026.16,,1.15.0
PRJNA272371,antibiotics,0.0,0,4,R2,partial_coverage,R2 paper.supp.41522_2023_392_MOESM1_ESM.xlsx[Supplementary Table 1!Treatment]: Treatment | relation=reused_public_data;…,R2026.16,,1.15.0
PRJNA272371,probiotic,0.0,0,4,R3,partial_coverage,R3 paper.fulltext.body: nt cow’s milk formula supplemented with probiotics in early life on allergic | relation=own_dat…,R2026.16,,1.15.0
PRJNA629392,age,1.0,3,3,R2,complete,R2 paper.supp.41522_2023_392_MOESM1_ESM.xlsx[Supplementary Table 1!Age (days)]: Age (days) | relation=reused_public_dat…,R2026.16,,1.15.0
PRJNA629392,delivery,0.0,0,3,R2,tables_unjoinable_need_key,R2 paper.supp.41522_2023_392_MOESM1_ESM.xlsx[Supplementary Table 1!Mode of delivery]: Mode of delivery | relation=reuse…,R2026.16,,1.15.0
PRJNA629392,feeding,0.0,0,3,R3,tables_unjoinable_need_key,"R3 paper.fulltext.body: 3 , 4 . However, in the period between weaning and 3 | relation=reused_public_data;n_mentions=7",R2026.16,,1.15.0
PRJNA629392,preterm,0.0,0,3,R3,tables_unjoinable_need_key,"R3 paper.fulltext.body: rs, such as mode of delivery, diet, and gestational age 5 – | relation=reused_public_data;n_men…",R2026.16,,1.15.0
PRJNA629392,antibiotics,0.0,0,3,R2,tables_unjoinable_need_key,R2 paper.supp.41522_2023_392_MOESM1_ESM.xlsx[Supplementary Table 1!Treatment]: Treatment | relation=reused_public_data;…,R2026.16,,1.15.0
PRJNA629392,probiotic,0.0,0,3,R3,tables_unjoinable_need_key,"R3 paper.fulltext.body: , such as diet, type of birth, illness, probiotic, and antibiotic administration, | relation=re…",R2026.16,,1.15.0
PRJNA807448,age,1.0,459,459,R2,complete,R2 paper.supp.41586_2025_8796_MOESM3_ESM.zip::2023-10-18106C-s3/2023-10-18106C-Supplementary Table 6.xlsx[Table S6!log2…,R2026.16,,1.15.0
PRJNA807448,delivery,1.0,459,459,R3,complete,"R3 paper.fulltext.body: tudy that recruited healthy, full-term, vaginally delivered infants. Infants were defined as |…",R2026.16,,1.15.0
PRJNA807448,feeding,0.993464,456,459,R3,complete,"R3 paper.fulltext.body: nal and infant demographics, as well as breastfeeding rates, were comparable across | relation=…",R2026.16,,1.15.0
PRJNA807448,preterm,1.0,459,459,R3,complete,"R3 paper.fulltext.body: rvational study that recruited healthy, full-term, vaginally delivered infants. Infants w | rel…",R2026.16,,1.15.0
PRJNA807448,antibiotics,0.0,0,459,R3,partial_coverage,"R3 paper.fulltext.body: sponses to vaccination 7 , 8 . In mice, antibiotic exposure in | relation=own_data;n_mentions=93",R2026.16,,1.15.0
PRJNA807448,probiotic,0.0,0,459,R3,partial_coverage,"R3 paper.fulltext.body: able across exposure groups, except for probiotic usage, which was higher in | relation=own_dat…",R2026.16,,1.15.0
PRJEB66728,age,1.0,36,36,R1,complete,R1 sample.attr.sample_title: Month 6 stool sample 3 | hit_frac=0.60;attr_col=sample_title,R2026.16,,1.15.0
PRJEB66728,delivery,1.0,36,36,R3,complete,"R3 paper.fulltext.body: as alternative milk-feeding strategies, cesarean section and antibiotics can alter the a | rela…",R2026.16,,1.15.0
PRJEB66728,feeding,0.0,0,36,R3,no_supplement_found,"R3 paper.fulltext.body: nths of life in healthy, full-term, and breastfed infants, this genus emerges | relation=own_da…",R2026.16,,1.15.0
PRJEB66728,preterm,1.0,36,36,R3,complete,"R3 paper.fulltext.body: he first six months of life in healthy, full-term, and breastfed infants, | relation=own_data;n…",R2026.16,,1.15.0
PRJEB66728,antibiotics,1.0,36,36,R3,complete,"R3 paper.fulltext.body: eeding strategies, cesarean section and antibiotics can alter the ability of bifidobacteri | re…",R2026.16,,1.15.0
PRJEB66728,probiotic,0.0,0,36,R3,no_supplement_found,"R3 paper.fulltext.body: f vitamins/supplements), antibiotic and probiotic intake and other medication for all par | rel…",R2026.16,,1.15.0
PRJEB63351,age,1.0,86,86,R3,complete,R3 paper.fulltext.body: apart were selected. When more than two timepoints close in time were | relation=own_data;n_men…,R2026.16,,1.15.0
PRJEB63351,delivery,0.953488,82,86,R2,complete,R2 paper.supp.mmc2.xlsx[Table S1!mode_delivery]: mode_delivery | relation=own_data;n_rows=288,R2026.16,,1.15.0
PRJEB63351,feeding,0.953488,82,86,R2,complete,R2 paper.supp.mmc2.xlsx[Table S1!feeding_mode]: feeding_mode | relation=own_data;n_rows=288,R2026.16,,1.15.0
PRJEB63351,preterm,0.0,0,86,R0,partial_coverage,R0 fulltext_scanned_no_mention;n_papers=1,R2026.16,,1.15.0
PRJEB63351,antibiotics,0.94186,81,86,R2,complete,R2 paper.supp.mmc2.xlsx[Table S1!antibiotic_intake]: antibiotic_intake | relation=own_data;n_rows=288,R2026.16,,1.15.0
PRJEB63351,probiotic,0.0,0,86,R3,partial_coverage,R3 paper.fulltext.body: n Food Safety Authority to be used as a probiotic for the | relation=own_data;n_mentions=2,R2026.16,,1.15.0
PRJNA543967,age,1.0,3,3,R2,complete,R2 paper.supp.msystems.01294-23-s0004.xlsx[Sheet1!Age (day)]: Age (day) | relation=reused_public_data;n_rows=6653,R2026.16,,1.15.0
PRJNA543967,delivery,0.0,0,3,R2,tables_unjoinable_need_key,R2 paper.supp.41522_2025_868_MOESM2_ESM.xlsx[Data S1!Delivery Mode]: Delivery Mode | relation=reused_public_data;n_rows…,R2026.16,,1.15.0
PRJNA543967,feeding,0.333333,1,3,R2,tables_unjoinable_need_key,R2 paper.supp.Data_Sheet_6.XLSX[Table S5!A Breast milk]: A Breast milk | relation=reused_public_data;n_rows=272,R2026.16,,1.15.0
PRJNA543967,preterm,0.0,0,3,R3,tables_unjoinable_need_key,R3 paper.fulltext.body: e of delivery (vaginal or cesarean) and gestational age at birth (term | relation=reused_public…,R2026.16,,1.15.0
PRJNA543967,antibiotics,0.0,0,3,R3,tables_unjoinable_need_key,"R3 paper.fulltext.body: s, such as dietary habits, illness, and antibiotic treatments, continue to impact | relation=re…",R2026.16,,1.15.0
PRJNA543967,probiotic,0.0,0,3,R3,tables_unjoinable_need_key,R3 paper.fulltext.body: om those who had received antibiotic or probiotic treatment at the time | relation=reused_publi…,R2026.16,,1.15.0
PRJEB52774,age,1.0,332,332,R2,complete,R2 paper.supp.Data_Sheet_4.XLSX[Supplemental_File4!ENA_Samplealias]: ENA_Samplealias | relation=own_data;n_rows=330,R2026.16,,1.15.0
PRJEB52774,delivery,0.870482,289,332,R3,complete,"R3 paper.fulltext.body: al., 2016 ; Korpela and de Vos, 2018 ). Delivery mode is | relation=own_data;n_mentions=26",R2026.16,,1.15.0
PRJEB52774,feeding,1.0,332,332,R3,complete,"R3 paper.fulltext.body: tnatal exposures such as mode of birth, breastfeeding, infections, antibiotics, hosts gen | rel…",R2026.16,,1.15.0
PRJEB52774,preterm,1.0,332,332,R3,complete,R3 paper.fulltext.body: wn congenital defects and exceeding the birth weight of 2.5 kg were | relation=own_data;n_menti…,R2026.16,,1.15.0
PRJEB52774,antibiotics,0.0,0,332,R2,partial_coverage,R2 paper.supp.Data_Sheet_6.XLSX[Supplemental_File6!Intrapartum antibiotics]: Intrapartum antibiotics | relation=own_dat…,R2026.16,,1.15.0
PRJEB52774,probiotic,0.0,0,332,R3,partial_coverage,"R3 paper.fulltext.body: g pregnancy, exposure to antibiotics or probiotics during pregnancy, number of prior | relation…",R2026.16,,1.15.0
PRJNA542703,age,1.0,30,30,R2,complete,R2 paper.supp.msystems.01294-23-s0004.xlsx[Sheet1!Age (day)]: Age (day) | relation=reused_public_data;n_rows=6653,R2026.16,,1.15.0
PRJNA542703,delivery,0.0,0,30,R2,partial_coverage,R2 paper.supp.41522_2023_392_MOESM1_ESM.xlsx[Supplementary Table 1!Mode of delivery]: Mode of delivery | relation=reuse…,R2026.16,,1.15.0
PRJNA542703,feeding,1.0,30,30,R2,complete,R2 paper.supp.Data_Sheet_6.XLSX[Table S5!A Breast milk]: A Breast milk | relation=reused_public_data;n_rows=272,R2026.16,,1.15.0
PRJNA542703,preterm,1.0,30,30,R3,complete,"R3 paper.fulltext.body: 0.96 Delivery method, SVD 79% 30% <0.01 Birth weight, grams (mean, SD) | relation=own_data;n_me…",R2026.16,,1.15.0
PRJNA542703,antibiotics,1.0,30,30,R2,complete,R2 paper.supp.41522_2023_392_MOESM1_ESM.xlsx[Supplementary Table 1!Treatment]: Treatment | relation=reused_public_data;…,R2026.16,,1.15.0
PRJNA542703,probiotic,0.0,0,30,R3,partial_coverage,"R3 paper.fulltext.body: of phylum Actinobacteria , used in many probiotics. As expected, the Bifidobacterium | relation…",R2026.16,,1.15.0
PRJNA853174,age,1.0,22,22,R2,complete,R2 paper.supp.viruses-14-01395-s001.zip::supplementary tables.xlsx[Table S1!Child age (days) stool collection]: Child a…,R2026.16,,1.15.0
PRJNA853174,delivery,1.0,22,22,R3,complete,"R3 paper.fulltext.body: ousehold characteristics (i.e., gender, delivery mode, age at sample collection, breastfeedin |…",R2026.16,,1.15.0
PRJNA853174,feeding,1.0,22,22,R3,complete,"R3 paper.fulltext.body: elivery mode, age at sample collection, breastfeeding status, age at introduction of | relation…",R2026.16,,1.15.0
PRJNA853174,preterm,0.0,0,22,R0,partial_coverage,R0 fulltext_scanned_no_mention;n_papers=2,R2026.16,,1.15.0
PRJNA853174,antibiotics,0.318182,7,22,R2,partial_coverage,R2 paper.supp.viruses-14-01395-s001.zip::supplementary tables.xlsx[Table S1!Child age (days) at antibiotic 1]: Child ag…,R2026.16,,1.15.0
PRJNA853174,probiotic,0.0,0,22,R3,partial_coverage,"R3 paper.fulltext.body: and 210,000 deaths each year [ 6 , 7 ]. Probiotics may | relation=own_data;n_mentions=9",R2026.16,,1.15.0
PRJNA475246,age,1.0,170,170,R1,complete,R1 sample.attr.sample_title: M0059-Mother:3 months | hit_frac=0.85;attr_col=sample_title,R2026.16,,1.15.0
PRJNA475246,delivery,1.0,170,170,R2,complete,R2 paper.supp.ADVS-12-e05154-s006.xlsx[Sheet1!Delivery mode]: Delivery mode | relation=reused_public_data;n_rows=5684,R2026.16,,1.15.0
PRJNA475246,feeding,0.788235,134,170,R2,complete,R2 paper.supp.41467_2024_45209_MOESM3_ESM.csv[!Formula_type]: Formula_type | relation=reused_public_data;n_rows=80,R2026.16,,1.15.0
PRJNA475246,preterm,0.952941,162,170,R2,complete,R2 paper.supp.41467_2024_45209_MOESM3_ESM.csv[!Birth_weight_baby (kg)]: Birth_weight_baby (kg) | relation=reused_public…,R2026.16,,1.15.0
PRJNA475246,antibiotics,0.0,0,170,R2,partial_coverage,R2 paper.supp.41467_2024_45209_MOESM3_ESM.csv[!Mother_antibiotics]: Mother_antibiotics | relation=reused_public_data;n_…,R2026.16,,1.15.0
PRJNA475246,probiotic,0.0,0,170,R2,partial_coverage,R2 paper.supp.41467_2024_45209_MOESM3_ESM.csv[!Mother_probiotics]: Mother_probiotics | relation=reused_public_data;n_ro…,R2026.16,,1.15.0
PRJNA268964,age,1.0,2,2,R2,complete,R2 paper.supp.msystems.01294-23-s0004.xlsx[Sheet1!Age (day)]: Age (day) | relation=reused_public_data;n_rows=6653,R2026.16,,1.15.0
PRJNA268964,delivery,0.0,0,2,R2,tables_unjoinable_need_key,R2 paper.supp.41522_2025_868_MOESM2_ESM.xlsx[Data S1!Delivery Mode]: Delivery Mode | relation=reused_public_data;n_rows…,R2026.16,,1.15.0
PRJNA268964,feeding,0.0,0,2,R2,tables_unjoinable_need_key,R2 paper.supp.Data_Sheet_6.XLSX[Table S5!A Breast milk]: A Breast milk | relation=reused_public_data;n_rows=272,R2026.16,,1.15.0
PRJNA268964,preterm,0.0,0,2,R3,tables_unjoinable_need_key,R3 paper.fulltext.body: e of delivery (vaginal or cesarean) and gestational age at birth (term | relation=reused_public…,R2026.16,,1.15.0
PRJNA268964,antibiotics,0.0,0,2,R3,tables_unjoinable_need_key,"R3 paper.fulltext.body: s, such as dietary habits, illness, and antibiotic treatments, continue to impact | relation=re…",R2026.16,,1.15.0
PRJNA268964,probiotic,0.0,0,2,R3,tables_unjoinable_need_key,R3 paper.fulltext.body: ride Utilization Genes among Commercial Probiotics. Nutrients. 2020;12:3247. doi: 10.3390 | rel…,R2026.16,,1.15.0
PRJNA613032,age,0.0,0,2,R2,tables_unjoinable_need_key,R2 paper.supp.41467_2022_28525_MOESM4_ESM.xlsx[eF3!age_sample]: age_sample | relation=own_data;n_rows=632,R2026.16,,1.15.0
PRJNA613032,delivery,1.0,2,2,R2,complete,R2 paper.supp.41467_2022_28525_MOESM4_ESM.xlsx[F4+eT11+eT12+eT13!birthmode]: birthmode | relation=own_data;n_rows=925,R2026.16,,1.15.0
PRJNA613032,feeding,0.0,0,2,R2,tables_unjoinable_need_key,R2 paper.supp.41467_2022_28525_MOESM4_ESM.xlsx[F4+eT11+eT12+eT13!bf.sample]: bf.sample | relation=own_data;n_rows=925,R2026.16,,1.15.0
PRJNA613032,preterm,0.0,0,2,R3,tables_unjoinable_need_key,"R3 paper.fulltext.body: udied in 147 neonates born ≥36 weeks of gestational age, who were | relation=own_data;n_mention…",R2026.16,,1.15.0
PRJNA613032,antibiotics,1.0,2,2,R2,complete,R2 paper.supp.41467_2022_28525_MOESM4_ESM.xlsx[eF3!abr]: abr | relation=own_data;n_rows=632,R2026.16,,1.15.0
PRJNA613032,probiotic,0.0,0,2,R0,tables_unjoinable_need_key,R0 fulltext_scanned_no_mention;n_papers=1,R2026.16,,1.15.0
PRJNA343144,age,0.0,0,1,R0,partial_coverage,R0 fulltext_scanned_no_mention;n_papers=1,R2026.16,,1.15.0
PRJNA343144,delivery,0.0,0,1,R0,partial_coverage,R0 fulltext_scanned_no_mention;n_papers=1,R2026.16,,1.15.0
PRJNA343144,feeding,0.0,0,1,R3,partial_coverage,"R3 paper.fulltext.body: nen S, Kumar H, et al. Maternal gut and breast milk microbiota | relation=reused_public_data;n_…",R2026.16,,1.15.0
PRJNA343144,preterm,0.0,0,1,R0,partial_coverage,R0 fulltext_scanned_no_mention;n_papers=1,R2026.16,,1.15.0
PRJNA343144,antibiotics,0.0,0,1,R2,partial_coverage,R2 paper.supp.KGMI_A_2127438_SM4927.zip::supplementary.zip::Supplementary Table S4.xlsx[Supplementary Table S4B!antimic…,R2026.16,,1.15.0
PRJNA343144,probiotic,0.0,0,1,R3,partial_coverage,"R3 paper.fulltext.body: used as starter or protective cultures, probiotics, or feed additives, which must | relation=re…",R2026.16,,1.15.0
PRJNA893826,age,0.0,0,1,R3,partial_coverage,"R3 paper.fulltext.body: is indicated as day 0, with subsequent timepoints indicated as days post | relation=own_data;n_…",R2026.16,,1.15.0
PRJNA893826,delivery,0.0,0,1,R0,partial_coverage,R0 fulltext_scanned_no_mention;n_papers=1,R2026.16,,1.15.0
PRJNA893826,feeding,0.0,0,1,R0,partial_coverage,R0 fulltext_scanned_no_mention;n_papers=1,R2026.16,,1.15.0
PRJNA893826,preterm,0.0,0,1,R3,partial_coverage,R3 paper.fulltext.body: s the second most common cause of NM in full-term infants (herein | relation=own_data;n_mention…,R2026.16,,1.15.0
PRJNA893826,antibiotics,0.0,0,1,R2,partial_coverage,R2 paper.supp.elife-91853-supp1.xlsx[Table S1!Antibiotic resistance genes]: Antibiotic resistance genes | relation=own_…,R2026.16,,1.15.0
PRJNA893826,probiotic,0.0,0,1,R0,partial_coverage,R0 fulltext_scanned_no_mention;n_papers=1,R2026.16,,1.15.0
PRJNA1222487,age,1.0,95,95,R2,complete,R2 paper.supp.Table1.xlsx[Table S8!Age Group]: Age Group | relation=own_data;n_rows=999,R2026.16,,1.15.0
PRJNA1222487,delivery,1.0,95,95,R3,complete,"R3 paper.fulltext.body: aturation influenced by factors such as cesarean delivery, antibiotic use, and diet | relation=…",R2026.16,,1.15.0
PRJNA1222487,feeding,1.0,95,95,R3,complete,R3 paper.fulltext.body: g initial colonization during birth and breastfeeding and potentially contributing to all | rel…,R2026.16,,1.15.0
PRJNA1222487,preterm,0.0,0,95,R3,partial_coverage,"R3 paper.fulltext.body: dation potential in cases, indicating a premature shift in carbohydrate metabolism away | relat…",R2026.16,,1.15.0
PRJNA1222487,antibiotics,1.0,95,95,R3,complete,"R3 paper.fulltext.body: d by factors such as cesarean delivery, antibiotic use, and diet ( | relation=own_data;n_mentio…",R2026.16,,1.15.0
PRJNA1222487,probiotic,1.0,95,95,R3,complete,R3 paper.fulltext.body: ses. Children with recent antibiotic or probiotic use (within two months) were | relation=own_d…,R2026.16,,1.15.0
PRJNA339914,age,1.0,8,8,R2,complete,R2 paper.supp.EMI4-13-626-s001.xlsx[Table_S1!Age (days)]: Age (days) | relation=reused_public_data;n_rows=1109,R2026.16,,1.15.0
PRJNA339914,delivery,1.0,8,8,R2,complete,R2 paper.supp.EMI4-13-626-s001.xlsx[Table_S1!mode of delivery]: mode of delivery | relation=reused_public_data;n_rows=1…,R2026.16,,1.15.0
PRJNA339914,feeding,1.0,8,8,R2,complete,R2 paper.supp.Data_Sheet_6.XLSX[Table S5!A Breast milk]: A Breast milk | relation=reused_public_data;n_rows=272,R2026.16,,1.15.0
PRJNA339914,preterm,0.0,0,8,R2,partial_coverage,R2 paper.supp.EMI4-13-626-s001.xlsx[Table_S1!Birthweight]: Birthweight | relation=reused_public_data;n_rows=1109,R2026.16,,1.15.0
PRJNA339914,antibiotics,0.0,0,8,R2,partial_coverage,R2 paper.supp.EMI4-13-626-s001.xlsx[Table_S1!treatment]: treatment | relation=reused_public_data;n_rows=1109,R2026.16,,1.15.0
PRJNA339914,probiotic,0.0,0,8,R2,partial_coverage,R2 paper.supp.EMI4-13-626-s001.xlsx[Table_S4!Lactobacillus ruminis]: Lactobacillus ruminis | relation=reused_public_dat…,R2026.16,,1.15.0
PRJNA778397,age,1.0,75,75,R2,complete,R2 paper.supp.microorganisms-13-00166-s001.zip::Supplementary Tables S1- S6_final.xlsx[Table S6!Age]: Age | relation=ow…,R2026.16,,1.15.0
PRJNA778397,delivery,1.0,75,75,R2,complete,R2 paper.supp.microorganisms-13-00166-s001.zip::Supplementary Tables S1- S6_final.xlsx[Table S6!Delivery]: Delivery | r…,R2026.16,,1.15.0
PRJNA778397,feeding,0.986667,74,75,R2,complete,R2 paper.supp.microorganisms-13-00166-s001.zip::Supplementary Tables S1- S6_final.xlsx[Table S6!Feeding]: Feeding | rel…,R2026.16,,1.15.0
PRJNA778397,preterm,1.0,75,75,R3,complete,"R3 paper.fulltext.body: h as necrotizing enterocolitis (NEC) in preterm infants, inflammatory bowel diseases (I | relat…",R2026.16,,1.15.0
PRJNA778397,antibiotics,0.0,0,75,R3,partial_coverage,"R3 paper.fulltext.body: eeding type, the introduction of solid, antibiotic exposure, and use of pre-and | relation=own_…",R2026.16,,1.15.0
PRJNA778397,probiotic,0.0,0,75,R3,partial_coverage,"R3 paper.fulltext.body: antibiotic exposure, and use of pre-and probiotics [ 10 , 13 , | relation=own_data;n_mentions=1",R2026.16,,1.15.0
PRJNA1143669,age,1.0,65,65,R3,complete,"R3 paper.fulltext.body: of 35 MLWoH, 34 MLWH, and their infants at 4 weeks postpartum. | relation=own_data;n_mentions=11",R2026.16,,1.15.0
PRJNA1143669,delivery,1.0,65,65,R3,complete,"R3 paper.fulltext.body: uding the age of microbiota assessment, mode of delivery, and feeding. Moreover, | relation=own…",R2026.16,,1.15.0
PRJNA1143669,feeding,1.0,65,65,R3,complete,R3 paper.fulltext.body: . Among the main factors transferred in breast milk are immunoglobulins (Igs) | relation=own_da…,R2026.16,,1.15.0
PRJNA1143669,preterm,1.0,65,65,R3,complete,"R3 paper.fulltext.body: 350 cells/μl, vaginal term deliveries, gestational age ≥ 38 weeks, no known | relation=own_data…",R2026.16,,1.15.0
PRJNA1143669,antibiotics,0.0,0,65,R0,no_supplement_found,R0 fulltext_scanned_no_mention;n_papers=1,R2026.16,,1.15.0
PRJNA1143669,probiotic,0.0,0,65,R0,no_supplement_found,R0 fulltext_scanned_no_mention;n_papers=1,R2026.16,,1.15.0
PRJNA938144,age,1.0,63,63,R3,complete,"R3 paper.fulltext.body: 61 (5.52) 16.36 (4.39) 0.34 Gestational age in weeks, mean (SD) 38.86 | relation=own_data;n_men…",R2026.16,,1.15.0
PRJNA938144,delivery,1.0,63,63,R3,complete,"R3 paper.fulltext.body: maternal and lifestyle factors, such as birth mode, breastfeeding, and antibiotic use | relatio…",R2026.16,,1.15.0
PRJNA938144,feeding,1.0,63,63,R3,complete,"R3 paper.fulltext.body: lifestyle factors, such as birth mode, breastfeeding, and antibiotic use ( 26 | relation=own_da…",R2026.16,,1.15.0
PRJNA938144,preterm,1.0,63,63,R3,complete,R3 paper.fulltext.body: both groups included the following: (i) full-term birth (at least 36 weeks | relation=own_data;…,R2026.16,,1.15.0
PRJNA938144,antibiotics,0.0,0,63,R3,partial_coverage,"R3 paper.fulltext.body: such as birth mode, breastfeeding, and antibiotic use ( 26 , 27 | relation=own_data;n_mentions=8",R2026.16,,1.15.0
PRJNA938144,probiotic,0.0,0,63,R0,partial_coverage,R0 fulltext_scanned_no_mention;n_papers=1,R2026.16,,1.15.0
PRJNA812583,age,0.0,0,3,R3,no_supplement_found,"R3 paper.fulltext.body: ing vancomycin treatment, FMT, sampling time points for the mother and infant. | relation=own_d…",R2026.16,,1.15.0
PRJNA812583,delivery,1.0,3,3,R3,complete,R3 paper.fulltext.body: the specific FMT (yellow). The patient vaginally delivered a healthy child at | relation=own_da…,R2026.16,,1.15.0
PRJNA812583,feeding,0.666667,2,3,R3,complete,R3 paper.fulltext.body: at are abundant in the adult and infant breastfed gut. We therefore | relation=own_data;n_menti…,R2026.16,,1.15.0
PRJNA812583,preterm,1.0,3,3,R0,complete,R0 fulltext_scanned_no_mention;n_papers=1,R2026.16,,1.15.0
PRJNA812583,antibiotics,0.0,0,3,R3,no_supplement_found,"R3 paper.fulltext.body: al ecosystem, e.g., by oral exposure to antibiotics, may disrupt the normal | relation=own_data…",R2026.16,,1.15.0
PRJNA812583,probiotic,0.0,0,3,R3,no_supplement_found,R3 paper.fulltext.body: or neonatal seeding for instance FMT or probiotic treatment before delivery could | relation=ow…,R2026.16,,1.15.0
PRJEB15257,age,0.733333,11,15,R2,complete,R2 paper.supp.peerj-05-2928-s004.xlsx[Sheet1!DOL]: DOL | relation=own_data;n_rows=11,R2026.16,,1.15.0
PRJEB15257,delivery,0.733333,11,15,R2,complete,R2 paper.supp.peerj-05-2928-s004.xlsx[Sheet1!Delivery]: Delivery | relation=own_data;n_rows=11,R2026.16,,1.15.0
PRJEB15257,feeding,1.0,15,15,R2,complete,R2 paper.supp.12866_2021_2285_MOESM3_ESM.xlsx[Infant Data!Days of enteral feeds prior to sampling]: Days of enteral fee…,R2026.16,,1.15.0
PRJEB15257,preterm,0.0,0,15,R1,tables_unjoinable_need_key,R1 sample.attr.sample_title: Preterm infant healthy gut sample | hit_frac=1.00;attr_col=sample_title,R2026.16,,1.15.0
PRJEB15257,antibiotics,0.533333,8,15,R2,complete,R2 paper.supp.peerj-05-2928-s008.xlsx[Sheet1!Antibiotic class abbreviation]: Antibiotic class abbreviation | relation=o…,R2026.16,,1.15.0
PRJEB15257,probiotic,0.0,0,15,R2,tables_unjoinable_need_key,R2 paper.supp.41467_2024_51398_MOESM4_ESM.xlsx[sheet 3!Firmicutes;Bacilli;Lactobacillales;Enterococcaceae;Enterococ]: F…,R2026.16,,1.15.0
PRJNA60717,age,0.0,0,1,R2,tables_unjoinable_need_key,R2 paper.supp.aax5727_Table_S1.csv[!DOL]: DOL | relation=reused_public_data;n_rows=1323,R2026.16,,1.15.0
PRJNA60717,delivery,0.0,0,1,R2,tables_unjoinable_need_key,R2 paper.supp.aax5727_Table_S5.xlsx[ML_input!CatInfSampleMetadata$categorical$birthModeC-section]: CatInfSampleMetadata…,R2026.16,,1.15.0
PRJNA60717,feeding,0.0,0,1,R2,tables_unjoinable_need_key,R2 paper.supp.aax5727_Table_S5.xlsx[ML_input!CatInfSampleMetadata$categorical$feedingBreast]: CatInfSampleMetadata$cate…,R2026.16,,1.15.0
PRJNA60717,preterm,1.0,1,1,R2,complete,R2 paper.supp.aax5727_Table_S2.xlsx[Infant_metadata!gestational_age]: gestational_age | relation=reused_public_data;n_r…,R2026.16,,1.15.0
PRJNA60717,antibiotics,1.0,1,1,R2,complete,R2 paper.supp.aax5727_Table_S5.xlsx[ML_input!CatSampleMetadata$categorical$abAmoxicillin]: CatSampleMetadata$categorica…,R2026.16,,1.15.0
PRJNA60717,probiotic,0.0,0,1,R3,tables_unjoinable_need_key,"R3 paper.fulltext.body: microbiome-altering techniques such as probiotics, prebiotics, or other approaches ( 10 | relat…",R2026.16,,1.15.0
PRJNA508395,age,1.0,1,1,R3,complete,"R3 sample.attr.isolation_source: Participant 2 stool, 15 month | partial_attr hit_frac=0.23",R2026.16,,1.15.0
PRJNA508395,delivery,0.0,0,1,R0,no_linked_paper,R0 no_linked_paper;no_attribute,R2026.16,,1.15.0
PRJNA508395,feeding,0.0,0,1,R0,no_linked_paper,R0 no_linked_paper;no_attribute,R2026.16,,1.15.0
PRJNA508395,preterm,0.0,0,1,R0,no_linked_paper,R0 no_linked_paper;no_attribute,R2026.16,,1.15.0
PRJNA508395,antibiotics,0.0,0,1,R0,no_linked_paper,R0 no_linked_paper;no_attribute,R2026.16,,1.15.0
PRJNA508395,probiotic,0.0,0,1,R0,no_linked_paper,R0 no_linked_paper;no_attribute,R2026.16,,1.15.0
PRJEB10914,age,1.0,8,8,R3,complete,"R3 paper.fulltext.body: to rely mostly on vertical transmission at birth, after which they persist | relation=reused_pu…",R2026.16,,1.15.0
PRJEB10914,delivery,1.0,8,8,R3,complete,R3 paper.fulltext.body: velopment of the infant gut microbiota. C-section and intrapartum antibiotics disrupting | rela…,R2026.16,,1.15.0
PRJEB10914,feeding,1.0,8,8,R3,complete,"R3 paper.fulltext.body: is process, and the differences between breastfed and formula-fed babies. 1 , | relation=reused…",R2026.16,,1.15.0
PRJEB10914,preterm,0.0,0,8,R3,partial_coverage,R3 paper.fulltext.body: d environmental and life-style effects. Preterm infants represent a vulnerable group th | relat…,R2026.16,,1.15.0
PRJEB10914,antibiotics,1.0,8,8,R3,complete,"R3 paper.fulltext.body: ion events in early life, the impact of antibiotics on this process, | relation=reused_public_d…",R2026.16,,1.15.0
PRJEB10914,probiotic,0.0,0,8,R3,partial_coverage,"R3 paper.fulltext.body: ecific lactic acid bacteria marketed as probiotics, vaginal seeding, and maternal FMT. | relati…",R2026.16,,1.15.0
PRJEB2778,age,1.0,12,12,R3,complete,"R3 paper.fulltext.body: fant gut and the colonizing microbiota. At birth, the intestinal tract of | relation=own_data;n…",R2026.16,,1.15.0
PRJEB2778,delivery,1.0,12,12,R3,complete,R3 paper.fulltext.body: vestigated the effect of mode of birth (caesarean and non-caesarean) showing the | relation=reu…,R2026.16,,1.15.0
PRJEB2778,feeding,0.833333,10,12,R2,complete,R2 paper.supp.microorganisms-08-02032-s001.zip::Suppl material final/Supplemental Tables .docx[table6!Mean BF/Mean FF*]…,R2026.16,,1.15.0
PRJEB2778,preterm,1.0,12,12,R3,complete,R3 paper.fulltext.body: scriptome and the metagenome in healthy full-term infants. We now present a | relation=own_data…,R2026.16,,1.15.0
PRJEB2778,antibiotics,0.0,0,12,R3,partial_coverage,"R3 paper.fulltext.body: scavenging mechanisms', 'resistance to antibiotics and toxic compounds', 'Type III, Type | rela…",R2026.16,,1.15.0
PRJEB2778,probiotic,0.0,0,12,R3,partial_coverage,R3 paper.fulltext.body: ts. B. longum is one of the widely used probiotic in formula | relation=reused_public_data;n_me…,R2026.16,,1.15.0
PRJEB32631,age,0.998213,1676,1679,R2,complete,R2 paper.supp.41564_2024_1804_MOESM2_ESM.xlsx[sample_accession!Time_point]: Time_point | relation=own_data;n_rows=2387,R2026.16,,1.15.0
PRJEB32631,delivery,1.0,1679,1679,R2,complete,R2 paper.supp.41564_2024_1804_MOESM2_ESM.xlsx[neonatal_subject!birth_mode]: birth_mode | relation=own_data;n_rows=1108,R2026.16,,1.15.0
PRJEB32631,feeding,0.807624,1356,1679,R2,complete,R2 paper.supp.41564_2024_1804_MOESM2_ESM.xlsx[neonatal_subject!baby_feed_1sthr_after_birth]: baby_feed_1sthr_after_birt…,R2026.16,,1.15.0
PRJEB32631,preterm,1.0,1679,1679,R2,complete,R2 paper.supp.41564_2024_1804_MOESM2_ESM.xlsx[neonatal_subject!birthweight_kg]: birthweight_kg | relation=own_data;n_ro…,R2026.16,,1.15.0
PRJEB32631,antibiotics,0.798094,1340,1679,R2,complete,R2 paper.supp.41564_2024_1804_MOESM2_ESM.xlsx[neonatal_subject!maternal_labour_antibiotics]: maternal_labour_antibiotic…,R2026.16,,1.15.0
PRJEB32631,probiotic,0.0,0,1679,R2,partial_coverage,R2 paper.supp.EMS84123-supplement-Supplementary_Tables.xlsx[List of tables (S1-S10)!Supplementary Table 1. Clinical met…,R2026.16,,1.15.0
PRJNA1106565,age,1.0,669,669,R1,complete,R1 sample.attr.library_name: I2.339.24M | hit_frac=0.59;attr_col=library_name,R2026.16,,1.15.0
PRJNA1106565,delivery,1.0,669,669,R3,complete,"R3 paper.fulltext.body: e effect of intrapartum antibiotics and delivery mode, we ran the statistical | relation=own_da…",R2026.16,,1.15.0
PRJNA1106565,feeding,0.798206,534,669,R3,complete,"R3 paper.fulltext.body: ironmental factors [ 3 ], in particular breastfeeding [ 4 , 5 | relation=own_data;n_mentions=48",R2026.16,,1.15.0
PRJNA1106565,preterm,1.0,669,669,R3,complete,R3 paper.fulltext.body: vaginal delivery or C-section. We added gestational age as a covariate in | relation=own_data;n…,R2026.16,,1.15.0
PRJNA1106565,antibiotics,0.810164,542,669,R3,complete,"R3 paper.fulltext.body: in particular breastfeeding [ 4 , 5 ]. Antibiotics might also alter | relation=own_data;n_menti…",R2026.16,,1.15.0
PRJNA1106565,probiotic,0.0,0,669,R3,partial_coverage,R3 paper.fulltext.body: s could be diminished by treatment with probiotic Bifidobacterium breve . 30 | relation=reused_…,R2026.16,,1.15.0
PRJNA215102,age,0.0,0,1,R3,no_supplement_found,R3 paper.fulltext.body: bolus nasogastric feeding on his second day of life (DOL). The patient | relation=own_data;n_me…,R2026.16,,1.15.0
PRJNA215102,delivery,1.0,1,1,R3,complete,"R3 paper.fulltext.body: a male (birth weight 1,205 g) born via Caesarean section during the | relation=own_data;n_menti…",R2026.16,,1.15.0
PRJNA215102,feeding,1.0,1,1,R3,complete,R3 paper.fulltext.body: e began increasing feeds with fortified breast milk. TPN was discontinued on | relation=own_dat…,R2026.16,,1.15.0
PRJNA215102,preterm,1.0,1,1,R1,complete,R1 sample.attr.sample_title: Environmental/Metagenome sample for premature infant gut met | hit_frac=1.00;attr_col=samp…,R2026.16,,1.15.0
PRJNA215102,antibiotics,0.0,0,1,R3,no_supplement_found,R3 paper.fulltext.body: eceive supplemental oxygen. He received antibiotics (ampicillin and gentamicin) only durin | re…,R2026.16,,1.15.0
PRJNA215102,probiotic,0.0,0,1,R3,no_supplement_found,R3 paper.fulltext.body: 2. doi: 10.1038/nrmicro2970. Caplan MS. Probiotic and prebiotic supplementation for the p | rel…,R2026.16,,1.15.0
PRJNA489090,age,1.0,429,429,R2,complete,R2 paper.supp.43705_2021_3_MOESM15_ESM.xlsx[Day 5!Antibiotics since last visit?]: Antibiotics since last visit? | relat…,R2026.16,,1.15.0
PRJNA489090,delivery,1.0,429,429,R2,complete,R2 paper.supp.43705_2021_3_MOESM15_ESM.xlsx[Birth!Delivery mode]: Delivery mode | relation=reused_public_data;n_rows=16…,R2026.16,,1.15.0
PRJNA489090,feeding,0.927739,398,429,R2,complete,R2 paper.supp.43705_2021_3_MOESM15_ESM.xlsx[Birth!Feeding (milk)]: Feeding (milk) | relation=reused_public_data;n_rows=…,R2026.16,,1.15.0
PRJNA489090,preterm,1.0,429,429,R2,complete,R2 paper.supp.mmc1.xlsx[Table S2!birth_weight]: birth_weight | relation=reused_public_data;n_rows=3981,R2026.16,,1.15.0
PRJNA489090,antibiotics,0.93007,399,429,R2,complete,R2 paper.supp.43705_2021_3_MOESM15_ESM.xlsx[Birth!Maternal Antibiotic treatment around delivery]: Maternal Antibiotic t…,R2026.16,,1.15.0
PRJNA489090,probiotic,0.0,0,429,R3,partial_coverage,"R3 paper.fulltext.body: empted to restore the gut microbiota by probiotic supplements 36 , vaginal | relation=reused_pu…",R2026.16,,1.15.0
PRJNA473126,age,1.0,402,402,R1,complete,"R1 sample.attr.sample_title: Family T0150, Twin A, 7 month timepoint | hit_frac=1.00;attr_col=sample_title",R2026.16,,1.15.0
PRJNA473126,delivery,1.0,402,402,R2,complete,R2 paper.supp.EMI4-13-626-s001.xlsx[Table_S1!mode of delivery]: mode of delivery | relation=reused_public_data;n_rows=1…,R2026.16,,1.15.0
PRJNA473126,feeding,1.0,402,402,R2,complete,R2 paper.supp.Data_Sheet_6.XLSX[Table S5!A Breast milk]: A Breast milk | relation=reused_public_data;n_rows=272,R2026.16,,1.15.0
PRJNA473126,preterm,1.0,402,402,R2,complete,R2 paper.supp.jamapediatr-e242626-s003.pdf[page11_t1!Model Group]: Model Group | relation=own_data;n_rows=4,R2026.16,,1.15.0
PRJNA473126,antibiotics,1.0,402,402,R2,complete,R2 paper.supp.EMI4-13-626-s001.xlsx[Table_S1!treatment]: treatment | relation=reused_public_data;n_rows=1109,R2026.16,,1.15.0
PRJNA473126,probiotic,0.0,0,402,R2,partial_coverage,R2 paper.supp.EMI4-13-626-s001.xlsx[Table_S4!Lactobacillus ruminis]: Lactobacillus ruminis | relation=reused_public_dat…,R2026.16,,1.15.0
PRJEB6456,age,0.997487,397,398,R2,complete,R2 paper.supp.sph005182646st4.pdf[page1_t1!Month]: Month | relation=reused_public_data;n_rows=28,R2026.16,,1.15.0
PRJEB6456,delivery,0.984925,392,398,R2,complete,R2 paper.supp.Table_2.xlsx[table 4!Anaerococcus_vaginalis_ATCC_51170]: Anaerococcus_vaginalis_ATCC_51170 | relation=reu…,R2026.16,,1.15.0
PRJEB6456,feeding,0.713568,284,398,R2,complete,R2 paper.supp.41467_2024_45209_MOESM3_ESM.csv[!Formula_type]: Formula_type | relation=reused_public_data;n_rows=80,R2026.16,,1.15.0
PRJEB6456,preterm,0.984925,392,398,R2,complete,R2 paper.supp.41467_2024_45209_MOESM3_ESM.csv[!Birth_weight_baby (kg)]: Birth_weight_baby (kg) | relation=reused_public…,R2026.16,,1.15.0
PRJEB6456,antibiotics,0.738693,294,398,R2,complete,R2 paper.supp.41467_2024_45209_MOESM3_ESM.csv[!Mother_antibiotics]: Mother_antibiotics | relation=reused_public_data;n_…,R2026.16,,1.15.0
PRJEB6456,probiotic,0.0,0,398,R2,partial_coverage,R2 paper.supp.41467_2024_45209_MOESM3_ESM.csv[!Mother_probiotics]: Mother_probiotics | relation=reused_public_data;n_ro…,R2026.16,,1.15.0
PRJNA396794,age,1.0,305,305,R2,complete,R2 paper.supp.sys001182161st2.xls[sampleMetadata_3April17.csv!DOL]: DOL | relation=own_data;n_rows=902,R2026.16,,1.15.0
PRJNA396794,delivery,0.996721,304,305,R2,complete,R2 paper.supp.sys001182161st1.xls[infantMetadata_3April17.csv!birth_mode]: birth_mode | relation=own_data;n_rows=107,R2026.16,,1.15.0
PRJNA396794,feeding,0.993443,303,305,R2,complete,R2 paper.supp.sys001182161st1.xls[infantMetadata_3April17.csv!feeding]: feeding | relation=own_data;n_rows=107,R2026.16,,1.15.0
PRJNA396794,preterm,1.0,305,305,R2,complete,R2 paper.supp.sys001182161st1.xls[infantMetadata_3April17.csv!gestational_age]: gestational_age | relation=own_data;n_r…,R2026.16,,1.15.0
PRJNA396794,antibiotics,1.0,305,305,R2,complete,R2 paper.supp.sys001182161st2.xls[sampleMetadata_3April17.csv!antibiotics]: antibiotics | relation=own_data;n_rows=902,R2026.16,,1.15.0
PRJNA396794,probiotic,0.0,0,305,R3,partial_coverage,"R3 paper.fulltext.body: empted to restore the gut microbiota by probiotic supplements 36 , vaginal | relation=reused_pu…",R2026.16,,1.15.0
PRJNA898628,age,0.531818,117,220,R2,complete,R2 paper.supp.mmc1.xlsx[Table S2!age]: age | relation=reused_public_data;n_rows=3981,R2026.16,,1.15.0
PRJNA898628,delivery,0.531818,117,220,R2,complete,R2 paper.supp.mmc2.docx[table1!#Born method]: #Born method | relation=reused_public_data;n_rows=14,R2026.16,,1.15.0
PRJNA898628,feeding,0.531818,117,220,R2,complete,R2 paper.supp.mmc1.xlsx[Table S2!started_solids]: started_solids | relation=reused_public_data;n_rows=3981,R2026.16,,1.15.0
PRJNA898628,preterm,1.0,220,220,R2,complete,R2 paper.supp.mmc1.xlsx[Table S2!birth_weight]: birth_weight | relation=reused_public_data;n_rows=3981,R2026.16,,1.15.0
PRJNA898628,antibiotics,0.531818,117,220,R2,complete,R2 paper.supp.mmc1.xlsx[Table S2!antibiotics_current_use]: antibiotics_current_use | relation=reused_public_data;n_rows…,R2026.16,,1.15.0
PRJNA898628,probiotic,0.0,0,220,R3,partial_coverage,"R3 paper.fulltext.body: enomic data, we showed how supplemented probiotic strains modified the gut microbiota | relatio…",R2026.16,,1.15.0
PRJNA294605,age,0.892405,141,158,R2,complete,R2 paper.supp.Table_3.XLSX[mapping_global.txt!Day of Life]: Day of Life | relation=reused_public_data;n_rows=1647,R2026.16,,1.15.0
PRJNA294605,delivery,0.892405,141,158,R2,complete,R2 paper.supp.Table_3.XLSX[mapping_global.txt!delivery_mode]: delivery_mode | relation=reused_public_data;n_rows=1647,R2026.16,,1.15.0
PRJNA294605,feeding,0.892405,141,158,R2,complete,R2 paper.supp.Table_3.XLSX[mapping_global.txt!feeding_practice]: feeding_practice | relation=reused_public_data;n_rows=…,R2026.16,,1.15.0
PRJNA294605,preterm,0.892405,141,158,R2,complete,R2 paper.supp.Table_3.XLSX[mapping_global.txt!gestational_age_week]: gestational_age_week | relation=reused_public_data…,R2026.16,,1.15.0
PRJNA294605,antibiotics,0.924051,146,158,R2,complete,R2 paper.supp.Table_3.XLSX[mapping_global.txt!antibiotic_treatment]: antibiotic_treatment | relation=reused_public_data…,R2026.16,,1.15.0
PRJNA294605,probiotic,0.0,0,158,R3,partial_coverage,"R3 paper.fulltext.body: empted to restore the gut microbiota by probiotic supplements 36 , vaginal | relation=reused_pu…",R2026.16,,1.15.0
PRJNA352475,age,1.0,119,119,R2,complete,R2 paper.supp.mmc2.xlsx[A!INFANT T4 (+1 MONTH)]: INFANT T4 (+1 MONTH) | relation=own_data;n_rows=935,R2026.16,,1.15.0
PRJNA352475,delivery,1.0,119,119,R2,complete,R2 paper.supp.EMI4-13-626-s001.xlsx[Table_S1!mode of delivery]: mode of delivery | relation=reused_public_data;n_rows=1…,R2026.16,,1.15.0
PRJNA352475,feeding,0.815126,97,119,R2,complete,R2 paper.supp.41467_2024_45209_MOESM3_ESM.csv[!Formula_type]: Formula_type | relation=reused_public_data;n_rows=80,R2026.16,,1.15.0
PRJNA352475,preterm,0.94958,113,119,R2,complete,R2 paper.supp.41467_2024_45209_MOESM3_ESM.csv[!Birth_weight_baby (kg)]: Birth_weight_baby (kg) | relation=reused_public…,R2026.16,,1.15.0
PRJNA352475,antibiotics,0.756303,90,119,R2,complete,R2 paper.supp.41467_2024_45209_MOESM3_ESM.csv[!Mother_antibiotics]: Mother_antibiotics | relation=reused_public_data;n_…,R2026.16,,1.15.0
PRJNA352475,probiotic,0.0,0,119,R2,partial_coverage,R2 paper.supp.41467_2024_45209_MOESM3_ESM.csv[!Mother_probiotics]: Mother_probiotics | relation=reused_public_data;n_ro…,R2026.16,,1.15.0
PRJNA1055141,age,1.0,94,94,R2,complete,R2 paper.supp.41467_2026_74417_MOESM5_ESM.xlsx[ANTIBIO_Metadata!Time_point]: Time_point | relation=own_data;n_rows=94,R2026.16,,1.15.0
PRJNA1055141,delivery,1.0,94,94,R2,complete,R2 paper.supp.41467_2026_74417_MOESM5_ESM.xlsx[ANTIBIO_Metadata!Delivery_method]: Delivery_method | relation=own_data;n…,R2026.16,,1.15.0
PRJNA1055141,feeding,1.0,94,94,R2,complete,R2 paper.supp.41467_2026_74417_MOESM5_ESM.xlsx[ANTIBIO_Metadata!Breast_milk_1h]: Breast_milk_1h | relation=own_data;n_r…,R2026.16,,1.15.0
PRJNA1055141,preterm,1.0,94,94,R2,complete,R2 paper.supp.41467_2026_74417_MOESM5_ESM.xlsx[ANTIBIO_Metadata!Birth_weight]: Birth_weight | relation=own_data;n_rows=…,R2026.16,,1.15.0
PRJNA1055141,antibiotics,1.0,94,94,R2,complete,R2 paper.supp.41467_2026_74417_MOESM5_ESM.xlsx[ANTIBIO_Metadata!PM_antibiotic]: PM_antibiotic | relation=own_data;n_row…,R2026.16,,1.15.0
PRJNA1055141,probiotic,0.0,0,94,R0,partial_coverage,R0 fulltext_scanned_no_mention;n_papers=1,R2026.16,,1.15.0
PRJNA273761,age,1.0,60,60,R2,complete,R2 paper.supp.spectrum01176-21_supp_1_seq9.xlsx[Table S1!Gestational age (weeks)]: Gestational age (weeks) | relation=r…,R2026.16,,1.15.0
PRJNA273761,delivery,0.883333,53,60,R2,complete,R2 paper.supp.Table_3.XLSX[mapping_global.txt!delivery_mode]: delivery_mode | relation=reused_public_data;n_rows=1647,R2026.16,,1.15.0
PRJNA273761,feeding,0.883333,53,60,R2,complete,R2 paper.supp.Table_3.XLSX[mapping_global.txt!feeding_practice]: feeding_practice | relation=reused_public_data;n_rows=…,R2026.16,,1.15.0
PRJNA273761,preterm,1.0,60,60,R2,complete,R2 paper.supp.spectrum01176-21_supp_1_seq9.xlsx[Table S1!Gestational age (weeks)]: Gestational age (weeks) | relation=r…,R2026.16,,1.15.0
PRJNA273761,antibiotics,0.883333,53,60,R2,complete,R2 paper.supp.Table_3.XLSX[mapping_global.txt!antibiotic_treatment]: antibiotic_treatment | relation=reused_public_data…,R2026.16,,1.15.0
PRJNA273761,probiotic,0.0,0,60,R2,partial_coverage,R2 paper.supp.spectrum01176-21_supp_1_seq9.xlsx[Table S6!Limosilactobacillus fermentum]: Limosilactobacillus fermentum…,R2026.16,,1.15.0
PRJEB52147,age,1.0,54,54,R3,complete,"R3 paper.fulltext.body: lyzed stool and milk samples from three time points: at birth, 2 | relation=own_data;n_mentions…",R2026.16,,1.15.0
PRJEB52147,delivery,1.0,54,54,R3,complete,"R3 paper.fulltext.body: , and preterm infants are delivered via Caesarean section (C-section) more frequently | relatio…",R2026.16,,1.15.0
PRJEB52147,feeding,0.981481,53,54,R3,complete,"R3 paper.fulltext.body: thy term infants, these factors include breastfeeding, contact with adults, whether they | rela…",R2026.16,,1.15.0
PRJEB52147,preterm,1.0,54,54,R3,complete,R3 paper.fulltext.body: th the microbiome and metabolome of the preterm infant gut over time. | relation=own_data;n_men…,R2026.16,,1.15.0
PRJEB52147,antibiotics,1.0,54,54,R3,complete,"R3 paper.fulltext.body: tuses are commonly exposed to antenatal antibiotics and steroids, and preterm infants | relatio…",R2026.16,,1.15.0
PRJEB52147,probiotic,0.0,0,54,R3,no_supplement_found,R3 paper.fulltext.body: tudy showed that supplementation of the probiotic Lactobacillus rhamnosus GG in infants | relat…,R2026.16,,1.15.0
PRJNA379120,age,1.0,52,52,R2,complete,R2 paper.supp.41467_2018_7631_MOESM4_ESM.xlsx[Sheet1!Gestational age (weeks)]: Gestational age (weeks) | relation=own_d…,R2026.16,,1.15.0
PRJNA379120,delivery,0.980769,51,52,R2,complete,R2 paper.supp.41467_2018_7631_MOESM4_ESM.xlsx[Sheet1!Delivery mode]: Delivery mode | relation=own_data;n_rows=16532,R2026.16,,1.15.0
PRJNA379120,feeding,0.730769,38,52,R2,complete,R2 paper.supp.Data_Sheet_6.XLSX[Table S5!A Breast milk]: A Breast milk | relation=reused_public_data;n_rows=272,R2026.16,,1.15.0
PRJNA379120,preterm,0.730769,38,52,R2,complete,R2 paper.supp.41467_2018_7631_MOESM4_ESM.xlsx[Sheet1!Gestational age (weeks)]: Gestational age (weeks) | relation=own_d…,R2026.16,,1.15.0
PRJNA379120,antibiotics,0.884615,46,52,R2,complete,R2 paper.supp.ADVS-12-e05154-s006.xlsx[Sheet1!Infant antibiotics]: Infant antibiotics | relation=reused_public_data;n_r…,R2026.16,,1.15.0
PRJNA379120,probiotic,0.0,0,52,R3,partial_coverage,R3 paper.fulltext.body: t al. Bifidobacterium and Lactobacillus probiotics and gut dysbiosis in preterm infants | relat…,R2026.16,,1.15.0
PRJNA322188,age,1.0,49,49,R2,complete,R2 paper.supp.ADVS-12-e05154-s006.xlsx[Sheet1!Day of life]: Day of life | relation=reused_public_data;n_rows=5684,R2026.16,,1.15.0
PRJNA322188,delivery,1.0,49,49,R2,complete,R2 paper.supp.ADVS-12-e05154-s006.xlsx[Sheet1!Delivery mode]: Delivery mode | relation=reused_public_data;n_rows=5684,R2026.16,,1.15.0
PRJNA322188,feeding,0.918367,45,49,R2,complete,R2 paper.supp.ADVS-12-e05154-s006.xlsx[Sheet1!Feeding pattern]: Feeding pattern | relation=reused_public_data;n_rows=56…,R2026.16,,1.15.0
PRJNA322188,preterm,0.857143,42,49,R2,complete,R2 paper.supp.ADVS-12-e05154-s006.xlsx[Sheet1!Gestational age (weeks)]: Gestational age (weeks) | relation=reused_publi…,R2026.16,,1.15.0
PRJNA322188,antibiotics,1.0,49,49,R2,complete,R2 paper.supp.ADVS-12-e05154-s006.xlsx[Sheet1!Infant antibiotics]: Infant antibiotics | relation=reused_public_data;n_r…,R2026.16,,1.15.0
PRJNA322188,probiotic,0.0,0,49,R2,partial_coverage,R2 paper.supp.EMI4-13-626-s001.xlsx[Table_S4!Lactobacillus ruminis]: Lactobacillus ruminis | relation=reused_public_dat…,R2026.16,,1.15.0
PRJNA532310,age,1.0,46,46,R2,complete,R2 paper.supp.nqab353_supplemental_files.zip::Supplementary_tables_comb.xlsx[Supplementary Data 3!Age]: Age | relation=…,R2026.16,,1.15.0
PRJNA532310,delivery,1.0,46,46,R2,complete,R2 paper.supp.nqab353_supplemental_files.zip::Supplementary_tables_comb.xlsx[Supplementary Data 3!Delivery_mode]: Deliv…,R2026.16,,1.15.0
PRJNA532310,feeding,1.0,46,46,R2,complete,R2 paper.supp.nqab353_supplemental_files.zip::Supplementary_tables_comb.xlsx[Supplementary Data 3!Formula]: Formula | r…,R2026.16,,1.15.0
PRJNA532310,preterm,1.0,46,46,R1,complete,R1 sample.attr.sample_title: preterm infant | hit_frac=1.00;attr_col=sample_title,R2026.16,,1.15.0
PRJNA532310,antibiotics,1.0,46,46,R2,complete,R2 paper.supp.nqab353_supplemental_files.zip::Supplementary_tables_comb.xlsx[Supplementary Data 3!Antibiotics]: Antibio…,R2026.16,,1.15.0
PRJNA532310,probiotic,0.0,0,46,R3,partial_coverage,"R3 paper.fulltext.body: , such as diet, type of birth, illness, probiotic, and antibiotic administration, | relation=re…",R2026.16,,1.15.0
PRJNA1086674,age,1.0,39,39,R3,complete,"R3 paper.fulltext.body: l, saliva, and milk from 4 longitudinal time points during their Neonatal | relation=own_data;n…",R2026.16,,1.15.0
PRJNA1086674,delivery,1.0,39,39,R3,complete,"R3 paper.fulltext.body: tamethasone, 73% of mothers underwent a cesarean section, and 45% of mothers | relation=own_dat…",R2026.16,,1.15.0
PRJNA1086674,feeding,1.0,39,39,R3,complete,"R3 paper.fulltext.body: position changed following the start of breastfeeding, altering the infants’ saliva and | relat…",R2026.16,,1.15.0
PRJNA1086674,preterm,1.0,39,39,R3,complete,R3 paper.fulltext.body: Introduction Infants born preterm are at higher risk of morbidity and mor | relation=own_data;n…,R2026.16,,1.15.0
PRJNA1086674,antibiotics,1.0,39,39,R3,complete,R3 paper.fulltext.body: pture of membranes and received latency antibiotics (Table 1 ). The average | relation=own_data…,R2026.16,,1.15.0
PRJNA1086674,probiotic,0.0,0,39,R0,no_supplement_found,R0 fulltext_scanned_no_mention;n_papers=1,R2026.16,,1.15.0
PRJNA327106,age,1.0,37,37,R1,complete,R1 sample.attr.sample_title: Infant 1 DOL 25 gut | hit_frac=1.00;attr_col=sample_title,R2026.16,,1.15.0
PRJNA327106,delivery,1.0,37,37,R2,complete,R2 paper.supp.Table_3.XLSX[mapping_global.txt!delivery_mode]: delivery_mode | relation=reused_public_data;n_rows=1647,R2026.16,,1.15.0
PRJNA327106,feeding,1.0,37,37,R2,complete,R2 paper.supp.Table_3.XLSX[mapping_global.txt!feeding_practice]: feeding_practice | relation=reused_public_data;n_rows=…,R2026.16,,1.15.0
PRJNA327106,preterm,1.0,37,37,R2,complete,R2 paper.supp.Table_3.XLSX[mapping_global.txt!gestational_age_week]: gestational_age_week | relation=reused_public_data…,R2026.16,,1.15.0
PRJNA327106,antibiotics,1.0,37,37,R2,complete,R2 paper.supp.Table_3.XLSX[mapping_global.txt!antibiotic_treatment]: antibiotic_treatment | relation=reused_public_data…,R2026.16,,1.15.0
PRJNA327106,probiotic,0.0,0,37,R3,partial_coverage,"R3 paper.fulltext.body: empted to restore the gut microbiota by probiotic supplements 36 , vaginal | relation=reused_pu…",R2026.16,,1.15.0
PRJNA221723,age,1.0,2,2,R2,complete,R2 paper.supp.41564_2023_1549_MOESM2_ESM.xlsx[Supplementary Table 2!Host Age (days)]: Host Age (days) | relation=reused…,R2026.16,,1.15.0
PRJNA221723,delivery,1.0,2,2,R3,complete,R3 paper.fulltext.body: at birth and is strongly influenced by mode of delivery [ 13 | relation=own_data;n_mentions=4,R2026.16,,1.15.0
PRJNA221723,feeding,1.0,2,2,R3,complete,"R3 paper.fulltext.body: natural or C-section), type of feeding (breastfeeding or infant formula) ( 3 | relation=nan;n_m…",R2026.16,,1.15.0
PRJNA221723,preterm,1.0,2,2,R1,complete,R1 sample.attr.sample_title: General Sample for Brooks et al. 2012 gut metagenome of prem | hit_frac=1.00;attr_col=samp…,R2026.16,,1.15.0
PRJNA221723,antibiotics,1.0,2,2,R3,complete,R3 paper.fulltext.body: s and the routine use of broad-spectrum antibiotics during the first week | relation=own_data;n…,R2026.16,,1.15.0
PRJNA221723,probiotic,0.0,0,2,R0,partial_coverage,R0 fulltext_scanned_no_mention;n_papers=3,R2026.16,,1.15.0
PRJNA400115,age,0.0,0,0,R2,controlled_access,R2 paper.supp.Table4.XLSX[TEDDY-SWE!age at collection]: age at collection | relation=reused_public_data;n_rows=3565,R2026.16,,1.15.0
PRJNA400115,delivery,0.0,0,0,R2,controlled_access,R2 paper.supp.41564_2024_1804_MOESM2_ESM.xlsx[neonatal_subject!birth_mode]: birth_mode | relation=reused_public_data;n_…,R2026.16,,1.15.0
PRJNA400115,feeding,0.0,0,0,R2,controlled_access,R2 paper.supp.41564_2024_1804_MOESM2_ESM.xlsx[neonatal_subject!baby_feed_1sthr_after_birth]: baby_feed_1sthr_after_birt…,R2026.16,,1.15.0
PRJNA400115,preterm,0.0,0,0,R2,controlled_access,R2 paper.supp.41564_2024_1804_MOESM2_ESM.xlsx[neonatal_subject!birthweight_kg]: birthweight_kg | relation=reused_public…,R2026.16,,1.15.0
PRJNA400115,antibiotics,0.0,0,0,R2,controlled_access,R2 paper.supp.41564_2024_1804_MOESM2_ESM.xlsx[neonatal_subject!maternal_labour_antibiotics]: maternal_labour_antibiotic…,R2026.16,,1.15.0
PRJNA400115,probiotic,0.0,0,0,R2,controlled_access,R2 paper.supp.Table4.XLSX[Deehan!Probiotic]: Probiotic | relation=reused_public_data;n_rows=200,R2026.16,,1.15.0
PRJEB108612,age,0.0,0,0,R0,no_linked_paper,R0 no_linked_paper;no_attribute,R2026.16,,1.15.0
PRJEB108612,delivery,0.0,0,0,R0,no_linked_paper,R0 no_linked_paper;no_attribute,R2026.16,,1.15.0
PRJEB108612,feeding,0.0,0,0,R0,no_linked_paper,R0 no_linked_paper;no_attribute,R2026.16,,1.15.0
PRJEB108612,preterm,0.0,0,0,R0,no_linked_paper,R0 no_linked_paper;no_attribute,R2026.16,,1.15.0
PRJEB108612,antibiotics,0.0,0,0,R0,no_linked_paper,R0 no_linked_paper;no_attribute,R2026.16,,1.15.0
PRJEB108612,probiotic,0.0,0,0,R0,no_linked_paper,R0 no_linked_paper;no_attribute,R2026.16,,1.15.0
PRJNA1468137,age,0.0,0,0,R4,paywalled_abstract_only,R4 paper.abstract: full text not cached; abstract only | evidence_limited_to=abstract,R2026.16,,1.15.0
PRJNA1468137,delivery,0.0,0,0,R4,paywalled_abstract_only,R4 paper.abstract: full text not cached; abstract only | evidence_limited_to=abstract,R2026.16,,1.15.0
PRJNA1468137,feeding,0.0,0,0,R4,paywalled_abstract_only,R4 paper.abstract: full text not cached; abstract only | evidence_limited_to=abstract,R2026.16,,1.15.0
PRJNA1468137,preterm,0.0,0,0,R4,paywalled_abstract_only,R4 paper.abstract: full text not cached; abstract only | evidence_limited_to=abstract,R2026.16,,1.15.0
PRJNA1468137,antibiotics,0.0,0,0,R4,paywalled_abstract_only,R4 paper.abstract: full text not cached; abstract only | evidence_limited_to=abstract,R2026.16,,1.15.0
PRJNA1468137,probiotic,0.0,0,0,R4,paywalled_abstract_only,R4 paper.abstract: full text not cached; abstract only | evidence_limited_to=abstract,R2026.16,,1.15.0
PRJEB108450,age,0.0,0,0,R0,archive_only_uncertain,R0 no_linked_paper;no_attribute,R2026.16,,1.15.0
PRJEB108450,delivery,0.0,0,0,R0,archive_only_uncertain,R0 no_linked_paper;no_attribute,R2026.16,,1.15.0
PRJEB108450,feeding,0.0,0,0,R0,archive_only_uncertain,R0 no_linked_paper;no_attribute,R2026.16,,1.15.0
PRJEB108450,preterm,0.0,0,0,R0,archive_only_uncertain,R0 no_linked_paper;no_attribute,R2026.16,,1.15.0
PRJEB108450,antibiotics,0.0,0,0,R0,archive_only_uncertain,R0 no_linked_paper;no_attribute,R2026.16,,1.15.0
PRJEB108450,probiotic,0.0,0,0,R0,archive_only_uncertain,R0 no_linked_paper;no_attribute,R2026.16,,1.15.0
PRJEB46788,age,0.0,0,0,R2,tables_unjoinable_need_key,R2 paper.supp.KGMI_A_2587966_SM0647.xlsx[S2a!Age group]: Age group | relation=own_data;n_rows=1004,R2026.16,,1.15.0
PRJEB46788,delivery,0.0,0,0,R3,tables_unjoinable_need_key,R3 paper.fulltext.body: namic and influenced by factors such as delivery mode and breastfeeding ( | relation=reused_pub…,R2026.16,,1.15.0
PRJEB46788,feeding,0.0,0,0,R3,tables_unjoinable_need_key,R3 paper.fulltext.body: ed by factors such as delivery mode and breastfeeding ( 8 – | relation=reused_public_data;n_men…,R2026.16,,1.15.0
PRJEB46788,preterm,0.0,0,0,R3,tables_unjoinable_need_key,"R3 paper.fulltext.body: ombo-Ngoma G, et al. Association of low birth weight and polyparasitic infection | relation=own…",R2026.16,,1.15.0
PRJEB46788,antibiotics,0.0,0,0,R3,tables_unjoinable_need_key,"R3 paper.fulltext.body: such as diet composition, use of drugs/antibiotics, and medical treatments. A deeper | relation…",R2026.16,,1.15.0
PRJEB46788,probiotic,0.0,0,0,R0,tables_unjoinable_need_key,R0 fulltext_scanned_no_mention;n_papers=3,R2026.16,,1.15.0
PRJNA398089,age,0.0,0,0,R2,tables_unjoinable_need_key,R2 paper.supp.Table4.XLSX[TEDDY-SWE!age at collection]: age at collection | relation=reused_public_data;n_rows=3565,R2026.16,,1.15.0
PRJNA398089,delivery,0.0,0,0,R3,tables_unjoinable_need_key,R3 paper.fulltext.body: s influenced rather dramatically by the delivery mode (vaginal delivery [SVD] vs | relation=reu…,R2026.16,,1.15.0
PRJNA398089,feeding,0.0,0,0,R3,tables_unjoinable_need_key,R3 paper.fulltext.body: that were linked to the introduction of complementary foods around the age | relation=reused_pu…,R2026.16,,1.15.0
PRJNA398089,preterm,0.0,0,0,R3,tables_unjoinable_need_key,"R3 paper.fulltext.body: ate dependence on the delivery mode and gestational age, analyzed with analysis | relation=reus…",R2026.16,,1.15.0
PRJNA398089,antibiotics,0.0,0,0,R3,tables_unjoinable_need_key,R3 paper.fulltext.body: r analysis for all diagnoses except the antibiotics-treated group. ( E and | relation=reused_pu…,R2026.16,,1.15.0
PRJNA398089,probiotic,0.0,0,0,R2,tables_unjoinable_need_key,R2 paper.supp.Table4.XLSX[Deehan!Probiotic]: Probiotic | relation=reused_public_data;n_rows=200,R2026.16,,1.15.0
PRJEB40383,age,0.0,0,0,R0,archive_only_uncertain,R0 no_linked_paper;no_attribute,R2026.16,,1.15.0
PRJEB40383,delivery,0.0,0,0,R0,archive_only_uncertain,R0 no_linked_paper;no_attribute,R2026.16,,1.15.0
PRJEB40383,feeding,0.0,0,0,R0,archive_only_uncertain,R0 no_linked_paper;no_attribute,R2026.16,,1.15.0
PRJEB40383,preterm,0.0,0,0,R0,archive_only_uncertain,R0 no_linked_paper;no_attribute,R2026.16,,1.15.0
PRJEB40383,antibiotics,0.0,0,0,R0,archive_only_uncertain,R0 no_linked_paper;no_attribute,R2026.16,,1.15.0
PRJEB40383,probiotic,0.0,0,0,R0,archive_only_uncertain,R0 no_linked_paper;no_attribute,R2026.16,,1.15.0
PRJNA1257550,age,0.0,0,0,R0,no_linked_paper,R0 no_linked_paper;no_attribute,R2026.16,,1.15.0
PRJNA1257550,delivery,0.0,0,0,R0,no_linked_paper,R0 no_linked_paper;no_attribute,R2026.16,,1.15.0
PRJNA1257550,feeding,0.0,0,0,R0,no_linked_paper,R0 no_linked_paper;no_attribute,R2026.16,,1.15.0
PRJNA1257550,preterm,0.0,0,0,R0,no_linked_paper,R0 no_linked_paper;no_attribute,R2026.16,,1.15.0
PRJNA1257550,antibiotics,0.0,0,0,R0,no_linked_paper,R0 no_linked_paper;no_attribute,R2026.16,,1.15.0
PRJNA1257550,probiotic,0.0,0,0,R0,no_linked_paper,R0 no_linked_paper;no_attribute,R2026.16,,1.15.0
PRJNA1049511,age,0.0,0,0,R0,no_linked_paper,R0 no_linked_paper;no_attribute,R2026.16,,1.15.0
PRJNA1049511,delivery,0.0,0,0,R0,no_linked_paper,R0 no_linked_paper;no_attribute,R2026.16,,1.15.0
PRJNA1049511,feeding,0.0,0,0,R0,no_linked_paper,R0 no_linked_paper;no_attribute,R2026.16,,1.15.0
PRJNA1049511,preterm,0.0,0,0,R0,no_linked_paper,R0 no_linked_paper;no_attribute,R2026.16,,1.15.0
PRJNA1049511,antibiotics,0.0,0,0,R0,no_linked_paper,R0 no_linked_paper;no_attribute,R2026.16,,1.15.0
PRJNA1049511,probiotic,0.0,0,0,R0,no_linked_paper,R0 no_linked_paper;no_attribute,R2026.16,,1.15.0
PRJEB13679,age,0.0,0,0,R0,archive_only_uncertain,R0 not assessed by recoverability track,R2026.16,,1.15.0
PRJEB13679,delivery,0.0,0,0,R0,archive_only_uncertain,R0 not assessed by recoverability track,R2026.16,,1.15.0
PRJEB13679,feeding,0.0,0,0,R0,archive_only_uncertain,R0 not assessed by recoverability track,R2026.16,,1.15.0
PRJEB13679,preterm,0.0,0,0,R0,archive_only_uncertain,R0 not assessed by recoverability track,R2026.16,,1.15.0
PRJEB13679,antibiotics,0.0,0,0,R0,archive_only_uncertain,R0 not assessed by recoverability track,R2026.16,,1.15.0
PRJEB13679,probiotic,0.0,0,0,R0,archive_only_uncertain,R0 not assessed by recoverability track,R2026.16,,1.15.0
PRJNA1259152,age,0.0,0,0,R0,no_linked_paper,R0 no_linked_paper;no_attribute,R2026.16,,1.15.0
PRJNA1259152,delivery,0.0,0,0,R0,no_linked_paper,R0 no_linked_paper;no_attribute,R2026.16,,1.15.0
PRJNA1259152,feeding,0.0,0,0,R0,no_linked_paper,R0 no_linked_paper;no_attribute,R2026.16,,1.15.0
PRJNA1259152,preterm,0.0,0,0,R0,no_linked_paper,R0 no_linked_paper;no_attribute,R2026.16,,1.15.0
PRJNA1259152,antibiotics,0.0,0,0,R0,no_linked_paper,R0 no_linked_paper;no_attribute,R2026.16,,1.15.0
PRJNA1259152,probiotic,0.0,0,0,R0,no_linked_paper,R0 no_linked_paper;no_attribute,R2026.16,,1.15.0
PRJNA1060349,age,0.0,0,0,R4,no_supplement_found,R4 paper.abstract: full text not cached; abstract only | evidence_limited_to=abstract,R2026.16,,1.15.0
PRJNA1060349,delivery,0.0,0,0,R4,no_supplement_found,R4 paper.abstract: full text not cached; abstract only | evidence_limited_to=abstract,R2026.16,,1.15.0
PRJNA1060349,feeding,0.0,0,0,R4,no_supplement_found,R4 paper.abstract: full text not cached; abstract only | evidence_limited_to=abstract,R2026.16,,1.15.0
PRJNA1060349,preterm,0.0,0,0,R4,no_supplement_found,R4 paper.abstract: full text not cached; abstract only | evidence_limited_to=abstract,R2026.16,,1.15.0
PRJNA1060349,antibiotics,0.0,0,0,R4,no_supplement_found,R4 paper.abstract: full text not cached; abstract only | evidence_limited_to=abstract,R2026.16,,1.15.0
PRJNA1060349,probiotic,0.0,0,0,R4,no_supplement_found,R4 paper.abstract: full text not cached; abstract only | evidence_limited_to=abstract,R2026.16,,1.15.0
PRJNA1140720,age,0.0,0,0,R3,no_supplement_found,"R3 paper.fulltext.body: e maturation during the key first 1,000 days of life 15 . | relation=own_data;n_mentions=25",R2026.16,,1.15.0
PRJNA1140720,delivery,0.0,0,0,R3,no_supplement_found,R3 paper.fulltext.body: is against group B Streptococcus and of mode of delivery on alpha-diversity | relation=own_data…,R2026.16,,1.15.0
PRJNA1140720,feeding,0.0,0,0,R3,no_supplement_found,"R3 paper.fulltext.body: valent and health-promoting species in (breast-fed) babies 6 , 46 , was | relation=own_data;n_m…",R2026.16,,1.15.0
PRJNA1140720,preterm,0.0,0,0,R0,no_supplement_found,R0 fulltext_scanned_no_mention;n_papers=1,R2026.16,,1.15.0
PRJNA1140720,antibiotics,0.0,0,0,R3,no_supplement_found,"R3 paper.fulltext.body: age, past and current host-health data, antibiotic exposures, maternal delivery informatio | re…",R2026.16,,1.15.0
PRJNA1140720,probiotic,0.0,0,0,R0,no_supplement_found,R0 fulltext_scanned_no_mention;n_papers=1,R2026.16,,1.15.0
PRJNA916952,age,0.0,0,0,R2,tables_unjoinable_need_key,R2 paper.supp.mmc9.zip::data_files_QIIME2_R/files_for_QIIME2/metadata_mapping_stork_viromics.txt[!AgeBabyDays]: AgeBaby…,R2026.16,,1.15.0
PRJNA916952,delivery,0.0,0,0,R2,tables_unjoinable_need_key,R2 paper.supp.41467_2026_74609_MOESM3_ESM.xlsx[Sheet1!Delivery mode metadata]: Delivery mode metadata | relation=reused…,R2026.16,,1.15.0
PRJNA916952,feeding,0.0,0,0,R2,tables_unjoinable_need_key,R2 paper.supp.mmc9.zip::data_files_QIIME2_R/files_for_R/phage.txt[!Propionibacterium.virus.Solid]: Propionibacterium.vi…,R2026.16,,1.15.0
PRJNA916952,preterm,0.0,0,0,R3,tables_unjoinable_need_key,"R3 paper.fulltext.body: livery mode (vaginal or section), term (full-term or premature), or feeding pattern | relation=…",R2026.16,,1.15.0
PRJNA916952,antibiotics,0.0,0,0,R3,tables_unjoinable_need_key,"R3 paper.fulltext.body: lness, and 60% of these were prescribed antibiotics at least once. The | relation=own_data;n_me…",R2026.16,,1.15.0
PRJNA916952,probiotic,0.0,0,0,R0,tables_unjoinable_need_key,R0 fulltext_scanned_no_mention;n_papers=3,R2026.16,,1.15.0
PRJNA1403004,age,0.0,0,0,R4,paywalled_abstract_only,R4 paper.abstract: full text not cached; abstract only | evidence_limited_to=abstract,R2026.16,,1.15.0
PRJNA1403004,delivery,0.0,0,0,R4,paywalled_abstract_only,R4 paper.abstract: full text not cached; abstract only | evidence_limited_to=abstract,R2026.16,,1.15.0
PRJNA1403004,feeding,0.0,0,0,R4,paywalled_abstract_only,R4 paper.abstract: full text not cached; abstract only | evidence_limited_to=abstract,R2026.16,,1.15.0
PRJNA1403004,preterm,0.0,0,0,R4,paywalled_abstract_only,R4 paper.abstract: full text not cached; abstract only | evidence_limited_to=abstract,R2026.16,,1.15.0
PRJNA1403004,antibiotics,0.0,0,0,R4,paywalled_abstract_only,R4 paper.abstract: full text not cached; abstract only | evidence_limited_to=abstract,R2026.16,,1.15.0
PRJNA1403004,probiotic,0.0,0,0,R4,paywalled_abstract_only,R4 paper.abstract: full text not cached; abstract only | evidence_limited_to=abstract,R2026.16,,1.15.0
PRJEB45356,age,0.0,0,0,R2,tables_unjoinable_need_key,R2 paper.supp.41586_2023_6838_MOESM5_ESM.xlsx[Table 15!Differential gene expression analysis for the interaction of]: D…,R2026.16,,1.15.0
PRJEB45356,delivery,0.0,0,0,R0,tables_unjoinable_need_key,R0 fulltext_scanned_no_mention;n_papers=3,R2026.16,,1.15.0
PRJEB45356,feeding,0.0,0,0,R3,tables_unjoinable_need_key,"R3 paper.fulltext.body: et, and no differences in the amount of breast milk consumed between | relation=own_data;n_ment…",R2026.16,,1.15.0
PRJEB45356,preterm,0.0,0,0,R0,tables_unjoinable_need_key,R0 fulltext_scanned_no_mention;n_papers=3,R2026.16,,1.15.0
PRJEB45356,antibiotics,0.0,0,0,R2,tables_unjoinable_need_key,R2 paper.supp.41586_2023_6838_MOESM5_ESM.xlsx[Table 15!Differential gene expression for the treatment group coeffic]: D…,R2026.16,,1.15.0
PRJEB45356,probiotic,0.0,0,0,R2,tables_unjoinable_need_key,R2 paper.supp.41467_2026_71871_MOESM4_ESM.xlsx[Key!Supplementary Dataset 17]: Supplementary Dataset 17 | relation=unsur…,R2026.16,,1.15.0
PRJNA588513,age,0.0,0,0,R2,tables_unjoinable_need_key,R2 paper.supp.msystems.01294-23-s0004.xlsx[Sheet1!Age (day)]: Age (day) | relation=reused_public_data;n_rows=6653,R2026.16,,1.15.0
PRJNA588513,delivery,0.0,0,0,R3,tables_unjoinable_need_key,R3 paper.fulltext.body: namic and influenced by factors such as delivery mode and breastfeeding ( | relation=reused_pub…,R2026.16,,1.15.0
PRJNA588513,feeding,0.0,0,0,R2,tables_unjoinable_need_key,R2 paper.supp.Data_Sheet_6.XLSX[Table S5!A Breast milk]: A Breast milk | relation=reused_public_data;n_rows=272,R2026.16,,1.15.0
PRJNA588513,preterm,0.0,0,0,R0,tables_unjoinable_need_key,R0 fulltext_scanned_no_mention;n_papers=3,R2026.16,,1.15.0
PRJNA588513,antibiotics,0.0,0,0,R3,tables_unjoinable_need_key,"R3 paper.fulltext.body: such as diet composition, use of drugs/antibiotics, and medical treatments. A deeper | relation…",R2026.16,,1.15.0
PRJNA588513,probiotic,0.0,0,0,R0,tables_unjoinable_need_key,R0 fulltext_scanned_no_mention;n_papers=3,R2026.16,,1.15.0
PRJEB63570,age,0.0,0,0,R4,paywalled_abstract_only,R4 paper.abstract: full text not cached; abstract only | evidence_limited_to=abstract,R2026.16,,1.15.0
PRJEB63570,delivery,0.0,0,0,R4,paywalled_abstract_only,R4 paper.abstract: full text not cached; abstract only | evidence_limited_to=abstract,R2026.16,,1.15.0
PRJEB63570,feeding,0.0,0,0,R4,paywalled_abstract_only,R4 paper.abstract: full text not cached; abstract only | evidence_limited_to=abstract,R2026.16,,1.15.0
PRJEB63570,preterm,0.0,0,0,R4,paywalled_abstract_only,R4 paper.abstract: full text not cached; abstract only | evidence_limited_to=abstract,R2026.16,,1.15.0
PRJEB63570,antibiotics,0.0,0,0,R4,paywalled_abstract_only,R4 paper.abstract: full text not cached; abstract only | evidence_limited_to=abstract,R2026.16,,1.15.0
PRJEB63570,probiotic,0.0,0,0,R4,paywalled_abstract_only,R4 paper.abstract: full text not cached; abstract only | evidence_limited_to=abstract,R2026.16,,1.15.0
PRJEB62678,age,0.0,0,0,R0,archive_only_uncertain,R0 not assessed by recoverability track,R2026.16,,1.15.0
PRJEB62678,delivery,0.0,0,0,R0,archive_only_uncertain,R0 not assessed by recoverability track,R2026.16,,1.15.0
PRJEB62678,feeding,0.0,0,0,R0,archive_only_uncertain,R0 not assessed by recoverability track,R2026.16,,1.15.0
PRJEB62678,preterm,0.0,0,0,R0,archive_only_uncertain,R0 not assessed by recoverability track,R2026.16,,1.15.0
PRJEB62678,antibiotics,0.0,0,0,R0,archive_only_uncertain,R0 not assessed by recoverability track,R2026.16,,1.15.0
PRJEB62678,probiotic,0.0,0,0,R0,archive_only_uncertain,R0 not assessed by recoverability track,R2026.16,,1.15.0
PRJNA900041,age,0.0,0,0,R0,no_linked_paper,R0 no_linked_paper;no_attribute,R2026.16,,1.15.0
PRJNA900041,delivery,0.0,0,0,R0,no_linked_paper,R0 no_linked_paper;no_attribute,R2026.16,,1.15.0
PRJNA900041,feeding,0.0,0,0,R0,no_linked_paper,R0 no_linked_paper;no_attribute,R2026.16,,1.15.0
PRJNA900041,preterm,0.0,0,0,R0,no_linked_paper,R0 no_linked_paper;no_attribute,R2026.16,,1.15.0
PRJNA900041,antibiotics,0.0,0,0,R0,no_linked_paper,R0 no_linked_paper;no_attribute,R2026.16,,1.15.0
PRJNA900041,probiotic,0.0,0,0,R0,no_linked_paper,R0 no_linked_paper;no_attribute,R2026.16,,1.15.0
PRJEB6921,age,0.0,0,0,R0,no_linked_paper,R0 no_linked_paper;no_attribute,R2026.16,,1.15.0
PRJEB6921,delivery,0.0,0,0,R0,no_linked_paper,R0 no_linked_paper;no_attribute,R2026.16,,1.15.0
PRJEB6921,feeding,0.0,0,0,R0,no_linked_paper,R0 no_linked_paper;no_attribute,R2026.16,,1.15.0
PRJEB6921,preterm,0.0,0,0,R0,no_linked_paper,R0 no_linked_paper;no_attribute,R2026.16,,1.15.0
PRJEB6921,antibiotics,0.0,0,0,R0,no_linked_paper,R0 no_linked_paper;no_attribute,R2026.16,,1.15.0
PRJEB6921,probiotic,0.0,0,0,R3,no_linked_paper,R3 sample.attr.sample_title: Bifidobacterium breve UCC2003 | partial_attr hit_frac=0.01,R2026.16,,1.15.0
PRJNA1445880,age,0.0,0,0,R3,partial_coverage,"R3 paper.fulltext.body: g. 1 A). Across all samples, the median age at collection was | relation=own_data;n_mentions=22",R2026.16,,1.15.0
PRJNA1445880,delivery,0.0,0,0,R2,partial_coverage,R2 paper.supp.13073_2026_1646_MOESM3_ESM.xlsx[0-2 samples - genus level!value]: value | relation=own_data;n_rows=35,R2026.16,,1.15.0
PRJNA1445880,feeding,0.0,0,0,R2,partial_coverage,R2 paper.supp.13073_2026_1646_MOESM1_ESM.xlsx[supp_table_figures_f_g!Diet_levels]: Diet_levels | relation=own_data;n_ro…,R2026.16,,1.15.0
PRJNA1445880,preterm,0.0,0,0,R0,partial_coverage,R0 fulltext_scanned_no_mention;n_papers=1,R2026.16,,1.15.0
PRJNA1445880,antibiotics,0.0,0,0,R0,partial_coverage,R0 fulltext_scanned_no_mention;n_papers=1,R2026.16,,1.15.0
PRJNA1445880,probiotic,0.0,0,0,R3,partial_coverage,"R3 paper.fulltext.body: ral Bifidobacterium strains are used as probiotics [ 30 ]. In particular, | relation=own_data;n…",R2026.16,,1.15.0
PRJNA1113165,age,0.0,0,0,R3,partial_coverage,"R3 paper.fulltext.body: low birth weight 29 . Benefits on size at birth persisted, as | relation=own_data;n_mentions=65",R2026.16,,1.15.0
PRJNA1113165,delivery,0.0,0,0,R3,partial_coverage,"R3 paper.fulltext.body: ocess influenced by geography 15 – 17 , mode of delivery 18 | relation=own_data;n_mentions=1",R2026.16,,1.15.0
PRJNA1113165,feeding,0.0,0,0,R3,partial_coverage,"R3 paper.fulltext.body: ography 15 – 17 , mode of delivery 18 , feeding practices | relation=own_data;n_mentions=8",R2026.16,,1.15.0
PRJNA1113165,preterm,0.0,0,0,R3,partial_coverage,R3 paper.fulltext.body: undernutrition is the main cause of low birth weight and small-for-gestational age | relation=o…,R2026.16,,1.15.0
PRJNA1113165,antibiotics,0.0,0,0,R3,partial_coverage,R3 paper.fulltext.body: bCAN2 (version 11); (3) a Comprehensive Antibiotic Resistance Database (CARD) Anti-Microbi | re…,R2026.16,,1.15.0
PRJNA1113165,probiotic,0.0,0,0,R0,partial_coverage,R0 fulltext_scanned_no_mention;n_papers=1,R2026.16,,1.15.0
PRJNA1504428,age,0.0,0,0,R0,no_linked_paper,R0 no_linked_paper;no_attribute,R2026.16,,1.15.0
PRJNA1504428,delivery,0.0,0,0,R0,no_linked_paper,R0 no_linked_paper;no_attribute,R2026.16,,1.15.0
PRJNA1504428,feeding,0.0,0,0,R0,no_linked_paper,R0 no_linked_paper;no_attribute,R2026.16,,1.15.0
PRJNA1504428,preterm,0.0,0,0,R0,no_linked_paper,R0 no_linked_paper;no_attribute,R2026.16,,1.15.0
PRJNA1504428,antibiotics,0.0,0,0,R0,no_linked_paper,R0 no_linked_paper;no_attribute,R2026.16,,1.15.0
PRJNA1504428,probiotic,0.0,0,0,R0,no_linked_paper,R0 no_linked_paper;no_attribute,R2026.16,,1.15.0
PRJNA1045584,age,0.0,0,0,R3,partial_coverage,R3 paper.fulltext.body: partum/infant month of life to estimate time point specific effects per SARS-CoV-2 | relation=o…,R2026.16,,1.15.0
PRJNA1045584,delivery,0.0,0,0,R3,partial_coverage,R3 paper.fulltext.body: 9 (51%) 27 (10%) 29 (62%) 0.0004; 0.883 Vaginal delivery no. (%) | relation=own_data;n_mentions…,R2026.16,,1.15.0
PRJNA1045584,feeding,0.0,0,0,R3,partial_coverage,"R3 paper.fulltext.body: f they were 18–40 years old, planned to breastfeed, and if living | relation=own_data;n_mention…",R2026.16,,1.15.0
PRJNA1045584,preterm,0.0,0,0,R3,partial_coverage,"R3 paper.fulltext.body: o significant difference in infant age, gestational age at birth, time from | relation=own_data…",R2026.16,,1.15.0
PRJNA1045584,antibiotics,0.0,0,0,R3,partial_coverage,R3 paper.fulltext.body: egative HIV antibody test (~18 months). Antibiotics were also used by the | relation=own_data;n…,R2026.16,,1.15.0
PRJNA1045584,probiotic,0.0,0,0,R0,partial_coverage,R0 fulltext_scanned_no_mention;n_papers=1,R2026.16,,1.15.0
PRJNA1031773,age,0.0,0,0,R3,partial_coverage,R3 paper.fulltext.body: cohorts after matching. The collection timepoints of individual samples and stringency in | rel…,R2026.16,,1.15.0
PRJNA1031773,delivery,0.0,0,0,R3,partial_coverage,"R3 paper.fulltext.body: nsity matching (1:1) to adjust for sex, delivery mode, and breastfeeding practice | relation=ow…",R2026.16,,1.15.0
PRJNA1031773,feeding,0.0,0,0,R3,partial_coverage,"R3 paper.fulltext.body: ) to adjust for sex, delivery mode, and breastfeeding practice for the | relation=own_data;n_me…",R2026.16,,1.15.0
PRJNA1031773,preterm,0.0,0,0,R3,partial_coverage,R3 paper.fulltext.body: obiota and necrotizing enterocolitis in preterm infants. Front Microbiol. 2022;13:90538 | relat…,R2026.16,,1.15.0
PRJNA1031773,antibiotics,0.0,0,0,R3,partial_coverage,R3 paper.fulltext.body: (10.5%) 7 (10.5%) Usage of intrapartum antibiotics ·· ·· 0.09 ·· ·· | relation=own_data;n_menti…,R2026.16,,1.15.0
PRJNA1031773,probiotic,0.0,0,0,R3,partial_coverage,"R3 paper.fulltext.body: e M, McGuire MA, Bode L. Prebiotics and probiotics in human milk | relation=own_data;n_mentions…",R2026.16,,1.15.0
PRJEB52938,age,0.0,0,0,R0,no_linked_paper,R0 no_linked_paper;no_attribute,R2026.16,,1.15.0
PRJEB52938,delivery,0.0,0,0,R0,no_linked_paper,R0 no_linked_paper;no_attribute,R2026.16,,1.15.0
PRJEB52938,feeding,0.0,0,0,R0,no_linked_paper,R0 no_linked_paper;no_attribute,R2026.16,,1.15.0
PRJEB52938,preterm,0.0,0,0,R0,no_linked_paper,R0 no_linked_paper;no_attribute,R2026.16,,1.15.0
PRJEB52938,antibiotics,0.0,0,0,R0,no_linked_paper,R0 no_linked_paper;no_attribute,R2026.16,,1.15.0
PRJEB52938,probiotic,0.0,0,0,R0,no_linked_paper,R0 no_linked_paper;no_attribute,R2026.16,,1.15.0
PRJEB77202,age,0.0,0,0,R0,no_linked_paper,R0 no_linked_paper;no_attribute,R2026.16,,1.15.0
PRJEB77202,delivery,0.0,0,0,R0,no_linked_paper,R0 no_linked_paper;no_attribute,R2026.16,,1.15.0
PRJEB77202,feeding,0.0,0,0,R0,no_linked_paper,R0 no_linked_paper;no_attribute,R2026.16,,1.15.0
PRJEB77202,preterm,0.0,0,0,R0,no_linked_paper,R0 no_linked_paper;no_attribute,R2026.16,,1.15.0
PRJEB77202,antibiotics,0.0,0,0,R0,no_linked_paper,R0 no_linked_paper;no_attribute,R2026.16,,1.15.0
PRJEB77202,probiotic,0.0,0,0,R0,no_linked_paper,R0 no_linked_paper;no_attribute,R2026.16,,1.15.0
PRJNA1301887,age,1.0,517,0,R1,complete,R1 sample.attr.PMA: 37.44642857142857 | hit_frac=1.00;attr_col=PMA;src=biosample_xml_sample8;n_sampled=8,R2026.16,,1.15.0
PRJNA1301887,delivery,0.0,0,0,R0,no_linked_paper,R0 no_linked_paper;no_attribute,R2026.16,,1.15.0
PRJNA1301887,feeding,0.0,0,0,R0,no_linked_paper,R0 no_linked_paper;no_attribute,R2026.16,,1.15.0
PRJNA1301887,preterm,0.0,0,0,R1,no_linked_paper,R1 sample.attr.bwt_z: -1.580028812 | hit_frac=1.00;attr_col=bwt_z;src=biosample_xml_sample8;n_sampled=8,R2026.16,,1.15.0
PRJNA1301887,antibiotics,0.0,0,0,R1,no_linked_paper,R1 sample.attr.log_AbxHoursPerHOL: -3.4081466799553572 | hit_frac=1.00;attr_col=log_AbxHoursPerHOL;src=biosample_xml_sa…,R2026.16,,1.15.0
PRJNA1301887,probiotic,0.0,0,0,R0,no_linked_paper,R0 no_linked_paper;no_attribute,R2026.16,,1.15.0
PRJNA1356541,age,0.0,0,0,R0,no_linked_paper,R0 no_linked_paper;no_attribute,R2026.16,,1.15.0
PRJNA1356541,delivery,0.0,0,0,R0,no_linked_paper,R0 no_linked_paper;no_attribute,R2026.16,,1.15.0
PRJNA1356541,feeding,0.0,0,0,R0,no_linked_paper,R0 no_linked_paper;no_attribute,R2026.16,,1.15.0
PRJNA1356541,preterm,0.0,0,0,R0,no_linked_paper,R0 no_linked_paper;no_attribute,R2026.16,,1.15.0
PRJNA1356541,antibiotics,0.0,0,0,R0,no_linked_paper,R0 no_linked_paper;no_attribute,R2026.16,,1.15.0
PRJNA1356541,probiotic,0.0,0,0,R0,no_linked_paper,R0 no_linked_paper;no_attribute,R2026.16,,1.15.0
PRJNA1046438,age,1.0,467,0,R2,complete,R2 paper.supp.msystems.01294-23-s0004.xlsx[Sheet1!Age (day)]: Age (day) | relation=own_data;n_rows=6653,R2026.16,,1.15.0
PRJNA1046438,delivery,0.0,0,0,R3,tables_unjoinable_need_key,R3 paper.fulltext.body: namic and influenced by factors such as delivery mode and breastfeeding ( | relation=own_data;n…,R2026.16,,1.15.0
PRJNA1046438,feeding,0.0,0,0,R3,tables_unjoinable_need_key,R3 paper.fulltext.body: ed by factors such as delivery mode and breastfeeding ( 8 – | relation=own_data;n_mentions=2,R2026.16,,1.15.0
PRJNA1046438,preterm,0.0,0,0,R0,tables_unjoinable_need_key,R0 fulltext_scanned_no_mention;n_papers=2,R2026.16,,1.15.0
PRJNA1046438,antibiotics,0.0,0,0,R3,tables_unjoinable_need_key,"R3 paper.fulltext.body: such as diet composition, use of drugs/antibiotics, and medical treatments. A deeper | relation…",R2026.16,,1.15.0
PRJNA1046438,probiotic,0.0,0,0,R0,tables_unjoinable_need_key,R0 fulltext_scanned_no_mention;n_papers=2,R2026.16,,1.15.0
PRJNA1337442,age,0.0,0,0,R2,tables_unjoinable_need_key,R2 paper.supp.41591_2026_4217_MOESM5_ESM.xlsx[AVENIR_NP_Zymo_individ.samples!timepoint]: timepoint | relation=own_data;…,R2026.16,,1.15.0
PRJNA1337442,delivery,0.0,0,0,R2,tables_unjoinable_need_key,R2 paper.supp.41591_2026_4217_MOESM8_ESM.xlsx[RECTAL_kraken2_raw_species!Gardnerella vaginalis]: Gardnerella vaginalis…,R2026.16,,1.15.0
PRJNA1337442,feeding,0.0,0,0,R0,tables_unjoinable_need_key,R0 fulltext_scanned_no_mention;n_papers=1,R2026.16,,1.15.0
PRJNA1337442,preterm,0.0,0,0,R0,tables_unjoinable_need_key,R0 fulltext_scanned_no_mention;n_papers=1,R2026.16,,1.15.0
PRJNA1337442,antibiotics,0.0,0,0,R2,tables_unjoinable_need_key,R2 paper.supp.41591_2026_4217_MOESM10_ESM.xlsx[rectal_AMR_gene_counts!Cationic_antimicrobial_peptides]: Cationic_antimi…,R2026.16,,1.15.0
PRJNA1337442,probiotic,0.0,0,0,R2,tables_unjoinable_need_key,R2 paper.supp.41591_2026_4217_MOESM8_ESM.xlsx[NP_kraken2_raw_species!Limosilactobacillus fermentum]: Limosilactobacillu…,R2026.16,,1.15.0
PRJNA739008,age,0.0,0,0,R0,no_linked_paper,R0 no_linked_paper;no_attribute,R2026.16,,1.15.0
PRJNA739008,delivery,0.0,0,0,R0,no_linked_paper,R0 no_linked_paper;no_attribute,R2026.16,,1.15.0
PRJNA739008,feeding,0.0,0,0,R0,no_linked_paper,R0 no_linked_paper;no_attribute,R2026.16,,1.15.0
PRJNA739008,preterm,0.0,0,0,R0,no_linked_paper,R0 no_linked_paper;no_attribute,R2026.16,,1.15.0
PRJNA739008,antibiotics,0.0,0,0,R3,no_linked_paper,R3 sample.attr.sample_title: SAM_Amoxicillin_wk4 | partial_attr hit_frac=0.47,R2026.16,,1.15.0
PRJNA739008,probiotic,0.0,0,0,R0,no_linked_paper,R0 no_linked_paper;no_attribute,R2026.16,,1.15.0
PRJEB55714,age,0.0,0,0,R2,tables_unjoinable_need_key,R2 paper.supp.Table8.xlsx[Sheet 1!sampling_timepoint]: sampling_timepoint | relation=own_data;n_rows=390,R2026.16,,1.15.0
PRJEB55714,delivery,0.0,0,0,R2,tables_unjoinable_need_key,R2 paper.supp.Table8.xlsx[Sheet 1!delivery_mode]: delivery_mode | relation=own_data;n_rows=390,R2026.16,,1.15.0
PRJEB55714,feeding,0.0,0,0,R2,tables_unjoinable_need_key,R2 paper.supp.Table8.xlsx[Sheet 1!formula_before_day7]: formula_before_day7 | relation=own_data;n_rows=390,R2026.16,,1.15.0
PRJEB55714,preterm,0.0,0,0,R2,tables_unjoinable_need_key,R2 paper.supp.Table8.xlsx[Sheet 1!gestational_age]: gestational_age | relation=own_data;n_rows=390,R2026.16,,1.15.0
PRJEB55714,antibiotics,0.0,0,0,R2,tables_unjoinable_need_key,R2 paper.supp.Table8.xlsx[Sheet 1!antibiotics_pregnancy]: antibiotics_pregnancy | relation=own_data;n_rows=390,R2026.16,,1.15.0
PRJEB55714,probiotic,0.0,0,0,R2,tables_unjoinable_need_key,R2 paper.supp.Table8.xlsx[Sheet 1!probiotics_pregnancy]: probiotics_pregnancy | relation=own_data;n_rows=390,R2026.16,,1.15.0
PRJNA926022,age,0.0,0,0,R0,archive_only_uncertain,R0 no_linked_paper;no_attribute,R2026.16,,1.15.0
PRJNA926022,delivery,0.0,0,0,R0,archive_only_uncertain,R0 no_linked_paper;no_attribute,R2026.16,,1.15.0
PRJNA926022,feeding,0.0,0,0,R0,archive_only_uncertain,R0 no_linked_paper;no_attribute,R2026.16,,1.15.0
PRJNA926022,preterm,0.0,0,0,R0,archive_only_uncertain,R0 no_linked_paper;no_attribute,R2026.16,,1.15.0
PRJNA926022,antibiotics,0.0,0,0,R0,archive_only_uncertain,R0 no_linked_paper;no_attribute,R2026.16,,1.15.0
PRJNA926022,probiotic,0.0,0,0,R0,archive_only_uncertain,R0 no_linked_paper;no_attribute,R2026.16,,1.15.0
PRJNA1377943,age,0.0,0,0,R3,archive_only_uncertain,R3 sample.attr.library_name: A0252-T1 | partial_attr hit_frac=0.22,R2026.16,,1.15.0
PRJNA1377943,delivery,0.0,0,0,R0,archive_only_uncertain,R0 no_linked_paper;no_attribute,R2026.16,,1.15.0
PRJNA1377943,feeding,0.0,0,0,R0,archive_only_uncertain,R0 no_linked_paper;no_attribute,R2026.16,,1.15.0
PRJNA1377943,preterm,0.0,0,0,R0,archive_only_uncertain,R0 no_linked_paper;no_attribute,R2026.16,,1.15.0
PRJNA1377943,antibiotics,0.0,0,0,R0,archive_only_uncertain,R0 no_linked_paper;no_attribute,R2026.16,,1.15.0
PRJNA1377943,probiotic,0.0,0,0,R0,archive_only_uncertain,R0 no_linked_paper;no_attribute,R2026.16,,1.15.0
PRJNA725597,age,0.0,0,0,R0,no_linked_paper,R0 no_linked_paper;no_attribute,R2026.16,,1.15.0
PRJNA725597,delivery,0.0,0,0,R3,no_linked_paper,R3 sample.attr.sample_title: MIMS Environmental/Metagenome sample from human vaginal meta | partial_attr hit_frac=0.19,R2026.16,,1.15.0
PRJNA725597,feeding,0.0,0,0,R3,no_linked_paper,R3 sample.attr.sample_title: MIMS Environmental/Metagenome sample from human milk metagen | partial_attr hit_frac=0.06,R2026.16,,1.15.0
PRJNA725597,preterm,0.0,0,0,R0,no_linked_paper,R0 no_linked_paper;no_attribute,R2026.16,,1.15.0
PRJNA725597,antibiotics,0.0,0,0,R0,no_linked_paper,R0 no_linked_paper;no_attribute,R2026.16,,1.15.0
PRJNA725597,probiotic,0.0,0,0,R0,no_linked_paper,R0 no_linked_paper;no_attribute,R2026.16,,1.15.0
PRJNA1274946,age,0.0,0,0,R0,no_linked_paper,R0 no_linked_paper;no_attribute,R2026.16,,1.15.0
PRJNA1274946,delivery,0.0,0,0,R0,no_linked_paper,R0 no_linked_paper;no_attribute,R2026.16,,1.15.0
PRJNA1274946,feeding,0.0,0,0,R0,no_linked_paper,R0 no_linked_paper;no_attribute,R2026.16,,1.15.0
PRJNA1274946,preterm,0.0,0,0,R0,no_linked_paper,R0 no_linked_paper;no_attribute,R2026.16,,1.15.0
PRJNA1274946,antibiotics,0.0,0,0,R0,no_linked_paper,R0 no_linked_paper;no_attribute,R2026.16,,1.15.0
PRJNA1274946,probiotic,0.0,0,0,R0,no_linked_paper,R0 no_linked_paper;no_attribute,R2026.16,,1.15.0
PRJNA1010893,age,0.0,0,0,R0,archive_only_uncertain,R0 not assessed by recoverability track,R2026.16,,1.15.0
PRJNA1010893,delivery,0.0,0,0,R0,archive_only_uncertain,R0 not assessed by recoverability track,R2026.16,,1.15.0
PRJNA1010893,feeding,0.0,0,0,R0,archive_only_uncertain,R0 not assessed by recoverability track,R2026.16,,1.15.0
PRJNA1010893,preterm,0.0,0,0,R0,archive_only_uncertain,R0 not assessed by recoverability track,R2026.16,,1.15.0
PRJNA1010893,antibiotics,0.0,0,0,R0,archive_only_uncertain,R0 not assessed by recoverability track,R2026.16,,1.15.0
PRJNA1010893,probiotic,0.0,0,0,R0,archive_only_uncertain,R0 not assessed by recoverability track,R2026.16,,1.15.0
PRJEB45443,age,0.0,0,0,R3,pdf_only_supplement,"R3 paper.fulltext.body: metabolomics, and host transcriptomics at 6 months of age. Exploiting these multi-omics | relat…",R2026.16,,1.15.0
PRJEB45443,delivery,0.139053,47,0,R3,pdf_only_supplement,"R3 paper.fulltext.body: ical variables, including feeding type, mode of delivery, and family history (Supplementary | r…",R2026.16,,1.15.0
PRJEB45443,feeding,0.139053,47,0,R3,pdf_only_supplement,"R3 paper.fulltext.body: orporated clinical variables, including feeding type, mode of delivery, and family history | re…",R2026.16,,1.15.0
PRJEB45443,preterm,0.0,0,0,R3,pdf_only_supplement,R3 paper.fulltext.body: ving growth and development in term and preterm neonates. Cochrane Db. Syst. | relation=own_dat…,R2026.16,,1.15.0
PRJEB45443,antibiotics,0.0,0,0,R3,pdf_only_supplement,R3 paper.fulltext.body: the non-AD group. Subjects who received antibiotics during 6 months preceding collection | rela…,R2026.16,,1.15.0
PRJEB45443,probiotic,0.0,0,0,R3,pdf_only_supplement,R3 paper.fulltext.body: ted by the gut microbiota 10 – 12 . The probiotic Bifidobacterium | relation=own_data;n_mention…,R2026.16,,1.15.0
PRJNA1273620,age,0.0,0,0,R3,partial_coverage,"R3 paper.fulltext.body: s were also collected at five pregnancy timepoints (6–8, 11–13, 18–21, 27–28 | relation=own_dat…",R2026.16,,1.15.0
PRJNA1273620,delivery,0.0,0,0,R3,partial_coverage,"R3 paper.fulltext.body: gnancy and during labour, and offspring mode of delivery. Collection of maternal | relation=own…",R2026.16,,1.15.0
PRJNA1273620,feeding,0.0,0,0,R3,partial_coverage,R3 paper.fulltext.body: y (up to 6 months of age): 1. Exclusive breastfeeding 2 31 | relation=own_data;n_mentions=6,R2026.16,,1.15.0
PRJNA1273620,preterm,0.0,0,0,R3,partial_coverage,"R3 paper.fulltext.body: ± 959.0 2,707 ± 781.0 Offspring factors Preterm birth (< 37 weeks | relation=own_data;n_mention…",R2026.16,,1.15.0
PRJNA1273620,antibiotics,0.0,0,0,R3,partial_coverage,"R3 paper.fulltext.body: l pre-conception body mass index (BMI), antibiotic use during pregnancy and during | relation=o…",R2026.16,,1.15.0
PRJNA1273620,probiotic,0.0,0,0,R3,partial_coverage,R3 paper.fulltext.body: sease) 5 7.90 11 17.2 Pregnancy factors Probiotics consumed during pregnancy 10 | relation=own_…,R2026.16,,1.15.0
PRJNA1490646,age,0.0,0,0,R0,no_linked_paper,R0 no_linked_paper;no_attribute,R2026.16,,1.15.0
PRJNA1490646,delivery,0.0,0,0,R3,no_linked_paper,R3 sample.attr.isolation_source: vaginal_swab | partial_attr hit_frac=0.21,R2026.16,,1.15.0
PRJNA1490646,feeding,0.0,0,0,R0,no_linked_paper,R0 no_linked_paper;no_attribute,R2026.16,,1.15.0
PRJNA1490646,preterm,0.0,0,0,R0,no_linked_paper,R0 no_linked_paper;no_attribute,R2026.16,,1.15.0
PRJNA1490646,antibiotics,0.0,0,0,R0,no_linked_paper,R0 no_linked_paper;no_attribute,R2026.16,,1.15.0
PRJNA1490646,probiotic,0.0,0,0,R0,no_linked_paper,R0 no_linked_paper;no_attribute,R2026.16,,1.15.0
PRJNA835720,age,0.909396,271,0,R0,complete,R0 fulltext_scanned_no_mention;n_papers=1,R2026.16,,1.15.0
PRJNA835720,delivery,0.0,0,0,R0,partial_coverage,R0 fulltext_scanned_no_mention;n_papers=1,R2026.16,,1.15.0
PRJNA835720,feeding,0.0,0,0,R3,partial_coverage,R3 paper.fulltext.body: of the neonatal virome is modulated by breastfeeding. Nature 581:470–474. doi: 10.1038/s | rela…,R2026.16,,1.15.0
PRJNA835720,preterm,0.0,0,0,R0,partial_coverage,R0 fulltext_scanned_no_mention;n_papers=1,R2026.16,,1.15.0
PRJNA835720,antibiotics,0.0,0,0,R3,partial_coverage,"R3 paper.fulltext.body: SR, Lee HH, Spina CS, Collins JJ. 2013. Antibiotic treatment expands the | relation=reused_publ…",R2026.16,,1.15.0
PRJNA835720,probiotic,0.0,0,0,R0,partial_coverage,R0 fulltext_scanned_no_mention;n_papers=1,R2026.16,,1.15.0
PRJNA1312123,age,0.0,0,0,R2,tables_unjoinable_need_key,R2 paper.supp.41467_2025_64819_MOESM4_ESM.xlsx[Figure1_df!Age_with_GA_wks]: Age_with_GA_wks | relation=own_data;n_rows=…,R2026.16,,1.15.0
PRJNA1312123,delivery,0.0,0,0,R3,tables_unjoinable_need_key,"R3 paper.fulltext.body: classification to be independent of the mode of delivery, age at sampling, | relation=own_data;…",R2026.16,,1.15.0
PRJNA1312123,feeding,0.0,0,0,R3,tables_unjoinable_need_key,"R3 paper.fulltext.body: regory, K. E. & Connolly, T. C. Enteral feeding practices in the | relation=own_data;n_mentions…",R2026.16,,1.15.0
PRJNA1312123,preterm,0.0,0,0,R2,tables_unjoinable_need_key,R2 paper.supp.41467_2025_64819_MOESM4_ESM.xlsx[Figure1_outcomes!Birth_GA]: Birth_GA | relation=own_data;n_rows=39,R2026.16,,1.15.0
PRJNA1312123,antibiotics,0.0,0,0,R3,tables_unjoinable_need_key,"R3 paper.fulltext.body: prolonged intensive care monitoring and antibiotic administration, which can alter the dev | re…",R2026.16,,1.15.0
PRJNA1312123,probiotic,1.0,268,0,R3,complete,"R3 paper.fulltext.body: d with various milk formulations 25 and probiotics 19 , 21 , | relation=own_data;n_mentions=8",R2026.16,,1.15.0
PRJNA824667,age,0.0,0,0,R0,archive_only_uncertain,R0 no_linked_paper;no_attribute,R2026.16,,1.15.0
PRJNA824667,delivery,0.0,0,0,R0,archive_only_uncertain,R0 no_linked_paper;no_attribute,R2026.16,,1.15.0
PRJNA824667,feeding,0.0,0,0,R0,archive_only_uncertain,R0 no_linked_paper;no_attribute,R2026.16,,1.15.0
PRJNA824667,preterm,0.0,0,0,R0,archive_only_uncertain,R0 no_linked_paper;no_attribute,R2026.16,,1.15.0
PRJNA824667,antibiotics,0.0,0,0,R0,archive_only_uncertain,R0 no_linked_paper;no_attribute,R2026.16,,1.15.0
PRJNA824667,probiotic,0.0,0,0,R0,archive_only_uncertain,R0 no_linked_paper;no_attribute,R2026.16,,1.15.0
PRJNA782810,age,0.0,0,0,R3,no_supplement_found,R3 paper.fulltext.body: udy (PMID) Bioproject Number of samples Age (days) (mean ± st.dev) Nation | relation=own_data;n…,R2026.16,,1.15.0
PRJNA782810,delivery,0.0,0,0,R3,no_supplement_found,"R3 paper.fulltext.body: inatal and postnatal factors, including mode of delivery, feeding type, antibiotic exposure, |…",R2026.16,,1.15.0
PRJNA782810,feeding,0.0,0,0,R3,no_supplement_found,"R3 paper.fulltext.body: al factors, including mode of delivery, feeding type, antibiotic exposure, post-weaning diet |…",R2026.16,,1.15.0
PRJNA782810,preterm,0.0,0,0,R3,no_supplement_found,"R3 paper.fulltext.body: responding to fecal samples of healthy, full-term infants aged from one month | relation=own_da…",R2026.16,,1.15.0
PRJNA782810,antibiotics,0.0,0,0,R3,no_supplement_found,"R3 paper.fulltext.body: cluding mode of delivery, feeding type, antibiotic exposure, post-weaning diet, and host | rela…",R2026.16,,1.15.0
PRJNA782810,probiotic,0.0,0,0,R3,no_supplement_found,"R3 paper.fulltext.body: inistration of drugs, prebiotics and/or probiotics, only infant fecal samples belonging t | rel…",R2026.16,,1.15.0
PRJNA217052,age,0.0,0,0,R0,archive_only_uncertain,R0 fulltext_scanned_no_mention;n_papers=1,R2026.16,,1.15.0
PRJNA217052,delivery,0.0,0,0,R3,archive_only_uncertain,R3 paper.fulltext.body: infant gut microbiota are influenced by delivery mode and gestational duration and | relation=r…,R2026.16,,1.15.0
PRJNA217052,feeding,0.0,0,0,R3,archive_only_uncertain,R3 paper.fulltext.body: -digestible oligosaccharides present in breast milk that include various glycan structures. | r…,R2026.16,,1.15.0
PRJNA217052,preterm,0.0,0,0,R0,archive_only_uncertain,R0 fulltext_scanned_no_mention;n_papers=1,R2026.16,,1.15.0
PRJNA217052,antibiotics,0.0,0,0,R0,archive_only_uncertain,R0 fulltext_scanned_no_mention;n_papers=1,R2026.16,,1.15.0
PRJNA217052,probiotic,0.0,0,0,R3,archive_only_uncertain,R3 paper.fulltext.body: ride Utilization Genes among Commercial Probiotics. Nutrients. 2020;12:3247. doi: 10.3390 | rel…,R2026.16,,1.15.0
PRJEB9818,age,0.0,0,0,R1,no_linked_paper,R1 sample.attr.sample_title: Human feces from Malawi family F10 ind T1 time point 11.11.0 | hit_frac=0.94;attr_col=samp…,R2026.16,,1.15.0
PRJEB9818,delivery,0.0,0,0,R0,no_linked_paper,R0 no_linked_paper;no_attribute,R2026.16,,1.15.0
PRJEB9818,feeding,0.0,0,0,R0,no_linked_paper,R0 no_linked_paper;no_attribute,R2026.16,,1.15.0
PRJEB9818,preterm,0.0,0,0,R0,no_linked_paper,R0 no_linked_paper;no_attribute,R2026.16,,1.15.0
PRJEB9818,antibiotics,0.0,0,0,R0,no_linked_paper,R0 no_linked_paper;no_attribute,R2026.16,,1.15.0
PRJEB9818,probiotic,0.0,0,0,R0,no_linked_paper,R0 no_linked_paper;no_attribute,R2026.16,,1.15.0
PRJNA387903,age,0.0,0,0,R2,tables_unjoinable_need_key,R2 paper.supp.41467_2026_74609_MOESM3_ESM.xlsx[Sheet1!Sampling period (months)]: Sampling period (months) | relation=re…,R2026.16,,1.15.0
PRJNA387903,delivery,0.0,0,0,R2,tables_unjoinable_need_key,R2 paper.supp.41467_2026_74609_MOESM3_ESM.xlsx[Sheet1!Delivery mode metadata]: Delivery mode metadata | relation=reused…,R2026.16,,1.15.0
PRJNA387903,feeding,0.0,0,0,R3,tables_unjoinable_need_key,R3 paper.fulltext.body: ommunity richness compared to exclusive breastfeeding (Supplementary Fig. 3B ). To evalua | rel…,R2026.16,,1.15.0
PRJNA387903,preterm,0.0,0,0,R3,tables_unjoinable_need_key,"R3 paper.fulltext.body: ut bacteriome, including delivery mode, gestational age at birth, and feeding pattern | relatio…",R2026.16,,1.15.0
PRJNA387903,antibiotics,0.0,0,0,R0,tables_unjoinable_need_key,R0 fulltext_scanned_no_mention;n_papers=2,R2026.16,,1.15.0
PRJNA387903,probiotic,0.0,0,0,R0,tables_unjoinable_need_key,R0 fulltext_scanned_no_mention;n_papers=2,R2026.16,,1.15.0
PRJEB24041,age,0.0,0,0,R3,partial_coverage,R3 paper.fulltext.body: ) and to be transmitted from the mother at birth ( Dominguez-Bello | relation=own_data;n_mentio…,R2026.16,,1.15.0
PRJEB24041,delivery,0.0,0,0,R3,partial_coverage,R3 paper.fulltext.body: and metagenomic surveys have found that vaginally born infants often harbor species | relation=…,R2026.16,,1.15.0
PRJEB24041,feeding,0.0,0,0,R3,partial_coverage,"R3 paper.fulltext.body: nfant gut species. The same is true for breast milk, as the | relation=own_data;n_mentions=7",R2026.16,,1.15.0
PRJEB24041,preterm,0.0,0,0,R3,partial_coverage,"R3 paper.fulltext.body: ate dependence on the delivery mode and gestational age, analyzed with analysis | relation=reus…",R2026.16,,1.15.0
PRJEB24041,antibiotics,0.0,0,0,R3,partial_coverage,"R3 paper.fulltext.body: F, Perez-Perez G, Chen Y, et al. 2016. Antibiotics, birth mode, and | relation=own_data;n_menti…",R2026.16,,1.15.0
PRJEB24041,probiotic,0.0,0,0,R0,partial_coverage,R0 fulltext_scanned_no_mention;n_papers=2,R2026.16,,1.15.0
PRJEB51501,age,0.0,0,0,R3,archive_only_uncertain,R3 paper.fulltext.body: he in vivo experiment (20 subjects were sampled at five time-points over | relation=own_data;n_…,R2026.16,,1.15.0
PRJEB51501,delivery,0.0,0,0,R0,archive_only_uncertain,R0 fulltext_scanned_no_mention;n_papers=2,R2026.16,,1.15.0
PRJEB51501,feeding,0.0,0,0,R0,archive_only_uncertain,R0 fulltext_scanned_no_mention;n_papers=2,R2026.16,,1.15.0
PRJEB51501,preterm,0.0,0,0,R0,archive_only_uncertain,R0 fulltext_scanned_no_mention;n_papers=2,R2026.16,,1.15.0
PRJEB51501,antibiotics,0.0,0,0,R0,archive_only_uncertain,R0 fulltext_scanned_no_mention;n_papers=2,R2026.16,,1.15.0
PRJEB51501,probiotic,0.0,0,0,R0,archive_only_uncertain,R0 fulltext_scanned_no_mention;n_papers=2,R2026.16,,1.15.0
PRJNA1225421,age,0.0,0,0,R0,no_linked_paper,R0 no_linked_paper;no_attribute,R2026.16,,1.15.0
PRJNA1225421,delivery,0.0,0,0,R0,no_linked_paper,R0 no_linked_paper;no_attribute,R2026.16,,1.15.0
PRJNA1225421,feeding,0.0,0,0,R0,no_linked_paper,R0 no_linked_paper;no_attribute,R2026.16,,1.15.0
PRJNA1225421,preterm,0.0,0,0,R0,no_linked_paper,R0 no_linked_paper;no_attribute,R2026.16,,1.15.0
PRJNA1225421,antibiotics,0.0,0,0,R0,no_linked_paper,R0 no_linked_paper;no_attribute,R2026.16,,1.15.0
PRJNA1225421,probiotic,0.0,0,0,R0,no_linked_paper,R0 no_linked_paper;no_attribute,R2026.16,,1.15.0
PRJNA1112983,age,0.0,0,0,R0,no_linked_paper,R0 no_linked_paper;no_attribute,R2026.16,,1.15.0
PRJNA1112983,delivery,0.0,0,0,R0,no_linked_paper,R0 no_linked_paper;no_attribute,R2026.16,,1.15.0
PRJNA1112983,feeding,0.0,0,0,R0,no_linked_paper,R0 no_linked_paper;no_attribute,R2026.16,,1.15.0
PRJNA1112983,preterm,0.0,0,0,R0,no_linked_paper,R0 no_linked_paper;no_attribute,R2026.16,,1.15.0
PRJNA1112983,antibiotics,0.0,0,0,R0,no_linked_paper,R0 no_linked_paper;no_attribute,R2026.16,,1.15.0
PRJNA1112983,probiotic,0.0,0,0,R0,no_linked_paper,R0 no_linked_paper;no_attribute,R2026.16,,1.15.0
PRJNA1105631,age,0.0,0,0,R0,no_linked_paper,R0 no_linked_paper;no_attribute,R2026.16,,1.15.0
PRJNA1105631,delivery,0.0,0,0,R0,no_linked_paper,R0 no_linked_paper;no_attribute,R2026.16,,1.15.0
PRJNA1105631,feeding,0.0,0,0,R3,no_linked_paper,R3 sample.attr.sample_title: MIMS Environmental/Metagenome sample from human milk metagen | partial_attr hit_frac=0.16,R2026.16,,1.15.0
PRJNA1105631,preterm,0.0,0,0,R0,no_linked_paper,R0 no_linked_paper;no_attribute,R2026.16,,1.15.0
PRJNA1105631,antibiotics,0.0,0,0,R0,no_linked_paper,R0 no_linked_paper;no_attribute,R2026.16,,1.15.0
PRJNA1105631,probiotic,0.0,0,0,R0,no_linked_paper,R0 no_linked_paper;no_attribute,R2026.16,,1.15.0
PRJNA1368374,age,0.0,0,0,R0,no_linked_paper,R0 not assessed by recoverability track,R2026.16,,1.15.0
PRJNA1368374,delivery,0.0,0,0,R0,no_linked_paper,R0 not assessed by recoverability track,R2026.16,,1.15.0
PRJNA1368374,feeding,0.0,0,0,R0,no_linked_paper,R0 not assessed by recoverability track,R2026.16,,1.15.0
PRJNA1368374,preterm,0.0,0,0,R0,no_linked_paper,R0 not assessed by recoverability track,R2026.16,,1.15.0
PRJNA1368374,antibiotics,0.0,0,0,R0,no_linked_paper,R0 not assessed by recoverability track,R2026.16,,1.15.0
PRJNA1368374,probiotic,0.0,0,0,R0,no_linked_paper,R0 not assessed by recoverability track,R2026.16,,1.15.0
PRJEB29052,age,0.0,0,0,R2,tables_unjoinable_need_key,R2 paper.supp.41564_2024_1912_MOESM3_ESM.xlsx[Supplementary Table 1!Age group]: Age group | relation=unsure;n_rows=12238,R2026.16,,1.15.0
PRJEB29052,delivery,0.0,0,0,R3,tables_unjoinable_need_key,"R3 paper.fulltext.body: s in establishing their gut microbiota. Cesarean deliveries, extensive antenatal, and ne | rela…",R2026.16,,1.15.0
PRJEB29052,feeding,0.0,0,0,R3,tables_unjoinable_need_key,"R3 paper.fulltext.body: and the content was diluted in 2 ml of breast milk, or | relation=own_data;n_mentions=1",R2026.16,,1.15.0
PRJEB29052,preterm,0.0,0,0,R3,tables_unjoinable_need_key,R3 paper.fulltext.body: Introduction Preterm infants experience unique challenges in | relation=own_data;n_mentions=120,R2026.16,,1.15.0
PRJEB29052,antibiotics,0.0,0,0,R3,tables_unjoinable_need_key,"R3 paper.fulltext.body: ries, extensive antenatal, and neonatal antibiotic exposure, parenteral nutrition and resi | re…",R2026.16,,1.15.0
PRJEB29052,probiotic,0.0,0,0,R3,tables_unjoinable_need_key,R3 paper.fulltext.body: necrotizing enterocolitis (NEC) ( 3 ). Probiotic supplementation aims to restore the | relation…,R2026.16,,1.15.0
PRJNA911205,age,0.0,0,0,R3,no_supplement_found,"R3 paper.fulltext.body: ciated differences in brain composition at birth 32 , 33 ). SD | relation=own_data;n_mentions=6",R2026.16,,1.15.0
PRJNA911205,delivery,0.0,0,0,R3,no_supplement_found,R3 paper.fulltext.body: 9.4% VAVD 6.6% 4.5% 5.7% 4.7% 2.8% 9.4% Cesarean section 28.1% 31.5% | relation=own_data;n_ment…,R2026.16,,1.15.0
PRJNA911205,feeding,0.0,0,0,R3,no_supplement_found,R3 paper.fulltext.body: -value (χ 2 ) VAVD vs others 0.83 0.25 Breast milk feeding | relation=own_data;n_mentions=18,R2026.16,,1.15.0
PRJNA911205,preterm,0.0,0,0,R3,no_supplement_found,R3 paper.fulltext.body: U -test) 3.9×10 −5 1.5×10 −12 Children Birthweight (g) Min 2200 2200 | relation=own_data;n_ment…,R2026.16,,1.15.0
PRJNA911205,antibiotics,0.0,0,0,R3,no_supplement_found,R3 paper.fulltext.body: g. 1 ). Mothers had no record of recent antibiotic usage as | relation=own_data;n_mentions=3,R2026.16,,1.15.0
PRJNA911205,probiotic,0.0,0,0,R3,no_supplement_found,"R3 paper.fulltext.body: fantis , a species frequently used as a probiotic to diminish inflammation | relation=own_data;…",R2026.16,,1.15.0
PRJEB42363,age,0.0,0,0,R2,tables_unjoinable_need_key,R2 paper.supp.41522_2025_868_MOESM2_ESM.xlsx[Data S1!Age group]: Age group | relation=reused_public_data;n_rows=5288,R2026.16,,1.15.0
PRJEB42363,delivery,0.0,0,0,R2,tables_unjoinable_need_key,R2 paper.supp.41522_2025_868_MOESM2_ESM.xlsx[Data S1!Delivery Mode]: Delivery Mode | relation=reused_public_data;n_rows…,R2026.16,,1.15.0
PRJEB42363,feeding,0.977901,177,0,R2,complete,R2 paper.supp.41522_2025_868_MOESM2_ESM.xlsx[Data S1!Feeding type]: Feeding type | relation=reused_public_data;n_rows=5…,R2026.16,,1.15.0
PRJEB42363,preterm,0.0,0,0,R3,tables_unjoinable_need_key,R3 paper.fulltext.body: e of delivery (vaginal or cesarean) and gestational age at birth (term | relation=reused_public…,R2026.16,,1.15.0
PRJEB42363,antibiotics,0.0,0,0,R3,tables_unjoinable_need_key,"R3 paper.fulltext.body: rst year of life. These factors include antibiotic usage, feeding practices (breastfeeding | re…",R2026.16,,1.15.0
PRJEB42363,probiotic,0.0,0,0,R3,tables_unjoinable_need_key,R3 paper.fulltext.body: om those who had received antibiotic or probiotic treatment at the time | relation=reused_publi…,R2026.16,,1.15.0
PRJNA843963,age,0.0,0,0,R3,no_supplement_found,R3 paper.fulltext.body: n in Eastern Ethiopia at four different time points in their first | relation=own_data;n_mentio…,R2026.16,,1.15.0
PRJNA843963,delivery,0.0,0,0,R0,no_supplement_found,R0 fulltext_scanned_no_mention;n_papers=1,R2026.16,,1.15.0
PRJNA843963,feeding,0.0,0,0,R3,no_supplement_found,R3 paper.fulltext.body: as the second most dominant species in breastfed infants in a global | relation=own_data;n_ment…,R2026.16,,1.15.0
PRJNA843963,preterm,0.0,0,0,R0,no_supplement_found,R0 fulltext_scanned_no_mention;n_papers=1,R2026.16,,1.15.0
PRJNA843963,antibiotics,0.0,0,0,R0,no_supplement_found,R0 fulltext_scanned_no_mention;n_papers=1,R2026.16,,1.15.0
PRJNA843963,probiotic,0.0,0,0,R0,no_supplement_found,R0 fulltext_scanned_no_mention;n_papers=1,R2026.16,,1.15.0
PRJEB102491,age,0.0,0,0,R0,no_linked_paper,R0 no_linked_paper;no_attribute,R2026.16,,1.15.0
PRJEB102491,delivery,0.0,0,0,R0,no_linked_paper,R0 no_linked_paper;no_attribute,R2026.16,,1.15.0
PRJEB102491,feeding,0.0,0,0,R0,no_linked_paper,R0 no_linked_paper;no_attribute,R2026.16,,1.15.0
PRJEB102491,preterm,0.0,0,0,R0,no_linked_paper,R0 no_linked_paper;no_attribute,R2026.16,,1.15.0
PRJEB102491,antibiotics,0.0,0,0,R0,no_linked_paper,R0 no_linked_paper;no_attribute,R2026.16,,1.15.0
PRJEB102491,probiotic,0.0,0,0,R0,no_linked_paper,R0 no_linked_paper;no_attribute,R2026.16,,1.15.0
PRJNA1476247,age,0.0,0,0,R0,no_linked_paper,R0 no_linked_paper;no_attribute,R2026.16,,1.15.0
PRJNA1476247,delivery,0.0,0,0,R0,no_linked_paper,R0 no_linked_paper;no_attribute,R2026.16,,1.15.0
PRJNA1476247,feeding,0.0,0,0,R0,no_linked_paper,R0 no_linked_paper;no_attribute,R2026.16,,1.15.0
PRJNA1476247,preterm,0.0,0,0,R0,no_linked_paper,R0 no_linked_paper;no_attribute,R2026.16,,1.15.0
PRJNA1476247,antibiotics,0.0,0,0,R0,no_linked_paper,R0 no_linked_paper;no_attribute,R2026.16,,1.15.0
PRJNA1476247,probiotic,0.0,0,0,R0,no_linked_paper,R0 no_linked_paper;no_attribute,R2026.16,,1.15.0
PRJEB63183,age,0.0,0,0,R3,partial_coverage,R3 paper.fulltext.body: xhibited increase in language abilities at 18 months ( 45 ). Cho | relation=own_data;n_mentions…,R2026.16,,1.15.0
PRJEB63183,delivery,0.0,0,0,R3,partial_coverage,"R3 paper.fulltext.body: ll models were adjusted for infant sex, delivery mode, maternal education, site, | relation=own…",R2026.16,,1.15.0
PRJEB63183,feeding,0.0,0,0,R3,partial_coverage,"R3 paper.fulltext.body: ium breve strains use fucosyllactose in breast-fed infants, leading to higher Bifidobacter | re…",R2026.16,,1.15.0
PRJEB63183,preterm,0.0,0,0,R3,partial_coverage,R3 paper.fulltext.body: teria were: (1) birth at 37–42 weeks of gestational age; (2) appropriate | relation=own_data;n_…,R2026.16,,1.15.0
PRJEB63183,antibiotics,0.0,0,0,R0,partial_coverage,R0 fulltext_scanned_no_mention;n_papers=1,R2026.16,,1.15.0
PRJEB63183,probiotic,0.0,0,0,R3,partial_coverage,"R3 paper.fulltext.body: ores, Acuna et al. ( 66 ) reported that probiotic Bifidobacterium was | relation=own_data;n_men…",R2026.16,,1.15.0
PRJNA1337172,age,0.0,0,0,R0,no_linked_paper,R0 no_linked_paper;no_attribute,R2026.16,,1.15.0
PRJNA1337172,delivery,0.0,0,0,R0,no_linked_paper,R0 no_linked_paper;no_attribute,R2026.16,,1.15.0
PRJNA1337172,feeding,0.0,0,0,R0,no_linked_paper,R0 no_linked_paper;no_attribute,R2026.16,,1.15.0
PRJNA1337172,preterm,0.0,0,0,R0,no_linked_paper,R0 no_linked_paper;no_attribute,R2026.16,,1.15.0
PRJNA1337172,antibiotics,0.0,0,0,R0,no_linked_paper,R0 no_linked_paper;no_attribute,R2026.16,,1.15.0
PRJNA1337172,probiotic,0.0,0,0,R0,no_linked_paper,R0 no_linked_paper;no_attribute,R2026.16,,1.15.0
PRJNA642723,age,0.0,0,0,R3,pdf_only_supplement,R3 paper.fulltext.body: nts with early onset eczema (up till 36 months of age) and | relation=own_data;n_mentions=42,R2026.16,,1.15.0
PRJNA642723,delivery,0.0,0,0,R3,pdf_only_supplement,R3 paper.fulltext.body: (26.67) 14 (42.42) 8 (57.14) 6 (31.58) Cesarean delivery 10 (33.33) 13 | relation=own_data;n_me…,R2026.16,,1.15.0
PRJNA642723,feeding,0.0,0,0,R3,pdf_only_supplement,R3 paper.fulltext.body: ding history in 1 st 6 months Exclusive breastfeeding 2 (6.67) 3 | relation=own_data;n_mentions…,R2026.16,,1.15.0
PRJNA642723,preterm,0.0,0,0,R3,pdf_only_supplement,R3 paper.fulltext.body: (33.33) 13 (39.39) 4 (28.57) 9 (47.37) Pre-term gestation (<37 week) 0 | relation=own_data;n_me…,R2026.16,,1.15.0
PRJNA642723,antibiotics,0.0,0,0,R3,pdf_only_supplement,R3 paper.fulltext.body: 0) 3 (9.09) 1 (7.14) 2 (10.53) Maternal antibiotics during pregnancy 8 | relation=own_data;n_me…,R2026.16,,1.15.0
PRJNA642723,probiotic,0.0,0,0,R3,pdf_only_supplement,R3 paper.fulltext.body: ula supplemented with prebiotics and/or probiotics as a nutritional solution may prevent | rela…,R2026.16,,1.15.0
PRJEB41866,age,0.0,0,0,R0,archive_only_uncertain,R0 no_linked_paper;no_attribute,R2026.16,,1.15.0
PRJEB41866,delivery,0.0,0,0,R0,archive_only_uncertain,R0 no_linked_paper;no_attribute,R2026.16,,1.15.0
PRJEB41866,feeding,0.0,0,0,R0,archive_only_uncertain,R0 no_linked_paper;no_attribute,R2026.16,,1.15.0
PRJEB41866,preterm,0.0,0,0,R0,archive_only_uncertain,R0 no_linked_paper;no_attribute,R2026.16,,1.15.0
PRJEB41866,antibiotics,0.0,0,0,R0,archive_only_uncertain,R0 no_linked_paper;no_attribute,R2026.16,,1.15.0
PRJEB41866,probiotic,0.0,0,0,R0,archive_only_uncertain,R0 no_linked_paper;no_attribute,R2026.16,,1.15.0
PRJNA1452619,age,0.0,0,0,R0,no_linked_paper,R0 no_linked_paper;no_attribute,R2026.16,,1.15.0
PRJNA1452619,delivery,0.0,0,0,R0,no_linked_paper,R0 no_linked_paper;no_attribute,R2026.16,,1.15.0
PRJNA1452619,feeding,0.0,0,0,R0,no_linked_paper,R0 no_linked_paper;no_attribute,R2026.16,,1.15.0
PRJNA1452619,preterm,0.0,0,0,R0,no_linked_paper,R0 no_linked_paper;no_attribute,R2026.16,,1.15.0
PRJNA1452619,antibiotics,0.0,0,0,R0,no_linked_paper,R0 no_linked_paper;no_attribute,R2026.16,,1.15.0
PRJNA1452619,probiotic,0.0,0,0,R0,no_linked_paper,R0 no_linked_paper;no_attribute,R2026.16,,1.15.0
PRJEB110410,age,0.0,0,0,R0,no_linked_paper,R0 no_linked_paper;no_attribute,R2026.16,,1.15.0
PRJEB110410,delivery,0.0,0,0,R0,no_linked_paper,R0 no_linked_paper;no_attribute,R2026.16,,1.15.0
PRJEB110410,feeding,0.0,0,0,R0,no_linked_paper,R0 no_linked_paper;no_attribute,R2026.16,,1.15.0
PRJEB110410,preterm,0.0,0,0,R0,no_linked_paper,R0 no_linked_paper;no_attribute,R2026.16,,1.15.0
PRJEB110410,antibiotics,0.0,0,0,R0,no_linked_paper,R0 no_linked_paper;no_attribute,R2026.16,,1.15.0
PRJEB110410,probiotic,0.0,0,0,R0,no_linked_paper,R0 no_linked_paper;no_attribute,R2026.16,,1.15.0
PRJNA906107,age,0.0,0,0,R3,no_linked_paper,R3 sample.attr.sample_title: 20d-m | partial_attr hit_frac=0.03,R2026.16,,1.15.0
PRJNA906107,delivery,0.0,0,0,R0,no_linked_paper,R0 no_linked_paper;no_attribute,R2026.16,,1.15.0
PRJNA906107,feeding,0.0,0,0,R1,no_linked_paper,R1 sample.attr.isolation_source: Breastmilk | hit_frac=0.52;attr_col=isolation_source,R2026.16,,1.15.0
PRJNA906107,preterm,0.0,0,0,R0,no_linked_paper,R0 no_linked_paper;no_attribute,R2026.16,,1.15.0
PRJNA906107,antibiotics,0.0,0,0,R0,no_linked_paper,R0 no_linked_paper;no_attribute,R2026.16,,1.15.0
PRJNA906107,probiotic,0.0,0,0,R0,no_linked_paper,R0 no_linked_paper;no_attribute,R2026.16,,1.15.0
PRJNA1169661,age,0.0,0,0,R0,no_linked_paper,R0 no_linked_paper;no_attribute,R2026.16,,1.15.0
PRJNA1169661,delivery,0.0,0,0,R0,no_linked_paper,R0 no_linked_paper;no_attribute,R2026.16,,1.15.0
PRJNA1169661,feeding,0.0,0,0,R3,no_linked_paper,R3 sample.attr.sample_title: Metagenome or environmental sample from human milk metagenom | partial_attr hit_frac=0.42,R2026.16,,1.15.0
PRJNA1169661,preterm,0.0,0,0,R0,no_linked_paper,R0 no_linked_paper;no_attribute,R2026.16,,1.15.0
PRJNA1169661,antibiotics,0.0,0,0,R0,no_linked_paper,R0 no_linked_paper;no_attribute,R2026.16,,1.15.0
PRJNA1169661,probiotic,0.0,0,0,R0,no_linked_paper,R0 no_linked_paper;no_attribute,R2026.16,,1.15.0
PRJNA862908,age,0.0,0,0,R0,no_linked_paper,R0 no_linked_paper;no_attribute,R2026.16,,1.15.0
PRJNA862908,delivery,0.0,0,0,R0,no_linked_paper,R0 no_linked_paper;no_attribute,R2026.16,,1.15.0
PRJNA862908,feeding,0.0,0,0,R0,no_linked_paper,R0 no_linked_paper;no_attribute,R2026.16,,1.15.0
PRJNA862908,preterm,0.0,0,0,R0,no_linked_paper,R0 no_linked_paper;no_attribute,R2026.16,,1.15.0
PRJNA862908,antibiotics,0.0,0,0,R0,no_linked_paper,R0 no_linked_paper;no_attribute,R2026.16,,1.15.0
PRJNA862908,probiotic,0.0,0,0,R0,no_linked_paper,R0 no_linked_paper;no_attribute,R2026.16,,1.15.0
PRJNA644725,age,0.0,0,0,R2,tables_unjoinable_need_key,R2 paper.supp.41598_2020_71791_MOESM2_ESM.xlsx[Sheet1!Time Point]: Time Point | relation=own_data;n_rows=87,R2026.16,,1.15.0
PRJNA644725,delivery,0.0,0,0,R2,tables_unjoinable_need_key,R2 paper.supp.41522_2025_868_MOESM2_ESM.xlsx[Data S1!Delivery Mode]: Delivery Mode | relation=reused_public_data;n_rows…,R2026.16,,1.15.0
PRJNA644725,feeding,0.0,0,0,R2,tables_unjoinable_need_key,R2 paper.supp.41522_2025_868_MOESM2_ESM.xlsx[Data S1!Feeding type]: Feeding type | relation=reused_public_data;n_rows=5…,R2026.16,,1.15.0
PRJNA644725,preterm,0.0,0,0,R3,tables_unjoinable_need_key,R3 paper.fulltext.body: e of delivery (vaginal or cesarean) and gestational age at birth (term | relation=reused_public…,R2026.16,,1.15.0
PRJNA644725,antibiotics,0.0,0,0,R3,tables_unjoinable_need_key,"R3 paper.fulltext.body: Water, formula, or baby cereal 20 (60) Antibiotic exposure during study 4 | relation=own_data;n…",R2026.16,,1.15.0
PRJNA644725,probiotic,1.0,150,0,R3,complete,R3 paper.fulltext.body: s were obtained from a phase I trial of probiotics in infants | relation=own_data;n_mentions=11,R2026.16,,1.15.0
PRJNA1085219,age,0.0,0,0,R3,partial_coverage,"R3 paper.fulltext.body: nd Trosvik 3 . Briefly, 12 infants were sampled at a near-daily | relation=own_data;n_mentions=4",R2026.16,,1.15.0
PRJNA1085219,delivery,0.0,0,0,R3,partial_coverage,"R3 paper.fulltext.body: Gs over the first year of life, both in vaginally born and | relation=own_data;n_mentions=2",R2026.16,,1.15.0
PRJNA1085219,feeding,0.0,0,0,R3,partial_coverage,"R3 paper.fulltext.body: 5. Parnanen, K. et al. Maternal gut and breast milk microbiota affect | relation=own_data;n_men…",R2026.16,,1.15.0
PRJNA1085219,preterm,0.0,0,0,R3,partial_coverage,R3 paper.fulltext.body: life gut resistome and mobilome across gestational ages and microbiota-modifying treatments. E…,R2026.16,,1.15.0
PRJNA1085219,antibiotics,0.0,0,0,R3,partial_coverage,"R3 paper.fulltext.body: teractions, including genes involved in antibiotic drug resistance, virulence, and the tra | re…",R2026.16,,1.15.0
PRJNA1085219,probiotic,0.0,0,0,R3,partial_coverage,"R3 paper.fulltext.body: obile antimicrobial resistance genes in probiotics. Antibiotics 10 (11), 1287 (2021). 10. | rel…",R2026.16,,1.15.0
PRJNA1015704,age,0.0,0,0,R2,tables_unjoinable_need_key,R2 paper.supp.PPUL-60-0-s002.docx[table2!Age at collection (days)]: Age at collection (days) | relation=own_data;n_rows…,R2026.16,,1.15.0
PRJNA1015704,delivery,0.0,0,0,R0,tables_unjoinable_need_key,R0 fulltext_scanned_no_mention;n_papers=1,R2026.16,,1.15.0
PRJNA1015704,feeding,0.0,0,0,R0,tables_unjoinable_need_key,R0 fulltext_scanned_no_mention;n_papers=1,R2026.16,,1.15.0
PRJNA1015704,preterm,0.0,0,0,R3,tables_unjoinable_need_key,"R3 paper.fulltext.body: acteristics and demographics, including gestational age, method of delivery, respiratory pathog…",R2026.16,,1.15.0
PRJNA1015704,antibiotics,0.0,0,0,R2,tables_unjoinable_need_key,R2 paper.supp.PPUL-60-0-s002.docx[table2!Days after the most recent antibiotic course*]: Days after the most recent ant…,R2026.16,,1.15.0
PRJNA1015704,probiotic,0.0,0,0,R0,tables_unjoinable_need_key,R0 fulltext_scanned_no_mention;n_papers=1,R2026.16,,1.15.0
PRJNA562600,age,0.0,0,0,R2,archive_only_uncertain,R2 paper.supp.msystems.01294-23-s0004.xlsx[Sheet1!Age (day)]: Age (day) | relation=reused_public_data;n_rows=6653,R2026.16,,1.15.0
PRJNA562600,delivery,0.0,0,0,R3,archive_only_uncertain,R3 paper.fulltext.body: namic and influenced by factors such as delivery mode and breastfeeding ( | relation=reused_pub…,R2026.16,,1.15.0
PRJNA562600,feeding,0.0,0,0,R3,archive_only_uncertain,R3 paper.fulltext.body: ed by factors such as delivery mode and breastfeeding ( 8 – | relation=reused_public_data;n_men…,R2026.16,,1.15.0
PRJNA562600,preterm,0.0,0,0,R0,archive_only_uncertain,R0 fulltext_scanned_no_mention;n_papers=1,R2026.16,,1.15.0
PRJNA562600,antibiotics,0.0,0,0,R3,archive_only_uncertain,"R3 paper.fulltext.body: such as diet composition, use of drugs/antibiotics, and medical treatments. A deeper | relation…",R2026.16,,1.15.0
PRJNA562600,probiotic,0.0,0,0,R0,archive_only_uncertain,R0 fulltext_scanned_no_mention;n_papers=1,R2026.16,,1.15.0
PRJNA1517268,age,0.0,0,0,R0,archive_only_uncertain,R0 no_linked_paper;no_attribute,R2026.16,,1.15.0
PRJNA1517268,delivery,0.0,0,0,R0,archive_only_uncertain,R0 no_linked_paper;no_attribute,R2026.16,,1.15.0
PRJNA1517268,feeding,0.0,0,0,R0,archive_only_uncertain,R0 no_linked_paper;no_attribute,R2026.16,,1.15.0
PRJNA1517268,preterm,0.0,0,0,R0,archive_only_uncertain,R0 no_linked_paper;no_attribute,R2026.16,,1.15.0
PRJNA1517268,antibiotics,0.0,0,0,R0,archive_only_uncertain,R0 no_linked_paper;no_attribute,R2026.16,,1.15.0
PRJNA1517268,probiotic,0.0,0,0,R0,archive_only_uncertain,R0 no_linked_paper;no_attribute,R2026.16,,1.15.0
PRJNA1162635,age,0.0,0,0,R0,no_linked_paper,R0 no_linked_paper;no_attribute,R2026.16,,1.15.0
PRJNA1162635,delivery,0.0,0,0,R0,no_linked_paper,R0 no_linked_paper;no_attribute,R2026.16,,1.15.0
PRJNA1162635,feeding,0.0,0,0,R0,no_linked_paper,R0 no_linked_paper;no_attribute,R2026.16,,1.15.0
PRJNA1162635,preterm,0.0,0,0,R0,no_linked_paper,R0 no_linked_paper;no_attribute,R2026.16,,1.15.0
PRJNA1162635,antibiotics,0.0,0,0,R0,no_linked_paper,R0 no_linked_paper;no_attribute,R2026.16,,1.15.0
PRJNA1162635,probiotic,0.0,0,0,R0,no_linked_paper,R0 no_linked_paper;no_attribute,R2026.16,,1.15.0
PRJNA726052,age,0.0,0,0,R4,paywalled_abstract_only,R4 paper.abstract: full text not cached; abstract only | evidence_limited_to=abstract,R2026.16,,1.15.0
PRJNA726052,delivery,0.0,0,0,R4,paywalled_abstract_only,R4 paper.abstract: full text not cached; abstract only | evidence_limited_to=abstract,R2026.16,,1.15.0
PRJNA726052,feeding,0.0,0,0,R4,paywalled_abstract_only,R4 paper.abstract: full text not cached; abstract only | evidence_limited_to=abstract,R2026.16,,1.15.0
PRJNA726052,preterm,0.0,0,0,R4,paywalled_abstract_only,R4 paper.abstract: full text not cached; abstract only | evidence_limited_to=abstract,R2026.16,,1.15.0
PRJNA726052,antibiotics,0.0,0,0,R4,paywalled_abstract_only,R4 paper.abstract: full text not cached; abstract only | evidence_limited_to=abstract,R2026.16,,1.15.0
PRJNA726052,probiotic,0.0,0,0,R4,paywalled_abstract_only,R4 paper.abstract: full text not cached; abstract only | evidence_limited_to=abstract,R2026.16,,1.15.0
PRJNA800433,age,0.0,0,0,R0,archive_only_uncertain,R0 no_linked_paper;no_attribute,R2026.16,,1.15.0
PRJNA800433,delivery,0.0,0,0,R0,archive_only_uncertain,R0 no_linked_paper;no_attribute,R2026.16,,1.15.0
PRJNA800433,feeding,0.0,0,0,R0,archive_only_uncertain,R0 no_linked_paper;no_attribute,R2026.16,,1.15.0
PRJNA800433,preterm,0.0,0,0,R0,archive_only_uncertain,R0 no_linked_paper;no_attribute,R2026.16,,1.15.0
PRJNA800433,antibiotics,0.0,0,0,R0,archive_only_uncertain,R0 no_linked_paper;no_attribute,R2026.16,,1.15.0
PRJNA800433,probiotic,0.0,0,0,R0,archive_only_uncertain,R0 no_linked_paper;no_attribute,R2026.16,,1.15.0
PRJNA845806,age,0.0,0,0,R2,tables_unjoinable_need_key,R2 paper.supp.Table_1.pdf[page8_t1!Sample Timepoint]: Sample Timepoint | relation=own_data;n_rows=20,R2026.16,,1.15.0
PRJNA845806,delivery,0.0,0,0,R3,tables_unjoinable_need_key,"R3 paper.fulltext.body: d with increased risk for preeclampsia, cesarean section delivery, and preterm birth | relation…",R2026.16,,1.15.0
PRJNA845806,feeding,0.0,0,0,R3,tables_unjoinable_need_key,"R3 paper.fulltext.body: rom all women, and all women planned to breastfeed for at least | relation=own_data;n_mentions=…",R2026.16,,1.15.0
PRJNA845806,preterm,0.0,0,0,R3,tables_unjoinable_need_key,"R3 paper.fulltext.body: lampsia, cesarean section delivery, and preterm birth ( 2 ), with up | relation=own_data;n_ment…",R2026.16,,1.15.0
PRJNA845806,antibiotics,0.0,0,0,R3,tables_unjoinable_need_key,R3 paper.fulltext.body: tool samples were excluded if they took antibiotics within 4 weeks of | relation=own_data;n_men…,R2026.16,,1.15.0
PRJNA845806,probiotic,0.0,0,0,R3,tables_unjoinable_need_key,"R3 paper.fulltext.body: nt GWG. Surprisingly, we found that the probiotic family Bifidobacteriaceae , specificall | rel…",R2026.16,,1.15.0
PRJNA686821,age,0.0,0,0,R2,tables_unjoinable_need_key,R2 paper.supp.41522_2025_868_MOESM2_ESM.xlsx[Data S1!Age group]: Age group | relation=reused_public_data;n_rows=5288,R2026.16,,1.15.0
PRJNA686821,delivery,0.0,0,0,R2,tables_unjoinable_need_key,R2 paper.supp.41522_2025_868_MOESM2_ESM.xlsx[Data S1!Delivery Mode]: Delivery Mode | relation=reused_public_data;n_rows…,R2026.16,,1.15.0
PRJNA686821,feeding,0.0,0,0,R2,tables_unjoinable_need_key,R2 paper.supp.41522_2025_868_MOESM2_ESM.xlsx[Data S1!Feeding type]: Feeding type | relation=reused_public_data;n_rows=5…,R2026.16,,1.15.0
PRJNA686821,preterm,0.0,0,0,R3,tables_unjoinable_need_key,R3 paper.fulltext.body: e of delivery (vaginal or cesarean) and gestational age at birth (term | relation=reused_public…,R2026.16,,1.15.0
PRJNA686821,antibiotics,0.0,0,0,R3,tables_unjoinable_need_key,"R3 paper.fulltext.body: rst year of life. These factors include antibiotic usage, feeding practices (breastfeeding | re…",R2026.16,,1.15.0
PRJNA686821,probiotic,0.0,0,0,R3,tables_unjoinable_need_key,R3 paper.fulltext.body: om those who had received antibiotic or probiotic treatment at the time | relation=reused_publi…,R2026.16,,1.15.0
PRJNA991269,age,0.0,0,0,R2,tables_unjoinable_need_key,R2 paper.supp.41522_2025_868_MOESM2_ESM.xlsx[Data S1!Age group]: Age group | relation=reused_public_data;n_rows=5288,R2026.16,,1.15.0
PRJNA991269,delivery,0.3125,40,0,R2,tables_unjoinable_need_key,R2 paper.supp.41522_2025_868_MOESM2_ESM.xlsx[Data S1!Delivery Mode]: Delivery Mode | relation=reused_public_data;n_rows…,R2026.16,,1.15.0
PRJNA991269,feeding,0.3125,40,0,R2,tables_unjoinable_need_key,R2 paper.supp.41522_2025_868_MOESM2_ESM.xlsx[Data S1!Feeding type]: Feeding type | relation=reused_public_data;n_rows=5…,R2026.16,,1.15.0
PRJNA991269,preterm,0.0,0,0,R3,tables_unjoinable_need_key,R3 paper.fulltext.body: e of delivery (vaginal or cesarean) and gestational age at birth (term | relation=reused_public…,R2026.16,,1.15.0
PRJNA991269,antibiotics,0.0,0,0,R3,tables_unjoinable_need_key,R3 paper.fulltext.body: lusion criteria for all age groups were antibiotics intake in the 3 | relation=own_data;n_menti…,R2026.16,,1.15.0
PRJNA991269,probiotic,0.0,0,0,R3,tables_unjoinable_need_key,"R3 paper.fulltext.body: ect was achieved only by administrating probiotic Bifidobacterium strains, giving rise to | rel…",R2026.16,,1.15.0
PRJNA231909,age,0.0,0,0,R2,tables_unjoinable_need_key,R2 paper.supp.41467_2025_56449_MOESM6_ESM.zip::Figure 1/figure1f.tsv[!age_category]: age_category | relation=reused_pub…,R2026.16,,1.15.0
PRJNA231909,delivery,0.0,0,0,R2,tables_unjoinable_need_key,R2 paper.supp.41467_2019_8377_MOESM4_ESM.csv[!delivery]: delivery | relation=own_data;n_rows=56,R2026.16,,1.15.0
PRJNA231909,feeding,0.040323,5,0,R2,tables_unjoinable_need_key,R2 paper.supp.Data_Sheet_6.XLSX[Table S5!A Breast milk]: A Breast milk | relation=reused_public_data;n_rows=272,R2026.16,,1.15.0
PRJNA231909,preterm,0.0,0,0,R3,tables_unjoinable_need_key,"R3 paper.fulltext.body: livery mode (vaginal or section), term (full-term or premature), or feeding pattern | relation=…",R2026.16,,1.15.0
PRJNA231909,antibiotics,0.0,0,0,R2,tables_unjoinable_need_key,R2 paper.supp.41467_2019_8377_MOESM4_ESM.csv[!antibiotic_days]: antibiotic_days | relation=own_data;n_rows=56,R2026.16,,1.15.0
PRJNA231909,probiotic,0.0,0,0,R3,tables_unjoinable_need_key,R3 paper.fulltext.body: bspecies lactis present in a commercial probiotic product that was consumed by | relation=reuse…,R2026.16,,1.15.0
PRJNA663786,age,0.0,0,0,R0,archive_only_uncertain,R0 no_linked_paper;no_attribute,R2026.16,,1.15.0
PRJNA663786,delivery,0.0,0,0,R0,archive_only_uncertain,R0 no_linked_paper;no_attribute,R2026.16,,1.15.0
PRJNA663786,feeding,0.0,0,0,R0,archive_only_uncertain,R0 no_linked_paper;no_attribute,R2026.16,,1.15.0
PRJNA663786,preterm,0.0,0,0,R0,archive_only_uncertain,R0 no_linked_paper;no_attribute,R2026.16,,1.15.0
PRJNA663786,antibiotics,0.0,0,0,R0,archive_only_uncertain,R0 no_linked_paper;no_attribute,R2026.16,,1.15.0
PRJNA663786,probiotic,0.0,0,0,R0,archive_only_uncertain,R0 no_linked_paper;no_attribute,R2026.16,,1.15.0
PRJEB50568,age,0.0,0,0,R0,no_linked_paper,R0 no_linked_paper;no_attribute,R2026.16,,1.15.0
PRJEB50568,delivery,0.0,0,0,R0,no_linked_paper,R0 no_linked_paper;no_attribute,R2026.16,,1.15.0
PRJEB50568,feeding,0.0,0,0,R0,no_linked_paper,R0 no_linked_paper;no_attribute,R2026.16,,1.15.0
PRJEB50568,preterm,0.0,0,0,R0,no_linked_paper,R0 no_linked_paper;no_attribute,R2026.16,,1.15.0
PRJEB50568,antibiotics,0.0,0,0,R0,no_linked_paper,R0 no_linked_paper;no_attribute,R2026.16,,1.15.0
PRJEB50568,probiotic,0.0,0,0,R0,no_linked_paper,R0 no_linked_paper;no_attribute,R2026.16,,1.15.0
PRJNA477357,age,0.0,0,0,R0,no_linked_paper,R0 no_linked_paper;no_attribute,R2026.16,,1.15.0
PRJNA477357,delivery,0.0,0,0,R0,no_linked_paper,R0 no_linked_paper;no_attribute,R2026.16,,1.15.0
PRJNA477357,feeding,0.0,0,0,R0,no_linked_paper,R0 no_linked_paper;no_attribute,R2026.16,,1.15.0
PRJNA477357,preterm,0.0,0,0,R0,no_linked_paper,R0 no_linked_paper;no_attribute,R2026.16,,1.15.0
PRJNA477357,antibiotics,0.0,0,0,R0,no_linked_paper,R0 no_linked_paper;no_attribute,R2026.16,,1.15.0
PRJNA477357,probiotic,0.0,0,0,R0,no_linked_paper,R0 no_linked_paper;no_attribute,R2026.16,,1.15.0
PRJNA485056,age,0.0,0,0,R2,tables_unjoinable_need_key,R2 paper.supp.41564_2023_1549_MOESM2_ESM.xlsx[Supplementary Table 2!Host Age (days)]: Host Age (days) | relation=reused…,R2026.16,,1.15.0
PRJNA485056,delivery,0.0,0,0,R3,tables_unjoinable_need_key,R3 paper.fulltext.body: infant gut microbiota are influenced by delivery mode and gestational duration and | relation=r…,R2026.16,,1.15.0
PRJNA485056,feeding,0.0,0,0,R3,tables_unjoinable_need_key,"R3 paper.fulltext.body: ents ( Manara et al., 2018 ), stool and breast milk samples | relation=own_data;n_mentions=1",R2026.16,,1.15.0
PRJNA485056,preterm,0.0,0,0,R3,tables_unjoinable_need_key,"R3 paper.fulltext.body: ia are rarely shared by co-hospitalized premature infants, regardless of necrotizing ente | rel…",R2026.16,,1.15.0
PRJNA485056,antibiotics,0.0,0,0,R3,tables_unjoinable_need_key,"R3 paper.fulltext.body: h groups’ microbiomes encoded extensive antibiotic biosynthesis genes ( Figure 5 E), | relation…",R2026.16,,1.15.0
PRJNA485056,probiotic,0.0,0,0,R3,tables_unjoinable_need_key,R3 paper.fulltext.body: bspecies lactis present in a commercial probiotic product that was consumed by | relation=own_d…,R2026.16,,1.15.0
PRJEB52748,age,0.0,0,0,R0,partial_coverage,R0 fulltext_scanned_no_mention;n_papers=1,R2026.16,,1.15.0
PRJEB52748,delivery,0.0,0,0,R3,partial_coverage,"R3 paper.fulltext.body: rent environmental factors, the rate of vaginal delivery is higher and infants | relation=own_d…",R2026.16,,1.15.0
PRJEB52748,feeding,0.0,0,0,R3,partial_coverage,R3 paper.fulltext.body: inal delivery is higher and infants are breastfed for longer periods. Human | relation=own_data…,R2026.16,,1.15.0
PRJEB52748,preterm,0.0,0,0,R0,partial_coverage,R0 fulltext_scanned_no_mention;n_papers=1,R2026.16,,1.15.0
PRJEB52748,antibiotics,0.0,0,0,R3,partial_coverage,"R3 paper.fulltext.body: in the last two months, or had received antibiotics in the month | relation=own_data;n_mentions…",R2026.16,,1.15.0
PRJEB52748,probiotic,0.0,0,0,R0,partial_coverage,R0 fulltext_scanned_no_mention;n_papers=1,R2026.16,,1.15.0
PRJEB101714,age,0.0,0,0,R0,no_linked_paper,R0 no_linked_paper;no_attribute,R2026.16,,1.15.0
PRJEB101714,delivery,1.0,100,0,R0,complete,R0 no_linked_paper;no_attribute,R2026.16,,1.15.0
PRJEB101714,feeding,0.96,96,0,R0,complete,R0 no_linked_paper;no_attribute,R2026.16,,1.15.0
PRJEB101714,preterm,0.0,0,0,R0,no_linked_paper,R0 no_linked_paper;no_attribute,R2026.16,,1.15.0
PRJEB101714,antibiotics,0.0,0,0,R0,no_linked_paper,R0 no_linked_paper;no_attribute,R2026.16,,1.15.0
PRJEB101714,probiotic,0.0,0,0,R0,no_linked_paper,R0 no_linked_paper;no_attribute,R2026.16,,1.15.0
PRJNA1092797,age,0.0,0,0,R0,archive_only_uncertain,R0 no_linked_paper;no_attribute,R2026.16,,1.15.0
PRJNA1092797,delivery,0.0,0,0,R0,archive_only_uncertain,R0 no_linked_paper;no_attribute,R2026.16,,1.15.0
PRJNA1092797,feeding,0.0,0,0,R0,archive_only_uncertain,R0 no_linked_paper;no_attribute,R2026.16,,1.15.0
PRJNA1092797,preterm,0.0,0,0,R0,archive_only_uncertain,R0 no_linked_paper;no_attribute,R2026.16,,1.15.0
PRJNA1092797,antibiotics,0.0,0,0,R0,archive_only_uncertain,R0 no_linked_paper;no_attribute,R2026.16,,1.15.0
PRJNA1092797,probiotic,0.0,0,0,R0,archive_only_uncertain,R0 no_linked_paper;no_attribute,R2026.16,,1.15.0
PRJNA706606,age,0.0,0,0,R3,no_supplement_found,"R3 paper.fulltext.body: , Tongi study site, among children < 16 months of age). Adj, | relation=own_data;n_mentions=1",R2026.16,,1.15.0
PRJNA706606,delivery,0.0,0,0,R0,no_supplement_found,R0 fulltext_scanned_no_mention;n_papers=1,R2026.16,,1.15.0
PRJNA706606,feeding,0.0,0,0,R0,no_supplement_found,R0 fulltext_scanned_no_mention;n_papers=1,R2026.16,,1.15.0
PRJNA706606,preterm,0.0,0,0,R0,no_supplement_found,R0 fulltext_scanned_no_mention;n_papers=1,R2026.16,,1.15.0
PRJNA706606,antibiotics,0.0,0,0,R3,no_supplement_found,"R3 paper.fulltext.body: e to enteric pathogens, which decreases antibiotic use and associated AMR selective | relation=…",R2026.16,,1.15.0
PRJNA706606,probiotic,0.0,0,0,R0,no_supplement_found,R0 fulltext_scanned_no_mention;n_papers=1,R2026.16,,1.15.0
PRJNA1154644,age,0.0,0,0,R0,no_linked_paper,R0 no_linked_paper;no_attribute,R2026.16,,1.15.0
PRJNA1154644,delivery,0.0,0,0,R0,no_linked_paper,R0 no_linked_paper;no_attribute,R2026.16,,1.15.0
PRJNA1154644,feeding,0.0,0,0,R0,no_linked_paper,R0 no_linked_paper;no_attribute,R2026.16,,1.15.0
PRJNA1154644,preterm,0.0,0,0,R0,no_linked_paper,R0 no_linked_paper;no_attribute,R2026.16,,1.15.0
PRJNA1154644,antibiotics,0.0,0,0,R0,no_linked_paper,R0 no_linked_paper;no_attribute,R2026.16,,1.15.0
PRJNA1154644,probiotic,0.0,0,0,R0,no_linked_paper,R0 no_linked_paper;no_attribute,R2026.16,,1.15.0
PRJNA751712,age,0.0,0,0,R3,partial_coverage,"R3 paper.fulltext.body: functional profiles when leaving care, at 36 weeks corrected gestational age. Additionally | re…",R2026.16,,1.15.0
PRJNA751712,delivery,0.0,0,0,R3,partial_coverage,R3 paper.fulltext.body: diabetes (type 1 & 2) and infant data – mode of delivery | relation=own_data;n_mentions=7,R2026.16,,1.15.0
PRJNA751712,feeding,0.0,0,0,R3,partial_coverage,R3 paper.fulltext.body: 63 67.0 No 31 33.0 Diet Formula 23 24.5 Breastmilk 38 40.4 | relation=own_data;n_mentions=6,R2026.16,,1.15.0
PRJNA751712,preterm,0.0,0,0,R1,partial_coverage,R1 sample.attr.library_name: Preterm_micro_66 | hit_frac=1.00;attr_col=library_name,R2026.16,,1.15.0
PRJNA751712,antibiotics,0.0,0,0,R3,partial_coverage,R3 paper.fulltext.body: ly as adjunctive therapies to prolonged antibiotic treatment. In neonatal intensive care | rela…,R2026.16,,1.15.0
PRJNA751712,probiotic,0.0,0,0,R2,partial_coverage,R2 paper.supp.Data_Sheet_3.csv[!s__Lactobacillus acidophilus]: s__Lactobacillus acidophilus | relation=own_data;n_rows=…,R2026.16,,1.15.0
PRJEB60423,age,0.0,0,0,R0,archive_only_uncertain,R0 no_linked_paper;no_attribute,R2026.16,,1.15.0
PRJEB60423,delivery,0.0,0,0,R0,archive_only_uncertain,R0 no_linked_paper;no_attribute,R2026.16,,1.15.0
PRJEB60423,feeding,0.0,0,0,R0,archive_only_uncertain,R0 no_linked_paper;no_attribute,R2026.16,,1.15.0
PRJEB60423,preterm,0.0,0,0,R0,archive_only_uncertain,R0 no_linked_paper;no_attribute,R2026.16,,1.15.0
PRJEB60423,antibiotics,0.0,0,0,R0,archive_only_uncertain,R0 no_linked_paper;no_attribute,R2026.16,,1.15.0
PRJEB60423,probiotic,0.0,0,0,R0,archive_only_uncertain,R0 no_linked_paper;no_attribute,R2026.16,,1.15.0
PRJNA914532,age,0.0,0,0,R0,archive_only_uncertain,R0 no_linked_paper;no_attribute,R2026.16,,1.15.0
PRJNA914532,delivery,0.0,0,0,R0,archive_only_uncertain,R0 no_linked_paper;no_attribute,R2026.16,,1.15.0
PRJNA914532,feeding,0.0,0,0,R0,archive_only_uncertain,R0 no_linked_paper;no_attribute,R2026.16,,1.15.0
PRJNA914532,preterm,0.0,0,0,R0,archive_only_uncertain,R0 no_linked_paper;no_attribute,R2026.16,,1.15.0
PRJNA914532,antibiotics,0.0,0,0,R0,archive_only_uncertain,R0 no_linked_paper;no_attribute,R2026.16,,1.15.0
PRJNA914532,probiotic,0.0,0,0,R0,archive_only_uncertain,R0 no_linked_paper;no_attribute,R2026.16,,1.15.0
PRJNA1189459,age,0.0,0,0,R0,no_linked_paper,R0 no_linked_paper;no_attribute,R2026.16,,1.15.0
PRJNA1189459,delivery,0.0,0,0,R0,no_linked_paper,R0 no_linked_paper;no_attribute,R2026.16,,1.15.0
PRJNA1189459,feeding,0.0,0,0,R0,no_linked_paper,R0 no_linked_paper;no_attribute,R2026.16,,1.15.0
PRJNA1189459,preterm,0.0,0,0,R0,no_linked_paper,R0 no_linked_paper;no_attribute,R2026.16,,1.15.0
PRJNA1189459,antibiotics,0.0,0,0,R0,no_linked_paper,R0 no_linked_paper;no_attribute,R2026.16,,1.15.0
PRJNA1189459,probiotic,0.0,0,0,R0,no_linked_paper,R0 no_linked_paper;no_attribute,R2026.16,,1.15.0
PRJEB102751,age,0.0,0,0,R0,archive_only_uncertain,R0 no_linked_paper;no_attribute,R2026.16,,1.15.0
PRJEB102751,delivery,0.0,0,0,R0,archive_only_uncertain,R0 no_linked_paper;no_attribute,R2026.16,,1.15.0
PRJEB102751,feeding,0.0,0,0,R0,archive_only_uncertain,R0 no_linked_paper;no_attribute,R2026.16,,1.15.0
PRJEB102751,preterm,0.0,0,0,R0,archive_only_uncertain,R0 no_linked_paper;no_attribute,R2026.16,,1.15.0
PRJEB102751,antibiotics,0.0,0,0,R0,archive_only_uncertain,R0 no_linked_paper;no_attribute,R2026.16,,1.15.0
PRJEB102751,probiotic,0.0,0,0,R0,archive_only_uncertain,R0 no_linked_paper;no_attribute,R2026.16,,1.15.0
PRJNA417283,age,0.0,0,0,R3,partial_coverage,R3 paper.fulltext.body: of over 5 days were recruited within 3 days of life. Detailed | relation=unsure;n_mentions=10,R2026.16,,1.15.0
PRJNA417283,delivery,0.0,0,0,R3,partial_coverage,R3 paper.fulltext.body: ome on the skin in infants delivered by cesarean section (CS) compared | relation=own_data;n_me…,R2026.16,,1.15.0
PRJNA417283,feeding,0.0,0,0,R3,partial_coverage,R3 paper.fulltext.body: such as the caretakers’ microbiome and breast milk microbiome may help to | relation=own_data;n…,R2026.16,,1.15.0
PRJNA417283,preterm,0.0,0,0,R3,partial_coverage,R3 paper.fulltext.body: D) in the neonatal intensive care unit (NICU). It has previously been | relation=own_data;n_men…,R2026.16,,1.15.0
PRJNA417283,antibiotics,0.0,0,0,R3,partial_coverage,R3 paper.fulltext.body: were more likely to receive peripartum antibiotics ( p = .002) and | relation=own_data;n_mentio…,R2026.16,,1.15.0
PRJNA417283,probiotic,0.0,0,0,R0,partial_coverage,R0 fulltext_scanned_no_mention;n_papers=3,R2026.16,,1.15.0
PRJNA834762,age,0.0,0,0,R2,tables_unjoinable_need_key,R2 paper.supp.pntd.0010869.s004.xlsx[Sheet1!age_months]: age_months | relation=own_data;n_rows=265,R2026.16,,1.15.0
PRJNA834762,delivery,0.0,0,0,R0,tables_unjoinable_need_key,R0 fulltext_scanned_no_mention;n_papers=3,R2026.16,,1.15.0
PRJNA834762,feeding,0.0,0,0,R3,tables_unjoinable_need_key,"R3 paper.fulltext.body: s MK, et al. Campylobacter Abundance in Breastfed Infants and Identification of | relation=own_…",R2026.16,,1.15.0
PRJNA834762,preterm,0.0,0,0,R0,tables_unjoinable_need_key,R0 fulltext_scanned_no_mention;n_papers=3,R2026.16,,1.15.0
PRJNA834762,antibiotics,0.0,0,0,R3,tables_unjoinable_need_key,R3 paper.fulltext.body: pulations facilitate the acquisition of antibiotic resistance in the infected host through | re…,R2026.16,,1.15.0
PRJNA834762,probiotic,0.0,0,0,R0,tables_unjoinable_need_key,R0 fulltext_scanned_no_mention;n_papers=3,R2026.16,,1.15.0
PRJNA564995,age,0.0,0,0,R0,archive_only_uncertain,R0 no_linked_paper;no_attribute,R2026.16,,1.15.0
PRJNA564995,delivery,0.0,0,0,R0,archive_only_uncertain,R0 no_linked_paper;no_attribute,R2026.16,,1.15.0
PRJNA564995,feeding,0.0,0,0,R0,archive_only_uncertain,R0 no_linked_paper;no_attribute,R2026.16,,1.15.0
PRJNA564995,preterm,0.0,0,0,R0,archive_only_uncertain,R0 no_linked_paper;no_attribute,R2026.16,,1.15.0
PRJNA564995,antibiotics,0.0,0,0,R0,archive_only_uncertain,R0 no_linked_paper;no_attribute,R2026.16,,1.15.0
PRJNA564995,probiotic,0.0,0,0,R0,archive_only_uncertain,R0 no_linked_paper;no_attribute,R2026.16,,1.15.0
PRJNA757365,age,0.0,0,0,R0,archive_only_uncertain,R0 no_linked_paper;no_attribute,R2026.16,,1.15.0
PRJNA757365,delivery,0.0,0,0,R0,archive_only_uncertain,R0 no_linked_paper;no_attribute,R2026.16,,1.15.0
PRJNA757365,feeding,0.0,0,0,R0,archive_only_uncertain,R0 no_linked_paper;no_attribute,R2026.16,,1.15.0
PRJNA757365,preterm,0.0,0,0,R0,archive_only_uncertain,R0 no_linked_paper;no_attribute,R2026.16,,1.15.0
PRJNA757365,antibiotics,0.0,0,0,R0,archive_only_uncertain,R0 no_linked_paper;no_attribute,R2026.16,,1.15.0
PRJNA757365,probiotic,0.0,0,0,R0,archive_only_uncertain,R0 no_linked_paper;no_attribute,R2026.16,,1.15.0
PRJEB79382,age,0.0,0,0,R3,no_supplement_found,"R3 paper.fulltext.body: from samples collected at four distinct time points: week 0 (0W), week | relation=own_data;n_me…",R2026.16,,1.15.0
PRJEB79382,delivery,0.0,0,0,R0,no_supplement_found,R0 fulltext_scanned_no_mention;n_papers=2,R2026.16,,1.15.0
PRJEB79382,feeding,0.0,0,0,R0,no_supplement_found,R0 fulltext_scanned_no_mention;n_papers=2,R2026.16,,1.15.0
PRJEB79382,preterm,0.0,0,0,R0,no_supplement_found,R0 fulltext_scanned_no_mention;n_papers=2,R2026.16,,1.15.0
PRJEB79382,antibiotics,0.0,0,0,R3,no_supplement_found,R3 paper.fulltext.body: is likely due to early colonization by antibiotic-resistant bacteria from maternal and | relati…,R2026.16,,1.15.0
PRJEB79382,probiotic,0.0,0,0,R0,no_supplement_found,R0 fulltext_scanned_no_mention;n_papers=2,R2026.16,,1.15.0
PRJNA865291,age,0.0,0,0,R0,archive_only_uncertain,R0 no_linked_paper;no_attribute,R2026.16,,1.15.0
PRJNA865291,delivery,0.0,0,0,R0,archive_only_uncertain,R0 no_linked_paper;no_attribute,R2026.16,,1.15.0
PRJNA865291,feeding,0.0,0,0,R0,archive_only_uncertain,R0 no_linked_paper;no_attribute,R2026.16,,1.15.0
PRJNA865291,preterm,0.0,0,0,R0,archive_only_uncertain,R0 no_linked_paper;no_attribute,R2026.16,,1.15.0
PRJNA865291,antibiotics,0.0,0,0,R0,archive_only_uncertain,R0 no_linked_paper;no_attribute,R2026.16,,1.15.0
PRJNA865291,probiotic,0.0,0,0,R0,archive_only_uncertain,R0 no_linked_paper;no_attribute,R2026.16,,1.15.0
PRJEB41865,age,0.0,0,0,R0,archive_only_uncertain,R0 no_linked_paper;no_attribute,R2026.16,,1.15.0
PRJEB41865,delivery,0.0,0,0,R0,archive_only_uncertain,R0 no_linked_paper;no_attribute,R2026.16,,1.15.0
PRJEB41865,feeding,0.0,0,0,R0,archive_only_uncertain,R0 no_linked_paper;no_attribute,R2026.16,,1.15.0
PRJEB41865,preterm,0.0,0,0,R0,archive_only_uncertain,R0 no_linked_paper;no_attribute,R2026.16,,1.15.0
PRJEB41865,antibiotics,0.0,0,0,R0,archive_only_uncertain,R0 no_linked_paper;no_attribute,R2026.16,,1.15.0
PRJEB41865,probiotic,0.0,0,0,R0,archive_only_uncertain,R0 no_linked_paper;no_attribute,R2026.16,,1.15.0
PRJEB102170,age,0.0,0,0,R0,no_linked_paper,R0 no_linked_paper;no_attribute,R2026.16,,1.15.0
PRJEB102170,delivery,0.0,0,0,R0,no_linked_paper,R0 no_linked_paper;no_attribute,R2026.16,,1.15.0
PRJEB102170,feeding,0.0,0,0,R0,no_linked_paper,R0 no_linked_paper;no_attribute,R2026.16,,1.15.0
PRJEB102170,preterm,0.0,0,0,R0,no_linked_paper,R0 no_linked_paper;no_attribute,R2026.16,,1.15.0
PRJEB102170,antibiotics,0.0,0,0,R0,no_linked_paper,R0 no_linked_paper;no_attribute,R2026.16,,1.15.0
PRJEB102170,probiotic,0.0,0,0,R0,no_linked_paper,R0 no_linked_paper;no_attribute,R2026.16,,1.15.0
PRJNA770101,age,0.0,0,0,R0,no_linked_paper,R0 no_linked_paper;no_attribute,R2026.16,,1.15.0
PRJNA770101,delivery,0.0,0,0,R0,no_linked_paper,R0 no_linked_paper;no_attribute,R2026.16,,1.15.0
PRJNA770101,feeding,0.0,0,0,R0,no_linked_paper,R0 no_linked_paper;no_attribute,R2026.16,,1.15.0
PRJNA770101,preterm,0.0,0,0,R0,no_linked_paper,R0 no_linked_paper;no_attribute,R2026.16,,1.15.0
PRJNA770101,antibiotics,0.0,0,0,R0,no_linked_paper,R0 no_linked_paper;no_attribute,R2026.16,,1.15.0
PRJNA770101,probiotic,0.0,0,0,R0,no_linked_paper,R0 no_linked_paper;no_attribute,R2026.16,,1.15.0
PRJNA1370643,age,0.0,0,0,R0,archive_only_uncertain,R0 not assessed by recoverability track,R2026.16,,1.15.0
PRJNA1370643,delivery,0.0,0,0,R0,archive_only_uncertain,R0 not assessed by recoverability track,R2026.16,,1.15.0
PRJNA1370643,feeding,0.0,0,0,R0,archive_only_uncertain,R0 not assessed by recoverability track,R2026.16,,1.15.0
PRJNA1370643,preterm,0.0,0,0,R0,archive_only_uncertain,R0 not assessed by recoverability track,R2026.16,,1.15.0
PRJNA1370643,antibiotics,0.0,0,0,R0,archive_only_uncertain,R0 not assessed by recoverability track,R2026.16,,1.15.0
PRJNA1370643,probiotic,0.0,0,0,R0,archive_only_uncertain,R0 not assessed by recoverability track,R2026.16,,1.15.0
PRJNA1065277,age,0.0,0,0,R3,partial_coverage,"R3 paper.fulltext.body: samples of vaginally delivered infants at 3 months of age, and that | relation=own_data;n_menti…",R2026.16,,1.15.0
PRJNA1065277,delivery,0.0,0,0,R2,partial_coverage,R2 paper.supp.Table1.xlsx[S1!Delivery date]: Delivery date | relation=own_data;n_rows=40,R2026.16,,1.15.0
PRJNA1065277,feeding,0.0,0,0,R2,partial_coverage,R2 paper.supp.Table1.xlsx[S1!Feeding method]: Feeding method | relation=own_data;n_rows=40,R2026.16,,1.15.0
PRJNA1065277,preterm,0.0,0,0,R2,partial_coverage,R2 paper.supp.Table1.xlsx[S1!Gestational diabetes]: Gestational diabetes | relation=own_data;n_rows=40,R2026.16,,1.15.0
PRJNA1065277,antibiotics,0.0,0,0,R3,partial_coverage,"R3 paper.fulltext.body: , mode of feeding, maternal health, and antibiotic usage ( Wang et | relation=own_data;n_mentio…",R2026.16,,1.15.0
PRJNA1065277,probiotic,0.0,0,0,R0,partial_coverage,R0 fulltext_scanned_no_mention;n_papers=1,R2026.16,,1.15.0
PRJNA529400,age,0.0,0,0,R2,tables_unjoinable_need_key,R2 paper.supp.mmc7.xlsx[A!age]: age | relation=nan;n_rows=11250,R2026.16,,1.15.0
PRJNA529400,delivery,0.0,0,0,R2,tables_unjoinable_need_key,R2 paper.supp.mmc5.xlsx[Foglio1!delivery_mode]: delivery_mode | relation=nan;n_rows=72,R2026.16,,1.15.0
PRJNA529400,feeding,0.0,0,0,R3,tables_unjoinable_need_key,"R3 paper.fulltext.body: ial long-term effects. 8 , 9 Breast- or formula-feeding is another factor | relation=nan;n_ment…",R2026.16,,1.15.0
PRJNA529400,preterm,0.0,0,0,R0,tables_unjoinable_need_key,R0 fulltext_scanned_no_mention;n_papers=1,R2026.16,,1.15.0
PRJNA529400,antibiotics,0.0,0,0,R3,tables_unjoinable_need_key,"R3 paper.fulltext.body: 3 , 4 , 5 and intrapartum or postpartum antibiotic prophylaxis, 6 | relation=nan;n_mentions=11",R2026.16,,1.15.0
PRJNA529400,probiotic,0.0,0,0,R0,tables_unjoinable_need_key,R0 fulltext_scanned_no_mention;n_papers=1,R2026.16,,1.15.0
PRJEB53954,age,0.0,0,0,R0,no_linked_paper,R0 no_linked_paper;no_attribute,R2026.16,,1.15.0
PRJEB53954,delivery,0.0,0,0,R0,no_linked_paper,R0 no_linked_paper;no_attribute,R2026.16,,1.15.0
PRJEB53954,feeding,0.0,0,0,R0,no_linked_paper,R0 no_linked_paper;no_attribute,R2026.16,,1.15.0
PRJEB53954,preterm,0.0,0,0,R0,no_linked_paper,R0 no_linked_paper;no_attribute,R2026.16,,1.15.0
PRJEB53954,antibiotics,0.0,0,0,R0,no_linked_paper,R0 no_linked_paper;no_attribute,R2026.16,,1.15.0
PRJEB53954,probiotic,0.0,0,0,R0,no_linked_paper,R0 no_linked_paper;no_attribute,R2026.16,,1.15.0
PRJNA763908,age,0.0,0,0,R0,no_linked_paper,R0 no_linked_paper;no_attribute,R2026.16,,1.15.0
PRJNA763908,delivery,0.0,0,0,R0,no_linked_paper,R0 no_linked_paper;no_attribute,R2026.16,,1.15.0
PRJNA763908,feeding,0.0,0,0,R0,no_linked_paper,R0 no_linked_paper;no_attribute,R2026.16,,1.15.0
PRJNA763908,preterm,0.0,0,0,R0,no_linked_paper,R0 no_linked_paper;no_attribute,R2026.16,,1.15.0
PRJNA763908,antibiotics,0.0,0,0,R0,no_linked_paper,R0 no_linked_paper;no_attribute,R2026.16,,1.15.0
PRJNA763908,probiotic,0.0,0,0,R0,no_linked_paper,R0 no_linked_paper;no_attribute,R2026.16,,1.15.0
PRJNA1434019,age,0.0,0,0,R0,archive_only_uncertain,R0 not assessed by recoverability track,R2026.16,,1.15.0
PRJNA1434019,delivery,0.0,0,0,R0,archive_only_uncertain,R0 not assessed by recoverability track,R2026.16,,1.15.0
PRJNA1434019,feeding,0.0,0,0,R0,archive_only_uncertain,R0 not assessed by recoverability track,R2026.16,,1.15.0
PRJNA1434019,preterm,0.0,0,0,R0,archive_only_uncertain,R0 not assessed by recoverability track,R2026.16,,1.15.0
PRJNA1434019,antibiotics,0.0,0,0,R0,archive_only_uncertain,R0 not assessed by recoverability track,R2026.16,,1.15.0
PRJNA1434019,probiotic,0.0,0,0,R0,archive_only_uncertain,R0 not assessed by recoverability track,R2026.16,,1.15.0
PRJNA986854,age,0.0,0,0,R3,no_supplement_found,R3 paper.fulltext.body: o the composition of the gut microbiome at 6 weeks of age. | relation=own_data;n_mentions=28,R2026.16,,1.15.0
PRJNA986854,delivery,0.0,0,0,R3,no_supplement_found,"R3 paper.fulltext.body: ntered early in life, particularly upon vaginal delivery, are those from the | relation=own_dat…",R2026.16,,1.15.0
PRJNA986854,feeding,0.0,0,0,R3,no_supplement_found,"R3 paper.fulltext.body: ternal microbiome 2 , 3 . Subsequently, breastfeeding, skin-to-skin contact, and the | relation…",R2026.16,,1.15.0
PRJNA986854,preterm,0.0,0,0,R3,no_supplement_found,R3 paper.fulltext.body: ational week of 38.8 ( ± 1.1). The mean birth weight of | relation=own_data;n_mentions=1,R2026.16,,1.15.0
PRJNA986854,antibiotics,0.0,0,0,R3,no_supplement_found,R3 paper.fulltext.body: d exclusively and exposed to peripartum antibiotics 21 . Urinary arsenic in | relation=own_data…,R2026.16,,1.15.0
PRJNA986854,probiotic,0.0,0,0,R3,no_supplement_found,"R3 paper.fulltext.body: abundance of Bacillota and deplete the probiotic Akkermansia , respectively 27 . | relation=own…",R2026.16,,1.15.0
PRJNA845014,age,0.0,0,0,R0,archive_only_uncertain,R0 no_linked_paper;no_attribute,R2026.16,,1.15.0
PRJNA845014,delivery,0.0,0,0,R0,archive_only_uncertain,R0 no_linked_paper;no_attribute,R2026.16,,1.15.0
PRJNA845014,feeding,0.0,0,0,R0,archive_only_uncertain,R0 no_linked_paper;no_attribute,R2026.16,,1.15.0
PRJNA845014,preterm,0.0,0,0,R0,archive_only_uncertain,R0 no_linked_paper;no_attribute,R2026.16,,1.15.0
PRJNA845014,antibiotics,0.0,0,0,R0,archive_only_uncertain,R0 no_linked_paper;no_attribute,R2026.16,,1.15.0
PRJNA845014,probiotic,0.0,0,0,R0,archive_only_uncertain,R0 no_linked_paper;no_attribute,R2026.16,,1.15.0
PRJEB32732,age,0.0,0,0,R0,archive_only_uncertain,R0 no_linked_paper;no_attribute,R2026.16,,1.15.0
PRJEB32732,delivery,0.0,0,0,R0,archive_only_uncertain,R0 no_linked_paper;no_attribute,R2026.16,,1.15.0
PRJEB32732,feeding,0.0,0,0,R0,archive_only_uncertain,R0 no_linked_paper;no_attribute,R2026.16,,1.15.0
PRJEB32732,preterm,0.0,0,0,R0,archive_only_uncertain,R0 no_linked_paper;no_attribute,R2026.16,,1.15.0
PRJEB32732,antibiotics,0.0,0,0,R0,archive_only_uncertain,R0 no_linked_paper;no_attribute,R2026.16,,1.15.0
PRJEB32732,probiotic,0.0,0,0,R0,archive_only_uncertain,R0 no_linked_paper;no_attribute,R2026.16,,1.15.0
PRJEB33013,age,0.0,0,0,R2,tables_unjoinable_need_key,R2 paper.supp.Table_1.XLSX[Table S1!Host Age]: Host Age | relation=reused_public_data;n_rows=4019,R2026.16,,1.15.0
PRJEB33013,delivery,0.0,0,0,R3,tables_unjoinable_need_key,"R3 paper.fulltext.body: individual early life factors, such as delivery mode, perinatal antibiotic use, and | relation=…",R2026.16,,1.15.0
PRJEB33013,feeding,0.0,0,0,R3,tables_unjoinable_need_key,"R3 paper.fulltext.body: ode, birth weight, gestational age, and breastfeeding duration. The questionnaire also co | rel…",R2026.16,,1.15.0
PRJEB33013,preterm,0.0,0,0,R3,tables_unjoinable_need_key,"R3 paper.fulltext.body: nal information included delivery mode, birth weight, gestational age, and breastfeeding dur |…",R2026.16,,1.15.0
PRJEB33013,antibiotics,0.0,0,0,R3,tables_unjoinable_need_key,R3 paper.fulltext.body: th the overall resistome and individual antibiotic resistance genes (ARGs) in the | relation=ow…,R2026.16,,1.15.0
PRJEB33013,probiotic,0.0,0,0,R3,tables_unjoinable_need_key,R3 paper.fulltext.body: d as a functional ingredient in various probiotic supplements (Bozzi Cionci et | relation=reuse…,R2026.16,,1.15.0
PRJNA1484372,age,0.0,0,0,R0,archive_only_uncertain,R0 no_linked_paper;no_attribute,R2026.16,,1.15.0
PRJNA1484372,delivery,0.0,0,0,R0,archive_only_uncertain,R0 no_linked_paper;no_attribute,R2026.16,,1.15.0
PRJNA1484372,feeding,0.0,0,0,R0,archive_only_uncertain,R0 no_linked_paper;no_attribute,R2026.16,,1.15.0
PRJNA1484372,preterm,0.0,0,0,R0,archive_only_uncertain,R0 no_linked_paper;no_attribute,R2026.16,,1.15.0
PRJNA1484372,antibiotics,0.0,0,0,R0,archive_only_uncertain,R0 no_linked_paper;no_attribute,R2026.16,,1.15.0
PRJNA1484372,probiotic,0.0,0,0,R0,archive_only_uncertain,R0 no_linked_paper;no_attribute,R2026.16,,1.15.0
PRJEB57911,age,0.0,0,0,R0,no_linked_paper,R0 no_linked_paper;no_attribute,R2026.16,,1.15.0
PRJEB57911,delivery,0.0,0,0,R0,no_linked_paper,R0 no_linked_paper;no_attribute,R2026.16,,1.15.0
PRJEB57911,feeding,0.0,0,0,R0,no_linked_paper,R0 no_linked_paper;no_attribute,R2026.16,,1.15.0
PRJEB57911,preterm,0.0,0,0,R0,no_linked_paper,R0 no_linked_paper;no_attribute,R2026.16,,1.15.0
PRJEB57911,antibiotics,0.0,0,0,R0,no_linked_paper,R0 no_linked_paper;no_attribute,R2026.16,,1.15.0
PRJEB57911,probiotic,0.0,0,0,R0,no_linked_paper,R0 no_linked_paper;no_attribute,R2026.16,,1.15.0
PRJNA877820,age,0.0,0,0,R2,archive_only_uncertain,R2 paper.supp.mSystems.00124-20-st001.xlsx[Supplementary Table 1!Age]: Age | relation=unsure;n_rows=62,R2026.16,,1.15.0
PRJNA877820,delivery,0.0,0,0,R3,archive_only_uncertain,"R3 paper.fulltext.body: 04 (1.87, 2.31) 2.30 (1.95, 2.69) 0.121 Vaginal delivery, n (%) 39 | relation=own_data;n_mentio…",R2026.16,,1.15.0
PRJNA877820,feeding,0.0,0,0,R3,archive_only_uncertain,"R3 paper.fulltext.body: ere matched for age, sex, delivery, and feeding mode. With a lower | relation=own_data;n_mentio…",R2026.16,,1.15.0
PRJNA877820,preterm,0.0,0,0,R0,archive_only_uncertain,R0 fulltext_scanned_no_mention;n_papers=3,R2026.16,,1.15.0
PRJNA877820,antibiotics,0.0,0,0,R2,archive_only_uncertain,R2 paper.supp.mSystems.00124-20-st001.xlsx[Supplementary Table 1!Antibiotic Therapy]: Antibiotic Therapy | relation=uns…,R2026.16,,1.15.0
PRJNA877820,probiotic,0.0,0,0,R3,archive_only_uncertain,"R3 paper.fulltext.body: olic diseases, or received antibiotics, probiotics, prebiotics, or any other medical trea | rel…",R2026.16,,1.15.0
PRJNA894152,age,0.0,0,0,R0,no_supplement_found,R0 fulltext_scanned_no_mention;n_papers=1,R2026.16,,1.15.0
PRJNA894152,delivery,0.0,0,0,R3,no_supplement_found,"R3 paper.fulltext.body: nts shape the gut microbiome, including delivery mode (vaginal or cesarean), antibiotic | relat…",R2026.16,,1.15.0
PRJNA894152,feeding,0.0,0,0,R3,no_supplement_found,"R3 paper.fulltext.body: inal or cesarean), antibiotic exposure, feeding mode (breastfed or formula) and illness | relat…",R2026.16,,1.15.0
PRJNA894152,preterm,0.0,0,0,R0,no_supplement_found,R0 fulltext_scanned_no_mention;n_papers=1,R2026.16,,1.15.0
PRJNA894152,antibiotics,0.0,0,0,R3,no_supplement_found,"R3 paper.fulltext.body: ng delivery mode (vaginal or cesarean), antibiotic exposure, feeding mode (breastfed or | relat…",R2026.16,,1.15.0
PRJNA894152,probiotic,0.0,0,0,R3,no_supplement_found,"R3 paper.fulltext.body: 61 ]. However, the genus Barnesiella is probiotic and inversely related to | relation=own_data;…",R2026.16,,1.15.0
PRJNA544346,age,0.0,0,0,R0,no_linked_paper,R0 no_linked_paper;no_attribute,R2026.16,,1.15.0
PRJNA544346,delivery,0.0,0,0,R0,no_linked_paper,R0 no_linked_paper;no_attribute,R2026.16,,1.15.0
PRJNA544346,feeding,0.0,0,0,R0,no_linked_paper,R0 no_linked_paper;no_attribute,R2026.16,,1.15.0
PRJNA544346,preterm,0.0,0,0,R0,no_linked_paper,R0 no_linked_paper;no_attribute,R2026.16,,1.15.0
PRJNA544346,antibiotics,0.0,0,0,R0,no_linked_paper,R0 no_linked_paper;no_attribute,R2026.16,,1.15.0
PRJNA544346,probiotic,0.0,0,0,R0,no_linked_paper,R0 no_linked_paper;no_attribute,R2026.16,,1.15.0
PRJEB55713,age,0.0,0,0,R3,no_supplement_found,R3 paper.fulltext.body: he microbiome taxonomic composition and postnatal age influence both the overall resistome | re…,R2026.16,,1.15.0
PRJEB55713,delivery,0.0,0,0,R3,no_supplement_found,"R3 paper.fulltext.body: individual early life factors, such as delivery mode, perinatal antibiotic use, and | relation=…",R2026.16,,1.15.0
PRJEB55713,feeding,0.0,0,0,R3,no_supplement_found,"R3 paper.fulltext.body: ode, birth weight, gestational age, and breastfeeding duration. The questionnaire also co | rel…",R2026.16,,1.15.0
PRJEB55713,preterm,0.0,0,0,R3,no_supplement_found,"R3 paper.fulltext.body: nal information included delivery mode, birth weight, gestational age, and breastfeeding dur |…",R2026.16,,1.15.0
PRJEB55713,antibiotics,0.0,0,0,R3,no_supplement_found,R3 paper.fulltext.body: th the overall resistome and individual antibiotic resistance genes (ARGs) in the | relation=ow…,R2026.16,,1.15.0
PRJEB55713,probiotic,0.0,0,0,R0,no_supplement_found,R0 fulltext_scanned_no_mention;n_papers=1,R2026.16,,1.15.0
PRJDB10675,age,0.0,0,0,R2,tables_unjoinable_need_key,R2 paper.supp.41598_2022_24167_MOESM1_ESM.docx[table1!Age of patient]: Age of patient | relation=own_data;n_rows=45,R2026.16,,1.15.0
PRJDB10675,delivery,0.0,0,0,R0,tables_unjoinable_need_key,R0 fulltext_scanned_no_mention;n_papers=1,R2026.16,,1.15.0
PRJDB10675,feeding,0.0,0,0,R0,tables_unjoinable_need_key,R0 fulltext_scanned_no_mention;n_papers=1,R2026.16,,1.15.0
PRJDB10675,preterm,0.0,0,0,R0,tables_unjoinable_need_key,R0 fulltext_scanned_no_mention;n_papers=1,R2026.16,,1.15.0
PRJDB10675,antibiotics,0.0,0,0,R3,tables_unjoinable_need_key,R3 paper.fulltext.body: on. All patients had not been given any antibiotics and the samples | relation=own_data;n_menti…,R2026.16,,1.15.0
PRJDB10675,probiotic,0.0,0,0,R0,tables_unjoinable_need_key,R0 fulltext_scanned_no_mention;n_papers=1,R2026.16,,1.15.0
PRJDB33192,age,0.0,0,0,R0,no_linked_paper,R0 no_linked_paper;no_attribute,R2026.16,,1.15.0
PRJDB33192,delivery,0.0,0,0,R0,no_linked_paper,R0 no_linked_paper;no_attribute,R2026.16,,1.15.0
PRJDB33192,feeding,0.0,0,0,R0,no_linked_paper,R0 no_linked_paper;no_attribute,R2026.16,,1.15.0
PRJDB33192,preterm,0.0,0,0,R0,no_linked_paper,R0 no_linked_paper;no_attribute,R2026.16,,1.15.0
PRJDB33192,antibiotics,0.0,0,0,R0,no_linked_paper,R0 no_linked_paper;no_attribute,R2026.16,,1.15.0
PRJDB33192,probiotic,0.0,0,0,R0,no_linked_paper,R0 no_linked_paper;no_attribute,R2026.16,,1.15.0
PRJNA1276154,age,0.0,0,0,R0,archive_only_uncertain,R0 no_linked_paper;no_attribute,R2026.16,,1.15.0
PRJNA1276154,delivery,0.0,0,0,R0,archive_only_uncertain,R0 no_linked_paper;no_attribute,R2026.16,,1.15.0
PRJNA1276154,feeding,0.0,0,0,R0,archive_only_uncertain,R0 no_linked_paper;no_attribute,R2026.16,,1.15.0
PRJNA1276154,preterm,0.0,0,0,R0,archive_only_uncertain,R0 no_linked_paper;no_attribute,R2026.16,,1.15.0
PRJNA1276154,antibiotics,0.0,0,0,R0,archive_only_uncertain,R0 no_linked_paper;no_attribute,R2026.16,,1.15.0
PRJNA1276154,probiotic,0.0,0,0,R0,archive_only_uncertain,R0 no_linked_paper;no_attribute,R2026.16,,1.15.0
PRJEB46659,age,0.0,0,0,R3,partial_coverage,"R3 paper.fulltext.body: on in vitro and in vivo. 5 For example, at 1 month | relation=unsure;n_mentions=15",R2026.16,,1.15.0
PRJEB46659,delivery,0.0,0,0,R3,partial_coverage,"R3 paper.fulltext.body: feeding, formula feeding, or both), and mode of delivery did ( Table | relation=unsure;n_mentio…",R2026.16,,1.15.0
PRJEB46659,feeding,0.0,0,0,R3,partial_coverage,"R3 paper.fulltext.body: h as race, a child’s mode of nutrition (breastfeeding, formula feeding, or | relation=unsure;n_…",R2026.16,,1.15.0
PRJEB46659,preterm,0.0,0,0,R3,partial_coverage,"R3 paper.fulltext.body: ema during pregnancy, mode of delivery, birthweight of the child, total IgE | relation=unsure;n…",R2026.16,,1.15.0
PRJEB46659,antibiotics,0.0,0,0,R3,partial_coverage,"R3 paper.fulltext.body: plete RPMI [RPMI medium (GIBCO) without antibiotics, 10% FBS (GIBCO), 1 mM | relation=unsure;n_…",R2026.16,,1.15.0
PRJEB46659,probiotic,0.0,0,0,R0,partial_coverage,R0 fulltext_scanned_no_mention;n_papers=4,R2026.16,,1.15.0
PRJEB9150,age,0.0,0,0,R2,tables_unjoinable_need_key,R2 paper.supp.msystems.00929-24-s0003.xlsx[Table S1!Age (years)]: Age (years) | relation=reused_public_data;n_rows=8076,R2026.16,,1.15.0
PRJEB9150,delivery,0.0,0,0,R3,tables_unjoinable_need_key,R3 paper.fulltext.body: nts were born at term via uncomplicated Cesarean or natural vaginal delivery | relation=reused_…,R2026.16,,1.15.0
PRJEB9150,feeding,0.0,0,0,R2,tables_unjoinable_need_key,R2 paper.supp.Data_Sheet_6.XLSX[Table S5!A Breast milk]: A Breast milk | relation=reused_public_data;n_rows=272,R2026.16,,1.15.0
PRJEB9150,preterm,0.0,0,0,R0,tables_unjoinable_need_key,R0 fulltext_scanned_no_mention;n_papers=2,R2026.16,,1.15.0
PRJEB9150,antibiotics,0.0,0,0,R3,tables_unjoinable_need_key,"R3 paper.fulltext.body: s, such as dietary habits, illness, and antibiotic treatments, continue to impact | relation=re…",R2026.16,,1.15.0
PRJEB9150,probiotic,0.0,0,0,R0,tables_unjoinable_need_key,R0 fulltext_scanned_no_mention;n_papers=2,R2026.16,,1.15.0
PRJEB46214,age,0.0,0,0,R0,no_linked_paper,R0 no_linked_paper;no_attribute,R2026.16,,1.15.0
PRJEB46214,delivery,0.0,0,0,R0,no_linked_paper,R0 no_linked_paper;no_attribute,R2026.16,,1.15.0
PRJEB46214,feeding,0.0,0,0,R0,no_linked_paper,R0 no_linked_paper;no_attribute,R2026.16,,1.15.0
PRJEB46214,preterm,0.0,0,0,R0,no_linked_paper,R0 no_linked_paper;no_attribute,R2026.16,,1.15.0
PRJEB46214,antibiotics,0.0,0,0,R0,no_linked_paper,R0 no_linked_paper;no_attribute,R2026.16,,1.15.0
PRJEB46214,probiotic,0.0,0,0,R0,no_linked_paper,R0 no_linked_paper;no_attribute,R2026.16,,1.15.0
PRJNA353874,age,0.0,0,0,R0,archive_only_uncertain,R0 no_linked_paper;no_attribute,R2026.16,,1.15.0
PRJNA353874,delivery,0.0,0,0,R0,archive_only_uncertain,R0 no_linked_paper;no_attribute,R2026.16,,1.15.0
PRJNA353874,feeding,0.0,0,0,R0,archive_only_uncertain,R0 no_linked_paper;no_attribute,R2026.16,,1.15.0
PRJNA353874,preterm,0.0,0,0,R0,archive_only_uncertain,R0 no_linked_paper;no_attribute,R2026.16,,1.15.0
PRJNA353874,antibiotics,0.0,0,0,R0,archive_only_uncertain,R0 no_linked_paper;no_attribute,R2026.16,,1.15.0
PRJNA353874,probiotic,0.0,0,0,R0,archive_only_uncertain,R0 no_linked_paper;no_attribute,R2026.16,,1.15.0
PRJEB29237,age,0.0,0,0,R2,archive_only_uncertain,R2 paper.supp.Data_Sheet_1.csv[!Age_in_months]: Age_in_months | relation=own_data;n_rows=44,R2026.16,,1.15.0
PRJEB29237,delivery,0.0,0,0,R0,archive_only_uncertain,R0 fulltext_scanned_no_mention;n_papers=3,R2026.16,,1.15.0
PRJEB29237,feeding,0.0,0,0,R0,archive_only_uncertain,R0 fulltext_scanned_no_mention;n_papers=3,R2026.16,,1.15.0
PRJEB29237,preterm,0.0,0,0,R0,archive_only_uncertain,R0 fulltext_scanned_no_mention;n_papers=3,R2026.16,,1.15.0
PRJEB29237,antibiotics,0.0,0,0,R2,archive_only_uncertain,R2 paper.supp.Data_Sheet_1.csv[!ABX_status]: ABX_status | relation=own_data;n_rows=44,R2026.16,,1.15.0
PRJEB29237,probiotic,0.0,0,0,R3,archive_only_uncertain,R3 paper.fulltext.body: lso look at the impact of administering probiotics and different nutrition strategies | relatio…,R2026.16,,1.15.0
PRJNA1195013,age,0.0,0,0,R0,no_linked_paper,R0 no_linked_paper;no_attribute,R2026.16,,1.15.0
PRJNA1195013,delivery,0.0,0,0,R0,no_linked_paper,R0 no_linked_paper;no_attribute,R2026.16,,1.15.0
PRJNA1195013,feeding,0.0,0,0,R0,no_linked_paper,R0 no_linked_paper;no_attribute,R2026.16,,1.15.0
PRJNA1195013,preterm,0.0,0,0,R0,no_linked_paper,R0 no_linked_paper;no_attribute,R2026.16,,1.15.0
PRJNA1195013,antibiotics,0.0,0,0,R0,no_linked_paper,R0 no_linked_paper;no_attribute,R2026.16,,1.15.0
PRJNA1195013,probiotic,0.0,0,0,R0,no_linked_paper,R0 no_linked_paper;no_attribute,R2026.16,,1.15.0
PRJNA529124,age,0.0,0,0,R2,tables_unjoinable_need_key,R2 paper.supp.mmc6.xlsx[CM_Tanzania!age]: age | relation=unsure;n_rows=68,R2026.16,,1.15.0
PRJNA529124,delivery,0.0,0,0,R2,tables_unjoinable_need_key,R2 paper.supp.mmc5.xlsx[Foglio1!delivery_mode]: delivery_mode | relation=reused_public_data;n_rows=72,R2026.16,,1.15.0
PRJNA529124,feeding,0.0,0,0,R3,tables_unjoinable_need_key,"R3 paper.fulltext.body: ial long-term effects. 8 , 9 Breast- or formula-feeding is another factor | relation=reused_pub…",R2026.16,,1.15.0
PRJNA529124,preterm,0.0,0,0,R0,tables_unjoinable_need_key,R0 fulltext_scanned_no_mention;n_papers=8,R2026.16,,1.15.0
PRJNA529124,antibiotics,0.0,0,0,R3,tables_unjoinable_need_key,R3 paper.fulltext.body: gen-free (SPF) mice preconditioned with antibiotics (ATB-SPF mice). Consistent with GF mic | re…,R2026.16,,1.15.0
PRJNA529124,probiotic,0.0,0,0,R3,tables_unjoinable_need_key,R3 paper.fulltext.body: ly consumed and expected as a potential probiotic food. 52 Although a | relation=unsure;n_menti…,R2026.16,,1.15.0
PRJNA810575,age,0.0,0,0,R2,tables_unjoinable_need_key,R2 paper.supp.40168_2022_1398_MOESM1_ESM.xlsx[Supplementary Table 1!Maternal age (years)]: Maternal age (years) | relat…,R2026.16,,1.15.0
PRJNA810575,delivery,0.0,0,0,R2,tables_unjoinable_need_key,R2 paper.supp.40168_2022_1398_MOESM1_ESM.xlsx[Supplementary Table 1!Delivery mode]: Delivery mode | relation=own_data;n…,R2026.16,,1.15.0
PRJNA810575,feeding,0.0,0,0,R3,tables_unjoinable_need_key,"R3 paper.fulltext.body: ormally present in the gut, vagina, and breast milk, research outputs produced | relation=own_d…",R2026.16,,1.15.0
PRJNA810575,preterm,0.0,0,0,R3,tables_unjoinable_need_key,"R3 paper.fulltext.body: tary Table 1 ). Exclusion criteria were preterm, any formula feeding, drug | relation=own_data;…",R2026.16,,1.15.0
PRJNA810575,antibiotics,0.0,0,0,R3,tables_unjoinable_need_key,"R3 paper.fulltext.body: mode of delivery, type of feeding, and antibiotic usage, could also affect | relation=own_data;…",R2026.16,,1.15.0
PRJNA810575,probiotic,0.0,0,0,R3,tables_unjoinable_need_key,R3 paper.fulltext.body: this study was to provide guidance for probiotic intervention in the programming | relation=own…,R2026.16,,1.15.0
PRJEB52295,age,0.0,0,0,R2,tables_unjoinable_need_key,R2 paper.supp.KGMI_A_2290661_SM2982.xlsx[Supplementary Table 1!Supplementary Table 1 | Association between maternal and…,R2026.16,,1.15.0
PRJEB52295,delivery,0.0,0,0,R3,tables_unjoinable_need_key,R3 paper.fulltext.body: t influence host cell physiology. 20–23 Mode of delivery and nutrition in | relation=own_data;n…,R2026.16,,1.15.0
PRJEB52295,feeding,0.0,0,0,R3,tables_unjoinable_need_key,"R3 paper.fulltext.body: ic status, decreased rates of exclusive breastfeeding and with heightened risk for | relation=o…",R2026.16,,1.15.0
PRJEB52295,preterm,0.0,0,0,R3,tables_unjoinable_need_key,"R3 paper.fulltext.body: ehold smoke exposure, mode of delivery, gestational age at delivery, birthweight z-score, | rel…",R2026.16,,1.15.0
PRJEB52295,antibiotics,0.0,0,0,R3,tables_unjoinable_need_key,"R3 paper.fulltext.body: irst measure during pregnancy, prenatal antibiotic use, prenatal antifungal use, mode of | rela…",R2026.16,,1.15.0
PRJEB52295,probiotic,0.0,0,0,R2,tables_unjoinable_need_key,R2 paper.supp.KGMI_A_2290661_SM2982.xlsx[Supplementary Table 1!Supplementary Table 1 | Association between maternal and…,R2026.16,,1.15.0
PRJNA833139,age,0.0,0,0,R2,tables_unjoinable_need_key,R2 paper.supp.41522_2025_868_MOESM2_ESM.xlsx[Data S1!Age group]: Age group | relation=reused_public_data;n_rows=5288,R2026.16,,1.15.0
PRJNA833139,delivery,0.744186,32,0,R2,complete,R2 paper.supp.41522_2025_868_MOESM2_ESM.xlsx[Data S1!Delivery Mode]: Delivery Mode | relation=reused_public_data;n_rows…,R2026.16,,1.15.0
PRJNA833139,feeding,0.744186,32,0,R2,complete,R2 paper.supp.41522_2025_868_MOESM2_ESM.xlsx[Data S1!Feeding type]: Feeding type | relation=reused_public_data;n_rows=5…,R2026.16,,1.15.0
PRJNA833139,preterm,0.0,0,0,R3,tables_unjoinable_need_key,R3 paper.fulltext.body: e of delivery (vaginal or cesarean) and gestational age at birth (term | relation=reused_public…,R2026.16,,1.15.0
PRJNA833139,antibiotics,0.0,0,0,R3,tables_unjoinable_need_key,"R3 paper.fulltext.body: rst year of life. These factors include antibiotic usage, feeding practices (breastfeeding | re…",R2026.16,,1.15.0
PRJNA833139,probiotic,0.0,0,0,R3,tables_unjoinable_need_key,R3 paper.fulltext.body: om those who had received antibiotic or probiotic treatment at the time | relation=reused_publi…,R2026.16,,1.15.0
PRJEB22032,age,0.0,0,0,R0,no_linked_paper,R0 no_linked_paper;no_attribute,R2026.16,,1.15.0
PRJEB22032,delivery,0.0,0,0,R0,no_linked_paper,R0 no_linked_paper;no_attribute,R2026.16,,1.15.0
PRJEB22032,feeding,0.0,0,0,R0,no_linked_paper,R0 no_linked_paper;no_attribute,R2026.16,,1.15.0
PRJEB22032,preterm,0.0,0,0,R0,no_linked_paper,R0 no_linked_paper;no_attribute,R2026.16,,1.15.0
PRJEB22032,antibiotics,0.0,0,0,R0,no_linked_paper,R0 no_linked_paper;no_attribute,R2026.16,,1.15.0
PRJEB22032,probiotic,0.0,0,0,R0,no_linked_paper,R0 no_linked_paper;no_attribute,R2026.16,,1.15.0
PRJNA629353,age,0.0,0,0,R0,archive_only_uncertain,R0 not assessed by recoverability track,R2026.16,,1.15.0
PRJNA629353,delivery,0.0,0,0,R0,archive_only_uncertain,R0 not assessed by recoverability track,R2026.16,,1.15.0
PRJNA629353,feeding,0.0,0,0,R0,archive_only_uncertain,R0 not assessed by recoverability track,R2026.16,,1.15.0
PRJNA629353,preterm,0.0,0,0,R0,archive_only_uncertain,R0 not assessed by recoverability track,R2026.16,,1.15.0
PRJNA629353,antibiotics,0.0,0,0,R0,archive_only_uncertain,R0 not assessed by recoverability track,R2026.16,,1.15.0
PRJNA629353,probiotic,0.0,0,0,R0,archive_only_uncertain,R0 not assessed by recoverability track,R2026.16,,1.15.0
PRJNA525458,age,0.0,0,0,R0,archive_only_uncertain,R0 no_linked_paper;no_attribute,R2026.16,,1.15.0
PRJNA525458,delivery,0.0,0,0,R0,archive_only_uncertain,R0 no_linked_paper;no_attribute,R2026.16,,1.15.0
PRJNA525458,feeding,0.0,0,0,R0,archive_only_uncertain,R0 no_linked_paper;no_attribute,R2026.16,,1.15.0
PRJNA525458,preterm,0.0,0,0,R0,archive_only_uncertain,R0 no_linked_paper;no_attribute,R2026.16,,1.15.0
PRJNA525458,antibiotics,0.0,0,0,R1,archive_only_uncertain,R1 sample.attr.sample_title: Fecal transplant in children with Clostridioides difficile r | hit_frac=1.00;attr_col=samp…,R2026.16,,1.15.0
PRJNA525458,probiotic,0.0,0,0,R0,archive_only_uncertain,R0 no_linked_paper;no_attribute,R2026.16,,1.15.0
PRJNA726032,age,0.0,0,0,R3,partial_coverage,R3 paper.fulltext.body: Background The first 1000 days of life is recognized as an important | relation=own_data;n_ment…,R2026.16,,1.15.0
PRJNA726032,delivery,0.0,0,0,R3,partial_coverage,"R3 paper.fulltext.body: l or postnatal exposure to antibiotics, C-section birth and immune and metabolic | relation=own…",R2026.16,,1.15.0
PRJNA726032,feeding,1.0,40,0,R3,complete,R3 paper.fulltext.body: to their allocated group in addition to breastfeeding. The group of vaginally | relation=own_da…,R2026.16,,1.15.0
PRJNA726032,preterm,0.0,0,0,R3,partial_coverage,R3 paper.fulltext.body: cterium supplemented in breast milk fed preterm infants was associated with higher | relation=o…,R2026.16,,1.15.0
PRJNA726032,antibiotics,0.0,0,0,R3,partial_coverage,"R3 paper.fulltext.body: tween prenatal or postnatal exposure to antibiotics, C-section birth and immune and | relation=…",R2026.16,,1.15.0
PRJNA726032,probiotic,0.75,30,0,R3,complete,"R3 paper.fulltext.body: colleagues demonstrated that a specific synbiotic, a combination of short-chain galacto-o | rel…",R2026.16,,1.15.0
PRJNA730640,age,0.0,0,0,R2,tables_unjoinable_need_key,R2 paper.supp.msystems.00929-24-s0003.xlsx[Table S1!Age (years)]: Age (years) | relation=reused_public_data;n_rows=8076,R2026.16,,1.15.0
PRJNA730640,delivery,0.0,0,0,R3,tables_unjoinable_need_key,"R3 paper.fulltext.body: arious circumstantial variables such as delivery mode (natural or C-section), type of | relatio…",R2026.16,,1.15.0
PRJNA730640,feeding,0.0,0,0,R3,tables_unjoinable_need_key,R3 paper.fulltext.body: ays for folate in the gut microbiota of breastfed infants compared with | relation=reused_publi…,R2026.16,,1.15.0
PRJNA730640,preterm,0.0,0,0,R3,tables_unjoinable_need_key,"R3 paper.fulltext.body: stfeeding or infant formula) ( 3 – 5 ), gestational age, health | relation=reused_public_data;n…",R2026.16,,1.15.0
PRJNA730640,antibiotics,0.0,0,0,R3,tables_unjoinable_need_key,"R3 paper.fulltext.body: e progression or complications, such as antibiotics, probiotics, prebiotics, and symbiotic | re…",R2026.16,,1.15.0
PRJNA730640,probiotic,0.0,0,0,R3,tables_unjoinable_need_key,"R3 paper.fulltext.body: or complications, such as antibiotics, probiotics, prebiotics, and symbiotics. Concernin | rela…",R2026.16,,1.15.0
PRJNA932130,age,0.0,0,0,R0,archive_only_uncertain,R0 no_linked_paper;no_attribute,R2026.16,,1.15.0
PRJNA932130,delivery,0.0,0,0,R0,archive_only_uncertain,R0 no_linked_paper;no_attribute,R2026.16,,1.15.0
PRJNA932130,feeding,0.0,0,0,R0,archive_only_uncertain,R0 no_linked_paper;no_attribute,R2026.16,,1.15.0
PRJNA932130,preterm,0.0,0,0,R0,archive_only_uncertain,R0 no_linked_paper;no_attribute,R2026.16,,1.15.0
PRJNA932130,antibiotics,0.0,0,0,R0,archive_only_uncertain,R0 no_linked_paper;no_attribute,R2026.16,,1.15.0
PRJNA932130,probiotic,0.0,0,0,R0,archive_only_uncertain,R0 no_linked_paper;no_attribute,R2026.16,,1.15.0
PRJEB81735,age,0.0,0,0,R0,archive_only_uncertain,R0 no_linked_paper;no_attribute,R2026.16,,1.15.0
PRJEB81735,delivery,0.0,0,0,R0,archive_only_uncertain,R0 no_linked_paper;no_attribute,R2026.16,,1.15.0
PRJEB81735,feeding,0.0,0,0,R0,archive_only_uncertain,R0 no_linked_paper;no_attribute,R2026.16,,1.15.0
PRJEB81735,preterm,0.0,0,0,R0,archive_only_uncertain,R0 no_linked_paper;no_attribute,R2026.16,,1.15.0
PRJEB81735,antibiotics,0.0,0,0,R0,archive_only_uncertain,R0 no_linked_paper;no_attribute,R2026.16,,1.15.0
PRJEB81735,probiotic,0.0,0,0,R0,archive_only_uncertain,R0 no_linked_paper;no_attribute,R2026.16,,1.15.0
PRJNA1233922,age,0.0,0,0,R0,no_linked_paper,R0 no_linked_paper;no_attribute,R2026.16,,1.15.0
PRJNA1233922,delivery,0.0,0,0,R0,no_linked_paper,R0 no_linked_paper;no_attribute,R2026.16,,1.15.0
PRJNA1233922,feeding,0.0,0,0,R0,no_linked_paper,R0 no_linked_paper;no_attribute,R2026.16,,1.15.0
PRJNA1233922,preterm,0.0,0,0,R0,no_linked_paper,R0 no_linked_paper;no_attribute,R2026.16,,1.15.0
PRJNA1233922,antibiotics,0.0,0,0,R0,no_linked_paper,R0 no_linked_paper;no_attribute,R2026.16,,1.15.0
PRJNA1233922,probiotic,0.0,0,0,R0,no_linked_paper,R0 no_linked_paper;no_attribute,R2026.16,,1.15.0
PRJDB4525,age,0.0,0,0,R2,tables_unjoinable_need_key,R2 paper.supp.41522_2025_868_MOESM2_ESM.xlsx[Data S1!Age group]: Age group | relation=reused_public_data;n_rows=5288,R2026.16,,1.15.0
PRJDB4525,delivery,0.0,0,0,R2,tables_unjoinable_need_key,R2 paper.supp.41522_2025_868_MOESM2_ESM.xlsx[Data S1!Delivery Mode]: Delivery Mode | relation=reused_public_data;n_rows…,R2026.16,,1.15.0
PRJDB4525,feeding,0.0,0,0,R2,tables_unjoinable_need_key,R2 paper.supp.41522_2025_868_MOESM2_ESM.xlsx[Data S1!Feeding type]: Feeding type | relation=reused_public_data;n_rows=5…,R2026.16,,1.15.0
PRJDB4525,preterm,0.0,0,0,R3,tables_unjoinable_need_key,R3 paper.fulltext.body: e of delivery (vaginal or cesarean) and gestational age at birth (term | relation=reused_public…,R2026.16,,1.15.0
PRJDB4525,antibiotics,0.0,0,0,R3,tables_unjoinable_need_key,"R3 paper.fulltext.body: rst year of life. These factors include antibiotic usage, feeding practices (breastfeeding | re…",R2026.16,,1.15.0
PRJDB4525,probiotic,0.0,0,0,R3,tables_unjoinable_need_key,R3 paper.fulltext.body: om those who had received antibiotic or probiotic treatment at the time | relation=reused_publi…,R2026.16,,1.15.0
PRJEB82926,age,0.0,0,0,R3,pdf_only_supplement,"R3 paper.fulltext.body: ontaining their infants’ faecal samples at birth, 2 weeks, 6 weeks, 12 | relation=own_data;n_me…",R2026.16,,1.15.0
PRJEB82926,delivery,0.0,0,0,R3,pdf_only_supplement,"R3 paper.fulltext.body: celerated [ 9 , 12 ]. Practices such as caesarean delivery, feeding | relation=own_data;n_menti…",R2026.16,,1.15.0
PRJEB82926,feeding,0.0,0,0,R3,pdf_only_supplement,"R3 paper.fulltext.body: e human milk oligosaccharides (HMOs) in breastmilk [ 5 , 11 ], | relation=own_data;n_mentions=12",R2026.16,,1.15.0
PRJEB82926,preterm,0.0,0,0,R3,pdf_only_supplement,R3 paper.fulltext.body: n 41.3% 35.2% Female 45.7% 42.6% Median birth weight in kg (IQR) | relation=own_data;n_mentions…,R2026.16,,1.15.0
PRJEB82926,antibiotics,0.0,0,0,R3,pdf_only_supplement,"R3 paper.fulltext.body: n delivery, feeding infant formula, and antibiotic exposure may disrupt this “typical” | relati…",R2026.16,,1.15.0
PRJEB82926,probiotic,0.0,0,0,R2,pdf_only_supplement,R2 paper.supp.microorganisms-13-00984-s001.zip::Supplementary material - Review Update.pdf[page9_t1!Probiotic samples/…,R2026.16,,1.15.0
PRJNA1472032,age,0.0,0,0,R0,no_linked_paper,R0 no_linked_paper;no_attribute,R2026.16,,1.15.0
PRJNA1472032,delivery,0.0,0,0,R0,no_linked_paper,R0 no_linked_paper;no_attribute,R2026.16,,1.15.0
PRJNA1472032,feeding,0.0,0,0,R0,no_linked_paper,R0 no_linked_paper;no_attribute,R2026.16,,1.15.0
PRJNA1472032,preterm,0.0,0,0,R0,no_linked_paper,R0 no_linked_paper;no_attribute,R2026.16,,1.15.0
PRJNA1472032,antibiotics,0.0,0,0,R0,no_linked_paper,R0 no_linked_paper;no_attribute,R2026.16,,1.15.0
PRJNA1472032,probiotic,0.0,0,0,R0,no_linked_paper,R0 no_linked_paper;no_attribute,R2026.16,,1.15.0
PRJNA1104804,age,0.0,0,0,R0,archive_only_uncertain,R0 no_linked_paper;no_attribute,R2026.16,,1.15.0
PRJNA1104804,delivery,0.0,0,0,R0,archive_only_uncertain,R0 no_linked_paper;no_attribute,R2026.16,,1.15.0
PRJNA1104804,feeding,0.0,0,0,R0,archive_only_uncertain,R0 no_linked_paper;no_attribute,R2026.16,,1.15.0
PRJNA1104804,preterm,0.0,0,0,R0,archive_only_uncertain,R0 no_linked_paper;no_attribute,R2026.16,,1.15.0
PRJNA1104804,antibiotics,0.0,0,0,R0,archive_only_uncertain,R0 no_linked_paper;no_attribute,R2026.16,,1.15.0
PRJNA1104804,probiotic,0.0,0,0,R0,archive_only_uncertain,R0 no_linked_paper;no_attribute,R2026.16,,1.15.0
PRJNA1198101,age,0.0,0,0,R3,no_supplement_found,"R3 paper.fulltext.body: er sources 10 , starting from the first day of life 11 | relation=own_data;n_mentions=58",R2026.16,,1.15.0
PRJNA1198101,delivery,0.0,0,0,R3,no_supplement_found,"R3 paper.fulltext.body: Fig. 1A ). The majority of infants were vaginally born (75%), exclusively | relation=own_data;n…",R2026.16,,1.15.0
PRJNA1198101,feeding,0.0,0,0,R1,no_supplement_found,R1 sample.attr.sample_title: Metagenome or environmental sample from human milk metagenom | hit_frac=1.00;attr_col=samp…,R2026.16,,1.15.0
PRJNA1198101,preterm,0.0,0,0,R3,no_supplement_found,"R3 paper.fulltext.body: abetic and non-smokers, and delivered a full-term infant. No case of breast | relation=own_data…",R2026.16,,1.15.0
PRJNA1198101,antibiotics,0.0,0,0,R3,no_supplement_found,"R3 paper.fulltext.body: vely breastfed at six months (76%), and antibiotics naive (67% had not | relation=own_data;n_me…",R2026.16,,1.15.0
PRJNA1198101,probiotic,0.0,0,0,R0,no_supplement_found,R0 fulltext_scanned_no_mention;n_papers=1,R2026.16,,1.15.0
PRJNA1241499,age,1.0,30,0,R0,complete,R0 no_linked_paper;no_attribute,R2026.16,,1.15.0
PRJNA1241499,delivery,0.0,0,0,R0,no_linked_paper,R0 no_linked_paper;no_attribute,R2026.16,,1.15.0
PRJNA1241499,feeding,0.0,0,0,R0,no_linked_paper,R0 no_linked_paper;no_attribute,R2026.16,,1.15.0
PRJNA1241499,preterm,0.0,0,0,R0,no_linked_paper,R0 no_linked_paper;no_attribute,R2026.16,,1.15.0
PRJNA1241499,antibiotics,0.0,0,0,R0,no_linked_paper,R0 no_linked_paper;no_attribute,R2026.16,,1.15.0
PRJNA1241499,probiotic,0.0,0,0,R0,no_linked_paper,R0 no_linked_paper;no_attribute,R2026.16,,1.15.0
PRJNA1406796,age,0.0,0,0,R0,no_linked_paper,R0 no_linked_paper;no_attribute,R2026.16,,1.15.0
PRJNA1406796,delivery,0.0,0,0,R0,no_linked_paper,R0 no_linked_paper;no_attribute,R2026.16,,1.15.0
PRJNA1406796,feeding,0.0,0,0,R0,no_linked_paper,R0 no_linked_paper;no_attribute,R2026.16,,1.15.0
PRJNA1406796,preterm,0.0,0,0,R0,no_linked_paper,R0 no_linked_paper;no_attribute,R2026.16,,1.15.0
PRJNA1406796,antibiotics,0.0,0,0,R0,no_linked_paper,R0 no_linked_paper;no_attribute,R2026.16,,1.15.0
PRJNA1406796,probiotic,0.0,0,0,R0,no_linked_paper,R0 no_linked_paper;no_attribute,R2026.16,,1.15.0
PRJEB21259,age,0.0,0,0,R0,no_supplement_found,R0 fulltext_scanned_no_mention;n_papers=2,R2026.16,,1.15.0
PRJEB21259,delivery,0.0,0,0,R0,no_supplement_found,R0 fulltext_scanned_no_mention;n_papers=2,R2026.16,,1.15.0
PRJEB21259,feeding,0.0,0,0,R0,no_supplement_found,R0 fulltext_scanned_no_mention;n_papers=2,R2026.16,,1.15.0
PRJEB21259,preterm,0.0,0,0,R0,no_supplement_found,R0 fulltext_scanned_no_mention;n_papers=2,R2026.16,,1.15.0
PRJEB21259,antibiotics,0.0,0,0,R3,no_supplement_found,R3 paper.fulltext.body: he day of admission ( n =15; before any antibiotic treatment) or | relation=own_data;n_mentions…,R2026.16,,1.15.0
PRJEB21259,probiotic,0.0,0,0,R0,no_supplement_found,R0 fulltext_scanned_no_mention;n_papers=2,R2026.16,,1.15.0
PRJNA363003,age,0.0,0,0,R0,no_linked_paper,R0 no_linked_paper;no_attribute,R2026.16,,1.15.0
PRJNA363003,delivery,0.0,0,0,R0,no_linked_paper,R0 no_linked_paper;no_attribute,R2026.16,,1.15.0
PRJNA363003,feeding,0.0,0,0,R0,no_linked_paper,R0 no_linked_paper;no_attribute,R2026.16,,1.15.0
PRJNA363003,preterm,0.0,0,0,R0,no_linked_paper,R0 no_linked_paper;no_attribute,R2026.16,,1.15.0
PRJNA363003,antibiotics,0.0,0,0,R0,no_linked_paper,R0 no_linked_paper;no_attribute,R2026.16,,1.15.0
PRJNA363003,probiotic,0.0,0,0,R0,no_linked_paper,R0 no_linked_paper;no_attribute,R2026.16,,1.15.0
PRJNA394687,age,0.0,0,0,R0,no_linked_paper,R0 no_linked_paper;no_attribute,R2026.16,,1.15.0
PRJNA394687,delivery,0.0,0,0,R0,no_linked_paper,R0 no_linked_paper;no_attribute,R2026.16,,1.15.0
PRJNA394687,feeding,0.0,0,0,R0,no_linked_paper,R0 no_linked_paper;no_attribute,R2026.16,,1.15.0
PRJNA394687,preterm,0.0,0,0,R0,no_linked_paper,R0 no_linked_paper;no_attribute,R2026.16,,1.15.0
PRJNA394687,antibiotics,0.0,0,0,R0,no_linked_paper,R0 no_linked_paper;no_attribute,R2026.16,,1.15.0
PRJNA394687,probiotic,0.0,0,0,R0,no_linked_paper,R0 no_linked_paper;no_attribute,R2026.16,,1.15.0
PRJNA772730,age,0.0,0,0,R3,partial_coverage,"R3 paper.fulltext.body: term infants (<33 weeks gestational age at birth or <1,500 g birth | relation=own_data;n_mentio…",R2026.16,,1.15.0
PRJNA772730,delivery,0.0,0,0,R3,partial_coverage,"R3 paper.fulltext.body: eveloped, and more likely to be born by caesarean section, disrupting the | relation=own_data;n…",R2026.16,,1.15.0
PRJNA772730,feeding,0.0,0,0,R3,partial_coverage,R3 paper.fulltext.body: ed to utilize the full array of HMOs in breast milk ( | relation=own_data;n_mentions=7,R2026.16,,1.15.0
PRJNA772730,preterm,0.0,0,0,R3,partial_coverage,"R3 paper.fulltext.body: hogen invasion and expansion ( 4 , 5 ). Gestational age is | relation=own_data;n_mentions=60",R2026.16,,1.15.0
PRJNA772730,antibiotics,0.0,0,0,R3,partial_coverage,R3 paper.fulltext.body: of EVC001 continued during oral and IV antibiotic courses. Data Collection Any | relation=own_d…,R2026.16,,1.15.0
PRJNA772730,probiotic,1.0,25,0,R3,complete,R3 paper.fulltext.body: nutrient utilization in the gut by the probiotic bacteria. Materials and Methods | relation=own…,R2026.16,,1.15.0
PRJEB7331,age,0.0,0,0,R0,archive_only_uncertain,R0 not assessed by recoverability track,R2026.16,,1.15.0
PRJEB7331,delivery,0.0,0,0,R0,archive_only_uncertain,R0 not assessed by recoverability track,R2026.16,,1.15.0
PRJEB7331,feeding,0.0,0,0,R0,archive_only_uncertain,R0 not assessed by recoverability track,R2026.16,,1.15.0
PRJEB7331,preterm,0.0,0,0,R0,archive_only_uncertain,R0 not assessed by recoverability track,R2026.16,,1.15.0
PRJEB7331,antibiotics,0.0,0,0,R0,archive_only_uncertain,R0 not assessed by recoverability track,R2026.16,,1.15.0
PRJEB7331,probiotic,0.0,0,0,R0,archive_only_uncertain,R0 not assessed by recoverability track,R2026.16,,1.15.0
PRJNA482729,age,0.0,0,0,R3,no_supplement_found,"R3 paper.fulltext.body: ulture was collected at three different time points, that is, 6, 12, | relation=reused_public_d…",R2026.16,,1.15.0
PRJNA482729,delivery,0.0,0,0,R3,no_supplement_found,"R3 paper.fulltext.body: y, no exclusion criteria based on diet, mode of delivery or geographical | relation=reused_publ…",R2026.16,,1.15.0
PRJNA482729,feeding,0.0,0,0,R3,no_supplement_found,"R3 paper.fulltext.body: ng at high abundance at least until the weaning phase, while certain | relation=reused_public_d…",R2026.16,,1.15.0
PRJNA482729,preterm,0.0,0,0,R0,no_supplement_found,R0 fulltext_scanned_no_mention;n_papers=1,R2026.16,,1.15.0
PRJNA482729,antibiotics,0.0,0,0,R3,no_supplement_found,"R3 paper.fulltext.body: hy infant who had not been treated with antibiotics, prebiotics, or probiotics | relation=reuse…",R2026.16,,1.15.0
PRJNA482729,probiotic,0.0,0,0,R3,no_supplement_found,"R3 paper.fulltext.body: of life and not having undergone drug, probiotic and/or prebiotic treatments were | relation=re…",R2026.16,,1.15.0
PRJDB38518,age,0.0,0,0,R0,archive_only_uncertain,R0 no_linked_paper;no_attribute,R2026.16,,1.15.0
PRJDB38518,delivery,0.0,0,0,R0,archive_only_uncertain,R0 no_linked_paper;no_attribute,R2026.16,,1.15.0
PRJDB38518,feeding,0.0,0,0,R0,archive_only_uncertain,R0 no_linked_paper;no_attribute,R2026.16,,1.15.0
PRJDB38518,preterm,0.0,0,0,R0,archive_only_uncertain,R0 no_linked_paper;no_attribute,R2026.16,,1.15.0
PRJDB38518,antibiotics,0.0,0,0,R0,archive_only_uncertain,R0 no_linked_paper;no_attribute,R2026.16,,1.15.0
PRJDB38518,probiotic,0.0,0,0,R0,archive_only_uncertain,R0 no_linked_paper;no_attribute,R2026.16,,1.15.0
PRJEB25672,age,0.0,0,0,R0,archive_only_uncertain,R0 no_linked_paper;no_attribute,R2026.16,,1.15.0
PRJEB25672,delivery,0.0,0,0,R0,archive_only_uncertain,R0 no_linked_paper;no_attribute,R2026.16,,1.15.0
PRJEB25672,feeding,0.0,0,0,R0,archive_only_uncertain,R0 no_linked_paper;no_attribute,R2026.16,,1.15.0
PRJEB25672,preterm,0.0,0,0,R0,archive_only_uncertain,R0 no_linked_paper;no_attribute,R2026.16,,1.15.0
PRJEB25672,antibiotics,0.0,0,0,R0,archive_only_uncertain,R0 no_linked_paper;no_attribute,R2026.16,,1.15.0
PRJEB25672,probiotic,0.0,0,0,R0,archive_only_uncertain,R0 no_linked_paper;no_attribute,R2026.16,,1.15.0
PRJEB59728,age,0.0,0,0,R3,no_supplement_found,R3 paper.fulltext.body: nvenience samples rather than specified timepoints was a limitation in this study. | relation=o…,R2026.16,,1.15.0
PRJEB59728,delivery,0.0,0,0,R0,no_supplement_found,R0 fulltext_scanned_no_mention;n_papers=1,R2026.16,,1.15.0
PRJEB59728,feeding,0.0,0,0,R0,no_supplement_found,R0 fulltext_scanned_no_mention;n_papers=1,R2026.16,,1.15.0
PRJEB59728,preterm,0.0,0,0,R0,no_supplement_found,R0 fulltext_scanned_no_mention;n_papers=1,R2026.16,,1.15.0
PRJEB59728,antibiotics,0.0,0,0,R2,no_supplement_found,R2 paper.supp.DataSheet_1.docx[table6!Antibiotic class]: Antibiotic class | relation=own_data;n_rows=264,R2026.16,,1.15.0
PRJEB59728,probiotic,0.0,0,0,R3,no_supplement_found,R3 paper.fulltext.body: lso look at the impact of administering probiotics and different nutrition strategies | relatio…,R2026.16,,1.15.0
PRJNA835321,age,0.0,0,0,R0,no_linked_paper,R0 no_linked_paper;no_attribute,R2026.16,,1.15.0
PRJNA835321,delivery,0.0,0,0,R0,no_linked_paper,R0 no_linked_paper;no_attribute,R2026.16,,1.15.0
PRJNA835321,feeding,0.0,0,0,R3,no_linked_paper,R3 sample.attr.sample_title: Pooled Breastmilk metagenome of mothers who had not administ | partial_attr hit_frac=0.09,R2026.16,,1.15.0
PRJNA835321,preterm,0.0,0,0,R0,no_linked_paper,R0 no_linked_paper;no_attribute,R2026.16,,1.15.0
PRJNA835321,antibiotics,0.0,0,0,R3,no_linked_paper,R3 sample.attr.sample_title: Pooled Breastmilk metagenome of mothers who had not administ | partial_attr hit_frac=0.09,R2026.16,,1.15.0
PRJNA835321,probiotic,0.0,0,0,R0,no_linked_paper,R0 no_linked_paper;no_attribute,R2026.16,,1.15.0
PRJNA1160256,age,0.0,0,0,R1,tables_unjoinable_need_key,R1 sample.attr.library_name: Donor_20-BHA added to fecal incubation at timepoint: 24h | hit_frac=1.00;attr_col=library_…,R2026.16,,1.15.0
PRJNA1160256,delivery,0.0,0,0,R0,tables_unjoinable_need_key,R0 fulltext_scanned_no_mention;n_papers=1,R2026.16,,1.15.0
PRJNA1160256,feeding,0.0,0,0,R3,tables_unjoinable_need_key,"R3 paper.fulltext.body: logically possible. The age groups were breastfed (BF) infants, toddlers, adults (25–40), | rel…",R2026.16,,1.15.0
PRJNA1160256,preterm,0.0,0,0,R0,tables_unjoinable_need_key,R0 fulltext_scanned_no_mention;n_papers=1,R2026.16,,1.15.0
PRJNA1160256,antibiotics,0.0,0,0,R3,tables_unjoinable_need_key,R3 paper.fulltext.body: lementation of feed with SB in place of antibiotics can improve intestinal | relation=own_data;…,R2026.16,,1.15.0
PRJNA1160256,probiotic,0.0,0,0,R3,tables_unjoinable_need_key,"R3 paper.fulltext.body: ohol/day, having consumed no anti-/pre-/probiotics for at least three months before their | rel…",R2026.16,,1.15.0
PRJNA844516,age,0.0,0,0,R0,no_linked_paper,R0 no_linked_paper;no_attribute,R2026.16,,1.15.0
PRJNA844516,delivery,0.0,0,0,R0,no_linked_paper,R0 no_linked_paper;no_attribute,R2026.16,,1.15.0
PRJNA844516,feeding,0.0,0,0,R0,no_linked_paper,R0 no_linked_paper;no_attribute,R2026.16,,1.15.0
PRJNA844516,preterm,0.0,0,0,R0,no_linked_paper,R0 no_linked_paper;no_attribute,R2026.16,,1.15.0
PRJNA844516,antibiotics,0.0,0,0,R0,no_linked_paper,R0 no_linked_paper;no_attribute,R2026.16,,1.15.0
PRJNA844516,probiotic,0.0,0,0,R0,no_linked_paper,R0 no_linked_paper;no_attribute,R2026.16,,1.15.0
PRJNA1206304,age,0.0,0,0,R0,archive_only_uncertain,R0 no_linked_paper;no_attribute,R2026.16,,1.15.0
PRJNA1206304,delivery,0.0,0,0,R0,archive_only_uncertain,R0 no_linked_paper;no_attribute,R2026.16,,1.15.0
PRJNA1206304,feeding,0.0,0,0,R0,archive_only_uncertain,R0 no_linked_paper;no_attribute,R2026.16,,1.15.0
PRJNA1206304,preterm,0.0,0,0,R0,archive_only_uncertain,R0 no_linked_paper;no_attribute,R2026.16,,1.15.0
PRJNA1206304,antibiotics,0.0,0,0,R0,archive_only_uncertain,R0 no_linked_paper;no_attribute,R2026.16,,1.15.0
PRJNA1206304,probiotic,0.0,0,0,R0,archive_only_uncertain,R0 no_linked_paper;no_attribute,R2026.16,,1.15.0
PRJEB22207,age,0.0,0,0,R2,tables_unjoinable_need_key,R2 paper.supp.41564_2023_1549_MOESM2_ESM.xlsx[Supplementary Table 2!Host Age (days)]: Host Age (days) | relation=reused…,R2026.16,,1.15.0
PRJEB22207,delivery,0.0,0,0,R0,tables_unjoinable_need_key,R0 fulltext_scanned_no_mention;n_papers=2,R2026.16,,1.15.0
PRJEB22207,feeding,0.0,0,0,R0,tables_unjoinable_need_key,R0 fulltext_scanned_no_mention;n_papers=2,R2026.16,,1.15.0
PRJEB22207,preterm,0.0,0,0,R3,tables_unjoinable_need_key,R3 paper.fulltext.body: d clinical samples from healthy and ill preterm infants. These studies allowed | relation=own_d…,R2026.16,,1.15.0
PRJEB22207,antibiotics,0.470588,8,0,R3,tables_unjoinable_need_key,"R3 paper.fulltext.body: tion of functional traits, for example, antibiotic resistance genes, which are important | rela…",R2026.16,,1.15.0
PRJEB22207,probiotic,0.470588,8,0,R3,tables_unjoinable_need_key,"R3 paper.fulltext.body: R and P10V), duration of antibiotic and probiotic treatment and relevant clinical | relation=ow…",R2026.16,,1.15.0
PRJEB42045,age,0.0,0,0,R0,no_linked_paper,R0 no_linked_paper;no_attribute,R2026.16,,1.15.0
PRJEB42045,delivery,0.0,0,0,R0,no_linked_paper,R0 no_linked_paper;no_attribute,R2026.16,,1.15.0
PRJEB42045,feeding,0.0,0,0,R0,no_linked_paper,R0 no_linked_paper;no_attribute,R2026.16,,1.15.0
PRJEB42045,preterm,0.0,0,0,R0,no_linked_paper,R0 no_linked_paper;no_attribute,R2026.16,,1.15.0
PRJEB42045,antibiotics,0.0,0,0,R0,no_linked_paper,R0 no_linked_paper;no_attribute,R2026.16,,1.15.0
PRJEB42045,probiotic,0.0,0,0,R0,no_linked_paper,R0 no_linked_paper;no_attribute,R2026.16,,1.15.0
PRJNA413160,age,0.0,0,0,R2,tables_unjoinable_need_key,R2 paper.supp.41522_2023_392_MOESM1_ESM.xlsx[Supplementary Table 1!Age (days)]: Age (days) | relation=reused_public_dat…,R2026.16,,1.15.0
PRJNA413160,delivery,0.0,0,0,R2,tables_unjoinable_need_key,R2 paper.supp.41522_2023_392_MOESM1_ESM.xlsx[Supplementary Table 1!Mode of delivery]: Mode of delivery | relation=reuse…,R2026.16,,1.15.0
PRJNA413160,feeding,0.0,0,0,R3,tables_unjoinable_need_key,"R3 paper.fulltext.body: 3 , 4 . However, in the period between weaning and 3 | relation=reused_public_data;n_mentions=7",R2026.16,,1.15.0
PRJNA413160,preterm,0.0,0,0,R3,tables_unjoinable_need_key,"R3 paper.fulltext.body: rs, such as mode of delivery, diet, and gestational age 5 – | relation=reused_public_data;n_men…",R2026.16,,1.15.0
PRJNA413160,antibiotics,0.0,0,0,R2,tables_unjoinable_need_key,R2 paper.supp.41522_2023_392_MOESM1_ESM.xlsx[Supplementary Table 1!Treatment]: Treatment | relation=reused_public_data;…,R2026.16,,1.15.0
PRJNA413160,probiotic,0.0,0,0,R3,tables_unjoinable_need_key,"R3 paper.fulltext.body: , such as diet, type of birth, illness, probiotic, and antibiotic administration, | relation=re…",R2026.16,,1.15.0
PRJEB6972,age,0.0,0,0,R3,no_supplement_found,R3 paper.fulltext.body: ated in the first sample of infant 1 (2 months of age) | relation=own_data;n_mentions=8,R2026.16,,1.15.0
PRJEB6972,delivery,0.0,0,0,R3,no_supplement_found,"R3 paper.fulltext.body: content 2 . Different factors including mode of delivery, feeding habits, gestational | relatio…",R2026.16,,1.15.0
PRJEB6972,feeding,0.0,0,0,R3,no_supplement_found,"R3 paper.fulltext.body: of disease in later life 1 , 9 . After weaning the | relation=own_data;n_mentions=5",R2026.16,,1.15.0
PRJEB6972,preterm,0.0,0,0,R3,no_supplement_found,"R3 paper.fulltext.body: uding mode of delivery, feeding habits, gestational age or use of medication | relation=own_dat…",R2026.16,,1.15.0
PRJEB6972,antibiotics,0.0,0,0,R3,no_supplement_found,"R3 paper.fulltext.body: , gestational age 13 , 14 , 15 , 16 or antibiotics | relation=own_data;n_mentions=5",R2026.16,,1.15.0
PRJEB6972,probiotic,0.0,0,0,R0,no_supplement_found,R0 fulltext_scanned_no_mention;n_papers=1,R2026.16,,1.15.0
PRJNA687137,age,0.0,0,0,R0,no_linked_paper,R0 not assessed by recoverability track,R2026.16,,1.15.0
PRJNA687137,delivery,0.0,0,0,R0,no_linked_paper,R0 not assessed by recoverability track,R2026.16,,1.15.0
PRJNA687137,feeding,0.0,0,0,R0,no_linked_paper,R0 not assessed by recoverability track,R2026.16,,1.15.0
PRJNA687137,preterm,0.0,0,0,R0,no_linked_paper,R0 not assessed by recoverability track,R2026.16,,1.15.0
PRJNA687137,antibiotics,0.0,0,0,R0,no_linked_paper,R0 not assessed by recoverability track,R2026.16,,1.15.0
PRJNA687137,probiotic,0.0,0,0,R0,no_linked_paper,R0 not assessed by recoverability track,R2026.16,,1.15.0
PRJEB23207,age,0.0,0,0,R0,no_supplement_found,R0 fulltext_scanned_no_mention;n_papers=1,R2026.16,,1.15.0
PRJEB23207,delivery,0.0,0,0,R0,no_supplement_found,R0 fulltext_scanned_no_mention;n_papers=1,R2026.16,,1.15.0
PRJEB23207,feeding,0.0,0,0,R0,no_supplement_found,R0 fulltext_scanned_no_mention;n_papers=1,R2026.16,,1.15.0
PRJEB23207,preterm,0.0,0,0,R0,no_supplement_found,R0 fulltext_scanned_no_mention;n_papers=1,R2026.16,,1.15.0
PRJEB23207,antibiotics,0.0,0,0,R0,no_supplement_found,R0 fulltext_scanned_no_mention;n_papers=1,R2026.16,,1.15.0
PRJEB23207,probiotic,0.0,0,0,R3,no_supplement_found,"R3 paper.fulltext.body: inderen, 2016 ). These bacteria exert a probiotic action, stimulating the immune | relation=own…",R2026.16,,1.15.0
PRJEB41463,age,0.0,0,0,R3,archive_only_uncertain,R3 paper.fulltext.body: on of stool samples occurred at various time points during chemotherapy. The | relation=own_dat…,R2026.16,,1.15.0
PRJEB41463,delivery,0.0,0,0,R3,archive_only_uncertain,"R3 paper.fulltext.body: arious circumstantial variables such as delivery mode (natural or C-section), type of | relatio…",R2026.16,,1.15.0
PRJEB41463,feeding,0.0,0,0,R3,archive_only_uncertain,"R3 paper.fulltext.body: natural or C-section), type of feeding (breastfeeding or infant formula) ( 3 | relation=unsure;…",R2026.16,,1.15.0
PRJEB41463,preterm,0.0,0,0,R3,archive_only_uncertain,"R3 paper.fulltext.body: stfeeding or infant formula) ( 3 – 5 ), gestational age, health | relation=unsure;n_mentions=1",R2026.16,,1.15.0
PRJEB41463,antibiotics,0.0,0,0,R2,archive_only_uncertain,R2 paper.supp.DataSheet_1.docx[table6!Antibiotic class]: Antibiotic class | relation=own_data;n_rows=264,R2026.16,,1.15.0
PRJEB41463,probiotic,0.0,0,0,R3,archive_only_uncertain,R3 paper.fulltext.body: lso look at the impact of administering probiotics and different nutrition strategies | relatio…,R2026.16,,1.15.0
PRJNA837236,age,0.0,0,0,R2,tables_unjoinable_need_key,R2 paper.supp.pntd.0010815.s006.csv[!agemonths]: agemonths | relation=own_data;n_rows=44,R2026.16,,1.15.0
PRJNA837236,delivery,0.0,0,0,R0,tables_unjoinable_need_key,R0 fulltext_scanned_no_mention;n_papers=2,R2026.16,,1.15.0
PRJNA837236,feeding,0.0,0,0,R3,tables_unjoinable_need_key,"R3 paper.fulltext.body: s MK, et al. Campylobacter Abundance in Breastfed Infants and Identification of | relation=own_…",R2026.16,,1.15.0
PRJNA837236,preterm,0.0,0,0,R0,tables_unjoinable_need_key,R0 fulltext_scanned_no_mention;n_papers=2,R2026.16,,1.15.0
PRJNA837236,antibiotics,0.0,0,0,R3,tables_unjoinable_need_key,R3 paper.fulltext.body: pulations facilitate the acquisition of antibiotic resistance in the infected host through | re…,R2026.16,,1.15.0
PRJNA837236,probiotic,0.0,0,0,R0,tables_unjoinable_need_key,R0 fulltext_scanned_no_mention;n_papers=2,R2026.16,,1.15.0
PRJNA1435557,age,0.0,0,0,R0,no_linked_paper,R0 no_linked_paper;no_attribute,R2026.16,,1.15.0
PRJNA1435557,delivery,0.0,0,0,R0,no_linked_paper,R0 no_linked_paper;no_attribute,R2026.16,,1.15.0
PRJNA1435557,feeding,0.0,0,0,R0,no_linked_paper,R0 no_linked_paper;no_attribute,R2026.16,,1.15.0
PRJNA1435557,preterm,0.0,0,0,R0,no_linked_paper,R0 no_linked_paper;no_attribute,R2026.16,,1.15.0
PRJNA1435557,antibiotics,0.0,0,0,R0,no_linked_paper,R0 no_linked_paper;no_attribute,R2026.16,,1.15.0
PRJNA1435557,probiotic,0.0,0,0,R0,no_linked_paper,R0 no_linked_paper;no_attribute,R2026.16,,1.15.0
PRJNA1514298,age,0.0,0,0,R0,archive_only_uncertain,R0 no_linked_paper;no_attribute,R2026.16,,1.15.0
PRJNA1514298,delivery,0.0,0,0,R0,archive_only_uncertain,R0 no_linked_paper;no_attribute,R2026.16,,1.15.0
PRJNA1514298,feeding,0.0,0,0,R0,archive_only_uncertain,R0 no_linked_paper;no_attribute,R2026.16,,1.15.0
PRJNA1514298,preterm,0.0,0,0,R0,archive_only_uncertain,R0 no_linked_paper;no_attribute,R2026.16,,1.15.0
PRJNA1514298,antibiotics,0.0,0,0,R0,archive_only_uncertain,R0 no_linked_paper;no_attribute,R2026.16,,1.15.0
PRJNA1514298,probiotic,0.0,0,0,R0,archive_only_uncertain,R0 no_linked_paper;no_attribute,R2026.16,,1.15.0
PRJEB80456,age,0.0,0,0,R3,partial_coverage,R3 paper.fulltext.body: families carrying ARGs across sampling time points for Baby 1 (Control) and | relation=own_data…,R2026.16,,1.15.0
PRJEB80456,delivery,0.0,0,0,R3,partial_coverage,"R3 paper.fulltext.body: Bello MG, Blaser MJ. 2016. Antibiotics, birth mode, and diet shape microbiome | relation=own_da…",R2026.16,,1.15.0
PRJEB80456,feeding,0.0,0,0,R3,partial_coverage,"R3 paper.fulltext.body: kari R, Virta M. 2018. Maternal gut and breast milk microbiota affect | relation=own_data;n_men…",R2026.16,,1.15.0
PRJEB80456,preterm,0.0,0,0,R0,partial_coverage,R0 fulltext_scanned_no_mention;n_papers=1,R2026.16,,1.15.0
PRJEB80456,antibiotics,1.0,12,0,R3,complete,R3 paper.fulltext.body: OBSERVATION Antibiotics are frequently prescribed during infan | relation=own_data;n_mentions=1…,R2026.16,,1.15.0
PRJEB80456,probiotic,0.0,0,0,R0,partial_coverage,R0 fulltext_scanned_no_mention;n_papers=1,R2026.16,,1.15.0
PRJNA1166969,age,0.0,0,0,R0,no_supplement_found,R0 fulltext_scanned_no_mention;n_papers=1,R2026.16,,1.15.0
PRJNA1166969,delivery,0.0,0,0,R0,no_supplement_found,R0 fulltext_scanned_no_mention;n_papers=1,R2026.16,,1.15.0
PRJNA1166969,feeding,0.0,0,0,R2,no_supplement_found,R2 paper.supp.spectrum.01808-24-s0001.xlsx[gut!Formula]: Formula | relation=own_data;n_rows=789,R2026.16,,1.15.0
PRJNA1166969,preterm,0.0,0,0,R3,no_supplement_found,R3 paper.fulltext.body: . 2020. Patent ductus arteriosus of the preterm infant. Pediatrics 146:e20201209. doi | relatio…,R2026.16,,1.15.0
PRJNA1166969,antibiotics,0.0,0,0,R3,no_supplement_found,"R3 paper.fulltext.body: ic diseases; (ii) intake of probiotics, antibiotics, or immunosuppressants within 3 months | re…",R2026.16,,1.15.0
PRJNA1166969,probiotic,0.0,0,0,R3,no_supplement_found,R3 paper.fulltext.body: ium and Lactobacillus are recognized as probiotics that effectively reduce inflammation a | rel…,R2026.16,,1.15.0
PRJNA1206528,age,0.0,0,0,R0,archive_only_uncertain,R0 no_linked_paper;no_attribute,R2026.16,,1.15.0
PRJNA1206528,delivery,0.0,0,0,R0,archive_only_uncertain,R0 no_linked_paper;no_attribute,R2026.16,,1.15.0
PRJNA1206528,feeding,0.0,0,0,R0,archive_only_uncertain,R0 no_linked_paper;no_attribute,R2026.16,,1.15.0
PRJNA1206528,preterm,0.0,0,0,R0,archive_only_uncertain,R0 no_linked_paper;no_attribute,R2026.16,,1.15.0
PRJNA1206528,antibiotics,0.0,0,0,R0,archive_only_uncertain,R0 no_linked_paper;no_attribute,R2026.16,,1.15.0
PRJNA1206528,probiotic,0.0,0,0,R0,archive_only_uncertain,R0 no_linked_paper;no_attribute,R2026.16,,1.15.0
PRJNA922352,age,0.0,0,0,R0,archive_only_uncertain,R0 no_linked_paper;no_attribute,R2026.16,,1.15.0
PRJNA922352,delivery,0.0,0,0,R0,archive_only_uncertain,R0 no_linked_paper;no_attribute,R2026.16,,1.15.0
PRJNA922352,feeding,0.0,0,0,R0,archive_only_uncertain,R0 no_linked_paper;no_attribute,R2026.16,,1.15.0
PRJNA922352,preterm,0.0,0,0,R0,archive_only_uncertain,R0 no_linked_paper;no_attribute,R2026.16,,1.15.0
PRJNA922352,antibiotics,0.0,0,0,R0,archive_only_uncertain,R0 no_linked_paper;no_attribute,R2026.16,,1.15.0
PRJNA922352,probiotic,0.0,0,0,R0,archive_only_uncertain,R0 no_linked_paper;no_attribute,R2026.16,,1.15.0
PRJNA311208,age,0.0,0,0,R0,no_linked_paper,R0 no_linked_paper;no_attribute,R2026.16,,1.15.0
PRJNA311208,delivery,0.0,0,0,R0,no_linked_paper,R0 no_linked_paper;no_attribute,R2026.16,,1.15.0
PRJNA311208,feeding,0.0,0,0,R0,no_linked_paper,R0 no_linked_paper;no_attribute,R2026.16,,1.15.0
PRJNA311208,preterm,0.0,0,0,R0,no_linked_paper,R0 no_linked_paper;no_attribute,R2026.16,,1.15.0
PRJNA311208,antibiotics,0.0,0,0,R0,no_linked_paper,R0 no_linked_paper;no_attribute,R2026.16,,1.15.0
PRJNA311208,probiotic,0.0,0,0,R0,no_linked_paper,R0 no_linked_paper;no_attribute,R2026.16,,1.15.0
PRJNA715615,age,0.0,0,0,R2,tables_unjoinable_need_key,R2 paper.supp.EMI4-13-626-s001.xlsx[Table_S1!Age (days)]: Age (days) | relation=own_data;n_rows=1109,R2026.16,,1.15.0
PRJNA715615,delivery,0.0,0,0,R2,tables_unjoinable_need_key,R2 paper.supp.EMI4-13-626-s001.xlsx[Table_S1!mode of delivery]: mode of delivery | relation=own_data;n_rows=1109,R2026.16,,1.15.0
PRJNA715615,feeding,0.0,0,0,R3,tables_unjoinable_need_key,"R3 paper.fulltext.body: et al ., 2016 ). Feeding with breast or formula milk modulates | relation=own_data;n_mentions=8",R2026.16,,1.15.0
PRJNA715615,preterm,0.0,0,0,R2,tables_unjoinable_need_key,R2 paper.supp.EMI4-13-626-s001.xlsx[Table_S1!Birthweight]: Birthweight | relation=own_data;n_rows=1109,R2026.16,,1.15.0
PRJNA715615,antibiotics,0.0,0,0,R2,tables_unjoinable_need_key,R2 paper.supp.EMI4-13-626-s001.xlsx[Table_S1!treatment]: treatment | relation=own_data;n_rows=1109,R2026.16,,1.15.0
PRJNA715615,probiotic,0.0,0,0,R2,tables_unjoinable_need_key,R2 paper.supp.EMI4-13-626-s001.xlsx[Table_S4!Lactobacillus ruminis]: Lactobacillus ruminis | relation=own_data;n_rows=1…,R2026.16,,1.15.0
PRJNA1056831,age,0.0,0,0,R3,partial_coverage,R3 paper.fulltext.body: with the clearance of jaundice within 6 months of age in patients | relation=own_data;n_mention…,R2026.16,,1.15.0
PRJNA1056831,delivery,0.0,0,0,R3,partial_coverage,"R3 paper.fulltext.body: (%) 6 (68.4) 5 (19.2) 7 (58.3) 8 (47.1) C-section, n (%) | relation=own_data;n_mentions=2",R2026.16,,1.15.0
PRJNA1056831,feeding,0.0,0,0,R3,partial_coverage,"R3 paper.fulltext.body: n gestational age, delivery methods, or breastfeeding between patients with BA and | relation=o…",R2026.16,,1.15.0
PRJNA1056831,preterm,0.0,0,0,R3,partial_coverage,"R3 paper.fulltext.body: , n = 22). There were no differences in gestational age, delivery | relation=own_data;n_mention…",R2026.16,,1.15.0
PRJNA1056831,antibiotics,1.0,10,0,R3,complete,"R3 paper.fulltext.body: fter KPE, all patients with BA received antibiotics, including amoxicillin with sulbactam, | re…",R2026.16,,1.15.0
PRJNA1056831,probiotic,0.0,0,0,R3,partial_coverage,"R3 paper.fulltext.body: ave explored the potential benefit of a probiotic, Lactobacillus casei rhamnosus , | relation=o…",R2026.16,,1.15.0
PRJNA484151,age,0.0,0,0,R3,partial_coverage,"R3 paper.fulltext.body: iglets, RIFMP, and UIFMP, respectively) at 2 weeks of age. Fecal inoculation | relation=own_dat…",R2026.16,,1.15.0
PRJNA484151,delivery,1.0,10,0,R3,complete,R3 paper.fulltext.body: Table 1 ). One study has shown that the mode of delivery | relation=own_data;n_mentions=5,R2026.16,,1.15.0
PRJNA484151,feeding,0.0,0,0,R3,partial_coverage,"R3 paper.fulltext.body: with ultrahigh temperature pasteurized formula milk (Parmalat brand), at increasing volume | re…",R2026.16,,1.15.0
PRJNA484151,preterm,0.0,0,0,R0,partial_coverage,R0 fulltext_scanned_no_mention;n_papers=2,R2026.16,,1.15.0
PRJNA484151,antibiotics,1.0,10,0,R3,complete,R3 paper.fulltext.body: collected in the DMEM medium containing antibiotics for isolation of mononuclear cells | relati…,R2026.16,,1.15.0
PRJNA484151,probiotic,0.0,0,0,R3,partial_coverage,R3 paper.fulltext.body: sh infants might also be contributed by probiotics-enriched formula since at least | relation=o…,R2026.16,,1.15.0
PRJNA590369,age,0.0,0,0,R0,archive_only_uncertain,R0 no_linked_paper;no_attribute,R2026.16,,1.15.0
PRJNA590369,delivery,0.0,0,0,R0,archive_only_uncertain,R0 no_linked_paper;no_attribute,R2026.16,,1.15.0
PRJNA590369,feeding,0.0,0,0,R0,archive_only_uncertain,R0 no_linked_paper;no_attribute,R2026.16,,1.15.0
PRJNA590369,preterm,0.0,0,0,R0,archive_only_uncertain,R0 no_linked_paper;no_attribute,R2026.16,,1.15.0
PRJNA590369,antibiotics,0.0,0,0,R0,archive_only_uncertain,R0 no_linked_paper;no_attribute,R2026.16,,1.15.0
PRJNA590369,probiotic,0.0,0,0,R0,archive_only_uncertain,R0 no_linked_paper;no_attribute,R2026.16,,1.15.0
PRJNA869587,age,0.0,0,0,R0,no_supplement_found,R0 fulltext_scanned_no_mention;n_papers=1,R2026.16,,1.15.0
PRJNA869587,delivery,0.0,0,0,R0,no_supplement_found,R0 fulltext_scanned_no_mention;n_papers=1,R2026.16,,1.15.0
PRJNA869587,feeding,0.0,0,0,R3,no_supplement_found,"R3 paper.fulltext.body: fact that newborns only consume milk or breast milk, and are in | relation=own_data;n_mentions=1",R2026.16,,1.15.0
PRJNA869587,preterm,0.0,0,0,R0,no_supplement_found,R0 fulltext_scanned_no_mention;n_papers=1,R2026.16,,1.15.0
PRJNA869587,antibiotics,0.0,0,0,R0,no_supplement_found,R0 fulltext_scanned_no_mention;n_papers=1,R2026.16,,1.15.0
PRJNA869587,probiotic,0.0,0,0,R0,no_supplement_found,R0 fulltext_scanned_no_mention;n_papers=1,R2026.16,,1.15.0
PRJNA929356,age,0.0,0,0,R0,archive_only_uncertain,R0 no_linked_paper;no_attribute,R2026.16,,1.15.0
PRJNA929356,delivery,0.0,0,0,R0,archive_only_uncertain,R0 no_linked_paper;no_attribute,R2026.16,,1.15.0
PRJNA929356,feeding,0.0,0,0,R0,archive_only_uncertain,R0 no_linked_paper;no_attribute,R2026.16,,1.15.0
PRJNA929356,preterm,0.0,0,0,R0,archive_only_uncertain,R0 no_linked_paper;no_attribute,R2026.16,,1.15.0
PRJNA929356,antibiotics,0.0,0,0,R0,archive_only_uncertain,R0 no_linked_paper;no_attribute,R2026.16,,1.15.0
PRJNA929356,probiotic,0.0,0,0,R0,archive_only_uncertain,R0 no_linked_paper;no_attribute,R2026.16,,1.15.0
PRJEB33847,age,0.0,0,0,R3,no_linked_paper,R3 sample.attr.sample_title: 12615.stool.100059.6month | partial_attr hit_frac=0.12,R2026.16,,1.15.0
PRJEB33847,delivery,0.0,0,0,R0,no_linked_paper,R0 no_linked_paper;no_attribute,R2026.16,,1.15.0
PRJEB33847,feeding,0.0,0,0,R0,no_linked_paper,R0 no_linked_paper;no_attribute,R2026.16,,1.15.0
PRJEB33847,preterm,0.0,0,0,R0,no_linked_paper,R0 no_linked_paper;no_attribute,R2026.16,,1.15.0
PRJEB33847,antibiotics,0.0,0,0,R0,no_linked_paper,R0 no_linked_paper;no_attribute,R2026.16,,1.15.0
PRJEB33847,probiotic,0.0,0,0,R0,no_linked_paper,R0 no_linked_paper;no_attribute,R2026.16,,1.15.0
PRJEB73554,age,0.0,0,0,R0,archive_only_uncertain,R0 no_linked_paper;no_attribute,R2026.16,,1.15.0
PRJEB73554,delivery,0.0,0,0,R0,archive_only_uncertain,R0 no_linked_paper;no_attribute,R2026.16,,1.15.0
PRJEB73554,feeding,0.0,0,0,R0,archive_only_uncertain,R0 no_linked_paper;no_attribute,R2026.16,,1.15.0
PRJEB73554,preterm,0.0,0,0,R0,archive_only_uncertain,R0 no_linked_paper;no_attribute,R2026.16,,1.15.0
PRJEB73554,antibiotics,0.0,0,0,R0,archive_only_uncertain,R0 no_linked_paper;no_attribute,R2026.16,,1.15.0
PRJEB73554,probiotic,0.0,0,0,R0,archive_only_uncertain,R0 no_linked_paper;no_attribute,R2026.16,,1.15.0
PRJNA1513833,age,0.0,0,0,R0,no_linked_paper,R0 no_linked_paper;no_attribute,R2026.16,,1.15.0
PRJNA1513833,delivery,0.0,0,0,R0,no_linked_paper,R0 no_linked_paper;no_attribute,R2026.16,,1.15.0
PRJNA1513833,feeding,0.0,0,0,R0,no_linked_paper,R0 no_linked_paper;no_attribute,R2026.16,,1.15.0
PRJNA1513833,preterm,0.0,0,0,R0,no_linked_paper,R0 no_linked_paper;no_attribute,R2026.16,,1.15.0
PRJNA1513833,antibiotics,0.0,0,0,R0,no_linked_paper,R0 no_linked_paper;no_attribute,R2026.16,,1.15.0
PRJNA1513833,probiotic,0.0,0,0,R0,no_linked_paper,R0 no_linked_paper;no_attribute,R2026.16,,1.15.0
PRJNA526942,age,0.0,0,0,R0,no_supplement_found,R0 no_linked_paper;no_attribute,R2026.16,,1.15.0
PRJNA526942,delivery,0.0,0,0,R0,no_supplement_found,R0 no_linked_paper;no_attribute,R2026.16,,1.15.0
PRJNA526942,feeding,0.0,0,0,R0,no_supplement_found,R0 no_linked_paper;no_attribute,R2026.16,,1.15.0
PRJNA526942,preterm,0.0,0,0,R0,no_supplement_found,R0 no_linked_paper;no_attribute,R2026.16,,1.15.0
PRJNA526942,antibiotics,0.0,0,0,R0,no_supplement_found,R0 no_linked_paper;no_attribute,R2026.16,,1.15.0
PRJNA526942,probiotic,0.0,0,0,R0,no_supplement_found,R0 no_linked_paper;no_attribute,R2026.16,,1.15.0
PRJEB31957,age,0.0,0,0,R1,archive_only_uncertain,R1 sample.attr.sample_title: OM gut metagenome at Day 05 | hit_frac=1.00;attr_col=sample_title,R2026.16,,1.15.0
PRJEB31957,delivery,0.0,0,0,R0,archive_only_uncertain,R0 no_linked_paper;no_attribute,R2026.16,,1.15.0
PRJEB31957,feeding,0.0,0,0,R0,archive_only_uncertain,R0 no_linked_paper;no_attribute,R2026.16,,1.15.0
PRJEB31957,preterm,0.0,0,0,R0,archive_only_uncertain,R0 no_linked_paper;no_attribute,R2026.16,,1.15.0
PRJEB31957,antibiotics,0.0,0,0,R0,archive_only_uncertain,R0 no_linked_paper;no_attribute,R2026.16,,1.15.0
PRJEB31957,probiotic,0.0,0,0,R0,archive_only_uncertain,R0 no_linked_paper;no_attribute,R2026.16,,1.15.0
PRJNA380031,age,0.0,0,0,R3,partial_coverage,"R3 paper.fulltext.body: infants were collected at two different time points, i.e., 7 days and | relation=own_data;n_men…",R2026.16,,1.15.0
PRJNA380031,delivery,0.0,0,0,R3,partial_coverage,R3 paper.fulltext.body: f healthy Canadian infants: profiles by mode of delivery and infant diet | relation=own_data;n_…,R2026.16,,1.15.0
PRJNA380031,feeding,0.0,0,0,R2,partial_coverage,R2 paper.supp.40168_2017_282_MOESM1_ESM.docx[table2!Mum-Milk]: Mum-Milk | relation=own_data;n_rows=25,R2026.16,,1.15.0
PRJNA380031,preterm,0.0,0,0,R3,partial_coverage,R3 paper.fulltext.body: ression of bacterial populations in the premature infant gut. Proc Natl Acad | relation=own_dat…,R2026.16,,1.15.0
PRJNA380031,antibiotics,0.0,0,0,R3,partial_coverage,R3 paper.fulltext.body: s who were not taking any probiotics or antibiotics. All subjects were | relation=own_data;n_me…,R2026.16,,1.15.0
PRJNA380031,probiotic,0.0,0,0,R3,partial_coverage,R3 paper.fulltext.body: those subjects who were not taking any probiotics or antibiotics. All subjects | relation=own_d…,R2026.16,,1.15.0
PRJEB47794,age,0.0,0,0,R0,archive_only_uncertain,R0 no_linked_paper;no_attribute,R2026.16,,1.15.0
PRJEB47794,delivery,0.0,0,0,R0,archive_only_uncertain,R0 no_linked_paper;no_attribute,R2026.16,,1.15.0
PRJEB47794,feeding,0.0,0,0,R0,archive_only_uncertain,R0 no_linked_paper;no_attribute,R2026.16,,1.15.0
PRJEB47794,preterm,0.0,0,0,R0,archive_only_uncertain,R0 no_linked_paper;no_attribute,R2026.16,,1.15.0
PRJEB47794,antibiotics,0.0,0,0,R0,archive_only_uncertain,R0 no_linked_paper;no_attribute,R2026.16,,1.15.0
PRJEB47794,probiotic,0.0,0,0,R0,archive_only_uncertain,R0 no_linked_paper;no_attribute,R2026.16,,1.15.0
PRJNA1082298,age,0.0,0,0,R0,no_linked_paper,R0 no_linked_paper;no_attribute,R2026.16,,1.15.0
PRJNA1082298,delivery,0.0,0,0,R0,no_linked_paper,R0 no_linked_paper;no_attribute,R2026.16,,1.15.0
PRJNA1082298,feeding,0.0,0,0,R0,no_linked_paper,R0 no_linked_paper;no_attribute,R2026.16,,1.15.0
PRJNA1082298,preterm,0.0,0,0,R0,no_linked_paper,R0 no_linked_paper;no_attribute,R2026.16,,1.15.0
PRJNA1082298,antibiotics,0.0,0,0,R0,no_linked_paper,R0 no_linked_paper;no_attribute,R2026.16,,1.15.0
PRJNA1082298,probiotic,0.0,0,0,R0,no_linked_paper,R0 no_linked_paper;no_attribute,R2026.16,,1.15.0
PRJNA287207,age,0.0,0,0,R2,tables_unjoinable_need_key,R2 paper.supp.EMI4-13-626-s001.xlsx[Table_S1!Age (days)]: Age (days) | relation=reused_public_data;n_rows=1109,R2026.16,,1.15.0
PRJNA287207,delivery,0.0,0,0,R2,tables_unjoinable_need_key,R2 paper.supp.EMI4-13-626-s001.xlsx[Table_S1!mode of delivery]: mode of delivery | relation=reused_public_data;n_rows=1…,R2026.16,,1.15.0
PRJNA287207,feeding,0.0,0,0,R3,tables_unjoinable_need_key,"R3 paper.fulltext.body: term or premature), or feeding pattern (breastmilk, mix or formula); the next | relation=reused…",R2026.16,,1.15.0
PRJNA287207,preterm,0.0,0,0,R2,tables_unjoinable_need_key,R2 paper.supp.EMI4-13-626-s001.xlsx[Table_S1!Birthweight]: Birthweight | relation=reused_public_data;n_rows=1109,R2026.16,,1.15.0
PRJNA287207,antibiotics,0.0,0,0,R2,tables_unjoinable_need_key,R2 paper.supp.EMI4-13-626-s001.xlsx[Table_S1!treatment]: treatment | relation=reused_public_data;n_rows=1109,R2026.16,,1.15.0
PRJNA287207,probiotic,0.0,0,0,R2,tables_unjoinable_need_key,R2 paper.supp.EMI4-13-626-s001.xlsx[Table_S4!Lactobacillus ruminis]: Lactobacillus ruminis | relation=reused_public_dat…,R2026.16,,1.15.0
PRJNA320015,age,0.0,0,0,R2,tables_unjoinable_need_key,R2 paper.supp.41522_2023_392_MOESM1_ESM.xlsx[Supplementary Table 1!Age (days)]: Age (days) | relation=reused_public_dat…,R2026.16,,1.15.0
PRJNA320015,delivery,0.0,0,0,R2,tables_unjoinable_need_key,R2 paper.supp.41522_2023_392_MOESM1_ESM.xlsx[Supplementary Table 1!Mode of delivery]: Mode of delivery | relation=reuse…,R2026.16,,1.15.0
PRJNA320015,feeding,0.0,0,0,R3,tables_unjoinable_need_key,"R3 paper.fulltext.body: 3 , 4 . However, in the period between weaning and 3 | relation=reused_public_data;n_mentions=7",R2026.16,,1.15.0
PRJNA320015,preterm,0.0,0,0,R3,tables_unjoinable_need_key,"R3 paper.fulltext.body: rs, such as mode of delivery, diet, and gestational age 5 – | relation=reused_public_data;n_men…",R2026.16,,1.15.0
PRJNA320015,antibiotics,0.0,0,0,R2,tables_unjoinable_need_key,R2 paper.supp.41522_2023_392_MOESM1_ESM.xlsx[Supplementary Table 1!Treatment]: Treatment | relation=reused_public_data;…,R2026.16,,1.15.0
PRJNA320015,probiotic,0.0,0,0,R3,tables_unjoinable_need_key,"R3 paper.fulltext.body: , such as diet, type of birth, illness, probiotic, and antibiotic administration, | relation=re…",R2026.16,,1.15.0
PRJNA684904,age,0.0,0,0,R1,archive_only_uncertain,R1 sample.attr.isolation_source: diarrhea sample from child under the age of five | hit_frac=1.00;attr_col=isolation_so…,R2026.16,,1.15.0
PRJNA684904,delivery,0.0,0,0,R0,archive_only_uncertain,R0 fulltext_scanned_no_mention;n_papers=1,R2026.16,,1.15.0
PRJNA684904,feeding,0.0,0,0,R3,archive_only_uncertain,"R3 paper.fulltext.body: ut microbiota. In pig farming, the post-weaning period is one of the | relation=reused_public_d…",R2026.16,,1.15.0
PRJNA684904,preterm,0.0,0,0,R0,archive_only_uncertain,R0 fulltext_scanned_no_mention;n_papers=1,R2026.16,,1.15.0
PRJNA684904,antibiotics,0.0,0,0,R3,archive_only_uncertain,"R3 paper.fulltext.body: ea has traditionally been controlled by antibiotic therapy. However, the use of | relation=reus…",R2026.16,,1.15.0
PRJNA684904,probiotic,0.0,0,0,R3,archive_only_uncertain,"R3 paper.fulltext.body: ses in pigs. Increasingly, new types of probiotics are being used for | relation=reused_public_…",R2026.16,,1.15.0
PRJEB11554,age,0.0,0,0,R0,archive_only_uncertain,R0 no_linked_paper;no_attribute,R2026.16,,1.15.0
PRJEB11554,delivery,0.0,0,0,R0,archive_only_uncertain,R0 no_linked_paper;no_attribute,R2026.16,,1.15.0
PRJEB11554,feeding,0.0,0,0,R0,archive_only_uncertain,R0 no_linked_paper;no_attribute,R2026.16,,1.15.0
PRJEB11554,preterm,0.0,0,0,R0,archive_only_uncertain,R0 no_linked_paper;no_attribute,R2026.16,,1.15.0
PRJEB11554,antibiotics,0.0,0,0,R0,archive_only_uncertain,R0 no_linked_paper;no_attribute,R2026.16,,1.15.0
PRJEB11554,probiotic,0.0,0,0,R0,archive_only_uncertain,R0 no_linked_paper;no_attribute,R2026.16,,1.15.0
PRJNA1106451,age,0.0,0,0,R0,no_linked_paper,R0 no_linked_paper;no_attribute,R2026.16,,1.15.0
PRJNA1106451,delivery,0.0,0,0,R0,no_linked_paper,R0 no_linked_paper;no_attribute,R2026.16,,1.15.0
PRJNA1106451,feeding,0.0,0,0,R0,no_linked_paper,R0 no_linked_paper;no_attribute,R2026.16,,1.15.0
PRJNA1106451,preterm,0.0,0,0,R0,no_linked_paper,R0 no_linked_paper;no_attribute,R2026.16,,1.15.0
PRJNA1106451,antibiotics,0.0,0,0,R0,no_linked_paper,R0 no_linked_paper;no_attribute,R2026.16,,1.15.0
PRJNA1106451,probiotic,0.0,0,0,R0,no_linked_paper,R0 no_linked_paper;no_attribute,R2026.16,,1.15.0
PRJNA312041,age,0.0,0,0,R3,no_supplement_found,"R3 paper.fulltext.body: ed no clustering of samples in the five time points, also failed | relation=own_data;n_mentions…",R2026.16,,1.15.0
PRJNA312041,delivery,0.0,0,0,R0,no_supplement_found,R0 fulltext_scanned_no_mention;n_papers=1,R2026.16,,1.15.0
PRJNA312041,feeding,0.0,0,0,R0,no_supplement_found,R0 fulltext_scanned_no_mention;n_papers=1,R2026.16,,1.15.0
PRJNA312041,preterm,0.0,0,0,R0,no_supplement_found,R0 fulltext_scanned_no_mention;n_papers=1,R2026.16,,1.15.0
PRJNA312041,antibiotics,0.0,0,0,R3,no_supplement_found,R3 paper.fulltext.body: diseases or a history of treatment with antibiotics or anti-inflammatory agents were | relation…,R2026.16,,1.15.0
PRJNA312041,probiotic,0.0,0,0,R0,no_supplement_found,R0 fulltext_scanned_no_mention;n_papers=1,R2026.16,,1.15.0
PRJNA731529,age,0.0,0,0,R0,no_linked_paper,R0 no_linked_paper;no_attribute,R2026.16,,1.15.0
PRJNA731529,delivery,0.0,0,0,R0,no_linked_paper,R0 no_linked_paper;no_attribute,R2026.16,,1.15.0
PRJNA731529,feeding,0.0,0,0,R0,no_linked_paper,R0 no_linked_paper;no_attribute,R2026.16,,1.15.0
PRJNA731529,preterm,0.0,0,0,R0,no_linked_paper,R0 no_linked_paper;no_attribute,R2026.16,,1.15.0
PRJNA731529,antibiotics,0.0,0,0,R0,no_linked_paper,R0 no_linked_paper;no_attribute,R2026.16,,1.15.0
PRJNA731529,probiotic,0.0,0,0,R0,no_linked_paper,R0 no_linked_paper;no_attribute,R2026.16,,1.15.0
