sample_key,study_accession,body_site_class,age_scope,sample_title,n_runs,sci,libsrc
SAMD00252938,PRJDB10675,primary,age_unknown_mixed_study,gut microbiomes isolated from feces of Indian patient 1,1,human gut metagenome,GENOMIC
SAMD00252939,PRJDB10675,primary,age_unknown_mixed_study,gut microbiomes isolated from feces of Indian patient 2,1,human gut metagenome,GENOMIC
SAMD00252940,PRJDB10675,primary,age_unknown_mixed_study,gut microbiomes isolated from feces of Indian patient 3,1,human gut metagenome,GENOMIC
SAMD00252941,PRJDB10675,primary,age_unknown_mixed_study,gut microbiomes isolated from feces of Indian patient 4,1,human gut metagenome,GENOMIC
SAMD00252942,PRJDB10675,primary,age_unknown_mixed_study,gut microbiomes isolated from feces of Indian patient 5,1,human gut metagenome,GENOMIC
SAMD00252943,PRJDB10675,primary,age_unknown_mixed_study,gut microbiomes isolated from feces of Indian patient 6,1,human gut metagenome,GENOMIC
SAMD00252944,PRJDB10675,primary,age_unknown_mixed_study,gut microbiomes isolated from feces of Indian patient 7,1,human gut metagenome,GENOMIC
SAMD00252945,PRJDB10675,primary,age_unknown_mixed_study,gut microbiomes isolated from feces of Indian patient 8,1,human gut metagenome,GENOMIC
SAMD00252946,PRJDB10675,primary,age_unknown_mixed_study,gut microbiomes isolated from feces of Indian patient 9,1,human gut metagenome,GENOMIC
SAMD00252947,PRJDB10675,primary,age_unknown_mixed_study,gut microbiomes isolated from feces of Indian patient 10,1,human gut metagenome,GENOMIC
SAMD00252948,PRJDB10675,primary,age_unknown_mixed_study,gut microbiomes isolated from feces of Indian patient 11,1,human gut metagenome,GENOMIC
SAMD00252949,PRJDB10675,primary,age_unknown_mixed_study,gut microbiomes isolated from feces of Indian patient 12,1,human gut metagenome,GENOMIC
SAMD00252950,PRJDB10675,primary,age_unknown_mixed_study,gut microbiomes isolated from feces of Indian patient 13,1,human gut metagenome,GENOMIC
SAMD00252951,PRJDB10675,primary,age_unknown_mixed_study,gut microbiomes isolated from feces of Indian patient 14,1,human gut metagenome,GENOMIC
SAMD00252952,PRJDB10675,primary,age_unknown_mixed_study,gut microbiomes isolated from feces of Indian patient 15,1,human gut metagenome,GENOMIC
SAMD00252953,PRJDB10675,primary,age_unknown_mixed_study,gut microbiomes isolated from feces of Indian patient 16,1,human gut metagenome,GENOMIC
SAMD00252954,PRJDB10675,primary,age_unknown_mixed_study,gut microbiomes isolated from feces of Indian patient 17,1,human gut metagenome,GENOMIC
SAMD00252955,PRJDB10675,primary,age_unknown_mixed_study,gut microbiomes isolated from feces of Indian patient 18,1,human gut metagenome,GENOMIC
SAMD00252956,PRJDB10675,primary,age_unknown_mixed_study,gut microbiomes isolated from feces of Indian patient 19,1,human gut metagenome,GENOMIC
SAMD00252957,PRJDB10675,primary,age_unknown_mixed_study,gut microbiomes isolated from feces of Indian patient 20,1,human gut metagenome,GENOMIC
SAMD00252958,PRJDB10675,primary,age_unknown_mixed_study,gut microbiomes isolated from feces of Indian patient 21,1,human gut metagenome,GENOMIC
SAMD00252959,PRJDB10675,primary,age_unknown_mixed_study,gut microbiomes isolated from feces of Indian patient 22,1,human gut metagenome,GENOMIC
SAMD00252960,PRJDB10675,primary,age_unknown_mixed_study,gut microbiomes isolated from feces of Indian patient 23,1,human gut metagenome,GENOMIC
SAMD00252961,PRJDB10675,primary,age_unknown_mixed_study,gut microbiomes isolated from feces of Indian patient 24,1,human gut metagenome,GENOMIC
SAMD00252962,PRJDB10675,primary,age_unknown_mixed_study,gut microbiomes isolated from feces of Indian patient 25,1,human gut metagenome,GENOMIC
SAMD00252963,PRJDB10675,primary,age_unknown_mixed_study,gut microbiomes isolated from feces of Indian patient 26,1,human gut metagenome,GENOMIC
SAMD00252964,PRJDB10675,primary,age_unknown_mixed_study,gut microbiomes isolated from feces of Indian patient 27,1,human gut metagenome,GENOMIC
SAMD00252965,PRJDB10675,primary,age_unknown_mixed_study,gut microbiomes isolated from feces of Indian patient 28,1,human gut metagenome,GENOMIC
SAMD00252966,PRJDB10675,primary,age_unknown_mixed_study,gut microbiomes isolated from feces of Indian patient 29,1,human gut metagenome,GENOMIC
SAMD00252967,PRJDB10675,primary,age_unknown_mixed_study,gut microbiomes isolated from feces of Indian patient 30,1,human gut metagenome,GENOMIC
SAMD00252968,PRJDB10675,primary,age_unknown_mixed_study,gut microbiomes isolated from feces of Indian patient 31,1,human gut metagenome,GENOMIC
SAMD00252969,PRJDB10675,primary,age_unknown_mixed_study,gut microbiomes isolated from feces of Indian patient 1001,1,human gut metagenome,GENOMIC
SAMD00252970,PRJDB10675,primary,age_unknown_mixed_study,gut microbiomes isolated from feces of Indian patient 1002,1,human gut metagenome,GENOMIC
SAMD00252971,PRJDB10675,primary,age_unknown_mixed_study,gut microbiomes isolated from feces of Indian patient 1003,1,human gut metagenome,GENOMIC
SAMD00252972,PRJDB10675,primary,age_unknown_mixed_study,gut microbiomes isolated from feces of Indian patient 1004,1,human gut metagenome,GENOMIC
SAMD00252973,PRJDB10675,primary,age_unknown_mixed_study,gut microbiomes isolated from feces of Indian patient 1005,1,human gut metagenome,GENOMIC
SAMD00252974,PRJDB10675,primary,age_unknown_mixed_study,gut microbiomes isolated from feces of Indian patient 1006,1,human gut metagenome,GENOMIC
SAMD00252975,PRJDB10675,primary,age_unknown_mixed_study,gut microbiomes isolated from feces of Indian patient 1007,1,human gut metagenome,GENOMIC
SAMD00252976,PRJDB10675,primary,age_unknown_mixed_study,gut microbiomes isolated from feces of Indian patient 1008,1,human gut metagenome,GENOMIC
SAMD00252977,PRJDB10675,primary,age_unknown_mixed_study,gut microbiomes isolated from feces of Indian patient 1009,1,human gut metagenome,GENOMIC
SAMD00252978,PRJDB10675,primary,age_unknown_mixed_study,gut microbiomes isolated from feces of Indian patient 1010,1,human gut metagenome,GENOMIC
SAMD00252979,PRJDB10675,primary,age_unknown_mixed_study,gut microbiomes isolated from feces of Indian patient 1011,1,human gut metagenome,GENOMIC
SAMD00252980,PRJDB10675,primary,age_unknown_mixed_study,gut microbiomes isolated from feces of Indian patient 1012,1,human gut metagenome,GENOMIC
SAMD00252981,PRJDB10675,primary,age_unknown_mixed_study,gut microbiomes isolated from feces of Indian patient 1013,1,human gut metagenome,GENOMIC
SAMD00252982,PRJDB10675,primary,age_unknown_mixed_study,gut microbiomes isolated from feces of Indian patient 1014,1,human gut metagenome,GENOMIC
SAMD00252983,PRJDB10675,primary,age_unknown_mixed_study,gut microbiomes isolated from feces of Indian patient 1015,1,human gut metagenome,GENOMIC
SAMD00252984,PRJDB10675,primary,age_unknown_mixed_study,gut microbiomes isolated from feces of Indian patient 1016,1,human gut metagenome,GENOMIC
SAMD00252985,PRJDB10675,primary,age_unknown_mixed_study,gut microbiomes isolated from feces of Indian patient 1017,1,human gut metagenome,GENOMIC
SAMD00252986,PRJDB10675,primary,age_unknown_mixed_study,gut microbiomes isolated from feces of Indian patient 1018,1,human gut metagenome,GENOMIC
SAMD00252987,PRJDB10675,primary,age_unknown_mixed_study,gut microbiomes isolated from feces of Indian patient 1019,1,human gut metagenome,GENOMIC
SAMD00252988,PRJDB10675,primary,age_unknown_mixed_study,gut microbiomes isolated from feces of Indian patient 1020,1,human gut metagenome,GENOMIC
SAMD00252989,PRJDB10675,primary,age_unknown_mixed_study,gut microbiomes isolated from feces of Indian patient 1021,1,human gut metagenome,GENOMIC
SAMD00252990,PRJDB10675,primary,age_unknown_mixed_study,gut microbiomes isolated from feces of Indian patient 1022,1,human gut metagenome,GENOMIC
SAMEA103926772,PRJEB6921,excluded,age_unknown_no_study_estimate,PCR-Neg,1,Mus musculus,GENOMIC
SAMEA104054935,PRJEB6921,primary,age_unknown_no_study_estimate,3258STDY6863987,1,feces metagenome,GENOMIC
SAMEA104054936,PRJEB6921,primary,age_unknown_no_study_estimate,3258STDY6863991,1,gut metagenome,GENOMIC
SAMEA104060903,PRJEB6921,primary,age_unknown_no_study_estimate,3258STDY6863944,1,gut metagenome,GENOMIC
SAMEA104060904,PRJEB6921,primary,age_unknown_no_study_estimate,3258STDY6863945,1,gut metagenome,GENOMIC
SAMEA104060905,PRJEB6921,primary,age_unknown_no_study_estimate,3258STDY6863946,1,gut metagenome,GENOMIC
SAMEA104060906,PRJEB6921,primary,age_unknown_no_study_estimate,3258STDY6863947,1,gut metagenome,GENOMIC
SAMEA104060907,PRJEB6921,primary,age_unknown_no_study_estimate,3258STDY6863948,1,gut metagenome,GENOMIC
SAMEA104060908,PRJEB6921,primary,age_unknown_no_study_estimate,3258STDY6863949,1,gut metagenome,GENOMIC
SAMEA104060909,PRJEB6921,primary,age_unknown_no_study_estimate,3258STDY6863950,1,gut metagenome,GENOMIC
SAMEA104060910,PRJEB6921,primary,age_unknown_no_study_estimate,3258STDY6863951,1,gut metagenome,GENOMIC
SAMEA104060911,PRJEB6921,primary,age_unknown_no_study_estimate,3258STDY6863952,1,gut metagenome,GENOMIC
SAMEA104060912,PRJEB6921,primary,age_unknown_no_study_estimate,3258STDY6863953,1,gut metagenome,GENOMIC
SAMEA104060913,PRJEB6921,primary,age_unknown_no_study_estimate,3258STDY6863954,1,gut metagenome,GENOMIC
SAMEA104060914,PRJEB6921,primary,age_unknown_no_study_estimate,3258STDY6863955,1,gut metagenome,GENOMIC
SAMEA104060915,PRJEB6921,primary,age_unknown_no_study_estimate,3258STDY6863956,1,gut metagenome,GENOMIC
SAMEA104060916,PRJEB6921,primary,age_unknown_no_study_estimate,3258STDY6863957,1,gut metagenome,GENOMIC
SAMEA104060917,PRJEB6921,primary,age_unknown_no_study_estimate,3258STDY6863958,1,gut metagenome,GENOMIC
SAMEA104060918,PRJEB6921,primary,age_unknown_no_study_estimate,3258STDY6863959,1,gut metagenome,GENOMIC
SAMEA104060919,PRJEB6921,primary,age_unknown_no_study_estimate,3258STDY6863960,1,feces metagenome,GENOMIC
SAMEA104060920,PRJEB6921,primary,age_unknown_no_study_estimate,3258STDY6863961,1,feces metagenome,GENOMIC
SAMEA104060921,PRJEB6921,primary,age_unknown_no_study_estimate,3258STDY6863962,1,feces metagenome,GENOMIC
SAMEA104060922,PRJEB6921,primary,age_unknown_no_study_estimate,3258STDY6863963,1,feces metagenome,GENOMIC
SAMEA104060923,PRJEB6921,primary,age_unknown_no_study_estimate,3258STDY6863964,1,feces metagenome,GENOMIC
SAMEA104060924,PRJEB6921,primary,age_unknown_no_study_estimate,3258STDY6863965,1,feces metagenome,GENOMIC
SAMEA104060925,PRJEB6921,primary,age_unknown_no_study_estimate,3258STDY6863966,1,feces metagenome,GENOMIC
SAMEA104060926,PRJEB6921,primary,age_unknown_no_study_estimate,3258STDY6863967,1,feces metagenome,GENOMIC
SAMEA104060927,PRJEB6921,primary,age_unknown_no_study_estimate,3258STDY6863968,1,feces metagenome,GENOMIC
SAMEA104060928,PRJEB6921,primary,age_unknown_no_study_estimate,3258STDY6863969,1,feces metagenome,GENOMIC
SAMEA104060929,PRJEB6921,primary,age_unknown_no_study_estimate,3258STDY6863970,1,feces metagenome,GENOMIC
SAMEA104060930,PRJEB6921,primary,age_unknown_no_study_estimate,3258STDY6863971,1,feces metagenome,GENOMIC
SAMEA104060931,PRJEB6921,primary,age_unknown_no_study_estimate,3258STDY6863972,1,feces metagenome,GENOMIC
SAMEA104060932,PRJEB6921,primary,age_unknown_no_study_estimate,3258STDY6863973,1,feces metagenome,GENOMIC
SAMEA104060933,PRJEB6921,primary,age_unknown_no_study_estimate,3258STDY6863974,1,feces metagenome,GENOMIC
SAMEA104060934,PRJEB6921,primary,age_unknown_no_study_estimate,3258STDY6863975,1,feces metagenome,GENOMIC
SAMEA104060935,PRJEB6921,primary,age_unknown_no_study_estimate,3258STDY6863976,1,feces metagenome,GENOMIC
SAMEA104060936,PRJEB6921,primary,age_unknown_no_study_estimate,3258STDY6863977,1,feces metagenome,GENOMIC
SAMEA104060937,PRJEB6921,primary,age_unknown_no_study_estimate,3258STDY6863978,1,feces metagenome,GENOMIC
SAMEA104060938,PRJEB6921,primary,age_unknown_no_study_estimate,3258STDY6863979,1,feces metagenome,GENOMIC
SAMEA104060939,PRJEB6921,primary,age_unknown_no_study_estimate,3258STDY6863980,1,feces metagenome,GENOMIC
SAMEA104060940,PRJEB6921,primary,age_unknown_no_study_estimate,3258STDY6863981,1,feces metagenome,GENOMIC
SAMEA104060941,PRJEB6921,primary,age_unknown_no_study_estimate,3258STDY6863982,1,feces metagenome,GENOMIC
SAMEA104060942,PRJEB6921,primary,age_unknown_no_study_estimate,3258STDY6863983,1,feces metagenome,GENOMIC
SAMEA104060943,PRJEB6921,primary,age_unknown_no_study_estimate,3258STDY6863984,1,feces metagenome,GENOMIC
SAMEA104060944,PRJEB6921,primary,age_unknown_no_study_estimate,3258STDY6863985,1,feces metagenome,GENOMIC
SAMEA104060945,PRJEB6921,primary,age_unknown_no_study_estimate,3258STDY6863986,1,feces metagenome,GENOMIC
SAMEA104060946,PRJEB6921,primary,age_unknown_no_study_estimate,3258STDY6863988,1,gut metagenome,GENOMIC
SAMEA104060947,PRJEB6921,primary,age_unknown_no_study_estimate,3258STDY6863989,1,gut metagenome,GENOMIC
SAMEA104060948,PRJEB6921,primary,age_unknown_no_study_estimate,3258STDY6863990,1,gut metagenome,GENOMIC
SAMEA104703327,PRJEB6921,excluded,age_unknown_no_study_estimate,Mus musculus C57BL/6,1,Mus musculus,GENOMIC
SAMEA104703328,PRJEB6921,excluded,age_unknown_no_study_estimate,Mus musculus C57BL/6,1,Mus musculus,GENOMIC
SAMEA104703329,PRJEB6921,excluded,age_unknown_no_study_estimate,Mus musculus C57BL/6,1,Mus musculus,GENOMIC
SAMEA104703330,PRJEB6921,excluded,age_unknown_no_study_estimate,Mus musculus C57BL/6,1,Mus musculus,GENOMIC
SAMEA104703331,PRJEB6921,excluded,age_unknown_no_study_estimate,Mus musculus C57BL/6,1,Mus musculus,GENOMIC
SAMEA104703332,PRJEB6921,excluded,age_unknown_no_study_estimate,Mus musculus C57BL/6,1,Mus musculus,GENOMIC
SAMEA112148808,PRJEB55714,primary,age_unknown_no_study_estimate,3126D7_S1,1,human gut metagenome,GENOMIC
SAMEA112148809,PRJEB55714,primary,age_unknown_no_study_estimate,3159D7_S1,1,human gut metagenome,GENOMIC
SAMEA112148810,PRJEB55714,primary,age_unknown_no_study_estimate,3182D5_S2,1,human gut metagenome,GENOMIC
SAMEA112148811,PRJEB55714,primary,age_unknown_no_study_estimate,3189D7_S1,1,human gut metagenome,GENOMIC
SAMEA112148812,PRJEB55714,primary,age_unknown_no_study_estimate,3200D6_S3,1,human gut metagenome,GENOMIC
SAMEA112148813,PRJEB55714,primary,age_unknown_no_study_estimate,3201D7_S2,1,human gut metagenome,GENOMIC
SAMEA112148814,PRJEB55714,primary,age_unknown_no_study_estimate,3202D7_S4,1,human gut metagenome,GENOMIC
SAMEA112148815,PRJEB55714,primary,age_unknown_no_study_estimate,3222D7_S9,1,human gut metagenome,GENOMIC
SAMEA112148816,PRJEB55714,primary,age_unknown_no_study_estimate,3233D7_S1,1,human gut metagenome,GENOMIC
SAMEA112148817,PRJEB55714,primary,age_unknown_no_study_estimate,3234D7_S5,1,human gut metagenome,GENOMIC
SAMEA112148818,PRJEB55714,primary,age_unknown_no_study_estimate,3235D7_S6,1,human gut metagenome,GENOMIC
SAMEA112148819,PRJEB55714,primary,age_unknown_no_study_estimate,3242D7_S7,1,human gut metagenome,GENOMIC
SAMEA112148820,PRJEB55714,primary,age_unknown_no_study_estimate,3246D6_S17,1,human gut metagenome,GENOMIC
SAMEA112148821,PRJEB55714,primary,age_unknown_no_study_estimate,3249D6_S3,1,human gut metagenome,GENOMIC
SAMEA112148822,PRJEB55714,primary,age_unknown_no_study_estimate,3254D6_S8,1,human gut metagenome,GENOMIC
SAMEA112148823,PRJEB55714,primary,age_unknown_no_study_estimate,3255D7_S9,1,human gut metagenome,GENOMIC
SAMEA112148824,PRJEB55714,primary,age_unknown_no_study_estimate,3256D7_S4,1,human gut metagenome,GENOMIC
SAMEA112148825,PRJEB55714,primary,age_unknown_no_study_estimate,3257D7_S25,1,human gut metagenome,GENOMIC
SAMEA112148826,PRJEB55714,primary,age_unknown_no_study_estimate,3258D7_S10,1,human gut metagenome,GENOMIC
SAMEA112148827,PRJEB55714,primary,age_unknown_no_study_estimate,3259D7_S11,1,human gut metagenome,GENOMIC
SAMEA112148828,PRJEB55714,primary,age_unknown_no_study_estimate,3260D6_S12,1,human gut metagenome,GENOMIC
SAMEA112148829,PRJEB55714,primary,age_unknown_no_study_estimate,3261D7_S5,1,human gut metagenome,GENOMIC
SAMEA112148830,PRJEB55714,primary,age_unknown_no_study_estimate,3262D7_S13,1,human gut metagenome,GENOMIC
SAMEA112148831,PRJEB55714,primary,age_unknown_no_study_estimate,3263D6_S14,1,human gut metagenome,GENOMIC
SAMEA112148832,PRJEB55714,primary,age_unknown_no_study_estimate,3265D7_S15,1,human gut metagenome,GENOMIC
SAMEA112148833,PRJEB55714,primary,age_unknown_no_study_estimate,3267D6_S16,1,human gut metagenome,GENOMIC
SAMEA112148834,PRJEB55714,primary,age_unknown_no_study_estimate,3268D7_S41,1,human gut metagenome,GENOMIC
SAMEA112148835,PRJEB55714,primary,age_unknown_no_study_estimate,3270D5_S18,1,human gut metagenome,GENOMIC
SAMEA112148836,PRJEB55714,primary,age_unknown_no_study_estimate,3271D7_S19,1,human gut metagenome,GENOMIC
SAMEA112148837,PRJEB55714,primary,age_unknown_no_study_estimate,3273D7_S20,1,human gut metagenome,GENOMIC
SAMEA112148838,PRJEB55714,primary,age_unknown_no_study_estimate,3274D7_S49,1,human gut metagenome,GENOMIC
SAMEA112148839,PRJEB55714,primary,age_unknown_no_study_estimate,3276D7_S21,1,human gut metagenome,GENOMIC
SAMEA112148840,PRJEB55714,primary,age_unknown_no_study_estimate,3288D7_S22,1,human gut metagenome,GENOMIC
SAMEA112148841,PRJEB55714,primary,age_unknown_no_study_estimate,3289D7_S2,1,human gut metagenome,GENOMIC
SAMEA112148842,PRJEB55714,primary,age_unknown_no_study_estimate,3290D5_S23,1,human gut metagenome,GENOMIC
SAMEA112148843,PRJEB55714,primary,age_unknown_no_study_estimate,3291D7_S57,1,human gut metagenome,GENOMIC
SAMEA112148844,PRJEB55714,primary,age_unknown_no_study_estimate,3292D7_S24,1,human gut metagenome,GENOMIC
SAMEA112148845,PRJEB55714,primary,age_unknown_no_study_estimate,3295D6_S25,1,human gut metagenome,GENOMIC
SAMEA112148846,PRJEB55714,primary,age_unknown_no_study_estimate,3296D7_S3,1,human gut metagenome,GENOMIC
SAMEA112148847,PRJEB55714,primary,age_unknown_no_study_estimate,3301D5_S4,1,human gut metagenome,GENOMIC
SAMEA112148848,PRJEB55714,primary,age_unknown_no_study_estimate,3307D7_S26,1,human gut metagenome,GENOMIC
SAMEA112148849,PRJEB55714,primary,age_unknown_no_study_estimate,3311D7_S27,1,human gut metagenome,GENOMIC
SAMEA112148850,PRJEB55714,primary,age_unknown_no_study_estimate,3313D7_S5,1,human gut metagenome,GENOMIC
SAMEA112148851,PRJEB55714,primary,age_unknown_no_study_estimate,3316D7_S28,1,human gut metagenome,GENOMIC
SAMEA112148852,PRJEB55714,primary,age_unknown_no_study_estimate,3317D6_S29,1,human gut metagenome,GENOMIC
SAMEA112148853,PRJEB55714,primary,age_unknown_no_study_estimate,3318D6_S7,1,human gut metagenome,GENOMIC
SAMEA112148854,PRJEB55714,primary,age_unknown_no_study_estimate,3319D7_S6,1,human gut metagenome,GENOMIC
SAMEA112148855,PRJEB55714,primary,age_unknown_no_study_estimate,3321D7_S73,1,human gut metagenome,GENOMIC
SAMEA112148856,PRJEB55714,primary,age_unknown_no_study_estimate,3325D7_S30,1,human gut metagenome,GENOMIC
SAMEA112148857,PRJEB55714,primary,age_unknown_no_study_estimate,3327D6_S31,1,human gut metagenome,GENOMIC
SAMEA112148858,PRJEB55714,primary,age_unknown_no_study_estimate,3329D7_S2,1,human gut metagenome,GENOMIC
SAMEA112148859,PRJEB55714,primary,age_unknown_no_study_estimate,3335D7_S32,1,human gut metagenome,GENOMIC
SAMEA112148860,PRJEB55714,primary,age_unknown_no_study_estimate,3336D7_S7,1,human gut metagenome,GENOMIC
SAMEA112148861,PRJEB55714,primary,age_unknown_no_study_estimate,3348D7_S33,1,human gut metagenome,GENOMIC
SAMEA112148862,PRJEB55714,primary,age_unknown_no_study_estimate,3349D7_S8,1,human gut metagenome,GENOMIC
SAMEA112148863,PRJEB55714,primary,age_unknown_no_study_estimate,3350D7_S9,1,human gut metagenome,GENOMIC
SAMEA112148864,PRJEB55714,primary,age_unknown_no_study_estimate,3352D7_S34,1,human gut metagenome,GENOMIC
SAMEA112148865,PRJEB55714,primary,age_unknown_no_study_estimate,3353D7_S35,1,human gut metagenome,GENOMIC
SAMEA112148866,PRJEB55714,primary,age_unknown_no_study_estimate,3355D7_S36,1,human gut metagenome,GENOMIC
SAMEA112148867,PRJEB55714,primary,age_unknown_no_study_estimate,3356D7_S9,1,human gut metagenome,GENOMIC
SAMEA112148868,PRJEB55714,primary,age_unknown_no_study_estimate,3358D5_S10,1,human gut metagenome,GENOMIC
SAMEA112148869,PRJEB55714,primary,age_unknown_no_study_estimate,3360D7_S11,1,human gut metagenome,GENOMIC
SAMEA112148870,PRJEB55714,primary,age_unknown_no_study_estimate,3362D6_S37,1,human gut metagenome,GENOMIC
SAMEA112148871,PRJEB55714,primary,age_unknown_no_study_estimate,3363D7_S18,1,human gut metagenome,GENOMIC
SAMEA112148872,PRJEB55714,primary,age_unknown_no_study_estimate,3365D7_S26,1,human gut metagenome,GENOMIC
SAMEA112148873,PRJEB55714,primary,age_unknown_no_study_estimate,3366D6_S12,1,human gut metagenome,GENOMIC
SAMEA112148874,PRJEB55714,primary,age_unknown_no_study_estimate,3367D6_S39,1,human gut metagenome,GENOMIC
SAMEA112148875,PRJEB55714,primary,age_unknown_no_study_estimate,3368D7_S34,1,human gut metagenome,GENOMIC
SAMEA112148876,PRJEB55714,primary,age_unknown_no_study_estimate,3370D6_S42,1,human gut metagenome,GENOMIC
SAMEA112148877,PRJEB55714,primary,age_unknown_no_study_estimate,3371D5_S41,1,human gut metagenome,GENOMIC
SAMEA112148878,PRJEB55714,primary,age_unknown_no_study_estimate,3372D5_S13,1,human gut metagenome,GENOMIC
SAMEA112148879,PRJEB55714,primary,age_unknown_no_study_estimate,3374D7_S14,1,human gut metagenome,GENOMIC
SAMEA112148880,PRJEB55714,primary,age_unknown_no_study_estimate,3375D6_S42,1,human gut metagenome,GENOMIC
SAMEA112148881,PRJEB55714,primary,age_unknown_no_study_estimate,3376D6_S10,1,human gut metagenome,GENOMIC
SAMEA112148882,PRJEB55714,primary,age_unknown_no_study_estimate,3379D6_S11,1,human gut metagenome,GENOMIC
SAMEA112148883,PRJEB55714,primary,age_unknown_no_study_estimate,3381D7_S50,1,human gut metagenome,GENOMIC
SAMEA112148884,PRJEB55714,primary,age_unknown_no_study_estimate,3382D7_S12,1,human gut metagenome,GENOMIC
SAMEA112148885,PRJEB55714,primary,age_unknown_no_study_estimate,3383D6_S58,1,human gut metagenome,GENOMIC
SAMEA112148886,PRJEB55714,primary,age_unknown_no_study_estimate,3388D6_S13,1,human gut metagenome,GENOMIC
SAMEA112148887,PRJEB55714,primary,age_unknown_no_study_estimate,3390D6_S43,1,human gut metagenome,GENOMIC
SAMEA112148888,PRJEB55714,primary,age_unknown_no_study_estimate,3392D7_S44,1,human gut metagenome,GENOMIC
SAMEA112148889,PRJEB55714,primary,age_unknown_no_study_estimate,3393D6_S45,1,human gut metagenome,GENOMIC
SAMEA112148890,PRJEB55714,primary,age_unknown_no_study_estimate,3395D7_S14,1,human gut metagenome,GENOMIC
SAMEA112148891,PRJEB55714,primary,age_unknown_no_study_estimate,3396D6_S46,1,human gut metagenome,GENOMIC
SAMEA112148892,PRJEB55714,primary,age_unknown_no_study_estimate,3399D7_S66,1,human gut metagenome,GENOMIC
SAMEA112148893,PRJEB55714,primary,age_unknown_no_study_estimate,3400D7_S47,1,human gut metagenome,GENOMIC
SAMEA112148894,PRJEB55714,primary,age_unknown_no_study_estimate,3401D6_S15,1,human gut metagenome,GENOMIC
SAMEA112148895,PRJEB55714,primary,age_unknown_no_study_estimate,3402D7_S16,1,human gut metagenome,GENOMIC
SAMEA112148896,PRJEB55714,primary,age_unknown_no_study_estimate,3403D7_S48,1,human gut metagenome,GENOMIC
SAMEA112148897,PRJEB55714,primary,age_unknown_no_study_estimate,3406D7_S3,1,human gut metagenome,GENOMIC
SAMEA112148898,PRJEB55714,primary,age_unknown_no_study_estimate,3407D6_S17,1,human gut metagenome,GENOMIC
SAMEA112148899,PRJEB55714,primary,age_unknown_no_study_estimate,3408D7_S11,1,human gut metagenome,GENOMIC
SAMEA112148900,PRJEB55714,primary,age_unknown_no_study_estimate,3410D7_S50,1,human gut metagenome,GENOMIC
SAMEA112148901,PRJEB55714,primary,age_unknown_no_study_estimate,3411D6_S18,1,human gut metagenome,GENOMIC
SAMEA112148902,PRJEB55714,primary,age_unknown_no_study_estimate,3418D6_S19,1,human gut metagenome,GENOMIC
SAMEA112148903,PRJEB55714,primary,age_unknown_no_study_estimate,3420D7_S51,1,human gut metagenome,GENOMIC
SAMEA112148904,PRJEB55714,primary,age_unknown_no_study_estimate,3422D7_S52,1,human gut metagenome,GENOMIC
SAMEA112148905,PRJEB55714,primary,age_unknown_no_study_estimate,3423D7_S53,1,human gut metagenome,GENOMIC
SAMEA112148906,PRJEB55714,primary,age_unknown_no_study_estimate,3427D7_S54,1,human gut metagenome,GENOMIC
SAMEA112148907,PRJEB55714,primary,age_unknown_no_study_estimate,3432D7_S19,1,human gut metagenome,GENOMIC
SAMEA112148908,PRJEB55714,primary,age_unknown_no_study_estimate,3437D5_S55,1,human gut metagenome,GENOMIC
SAMEA112148909,PRJEB55714,primary,age_unknown_no_study_estimate,3438D6_S20,1,human gut metagenome,GENOMIC
SAMEA112148910,PRJEB55714,primary,age_unknown_no_study_estimate,3441D7_S21,1,human gut metagenome,GENOMIC
SAMEA112148911,PRJEB55714,primary,age_unknown_no_study_estimate,3443D7_S56,1,human gut metagenome,GENOMIC
SAMEA112148912,PRJEB55714,primary,age_unknown_no_study_estimate,3445D6_S17,1,human gut metagenome,GENOMIC
SAMEA112148913,PRJEB55714,primary,age_unknown_no_study_estimate,3452D6_S15,1,human gut metagenome,GENOMIC
SAMEA112148914,PRJEB55714,primary,age_unknown_no_study_estimate,3454D7_S57,1,human gut metagenome,GENOMIC
SAMEA112148915,PRJEB55714,primary,age_unknown_no_study_estimate,3458D6_S58,1,human gut metagenome,GENOMIC
SAMEA112148916,PRJEB55714,primary,age_unknown_no_study_estimate,3469D6_S46,1,human gut metagenome,GENOMIC
SAMEA112148917,PRJEB55714,primary,age_unknown_no_study_estimate,3470D6_S16,1,human gut metagenome,GENOMIC
SAMEA112148918,PRJEB55714,primary,age_unknown_no_study_estimate,3480D7_S59,1,human gut metagenome,GENOMIC
SAMEA112148919,PRJEB55714,primary,age_unknown_no_study_estimate,3484D7_S22,1,human gut metagenome,GENOMIC
SAMEA112148920,PRJEB55714,primary,age_unknown_no_study_estimate,3487D5_S60,1,human gut metagenome,GENOMIC
SAMEA112148921,PRJEB55714,primary,age_unknown_no_study_estimate,3488D7_S17,1,human gut metagenome,GENOMIC
SAMEA112148922,PRJEB55714,primary,age_unknown_no_study_estimate,3492D7_S61,1,human gut metagenome,GENOMIC
SAMEA112148923,PRJEB55714,primary,age_unknown_no_study_estimate,3500D7_S18,1,human gut metagenome,GENOMIC
SAMEA112148924,PRJEB55714,primary,age_unknown_no_study_estimate,3502D7_S54,1,human gut metagenome,GENOMIC
SAMEA112148925,PRJEB55714,primary,age_unknown_no_study_estimate,3506D7_S1,1,human gut metagenome,GENOMIC
SAMEA112148926,PRJEB55714,primary,age_unknown_no_study_estimate,3507D7_S63,1,human gut metagenome,GENOMIC
SAMEA112148927,PRJEB55714,primary,age_unknown_no_study_estimate,3508D7_S23,1,human gut metagenome,GENOMIC
SAMEA112148928,PRJEB55714,primary,age_unknown_no_study_estimate,3511D7_S2,1,human gut metagenome,GENOMIC
SAMEA112148929,PRJEB55714,primary,age_unknown_no_study_estimate,3515D7_S24,1,human gut metagenome,GENOMIC
SAMEA112148930,PRJEB55714,primary,age_unknown_no_study_estimate,3517D6_S3,1,human gut metagenome,GENOMIC
SAMEA112148931,PRJEB55714,primary,age_unknown_no_study_estimate,3520D7_S4,1,human gut metagenome,GENOMIC
SAMEA112148932,PRJEB55714,primary,age_unknown_no_study_estimate,3521D7_S66,1,human gut metagenome,GENOMIC
SAMEA112148933,PRJEB55714,primary,age_unknown_no_study_estimate,3525D6_S7,1,human gut metagenome,GENOMIC
SAMEA112148934,PRJEB55714,primary,age_unknown_no_study_estimate,3528D6_S68,1,human gut metagenome,GENOMIC
SAMEA112148935,PRJEB55714,primary,age_unknown_no_study_estimate,3530D7_S5,1,human gut metagenome,GENOMIC
SAMEA112148936,PRJEB55714,primary,age_unknown_no_study_estimate,3533D5_S25,1,human gut metagenome,GENOMIC
SAMEA112148937,PRJEB55714,primary,age_unknown_no_study_estimate,3534D6_S26,1,human gut metagenome,GENOMIC
SAMEA112148938,PRJEB55714,primary,age_unknown_no_study_estimate,3539D6_S70,1,human gut metagenome,GENOMIC
SAMEA112148939,PRJEB55714,primary,age_unknown_no_study_estimate,3540D7_S71,1,human gut metagenome,GENOMIC
SAMEA112148940,PRJEB55714,primary,age_unknown_no_study_estimate,3542D7_S27,1,human gut metagenome,GENOMIC
SAMEA112148941,PRJEB55714,primary,age_unknown_no_study_estimate,3543D7_S70,1,human gut metagenome,GENOMIC
SAMEA112148942,PRJEB55714,primary,age_unknown_no_study_estimate,3545D7_S72,1,human gut metagenome,GENOMIC
SAMEA112148943,PRJEB55714,primary,age_unknown_no_study_estimate,3549D7_S19,1,human gut metagenome,GENOMIC
SAMEA112148944,PRJEB55714,primary,age_unknown_no_study_estimate,3551D7_S73,1,human gut metagenome,GENOMIC
SAMEA112148945,PRJEB55714,primary,age_unknown_no_study_estimate,3552D6_S6,1,human gut metagenome,GENOMIC
SAMEA112148946,PRJEB55714,primary,age_unknown_no_study_estimate,3553D7_S74,1,human gut metagenome,GENOMIC
SAMEA112148947,PRJEB55714,primary,age_unknown_no_study_estimate,3557D6_S28,1,human gut metagenome,GENOMIC
SAMEA112148948,PRJEB55714,primary,age_unknown_no_study_estimate,3560D7_S75,1,human gut metagenome,GENOMIC
SAMEA112148949,PRJEB55714,primary,age_unknown_no_study_estimate,3565D6_S76,1,human gut metagenome,GENOMIC
SAMEA112148950,PRJEB55714,primary,age_unknown_no_study_estimate,3566D7_S77,1,human gut metagenome,GENOMIC
SAMEA112148951,PRJEB55714,primary,age_unknown_no_study_estimate,3571D7_S35,1,human gut metagenome,GENOMIC
SAMEA112148952,PRJEB55714,primary,age_unknown_no_study_estimate,3574D7_S78,1,human gut metagenome,GENOMIC
SAMEA112148953,PRJEB55714,primary,age_unknown_no_study_estimate,3575D7_S79,1,human gut metagenome,GENOMIC
SAMEA112148954,PRJEB55714,primary,age_unknown_no_study_estimate,3578D7_S21,1,human gut metagenome,GENOMIC
SAMEA112148955,PRJEB55714,primary,age_unknown_no_study_estimate,3580D7_S22,1,human gut metagenome,GENOMIC
SAMEA112148956,PRJEB55714,primary,age_unknown_no_study_estimate,3581D7_S80,1,human gut metagenome,GENOMIC
SAMEA112148957,PRJEB55714,primary,age_unknown_no_study_estimate,3585D7_S29,1,human gut metagenome,GENOMIC
SAMEA112148958,PRJEB55714,primary,age_unknown_no_study_estimate,3587D7_S23,1,human gut metagenome,GENOMIC
SAMEA112148959,PRJEB55714,primary,age_unknown_no_study_estimate,3588D6_S1,1,human gut metagenome,GENOMIC
SAMEA112148960,PRJEB55714,primary,age_unknown_no_study_estimate,3589D7_S8,1,human gut metagenome,GENOMIC
SAMEA112148961,PRJEB55714,primary,age_unknown_no_study_estimate,3597D7_S43,1,human gut metagenome,GENOMIC
SAMEA112148962,PRJEB55714,primary,age_unknown_no_study_estimate,3598D7_S2,1,human gut metagenome,GENOMIC
SAMEA112148963,PRJEB55714,primary,age_unknown_no_study_estimate,3600D7_S3,1,human gut metagenome,GENOMIC
SAMEA112148964,PRJEB55714,primary,age_unknown_no_study_estimate,3602D6_S51,1,human gut metagenome,GENOMIC
SAMEA112148965,PRJEB55714,primary,age_unknown_no_study_estimate,3607D7_S78,1,human gut metagenome,GENOMIC
SAMEA112148966,PRJEB55714,primary,age_unknown_no_study_estimate,3610D6_S4,1,human gut metagenome,GENOMIC
SAMEA112148967,PRJEB55714,primary,age_unknown_no_study_estimate,3612D6_S5,1,human gut metagenome,GENOMIC
SAMEA112148968,PRJEB55714,primary,age_unknown_no_study_estimate,3615D7_S25,1,human gut metagenome,GENOMIC
SAMEA112148969,PRJEB55714,primary,age_unknown_no_study_estimate,3620D6_S26,1,human gut metagenome,GENOMIC
SAMEA112148970,PRJEB55714,primary,age_unknown_no_study_estimate,3624D6_S6,1,human gut metagenome,GENOMIC
SAMEA112148971,PRJEB55714,primary,age_unknown_no_study_estimate,3625D7_S7,1,human gut metagenome,GENOMIC
SAMEA112148972,PRJEB55714,primary,age_unknown_no_study_estimate,3628D7_S59,1,human gut metagenome,GENOMIC
SAMEA112148973,PRJEB55714,primary,age_unknown_no_study_estimate,3630D7_S8,1,human gut metagenome,GENOMIC
SAMEA112148974,PRJEB55714,primary,age_unknown_no_study_estimate,3631D7_S67,1,human gut metagenome,GENOMIC
SAMEA112148975,PRJEB55714,primary,age_unknown_no_study_estimate,3638D7_S9,1,human gut metagenome,GENOMIC
SAMEA112148976,PRJEB55714,primary,age_unknown_no_study_estimate,3639D7_S10,1,human gut metagenome,GENOMIC
SAMEA112148977,PRJEB55714,primary,age_unknown_no_study_estimate,3640D5_S28,1,human gut metagenome,GENOMIC
SAMEA112148978,PRJEB55714,primary,age_unknown_no_study_estimate,3641D7_S75,1,human gut metagenome,GENOMIC
SAMEA112148979,PRJEB55714,primary,age_unknown_no_study_estimate,3647D6_S11,1,human gut metagenome,GENOMIC
SAMEA112148980,PRJEB55714,primary,age_unknown_no_study_estimate,3651D5_S30,1,human gut metagenome,GENOMIC
SAMEA112148981,PRJEB55714,primary,age_unknown_no_study_estimate,3652D5_S29,1,human gut metagenome,GENOMIC
SAMEA112148982,PRJEB55714,primary,age_unknown_no_study_estimate,3654D6_S31,1,human gut metagenome,GENOMIC
SAMEA112148983,PRJEB55714,primary,age_unknown_no_study_estimate,3655D6_S7,1,human gut metagenome,GENOMIC
SAMEA112148984,PRJEB55714,primary,age_unknown_no_study_estimate,3656D7_S30,1,human gut metagenome,GENOMIC
SAMEA112148985,PRJEB55714,primary,age_unknown_no_study_estimate,3659D7_S32,1,human gut metagenome,GENOMIC
SAMEA112148986,PRJEB55714,primary,age_unknown_no_study_estimate,3664D7_S4,1,human gut metagenome,GENOMIC
SAMEA112148987,PRJEB55714,primary,age_unknown_no_study_estimate,3665D6_S33,1,human gut metagenome,GENOMIC
SAMEA112148988,PRJEB55714,primary,age_unknown_no_study_estimate,3667D6_S31,1,human gut metagenome,GENOMIC
SAMEA112148989,PRJEB55714,primary,age_unknown_no_study_estimate,3668D5_S32,1,human gut metagenome,GENOMIC
SAMEA112148990,PRJEB55714,primary,age_unknown_no_study_estimate,3670D7_S12,1,human gut metagenome,GENOMIC
SAMEA112148991,PRJEB55714,primary,age_unknown_no_study_estimate,3673D7_S15,1,human gut metagenome,GENOMIC
SAMEA112148992,PRJEB55714,primary,age_unknown_no_study_estimate,3677D5_S34,1,human gut metagenome,GENOMIC
SAMEA112148993,PRJEB55714,primary,age_unknown_no_study_estimate,3678D5_S12,1,human gut metagenome,GENOMIC
SAMEA112148994,PRJEB55714,primary,age_unknown_no_study_estimate,3681D5_S13,1,human gut metagenome,GENOMIC
SAMEA112148995,PRJEB55714,primary,age_unknown_no_study_estimate,3682D5_S14,1,human gut metagenome,GENOMIC
SAMEA112148996,PRJEB55714,primary,age_unknown_no_study_estimate,3687D6_S33,1,human gut metagenome,GENOMIC
SAMEA112148997,PRJEB55714,primary,age_unknown_no_study_estimate,3694D7_S15,1,human gut metagenome,GENOMIC
SAMEA112148998,PRJEB55714,primary,age_unknown_no_study_estimate,3698D7_S34,1,human gut metagenome,GENOMIC
SAMEA112148999,PRJEB55714,primary,age_unknown_no_study_estimate,3700D5_S35,1,human gut metagenome,GENOMIC
SAMEA112149000,PRJEB55714,primary,age_unknown_no_study_estimate,3701D7_S36,1,human gut metagenome,GENOMIC
SAMEA112149001,PRJEB55714,primary,age_unknown_no_study_estimate,3702D7_S35,1,human gut metagenome,GENOMIC
SAMEA112149002,PRJEB55714,primary,age_unknown_no_study_estimate,3703D7_S16,1,human gut metagenome,GENOMIC
SAMEA112149003,PRJEB55714,primary,age_unknown_no_study_estimate,3704D6_S37,1,human gut metagenome,GENOMIC
SAMEA112149004,PRJEB55714,primary,age_unknown_no_study_estimate,3705D7_S36,1,human gut metagenome,GENOMIC
SAMEA112149005,PRJEB55714,primary,age_unknown_no_study_estimate,3706D6_S23,1,human gut metagenome,GENOMIC
SAMEA112149006,PRJEB55714,primary,age_unknown_no_study_estimate,3707D5_S17,1,human gut metagenome,GENOMIC
SAMEA112149007,PRJEB55714,primary,age_unknown_no_study_estimate,3709D7_S31,1,human gut metagenome,GENOMIC
SAMEA112149008,PRJEB55714,primary,age_unknown_no_study_estimate,3715D7_S38,1,human gut metagenome,GENOMIC
SAMEA112149009,PRJEB55714,primary,age_unknown_no_study_estimate,3717D7_S18,1,human gut metagenome,GENOMIC
SAMEA112149010,PRJEB55714,primary,age_unknown_no_study_estimate,3718D7_S9,1,human gut metagenome,GENOMIC
SAMEA112149011,PRJEB55714,primary,age_unknown_no_study_estimate,3723D6_S10,1,human gut metagenome,GENOMIC
SAMEA112149012,PRJEB55714,primary,age_unknown_no_study_estimate,3734D7_S11,1,human gut metagenome,GENOMIC
SAMEA112149013,PRJEB55714,primary,age_unknown_no_study_estimate,3735D7_S12,1,human gut metagenome,GENOMIC
SAMEA112149014,PRJEB55714,primary,age_unknown_no_study_estimate,3736D7_S13,1,human gut metagenome,GENOMIC
SAMEA112149015,PRJEB55714,primary,age_unknown_no_study_estimate,3741D7_S14,1,human gut metagenome,GENOMIC
SAMEA112149016,PRJEB55714,primary,age_unknown_no_study_estimate,3742D7_S15,1,human gut metagenome,GENOMIC
SAMEA112149017,PRJEB55714,primary,age_unknown_no_study_estimate,3744D7_S16,1,human gut metagenome,GENOMIC
SAMEA112149018,PRJEB55714,primary,age_unknown_no_study_estimate,3750D7_S18,1,human gut metagenome,GENOMIC
SAMEA112149019,PRJEB55714,primary,age_unknown_no_study_estimate,3752D7_S19,1,human gut metagenome,GENOMIC
SAMEA112149020,PRJEB55714,primary,age_unknown_no_study_estimate,3753D7_S20,1,human gut metagenome,GENOMIC
SAMEA112149021,PRJEB55714,primary,age_unknown_no_study_estimate,3754D7_S21,1,human gut metagenome,GENOMIC
SAMEA112149022,PRJEB55714,primary,age_unknown_no_study_estimate,3757D7_S22,1,human gut metagenome,GENOMIC
SAMEA112149023,PRJEB55714,primary,age_unknown_no_study_estimate,3760D7_S23,1,human gut metagenome,GENOMIC
SAMEA112149024,PRJEB55714,primary,age_unknown_no_study_estimate,3761D7_S24,1,human gut metagenome,GENOMIC
SAMEA112149025,PRJEB55714,primary,age_unknown_no_study_estimate,3762D7_S28,1,human gut metagenome,GENOMIC
SAMEA112149026,PRJEB55714,primary,age_unknown_no_study_estimate,3763D5_S25,1,human gut metagenome,GENOMIC
SAMEA112149027,PRJEB55714,primary,age_unknown_no_study_estimate,3766D7_S26,1,human gut metagenome,GENOMIC
SAMEA112149028,PRJEB55714,primary,age_unknown_no_study_estimate,3768D7_S27,1,human gut metagenome,GENOMIC
SAMEA112149029,PRJEB55714,primary,age_unknown_no_study_estimate,3776D7_S29,1,human gut metagenome,GENOMIC
SAMEA112149030,PRJEB55714,primary,age_unknown_no_study_estimate,3778D6-2_S30,1,human gut metagenome,GENOMIC
SAMEA112149031,PRJEB55714,primary,age_unknown_no_study_estimate,3780D3_S31,1,human gut metagenome,GENOMIC
SAMEA112149032,PRJEB55714,primary,age_unknown_no_study_estimate,3782D6_S32,1,human gut metagenome,GENOMIC
SAMEA112149033,PRJEB55714,primary,age_unknown_no_study_estimate,3790D7_S33,1,human gut metagenome,GENOMIC
SAMEA112149034,PRJEB55714,primary,age_unknown_no_study_estimate,3791D6_S34,1,human gut metagenome,GENOMIC
SAMEA112149035,PRJEB55714,primary,age_unknown_no_study_estimate,3793D1_S35,1,human gut metagenome,GENOMIC
SAMEA112149036,PRJEB55714,primary,age_unknown_no_study_estimate,3797D6_S36,1,human gut metagenome,GENOMIC
SAMEA112149037,PRJEB55714,primary,age_unknown_no_study_estimate,3798D7_S37,1,human gut metagenome,GENOMIC
SAMEA112149038,PRJEB55714,primary,age_unknown_no_study_estimate,3800D6_S38,1,human gut metagenome,GENOMIC
SAMEA112149039,PRJEB55714,primary,age_unknown_no_study_estimate,3803D6_S39,1,human gut metagenome,GENOMIC
SAMEA112149040,PRJEB55714,primary,age_unknown_no_study_estimate,3810D7_S40,1,human gut metagenome,GENOMIC
SAMEA112149041,PRJEB55714,primary,age_unknown_no_study_estimate,3811D7_S41,1,human gut metagenome,GENOMIC
SAMEA112149042,PRJEB55714,primary,age_unknown_no_study_estimate,3815D7_S42,1,human gut metagenome,GENOMIC
SAMEA112149043,PRJEB55714,primary,age_unknown_no_study_estimate,3823D7_S43,1,human gut metagenome,GENOMIC
SAMEA112149044,PRJEB55714,primary,age_unknown_no_study_estimate,3826D7_S44,1,human gut metagenome,GENOMIC
SAMEA112149045,PRJEB55714,primary,age_unknown_no_study_estimate,3828D7_S45,1,human gut metagenome,GENOMIC
SAMEA112149046,PRJEB55714,primary,age_unknown_no_study_estimate,3836D7_S47,1,human gut metagenome,GENOMIC
SAMEA112149047,PRJEB55714,primary,age_unknown_no_study_estimate,3839D7_S48,1,human gut metagenome,GENOMIC
SAMEA112149048,PRJEB55714,primary,age_unknown_no_study_estimate,3840D5_S49,1,human gut metagenome,GENOMIC
SAMEA112149049,PRJEB55714,primary,age_unknown_no_study_estimate,3844D7_S50,1,human gut metagenome,GENOMIC
SAMEA112149050,PRJEB55714,primary,age_unknown_no_study_estimate,3847D7_S51,1,human gut metagenome,GENOMIC
SAMEA112149051,PRJEB55714,primary,age_unknown_no_study_estimate,3851D6_S52,1,human gut metagenome,GENOMIC
SAMEA112149052,PRJEB55714,primary,age_unknown_no_study_estimate,3855D6_S53,1,human gut metagenome,GENOMIC
SAMEA112149053,PRJEB55714,primary,age_unknown_no_study_estimate,3862D6_S54,1,human gut metagenome,GENOMIC
SAMEA112149054,PRJEB55714,primary,age_unknown_no_study_estimate,3863D7_S55,1,human gut metagenome,GENOMIC
SAMEA112149055,PRJEB55714,primary,age_unknown_no_study_estimate,3865D5_S56,1,human gut metagenome,GENOMIC
SAMEA112149056,PRJEB55714,primary,age_unknown_no_study_estimate,3866D6_S19,1,human gut metagenome,GENOMIC
SAMEA112149057,PRJEB55714,primary,age_unknown_no_study_estimate,3876D7_S39,1,human gut metagenome,GENOMIC
SAMEA112149058,PRJEB55714,primary,age_unknown_no_study_estimate,3877D7_S47,1,human gut metagenome,GENOMIC
SAMEA112149059,PRJEB55714,primary,age_unknown_no_study_estimate,3887D7_S39,1,human gut metagenome,GENOMIC
SAMEA112149060,PRJEB55714,primary,age_unknown_no_study_estimate,3889D7_S20,1,human gut metagenome,GENOMIC
SAMEA112149061,PRJEB55714,primary,age_unknown_no_study_estimate,3892D7_S40,1,human gut metagenome,GENOMIC
SAMEA112149062,PRJEB55714,primary,age_unknown_no_study_estimate,3894D6_S41,1,human gut metagenome,GENOMIC
SAMEA112149063,PRJEB55714,primary,age_unknown_no_study_estimate,3895D7_S22,1,human gut metagenome,GENOMIC
SAMEA112149064,PRJEB55714,primary,age_unknown_no_study_estimate,3897D7_S55,1,human gut metagenome,GENOMIC
SAMEA112149065,PRJEB55714,primary,age_unknown_no_study_estimate,3898D7_S39,1,human gut metagenome,GENOMIC
SAMEA112149066,PRJEB55714,primary,age_unknown_no_study_estimate,3906D7_S44,1,human gut metagenome,GENOMIC
SAMEA112149067,PRJEB55714,primary,age_unknown_no_study_estimate,3907D7_S40,1,human gut metagenome,GENOMIC
SAMEA112149068,PRJEB55714,primary,age_unknown_no_study_estimate,3909D7_S42,1,human gut metagenome,GENOMIC
SAMEA112149069,PRJEB55714,primary,age_unknown_no_study_estimate,3913D7_S41,1,human gut metagenome,GENOMIC
SAMEA112149070,PRJEB55714,primary,age_unknown_no_study_estimate,3926D5_S23,1,human gut metagenome,GENOMIC
SAMEA112149071,PRJEB55714,primary,age_unknown_no_study_estimate,3930D7_S44,1,human gut metagenome,GENOMIC
SAMEA112149072,PRJEB55714,primary,age_unknown_no_study_estimate,3934D7_S42,1,human gut metagenome,GENOMIC
SAMEA112149073,PRJEB55714,primary,age_unknown_no_study_estimate,3935D7_S24,1,human gut metagenome,GENOMIC
SAMEA112149074,PRJEB55714,primary,age_unknown_no_study_estimate,3936D7_S25,1,human gut metagenome,GENOMIC
SAMEA112149075,PRJEB55714,primary,age_unknown_no_study_estimate,3943D7_S26,1,human gut metagenome,GENOMIC
SAMEA112149076,PRJEB55714,primary,age_unknown_no_study_estimate,3944D7_S27,1,human gut metagenome,GENOMIC
SAMEA112149077,PRJEB55714,primary,age_unknown_no_study_estimate,3947D7_S28,1,human gut metagenome,GENOMIC
SAMEA112149078,PRJEB55714,primary,age_unknown_no_study_estimate,3955D7_S63,1,human gut metagenome,GENOMIC
SAMEA112149079,PRJEB55714,primary,age_unknown_no_study_estimate,3957D7_S29,1,human gut metagenome,GENOMIC
SAMEA112149080,PRJEB55714,primary,age_unknown_no_study_estimate,3964D7_S43,1,human gut metagenome,GENOMIC
SAMEA112149081,PRJEB55714,primary,age_unknown_no_study_estimate,3975D7_S44,1,human gut metagenome,GENOMIC
SAMEA112149082,PRJEB55714,primary,age_unknown_no_study_estimate,3976D6_S60,1,human gut metagenome,GENOMIC
SAMEA112149083,PRJEB55714,primary,age_unknown_no_study_estimate,3978D7_S30,1,human gut metagenome,GENOMIC
SAMEA112149084,PRJEB55714,primary,age_unknown_no_study_estimate,3985D7_S31,1,human gut metagenome,GENOMIC
SAMEA112149085,PRJEB55714,primary,age_unknown_no_study_estimate,3986D7_S45,1,human gut metagenome,GENOMIC
SAMEA112149086,PRJEB55714,primary,age_unknown_no_study_estimate,3988D7_S45,1,human gut metagenome,GENOMIC
SAMEA112149087,PRJEB55714,primary,age_unknown_no_study_estimate,3991D7_S32,1,human gut metagenome,GENOMIC
SAMEA112149088,PRJEB55714,primary,age_unknown_no_study_estimate,3992D7_S33,1,human gut metagenome,GENOMIC
SAMEA112149089,PRJEB55714,primary,age_unknown_no_study_estimate,3995D7_S34,1,human gut metagenome,GENOMIC
SAMEA112149090,PRJEB55714,primary,age_unknown_no_study_estimate,3998D7_S35,1,human gut metagenome,GENOMIC
SAMEA112149091,PRJEB55714,primary,age_unknown_no_study_estimate,3999D7_S71,1,human gut metagenome,GENOMIC
SAMEA112149092,PRJEB55714,primary,age_unknown_no_study_estimate,4002D7_S68,1,human gut metagenome,GENOMIC
SAMEA112149093,PRJEB55714,primary,age_unknown_no_study_estimate,4007D5_S46,1,human gut metagenome,GENOMIC
SAMEA112149094,PRJEB55714,primary,age_unknown_no_study_estimate,4017D7_S36,1,human gut metagenome,GENOMIC
SAMEA112149095,PRJEB55714,primary,age_unknown_no_study_estimate,4025D6_S37,1,human gut metagenome,GENOMIC
SAMEA112149096,PRJEB55714,primary,age_unknown_no_study_estimate,4029D7_S46,1,human gut metagenome,GENOMIC
SAMEA112149097,PRJEB55714,primary,age_unknown_no_study_estimate,4030D7_S38,1,human gut metagenome,GENOMIC
SAMEA112149098,PRJEB55714,primary,age_unknown_no_study_estimate,4032D7_S39,1,human gut metagenome,GENOMIC
SAMEA112149099,PRJEB55714,primary,age_unknown_no_study_estimate,4039D6_S47,1,human gut metagenome,GENOMIC
SAMEA112149100,PRJEB55714,primary,age_unknown_no_study_estimate,4040D5_S79,1,human gut metagenome,GENOMIC
SAMEA112149101,PRJEB55714,primary,age_unknown_no_study_estimate,4042D7_S40,1,human gut metagenome,GENOMIC
SAMEA112149102,PRJEB55714,primary,age_unknown_no_study_estimate,4046D6_S48,1,human gut metagenome,GENOMIC
SAMEA112149103,PRJEB55714,primary,age_unknown_no_study_estimate,4056D7_S76,1,human gut metagenome,GENOMIC
SAMEA112149104,PRJEB55714,primary,age_unknown_no_study_estimate,4058D7_S5,1,human gut metagenome,GENOMIC
SAMEA112149105,PRJEB55714,primary,age_unknown_no_study_estimate,4061D6_S41,1,human gut metagenome,GENOMIC
SAMEA112149106,PRJEB55714,primary,age_unknown_no_study_estimate,4064D5_S47,1,human gut metagenome,GENOMIC
SAMEA112149107,PRJEB55714,primary,age_unknown_no_study_estimate,4067D5_S8,1,human gut metagenome,GENOMIC
SAMEA112149108,PRJEB55714,primary,age_unknown_no_study_estimate,4072D7_S42,1,human gut metagenome,GENOMIC
SAMEA112149109,PRJEB55714,primary,age_unknown_no_study_estimate,4079D6_S16,1,human gut metagenome,GENOMIC
SAMEA112149110,PRJEB55714,primary,age_unknown_no_study_estimate,4080D7_S43,1,human gut metagenome,GENOMIC
SAMEA112149111,PRJEB55714,primary,age_unknown_no_study_estimate,4081D5_S44,1,human gut metagenome,GENOMIC
SAMEA112149112,PRJEB55714,primary,age_unknown_no_study_estimate,4083D5_S45,1,human gut metagenome,GENOMIC
SAMEA112149113,PRJEB55714,primary,age_unknown_no_study_estimate,4085D7_S46,1,human gut metagenome,GENOMIC
SAMEA112149114,PRJEB55714,primary,age_unknown_no_study_estimate,4089D6_S47,1,human gut metagenome,GENOMIC
SAMEA112149115,PRJEB55714,primary,age_unknown_no_study_estimate,4090D5_S13,1,human gut metagenome,GENOMIC
SAMEA112149116,PRJEB55714,primary,age_unknown_no_study_estimate,4097D7_S48,1,human gut metagenome,GENOMIC
SAMEA112149117,PRJEB55714,primary,age_unknown_no_study_estimate,4104D6_S50,1,human gut metagenome,GENOMIC
SAMEA112149118,PRJEB55714,primary,age_unknown_no_study_estimate,4105D5_S49,1,human gut metagenome,GENOMIC
SAMEA112149119,PRJEB55714,primary,age_unknown_no_study_estimate,4109D7_S50,1,human gut metagenome,GENOMIC
SAMEA112149120,PRJEB55714,primary,age_unknown_no_study_estimate,4115D5_S21,1,human gut metagenome,GENOMIC
SAMEA112149121,PRJEB55714,primary,age_unknown_no_study_estimate,4116D7_S51,1,human gut metagenome,GENOMIC
SAMEA112149122,PRJEB55714,primary,age_unknown_no_study_estimate,4120D7_S51,1,human gut metagenome,GENOMIC
SAMEA112149123,PRJEB55714,primary,age_unknown_no_study_estimate,4121D6_S52,1,human gut metagenome,GENOMIC
SAMEA112149124,PRJEB55714,primary,age_unknown_no_study_estimate,4128D7_S52,1,human gut metagenome,GENOMIC
SAMEA112149125,PRJEB55714,primary,age_unknown_no_study_estimate,4130D7_S53,1,human gut metagenome,GENOMIC
SAMEA112149126,PRJEB55714,primary,age_unknown_no_study_estimate,4131D5_S54,1,human gut metagenome,GENOMIC
SAMEA112149127,PRJEB55714,primary,age_unknown_no_study_estimate,4133D7_S32,1,human gut metagenome,GENOMIC
SAMEA112149128,PRJEB55714,primary,age_unknown_no_study_estimate,4139D7_S51,1,human gut metagenome,GENOMIC
SAMEA112149129,PRJEB55714,primary,age_unknown_no_study_estimate,4143D7_S55,1,human gut metagenome,GENOMIC
SAMEA112149130,PRJEB55714,primary,age_unknown_no_study_estimate,4145D6_S56,1,human gut metagenome,GENOMIC
SAMEA112149131,PRJEB55714,primary,age_unknown_no_study_estimate,4146D7_S57,1,human gut metagenome,GENOMIC
SAMEA112149132,PRJEB55714,primary,age_unknown_no_study_estimate,4149D7_S29,1,human gut metagenome,GENOMIC
SAMEA112149133,PRJEB55714,primary,age_unknown_no_study_estimate,4152D5_S52,1,human gut metagenome,GENOMIC
SAMEA112149134,PRJEB55714,primary,age_unknown_no_study_estimate,4154D5_S37,1,human gut metagenome,GENOMIC
SAMEA112149135,PRJEB55714,primary,age_unknown_no_study_estimate,4155D6_S45,1,human gut metagenome,GENOMIC
SAMEA112149136,PRJEB55714,primary,age_unknown_no_study_estimate,4156D7_S58,1,human gut metagenome,GENOMIC
SAMEA112149137,PRJEB55714,primary,age_unknown_no_study_estimate,4158D7_S53,1,human gut metagenome,GENOMIC
SAMEA112149138,PRJEB55714,primary,age_unknown_no_study_estimate,4161D7_S53,1,human gut metagenome,GENOMIC
SAMEA112149139,PRJEB55714,primary,age_unknown_no_study_estimate,4162D6_S59,1,human gut metagenome,GENOMIC
SAMEA112149140,PRJEB55714,primary,age_unknown_no_study_estimate,4167D7_S60,1,human gut metagenome,GENOMIC
SAMEA112149141,PRJEB55714,primary,age_unknown_no_study_estimate,4168D5_S61,1,human gut metagenome,GENOMIC
SAMEA112149142,PRJEB55714,primary,age_unknown_no_study_estimate,4172D7_S62,1,human gut metagenome,GENOMIC
SAMEA112149143,PRJEB55714,primary,age_unknown_no_study_estimate,4173D7_S53,1,human gut metagenome,GENOMIC
SAMEA112149144,PRJEB55714,primary,age_unknown_no_study_estimate,4185D6_S54,1,human gut metagenome,GENOMIC
SAMEA112149145,PRJEB55714,primary,age_unknown_no_study_estimate,4188D7_S65,1,human gut metagenome,GENOMIC
SAMEA112149146,PRJEB55714,primary,age_unknown_no_study_estimate,4193D6_S54,1,human gut metagenome,GENOMIC
SAMEA112149147,PRJEB55714,primary,age_unknown_no_study_estimate,4194D7_S66,1,human gut metagenome,GENOMIC
SAMEA112149148,PRJEB55714,primary,age_unknown_no_study_estimate,4196D7_S55,1,human gut metagenome,GENOMIC
SAMEA112149149,PRJEB55714,primary,age_unknown_no_study_estimate,4200D6_S61,1,human gut metagenome,GENOMIC
SAMEA112149150,PRJEB55714,primary,age_unknown_no_study_estimate,4204D6_S56,1,human gut metagenome,GENOMIC
SAMEA112149151,PRJEB55714,primary,age_unknown_no_study_estimate,4205D5_S67,1,human gut metagenome,GENOMIC
SAMEA112149152,PRJEB55714,primary,age_unknown_no_study_estimate,4210D6_S55,1,human gut metagenome,GENOMIC
SAMEA112149153,PRJEB55714,primary,age_unknown_no_study_estimate,4212D6_S68,1,human gut metagenome,GENOMIC
SAMEA112149154,PRJEB55714,primary,age_unknown_no_study_estimate,4220D7_S69,1,human gut metagenome,GENOMIC
SAMEA112149155,PRJEB55714,primary,age_unknown_no_study_estimate,4225D5_S40,1,human gut metagenome,GENOMIC
SAMEA112149156,PRJEB55714,primary,age_unknown_no_study_estimate,4228D7_S57,1,human gut metagenome,GENOMIC
SAMEA112149157,PRJEB55714,primary,age_unknown_no_study_estimate,4244D6_S69,1,human gut metagenome,GENOMIC
SAMEA112149158,PRJEB55714,primary,age_unknown_no_study_estimate,4247D7_S70,1,human gut metagenome,GENOMIC
SAMEA112149159,PRJEB55714,primary,age_unknown_no_study_estimate,4253D7_S71,1,human gut metagenome,GENOMIC
SAMEA112149160,PRJEB55714,primary,age_unknown_no_study_estimate,4254D6_S58,1,human gut metagenome,GENOMIC
SAMEA112149161,PRJEB55714,primary,age_unknown_no_study_estimate,4259D7_S59,1,human gut metagenome,GENOMIC
SAMEA112149162,PRJEB55714,primary,age_unknown_no_study_estimate,4271D7_S60,1,human gut metagenome,GENOMIC
SAMEA112149163,PRJEB55714,primary,age_unknown_no_study_estimate,4278D7_S58,1,human gut metagenome,GENOMIC
SAMEA112149164,PRJEB55714,primary,age_unknown_no_study_estimate,4280D7_S61,1,human gut metagenome,GENOMIC
SAMEA112149165,PRJEB55714,primary,age_unknown_no_study_estimate,4281D6_S62,1,human gut metagenome,GENOMIC
SAMEA112149166,PRJEB55714,primary,age_unknown_no_study_estimate,4286D5_S48,1,human gut metagenome,GENOMIC
SAMEA112149167,PRJEB55714,primary,age_unknown_no_study_estimate,4287D7_S63,1,human gut metagenome,GENOMIC
SAMEA112149168,PRJEB55714,primary,age_unknown_no_study_estimate,4289D7_S6,1,human gut metagenome,GENOMIC
SAMEA112149169,PRJEB55714,primary,age_unknown_no_study_estimate,4290D5_S64,1,human gut metagenome,GENOMIC
SAMEA112149170,PRJEB55714,primary,age_unknown_no_study_estimate,4299D7_S65,1,human gut metagenome,GENOMIC
SAMEA112149171,PRJEB55714,primary,age_unknown_no_study_estimate,4301D6_S14,1,human gut metagenome,GENOMIC
SAMEA112149172,PRJEB55714,primary,age_unknown_no_study_estimate,4302D5_S22,1,human gut metagenome,GENOMIC
SAMEA112149173,PRJEB55714,primary,age_unknown_no_study_estimate,4306D5_S59,1,human gut metagenome,GENOMIC
SAMEA112149174,PRJEB55714,primary,age_unknown_no_study_estimate,4313D7_S56,1,human gut metagenome,GENOMIC
SAMEA112149175,PRJEB55714,primary,age_unknown_no_study_estimate,4318D7_S60,1,human gut metagenome,GENOMIC
SAMEA112149176,PRJEB55714,primary,age_unknown_no_study_estimate,4322D6_S66,1,human gut metagenome,GENOMIC
SAMEA112149177,PRJEB55714,primary,age_unknown_no_study_estimate,4330D7_S67,1,human gut metagenome,GENOMIC
SAMEA112149178,PRJEB55714,primary,age_unknown_no_study_estimate,4333D7_S68,1,human gut metagenome,GENOMIC
SAMEA112149179,PRJEB55714,primary,age_unknown_no_study_estimate,4338D7_S61,1,human gut metagenome,GENOMIC
SAMEA112149180,PRJEB55714,primary,age_unknown_no_study_estimate,4339D7_S62,1,human gut metagenome,GENOMIC
SAMEA112149181,PRJEB55714,primary,age_unknown_no_study_estimate,4340D7_S69,1,human gut metagenome,GENOMIC
SAMEA112149182,PRJEB55714,primary,age_unknown_no_study_estimate,4341D7_S63,1,human gut metagenome,GENOMIC
SAMEA112149183,PRJEB55714,primary,age_unknown_no_study_estimate,4342D5_S70,1,human gut metagenome,GENOMIC
SAMEA112149184,PRJEB55714,primary,age_unknown_no_study_estimate,4344D7_S30,1,human gut metagenome,GENOMIC
SAMEA112149185,PRJEB55714,primary,age_unknown_no_study_estimate,4351D7_S71,1,human gut metagenome,GENOMIC
SAMEA112149186,PRJEB55714,primary,age_unknown_no_study_estimate,4361D6_S65,1,human gut metagenome,GENOMIC
SAMEA112149187,PRJEB55714,primary,age_unknown_no_study_estimate,4362D7_S66,1,human gut metagenome,GENOMIC
SAMEA112149188,PRJEB55714,primary,age_unknown_no_study_estimate,4365D6_S72,1,human gut metagenome,GENOMIC
SAMEA112149189,PRJEB55714,primary,age_unknown_no_study_estimate,4366D6_S73,1,human gut metagenome,GENOMIC
SAMEA112149190,PRJEB55714,primary,age_unknown_no_study_estimate,4367D6_S74,1,human gut metagenome,GENOMIC
SAMEA112149191,PRJEB55714,primary,age_unknown_no_study_estimate,4368D6_S75,1,human gut metagenome,GENOMIC
SAMEA112149192,PRJEB55714,primary,age_unknown_no_study_estimate,4371D7_S67,1,human gut metagenome,GENOMIC
SAMEA112149193,PRJEB55714,primary,age_unknown_no_study_estimate,4374D6_S76,1,human gut metagenome,GENOMIC
SAMEA112149194,PRJEB55714,primary,age_unknown_no_study_estimate,4379D7_S68,1,human gut metagenome,GENOMIC
SAMEA112149195,PRJEB55714,primary,age_unknown_no_study_estimate,4383D6_S69,1,human gut metagenome,GENOMIC
SAMEA112149196,PRJEB55714,primary,age_unknown_no_study_estimate,4384D6_S77,1,human gut metagenome,GENOMIC
SAMEA112149197,PRJEB55714,primary,age_unknown_no_study_estimate,4400D7_S70,1,human gut metagenome,GENOMIC
SAMEA112149198,PRJEB55714,primary,age_unknown_no_study_estimate,4406D7_S78,1,human gut metagenome,GENOMIC
SAMEA112149199,PRJEB55714,primary,age_unknown_no_study_estimate,4409D6_S79,1,human gut metagenome,GENOMIC
SAMEA112149200,PRJEB55714,primary,age_unknown_no_study_estimate,4413D7_S80,1,human gut metagenome,GENOMIC
SAMEA115957666,PRJEB79382,unknown,age_unknown_no_study_estimate,,1,human metagenome,GENOMIC
SAMEA115957667,PRJEB79382,unknown,age_unknown_no_study_estimate,,1,human metagenome,GENOMIC
SAMEA115957668,PRJEB79382,unknown,age_unknown_no_study_estimate,,1,human metagenome,GENOMIC
SAMEA115957671,PRJEB79382,unknown,age_unknown_no_study_estimate,,1,human metagenome,GENOMIC
SAMEA115957672,PRJEB79382,unknown,age_unknown_no_study_estimate,,1,human metagenome,GENOMIC
SAMEA115957673,PRJEB79382,unknown,age_unknown_no_study_estimate,,1,human metagenome,GENOMIC
SAMEA115957674,PRJEB79382,unknown,age_unknown_no_study_estimate,,1,human metagenome,GENOMIC
SAMEA115957675,PRJEB79382,unknown,age_unknown_no_study_estimate,,1,human metagenome,GENOMIC
SAMEA115957676,PRJEB79382,unknown,age_unknown_no_study_estimate,,1,human metagenome,GENOMIC
SAMEA115957677,PRJEB79382,unknown,age_unknown_no_study_estimate,,1,human metagenome,GENOMIC
SAMEA115957678,PRJEB79382,unknown,age_unknown_no_study_estimate,,1,human metagenome,GENOMIC
SAMEA115957679,PRJEB79382,unknown,age_unknown_no_study_estimate,,1,human metagenome,GENOMIC
SAMEA115957680,PRJEB79382,unknown,age_unknown_no_study_estimate,,1,human metagenome,GENOMIC
SAMEA115957681,PRJEB79382,unknown,age_unknown_no_study_estimate,,1,human metagenome,GENOMIC
SAMEA115957682,PRJEB79382,unknown,age_unknown_no_study_estimate,,1,human metagenome,GENOMIC
SAMEA115957683,PRJEB79382,unknown,age_unknown_no_study_estimate,,1,human metagenome,GENOMIC
SAMEA115957684,PRJEB79382,unknown,age_unknown_no_study_estimate,,1,human metagenome,GENOMIC
SAMEA115957685,PRJEB79382,unknown,age_unknown_no_study_estimate,,1,human metagenome,GENOMIC
SAMEA115957686,PRJEB79382,unknown,age_unknown_no_study_estimate,,1,human metagenome,GENOMIC
SAMEA115957687,PRJEB79382,unknown,age_unknown_no_study_estimate,,1,human metagenome,GENOMIC
SAMEA115957688,PRJEB79382,unknown,age_unknown_no_study_estimate,,1,human metagenome,GENOMIC
SAMEA115957689,PRJEB79382,unknown,age_unknown_no_study_estimate,,1,human metagenome,GENOMIC
SAMEA115957690,PRJEB79382,unknown,age_unknown_no_study_estimate,,1,human metagenome,GENOMIC
SAMEA115957691,PRJEB79382,unknown,age_unknown_no_study_estimate,,1,human metagenome,GENOMIC
SAMEA115957692,PRJEB79382,unknown,age_unknown_no_study_estimate,,1,human metagenome,GENOMIC
SAMEA115957693,PRJEB79382,unknown,age_unknown_no_study_estimate,,1,human metagenome,GENOMIC
SAMEA115957694,PRJEB79382,unknown,age_unknown_no_study_estimate,,1,human metagenome,GENOMIC
SAMEA115957695,PRJEB79382,unknown,age_unknown_no_study_estimate,,1,human metagenome,GENOMIC
SAMEA115957696,PRJEB79382,unknown,age_unknown_no_study_estimate,,1,human metagenome,GENOMIC
SAMEA115957697,PRJEB79382,unknown,age_unknown_no_study_estimate,,1,human metagenome,GENOMIC
SAMEA115957698,PRJEB79382,unknown,age_unknown_no_study_estimate,,1,human metagenome,GENOMIC
SAMEA115957699,PRJEB79382,unknown,age_unknown_no_study_estimate,,1,human metagenome,GENOMIC
SAMEA115957700,PRJEB79382,unknown,age_unknown_no_study_estimate,,1,human metagenome,GENOMIC
SAMEA115957701,PRJEB79382,unknown,age_unknown_no_study_estimate,,1,human metagenome,GENOMIC
SAMEA115957702,PRJEB79382,unknown,age_unknown_no_study_estimate,,1,human metagenome,GENOMIC
SAMEA115957703,PRJEB79382,unknown,age_unknown_no_study_estimate,,1,human metagenome,GENOMIC
SAMEA115957704,PRJEB79382,unknown,age_unknown_no_study_estimate,,1,human metagenome,GENOMIC
SAMEA115957705,PRJEB79382,unknown,age_unknown_no_study_estimate,,1,human metagenome,GENOMIC
SAMEA115957706,PRJEB79382,unknown,age_unknown_no_study_estimate,,1,human metagenome,GENOMIC
SAMEA115957707,PRJEB79382,unknown,age_unknown_no_study_estimate,,1,human metagenome,GENOMIC
SAMEA115957708,PRJEB79382,unknown,age_unknown_no_study_estimate,,1,human metagenome,GENOMIC
SAMEA115957709,PRJEB79382,unknown,age_unknown_no_study_estimate,,1,human metagenome,GENOMIC
SAMEA115957710,PRJEB79382,unknown,age_unknown_no_study_estimate,,1,human metagenome,GENOMIC
SAMEA115957711,PRJEB79382,unknown,age_unknown_no_study_estimate,,1,human metagenome,GENOMIC
SAMEA115957712,PRJEB79382,unknown,age_unknown_no_study_estimate,,1,human metagenome,GENOMIC
SAMEA115957713,PRJEB79382,unknown,age_unknown_no_study_estimate,,1,human metagenome,GENOMIC
SAMEA115957714,PRJEB79382,unknown,age_unknown_no_study_estimate,,1,human metagenome,GENOMIC
SAMEA115957715,PRJEB79382,unknown,age_unknown_no_study_estimate,,1,human metagenome,GENOMIC
SAMEA115957716,PRJEB79382,unknown,age_unknown_no_study_estimate,,1,human metagenome,GENOMIC
SAMEA115957717,PRJEB79382,unknown,age_unknown_no_study_estimate,,1,human metagenome,GENOMIC
SAMEA115957718,PRJEB79382,unknown,age_unknown_no_study_estimate,,1,human metagenome,GENOMIC
SAMEA115957719,PRJEB79382,unknown,age_unknown_no_study_estimate,,1,human metagenome,GENOMIC
SAMEA115957720,PRJEB79382,unknown,age_unknown_no_study_estimate,,1,human metagenome,GENOMIC
SAMEA115957721,PRJEB79382,unknown,age_unknown_no_study_estimate,,1,human metagenome,GENOMIC
SAMEA115957722,PRJEB79382,unknown,age_unknown_no_study_estimate,,1,human metagenome,GENOMIC
SAMEA115957723,PRJEB79382,unknown,age_unknown_no_study_estimate,,1,human metagenome,GENOMIC
SAMEA115957724,PRJEB79382,unknown,age_unknown_no_study_estimate,,1,human metagenome,GENOMIC
SAMEA115957725,PRJEB79382,unknown,age_unknown_no_study_estimate,,1,human metagenome,GENOMIC
SAMEA115957726,PRJEB79382,unknown,age_unknown_no_study_estimate,,1,human metagenome,GENOMIC
SAMEA115957727,PRJEB79382,unknown,age_unknown_no_study_estimate,,1,human metagenome,GENOMIC
SAMEA115957728,PRJEB79382,unknown,age_unknown_no_study_estimate,,1,human metagenome,GENOMIC
SAMEA115957729,PRJEB79382,unknown,age_unknown_no_study_estimate,,1,human metagenome,GENOMIC
SAMEA115957730,PRJEB79382,unknown,age_unknown_no_study_estimate,,1,human metagenome,GENOMIC
SAMEA115957731,PRJEB79382,unknown,age_unknown_no_study_estimate,,1,human metagenome,GENOMIC
SAMEA115957732,PRJEB79382,unknown,age_unknown_no_study_estimate,,1,human metagenome,GENOMIC
SAMEA115957733,PRJEB79382,unknown,age_unknown_no_study_estimate,,1,human metagenome,GENOMIC
SAMEA115957734,PRJEB79382,unknown,age_unknown_no_study_estimate,,1,human metagenome,GENOMIC
SAMEA115957735,PRJEB79382,unknown,age_unknown_no_study_estimate,,1,human metagenome,GENOMIC
SAMEA115957736,PRJEB79382,unknown,age_unknown_no_study_estimate,,1,human metagenome,GENOMIC
SAMEA115957737,PRJEB79382,unknown,age_unknown_no_study_estimate,,1,human metagenome,GENOMIC
SAMEA115957738,PRJEB79382,unknown,age_unknown_no_study_estimate,,1,human metagenome,GENOMIC
SAMEA115957739,PRJEB79382,unknown,age_unknown_no_study_estimate,,1,human metagenome,GENOMIC
SAMEA115957740,PRJEB79382,unknown,age_unknown_no_study_estimate,,1,human metagenome,GENOMIC
SAMEA115957741,PRJEB79382,unknown,age_unknown_no_study_estimate,,1,human metagenome,GENOMIC
SAMEA115957742,PRJEB79382,unknown,age_unknown_no_study_estimate,,1,human metagenome,GENOMIC
SAMEA115957743,PRJEB79382,unknown,age_unknown_no_study_estimate,,1,human metagenome,GENOMIC
SAMEA115957745,PRJEB79382,unknown,age_unknown_no_study_estimate,,1,human metagenome,GENOMIC
SAMEA14201039,PRJEB37883,primary,infant_evidenced,G03-7,1,human gut metagenome,GENOMIC
SAMEA14207061,PRJEB37883,primary,infant_evidenced,G05-7,2,human gut metagenome,GENOMIC
SAMEA14207062,PRJEB37883,primary,infant_evidenced,G11-7,2,human gut metagenome,GENOMIC
SAMEA14207063,PRJEB37883,primary,infant_evidenced,G12-7,2,human gut metagenome,GENOMIC
SAMEA14207064,PRJEB37883,primary,infant_evidenced,G13-7,2,human gut metagenome,GENOMIC
SAMEA14207065,PRJEB37883,primary,infant_evidenced,G14-7,2,human gut metagenome,GENOMIC
SAMEA14207066,PRJEB37883,primary,infant_evidenced,G15-7,2,human gut metagenome,GENOMIC
SAMEA14207067,PRJEB37883,primary,infant_evidenced,G17-7,2,human gut metagenome,GENOMIC
SAMEA14207068,PRJEB37883,primary,infant_evidenced,K08-7,2,human gut metagenome,GENOMIC
SAMEA14207069,PRJEB37883,primary,infant_evidenced,K11-7,2,human gut metagenome,GENOMIC
SAMEA14207070,PRJEB37883,primary,infant_evidenced,K13-7,2,human gut metagenome,GENOMIC
SAMEA14207071,PRJEB37883,primary,infant_evidenced,K14-7,2,human gut metagenome,GENOMIC
SAMEA14207072,PRJEB37883,primary,infant_evidenced,K15-7,1,human gut metagenome,GENOMIC
SAMEA14207073,PRJEB37883,primary,infant_evidenced,K16-7,2,human gut metagenome,GENOMIC
SAMEA14207074,PRJEB37883,primary,infant_evidenced,K17-7,2,human gut metagenome,GENOMIC
SAMEA14207075,PRJEB37883,primary,infant_evidenced,K18-7,2,human gut metagenome,GENOMIC
SAMEA14207076,PRJEB37883,primary,infant_evidenced,L02-7,2,human gut metagenome,GENOMIC
SAMEA14207077,PRJEB37883,primary,infant_evidenced,L05-7,2,human gut metagenome,GENOMIC
SAMEA14207078,PRJEB37883,primary,infant_evidenced,L07-7,2,human gut metagenome,GENOMIC
SAMEA14207079,PRJEB37883,primary,infant_evidenced,L08-7,2,human gut metagenome,GENOMIC
SAMEA14207080,PRJEB37883,primary,infant_evidenced,L09-7,2,human gut metagenome,GENOMIC
SAMEA14207081,PRJEB37883,primary,infant_evidenced,L10-7,2,human gut metagenome,GENOMIC
SAMEA14207082,PRJEB37883,primary,infant_evidenced,L11-7,2,human gut metagenome,GENOMIC
SAMEA14207083,PRJEB37883,primary,infant_evidenced,L18-7,2,human gut metagenome,GENOMIC
SAMEA14215631,PRJEB37883,primary,infant_evidenced,G03-3,2,human gut metagenome,GENOMIC
SAMEA14215632,PRJEB37883,primary,infant_evidenced,G05-3,2,human gut metagenome,GENOMIC
SAMEA14215633,PRJEB37883,primary,infant_evidenced,G11-3,2,human gut metagenome,GENOMIC
SAMEA14215634,PRJEB37883,primary,infant_evidenced,G12-3,2,human gut metagenome,GENOMIC
SAMEA14215635,PRJEB37883,primary,infant_evidenced,G13-3,2,human gut metagenome,GENOMIC
SAMEA14215636,PRJEB37883,primary,infant_evidenced,G14-4,2,human gut metagenome,GENOMIC
SAMEA14215637,PRJEB37883,primary,infant_evidenced,G17-3,2,human gut metagenome,GENOMIC
SAMEA14215638,PRJEB37883,primary,infant_evidenced,K16-3,2,human gut metagenome,GENOMIC
SAMEA14215639,PRJEB37883,primary,infant_evidenced,K18-1,2,human gut metagenome,GENOMIC
SAMEA14215640,PRJEB37883,primary,infant_evidenced,L02-3,2,human gut metagenome,GENOMIC
SAMEA14215641,PRJEB37883,primary,infant_evidenced,L05-3,2,human gut metagenome,GENOMIC
SAMEA14215642,PRJEB37883,primary,infant_evidenced,L18-1,2,human gut metagenome,GENOMIC
SAMEA14215643,PRJEB37883,primary,infant_evidenced,L18-3,2,human gut metagenome,GENOMIC
SAMEA14299816,PRJEB37883,primary,infant_evidenced,G01-1,2,human gut metagenome,GENOMIC
SAMEA14299817,PRJEB37883,primary,infant_evidenced,G01-2,2,human gut metagenome,GENOMIC
SAMEA14299818,PRJEB37883,primary,infant_evidenced,G01-3,2,human gut metagenome,GENOMIC
SAMEA14299819,PRJEB37883,primary,infant_evidenced,G01-4,2,human gut metagenome,GENOMIC
SAMEA14299820,PRJEB37883,primary,infant_evidenced,G01-5,2,human gut metagenome,GENOMIC
SAMEA14299821,PRJEB37883,primary,infant_evidenced,G01-6,2,human gut metagenome,GENOMIC
SAMEA14299822,PRJEB37883,primary,infant_evidenced,G01-7,2,human gut metagenome,GENOMIC
SAMEA14299823,PRJEB37883,primary,infant_evidenced,G02-1,2,human gut metagenome,GENOMIC
SAMEA14299824,PRJEB37883,primary,infant_evidenced,G02-2,2,human gut metagenome,GENOMIC
SAMEA14299825,PRJEB37883,primary,infant_evidenced,G02-3,2,human gut metagenome,GENOMIC
SAMEA14299826,PRJEB37883,primary,infant_evidenced,G02-4,2,human gut metagenome,GENOMIC
SAMEA14299827,PRJEB37883,primary,infant_evidenced,G02-5,2,human gut metagenome,GENOMIC
SAMEA14299828,PRJEB37883,primary,infant_evidenced,G02-6,2,human gut metagenome,GENOMIC
SAMEA14299829,PRJEB37883,primary,infant_evidenced,G02-7,2,human gut metagenome,GENOMIC
SAMEA14299830,PRJEB37883,primary,infant_evidenced,G03-1,2,human gut metagenome,GENOMIC
SAMEA14299831,PRJEB37883,primary,infant_evidenced,G03-2,2,human gut metagenome,GENOMIC
SAMEA14299833,PRJEB37883,primary,infant_evidenced,G03-4,2,human gut metagenome,GENOMIC
SAMEA14299834,PRJEB37883,primary,infant_evidenced,G03-5,2,human gut metagenome,GENOMIC
SAMEA14299835,PRJEB37883,primary,infant_evidenced,G03-6,2,human gut metagenome,GENOMIC
SAMEA14299836,PRJEB37883,primary,infant_evidenced,G03-7,1,human gut metagenome,GENOMIC
SAMEA14299837,PRJEB37883,primary,infant_evidenced,G04-1,2,human gut metagenome,GENOMIC
SAMEA14299838,PRJEB37883,primary,infant_evidenced,G04-2,2,human gut metagenome,GENOMIC
SAMEA14299839,PRJEB37883,primary,infant_evidenced,G04-3,2,human gut metagenome,GENOMIC
SAMEA14299840,PRJEB37883,primary,infant_evidenced,G04-4,2,human gut metagenome,GENOMIC
SAMEA14299841,PRJEB37883,primary,infant_evidenced,G04-5,2,human gut metagenome,GENOMIC
SAMEA14299842,PRJEB37883,primary,infant_evidenced,G04-6,2,human gut metagenome,GENOMIC
SAMEA14299843,PRJEB37883,primary,infant_evidenced,G04-7,2,human gut metagenome,GENOMIC
SAMEA14299844,PRJEB37883,primary,infant_evidenced,G05-1,2,human gut metagenome,GENOMIC
SAMEA14299845,PRJEB37883,primary,infant_evidenced,G05-2,2,human gut metagenome,GENOMIC
SAMEA14299847,PRJEB37883,primary,infant_evidenced,G05-4,2,human gut metagenome,GENOMIC
SAMEA14299848,PRJEB37883,primary,infant_evidenced,G05-5,2,human gut metagenome,GENOMIC
SAMEA14299849,PRJEB37883,primary,infant_evidenced,G05-6,2,human gut metagenome,GENOMIC
SAMEA14299851,PRJEB37883,primary,infant_evidenced,G06-1,2,human gut metagenome,GENOMIC
SAMEA14299852,PRJEB37883,primary,infant_evidenced,G06-2,2,human gut metagenome,GENOMIC
SAMEA14299853,PRJEB37883,primary,infant_evidenced,G06-3,2,human gut metagenome,GENOMIC
SAMEA14299854,PRJEB37883,primary,infant_evidenced,G06-4,2,human gut metagenome,GENOMIC
SAMEA14299855,PRJEB37883,primary,infant_evidenced,G06-5,2,human gut metagenome,GENOMIC
SAMEA14299856,PRJEB37883,primary,infant_evidenced,G06-6,2,human gut metagenome,GENOMIC
SAMEA14299857,PRJEB37883,primary,infant_evidenced,G06-7,2,human gut metagenome,GENOMIC
SAMEA14299858,PRJEB37883,primary,infant_evidenced,G07-1,2,human gut metagenome,GENOMIC
SAMEA14299859,PRJEB37883,primary,infant_evidenced,G07-2,2,human gut metagenome,GENOMIC
SAMEA14299860,PRJEB37883,primary,infant_evidenced,G07-3,2,human gut metagenome,GENOMIC
SAMEA14299861,PRJEB37883,primary,infant_evidenced,G07-4,2,human gut metagenome,GENOMIC
SAMEA14299862,PRJEB37883,primary,infant_evidenced,G07-5,2,human gut metagenome,GENOMIC
SAMEA14299863,PRJEB37883,primary,infant_evidenced,G07-6,2,human gut metagenome,GENOMIC
SAMEA14299864,PRJEB37883,primary,infant_evidenced,G07-7,2,human gut metagenome,GENOMIC
SAMEA14299865,PRJEB37883,primary,infant_evidenced,G08-1,2,human gut metagenome,GENOMIC
SAMEA14299866,PRJEB37883,primary,infant_evidenced,G08-2,2,human gut metagenome,GENOMIC
SAMEA14299867,PRJEB37883,primary,infant_evidenced,G08-3,2,human gut metagenome,GENOMIC
SAMEA14299868,PRJEB37883,primary,infant_evidenced,G08-4,2,human gut metagenome,GENOMIC
SAMEA14299869,PRJEB37883,primary,infant_evidenced,G08-5,2,human gut metagenome,GENOMIC
SAMEA14299870,PRJEB37883,primary,infant_evidenced,G08-7,2,human gut metagenome,GENOMIC
SAMEA14299871,PRJEB37883,primary,infant_evidenced,G09-1,2,human gut metagenome,GENOMIC
SAMEA14299872,PRJEB37883,primary,infant_evidenced,G09-2,2,human gut metagenome,GENOMIC
SAMEA14299873,PRJEB37883,primary,infant_evidenced,G09-3,2,human gut metagenome,GENOMIC
SAMEA14299874,PRJEB37883,primary,infant_evidenced,G09-4,2,human gut metagenome,GENOMIC
SAMEA14299875,PRJEB37883,primary,infant_evidenced,G09-5,2,human gut metagenome,GENOMIC
SAMEA14299876,PRJEB37883,primary,infant_evidenced,G09-6,2,human gut metagenome,GENOMIC
SAMEA14299877,PRJEB37883,primary,infant_evidenced,G09-7,2,human gut metagenome,GENOMIC
SAMEA14299878,PRJEB37883,primary,infant_evidenced,G10-1,2,human gut metagenome,GENOMIC
SAMEA14299879,PRJEB37883,primary,infant_evidenced,G10-2,2,human gut metagenome,GENOMIC
SAMEA14299880,PRJEB37883,primary,infant_evidenced,G10-3,2,human gut metagenome,GENOMIC
SAMEA14299881,PRJEB37883,primary,infant_evidenced,G10-4,2,human gut metagenome,GENOMIC
SAMEA14299882,PRJEB37883,primary,infant_evidenced,G10-5,2,human gut metagenome,GENOMIC
SAMEA14299883,PRJEB37883,primary,infant_evidenced,G10-6,2,human gut metagenome,GENOMIC
SAMEA14299884,PRJEB37883,primary,infant_evidenced,G10-7,2,human gut metagenome,GENOMIC
SAMEA14299885,PRJEB37883,primary,infant_evidenced,G11-1,2,human gut metagenome,GENOMIC
SAMEA14299886,PRJEB37883,primary,infant_evidenced,G11-2,2,human gut metagenome,GENOMIC
SAMEA14299888,PRJEB37883,primary,infant_evidenced,G11-4,2,human gut metagenome,GENOMIC
SAMEA14299889,PRJEB37883,primary,infant_evidenced,G11-5,2,human gut metagenome,GENOMIC
SAMEA14299890,PRJEB37883,primary,infant_evidenced,G11-6,2,human gut metagenome,GENOMIC
SAMEA14299892,PRJEB37883,primary,infant_evidenced,G12-1,2,human gut metagenome,GENOMIC
SAMEA14299893,PRJEB37883,primary,infant_evidenced,G12-2,2,human gut metagenome,GENOMIC
SAMEA14299895,PRJEB37883,primary,infant_evidenced,G12-4,2,human gut metagenome,GENOMIC
SAMEA14299896,PRJEB37883,primary,infant_evidenced,G12-5,2,human gut metagenome,GENOMIC
SAMEA14299897,PRJEB37883,primary,infant_evidenced,G12-6,2,human gut metagenome,GENOMIC
SAMEA14299899,PRJEB37883,primary,infant_evidenced,G13-1,2,human gut metagenome,GENOMIC
SAMEA14299900,PRJEB37883,primary,infant_evidenced,G13-2,2,human gut metagenome,GENOMIC
SAMEA14299902,PRJEB37883,primary,infant_evidenced,G13-4,2,human gut metagenome,GENOMIC
SAMEA14299903,PRJEB37883,primary,infant_evidenced,G13-5,2,human gut metagenome,GENOMIC
SAMEA14299904,PRJEB37883,primary,infant_evidenced,G13-6,2,human gut metagenome,GENOMIC
SAMEA14299906,PRJEB37883,primary,infant_evidenced,G14-1,2,human gut metagenome,GENOMIC
SAMEA14299907,PRJEB37883,primary,infant_evidenced,G14-2,2,human gut metagenome,GENOMIC
SAMEA14299908,PRJEB37883,primary,infant_evidenced,G14-5,2,human gut metagenome,GENOMIC
SAMEA14299909,PRJEB37883,primary,infant_evidenced,G14-6,2,human gut metagenome,GENOMIC
SAMEA14299911,PRJEB37883,primary,infant_evidenced,G15-1,2,human gut metagenome,GENOMIC
SAMEA14299912,PRJEB37883,primary,infant_evidenced,G15-2,2,human gut metagenome,GENOMIC
SAMEA14299913,PRJEB37883,primary,infant_evidenced,G15-3,2,human gut metagenome,GENOMIC
SAMEA14299914,PRJEB37883,primary,infant_evidenced,G15-4,2,human gut metagenome,GENOMIC
SAMEA14299915,PRJEB37883,primary,infant_evidenced,G15-5,2,human gut metagenome,GENOMIC
SAMEA14299916,PRJEB37883,primary,infant_evidenced,G15-6,2,human gut metagenome,GENOMIC
SAMEA14299919,PRJEB37883,primary,infant_evidenced,G17-1,2,human gut metagenome,GENOMIC
SAMEA14299920,PRJEB37883,primary,infant_evidenced,G17-2,2,human gut metagenome,GENOMIC
SAMEA14299922,PRJEB37883,primary,infant_evidenced,G17-4,2,human gut metagenome,GENOMIC
SAMEA14299923,PRJEB37883,primary,infant_evidenced,G17-5,2,human gut metagenome,GENOMIC
SAMEA14299924,PRJEB37883,primary,infant_evidenced,G17-6,2,human gut metagenome,GENOMIC
SAMEA14299926,PRJEB37883,primary,infant_evidenced,G18-1,2,human gut metagenome,GENOMIC
SAMEA14299927,PRJEB37883,primary,infant_evidenced,G18-2,2,human gut metagenome,GENOMIC
SAMEA14299928,PRJEB37883,primary,infant_evidenced,G18-3,2,human gut metagenome,GENOMIC
SAMEA14299929,PRJEB37883,primary,infant_evidenced,G18-4,2,human gut metagenome,GENOMIC
SAMEA14299930,PRJEB37883,primary,infant_evidenced,G18-5,2,human gut metagenome,GENOMIC
SAMEA14299931,PRJEB37883,primary,infant_evidenced,G18-6,2,human gut metagenome,GENOMIC
SAMEA14299932,PRJEB37883,primary,infant_evidenced,G18-7,2,human gut metagenome,GENOMIC
SAMEA14299933,PRJEB37883,primary,infant_evidenced,G19-1,2,human gut metagenome,GENOMIC
SAMEA14299934,PRJEB37883,primary,infant_evidenced,G19-2,2,human gut metagenome,GENOMIC
SAMEA14299935,PRJEB37883,primary,infant_evidenced,G19-3,2,human gut metagenome,GENOMIC
SAMEA14299936,PRJEB37883,primary,infant_evidenced,G19-4,2,human gut metagenome,GENOMIC
SAMEA14299937,PRJEB37883,primary,infant_evidenced,G20-1,2,human gut metagenome,GENOMIC
SAMEA14299938,PRJEB37883,primary,infant_evidenced,G20-2,2,human gut metagenome,GENOMIC
SAMEA14299939,PRJEB37883,primary,infant_evidenced,G20-3,2,human gut metagenome,GENOMIC
SAMEA14299940,PRJEB37883,primary,infant_evidenced,G20-4,2,human gut metagenome,GENOMIC
SAMEA14299941,PRJEB37883,primary,infant_evidenced,G20-5,2,human gut metagenome,GENOMIC
SAMEA14299942,PRJEB37883,primary,infant_evidenced,G20-6,2,human gut metagenome,GENOMIC
SAMEA14299943,PRJEB37883,primary,infant_evidenced,G20-7,2,human gut metagenome,GENOMIC
SAMEA14299944,PRJEB37883,primary,infant_evidenced,K01-1,2,human gut metagenome,GENOMIC
SAMEA14299945,PRJEB37883,primary,infant_evidenced,K01-2,2,human gut metagenome,GENOMIC
SAMEA14299946,PRJEB37883,primary,infant_evidenced,K01-3,2,human gut metagenome,GENOMIC
SAMEA14299947,PRJEB37883,primary,infant_evidenced,K01-4,2,human gut metagenome,GENOMIC
SAMEA14299948,PRJEB37883,primary,infant_evidenced,K01-5,2,human gut metagenome,GENOMIC
SAMEA14299949,PRJEB37883,primary,infant_evidenced,K01-6,2,human gut metagenome,GENOMIC
SAMEA14299950,PRJEB37883,primary,infant_evidenced,K01-7,2,human gut metagenome,GENOMIC
SAMEA14299951,PRJEB37883,primary,infant_evidenced,K02-1,2,human gut metagenome,GENOMIC
SAMEA14299952,PRJEB37883,primary,infant_evidenced,K02-2,2,human gut metagenome,GENOMIC
SAMEA14299953,PRJEB37883,primary,infant_evidenced,K02-3,2,human gut metagenome,GENOMIC
SAMEA14299954,PRJEB37883,primary,infant_evidenced,K02-4,2,human gut metagenome,GENOMIC
SAMEA14299955,PRJEB37883,primary,infant_evidenced,K02-5,2,human gut metagenome,GENOMIC
SAMEA14299956,PRJEB37883,primary,infant_evidenced,K02-6,2,human gut metagenome,GENOMIC
SAMEA14299957,PRJEB37883,primary,infant_evidenced,K02-7,2,human gut metagenome,GENOMIC
SAMEA14299958,PRJEB37883,primary,infant_evidenced,K03-1,2,human gut metagenome,GENOMIC
SAMEA14299959,PRJEB37883,primary,infant_evidenced,K03-2,2,human gut metagenome,GENOMIC
SAMEA14299960,PRJEB37883,primary,infant_evidenced,K03-3,2,human gut metagenome,GENOMIC
SAMEA14299961,PRJEB37883,primary,infant_evidenced,K03-4,2,human gut metagenome,GENOMIC
SAMEA14299962,PRJEB37883,primary,infant_evidenced,K03-5,2,human gut metagenome,GENOMIC
SAMEA14299963,PRJEB37883,primary,infant_evidenced,K03-6,2,human gut metagenome,GENOMIC
SAMEA14299964,PRJEB37883,primary,infant_evidenced,K03-7,2,human gut metagenome,GENOMIC
SAMEA14299965,PRJEB37883,primary,infant_evidenced,K04-1,2,human gut metagenome,GENOMIC
SAMEA14299966,PRJEB37883,primary,infant_evidenced,K04-2,2,human gut metagenome,GENOMIC
SAMEA14299967,PRJEB37883,primary,infant_evidenced,K04-3,2,human gut metagenome,GENOMIC
SAMEA14299968,PRJEB37883,primary,infant_evidenced,K04-4,2,human gut metagenome,GENOMIC
SAMEA14299969,PRJEB37883,primary,infant_evidenced,K04-5,2,human gut metagenome,GENOMIC
SAMEA14299970,PRJEB37883,primary,infant_evidenced,K04-6,2,human gut metagenome,GENOMIC
SAMEA14299971,PRJEB37883,primary,infant_evidenced,K04-7,2,human gut metagenome,GENOMIC
SAMEA14299972,PRJEB37883,primary,infant_evidenced,K05-1,2,human gut metagenome,GENOMIC
SAMEA14299973,PRJEB37883,primary,infant_evidenced,K05-2,2,human gut metagenome,GENOMIC
SAMEA14299974,PRJEB37883,primary,infant_evidenced,K05-4,2,human gut metagenome,GENOMIC
SAMEA14299975,PRJEB37883,primary,infant_evidenced,K05-5,2,human gut metagenome,GENOMIC
SAMEA14299976,PRJEB37883,primary,infant_evidenced,K05-6,2,human gut metagenome,GENOMIC
SAMEA14299977,PRJEB37883,primary,infant_evidenced,K05-7,2,human gut metagenome,GENOMIC
SAMEA14299978,PRJEB37883,primary,infant_evidenced,K06-1,2,human gut metagenome,GENOMIC
SAMEA14299979,PRJEB37883,primary,infant_evidenced,K06-2,2,human gut metagenome,GENOMIC
SAMEA14299980,PRJEB37883,primary,infant_evidenced,K06-3,2,human gut metagenome,GENOMIC
SAMEA14299981,PRJEB37883,primary,infant_evidenced,K06-4,2,human gut metagenome,GENOMIC
SAMEA14299982,PRJEB37883,primary,infant_evidenced,K06-5,2,human gut metagenome,GENOMIC
SAMEA14299983,PRJEB37883,primary,infant_evidenced,K06-6,2,human gut metagenome,GENOMIC
SAMEA14299984,PRJEB37883,primary,infant_evidenced,K06-7,2,human gut metagenome,GENOMIC
SAMEA14299985,PRJEB37883,primary,infant_evidenced,K07-1,2,human gut metagenome,GENOMIC
SAMEA14299986,PRJEB37883,primary,infant_evidenced,K07-2,2,human gut metagenome,GENOMIC
SAMEA14299987,PRJEB37883,primary,infant_evidenced,K07-3,2,human gut metagenome,GENOMIC
SAMEA14299988,PRJEB37883,primary,infant_evidenced,K07-4,2,human gut metagenome,GENOMIC
SAMEA14299989,PRJEB37883,primary,infant_evidenced,K07-5,2,human gut metagenome,GENOMIC
SAMEA14299990,PRJEB37883,primary,infant_evidenced,K07-6,2,human gut metagenome,GENOMIC
SAMEA14299991,PRJEB37883,primary,infant_evidenced,K07-7,2,human gut metagenome,GENOMIC
SAMEA14299992,PRJEB37883,primary,infant_evidenced,K08-1,2,human gut metagenome,GENOMIC
SAMEA14299993,PRJEB37883,primary,infant_evidenced,K08-2,2,human gut metagenome,GENOMIC
SAMEA14299994,PRJEB37883,primary,infant_evidenced,K08-3,2,human gut metagenome,GENOMIC
SAMEA14299995,PRJEB37883,primary,infant_evidenced,K08-4,2,human gut metagenome,GENOMIC
SAMEA14299996,PRJEB37883,primary,infant_evidenced,K08-5,2,human gut metagenome,GENOMIC
SAMEA14299997,PRJEB37883,primary,infant_evidenced,K08-6,2,human gut metagenome,GENOMIC
SAMEA14299999,PRJEB37883,primary,infant_evidenced,K09-1,2,human gut metagenome,GENOMIC
SAMEA14300000,PRJEB37883,primary,infant_evidenced,K09-2,2,human gut metagenome,GENOMIC
SAMEA14300001,PRJEB37883,primary,infant_evidenced,K09-3,2,human gut metagenome,GENOMIC
SAMEA14300002,PRJEB37883,primary,infant_evidenced,K09-4,2,human gut metagenome,GENOMIC
SAMEA14300003,PRJEB37883,primary,infant_evidenced,K09-5,2,human gut metagenome,GENOMIC
SAMEA14300004,PRJEB37883,primary,infant_evidenced,K09-6,2,human gut metagenome,GENOMIC
SAMEA14300005,PRJEB37883,primary,infant_evidenced,K09-7,2,human gut metagenome,GENOMIC
SAMEA14300006,PRJEB37883,primary,infant_evidenced,K10-1,2,human gut metagenome,GENOMIC
SAMEA14300007,PRJEB37883,primary,infant_evidenced,K10-2,2,human gut metagenome,GENOMIC
SAMEA14300008,PRJEB37883,primary,infant_evidenced,K10-3,2,human gut metagenome,GENOMIC
SAMEA14300009,PRJEB37883,primary,infant_evidenced,K10-4,2,human gut metagenome,GENOMIC
SAMEA14300010,PRJEB37883,primary,infant_evidenced,K10-5,2,human gut metagenome,GENOMIC
SAMEA14300011,PRJEB37883,primary,infant_evidenced,K10-6,2,human gut metagenome,GENOMIC
SAMEA14300012,PRJEB37883,primary,infant_evidenced,K10-7,2,human gut metagenome,GENOMIC
SAMEA14300013,PRJEB37883,primary,infant_evidenced,K11-1,2,human gut metagenome,GENOMIC
SAMEA14300014,PRJEB37883,primary,infant_evidenced,K11-2,2,human gut metagenome,GENOMIC
SAMEA14300015,PRJEB37883,primary,infant_evidenced,K11-3,1,human gut metagenome,GENOMIC
SAMEA14300016,PRJEB37883,primary,infant_evidenced,K11-4,2,human gut metagenome,GENOMIC
SAMEA14300017,PRJEB37883,primary,infant_evidenced,K11-5,2,human gut metagenome,GENOMIC
SAMEA14300018,PRJEB37883,primary,infant_evidenced,K11-6,2,human gut metagenome,GENOMIC
SAMEA14300020,PRJEB37883,primary,infant_evidenced,K12-1,2,human gut metagenome,GENOMIC
SAMEA14300021,PRJEB37883,primary,infant_evidenced,K12-2,2,human gut metagenome,GENOMIC
SAMEA14300022,PRJEB37883,primary,infant_evidenced,K12-3,2,human gut metagenome,GENOMIC
SAMEA14300023,PRJEB37883,primary,infant_evidenced,K12-4,2,human gut metagenome,GENOMIC
SAMEA14300024,PRJEB37883,primary,infant_evidenced,K12-5,2,human gut metagenome,GENOMIC
SAMEA14300025,PRJEB37883,primary,infant_evidenced,K12-6,2,human gut metagenome,GENOMIC
SAMEA14300026,PRJEB37883,primary,infant_evidenced,K12-7,2,human gut metagenome,GENOMIC
SAMEA14300027,PRJEB37883,primary,infant_evidenced,K13-1,2,human gut metagenome,GENOMIC
SAMEA14300028,PRJEB37883,primary,infant_evidenced,K13-2,2,human gut metagenome,GENOMIC
SAMEA14300029,PRJEB37883,primary,infant_evidenced,K13-3,2,human gut metagenome,GENOMIC
SAMEA14300030,PRJEB37883,primary,infant_evidenced,K13-4,2,human gut metagenome,GENOMIC
SAMEA14300031,PRJEB37883,primary,infant_evidenced,K13-5,2,human gut metagenome,GENOMIC
SAMEA14300032,PRJEB37883,primary,infant_evidenced,K13-6,2,human gut metagenome,GENOMIC
SAMEA14300034,PRJEB37883,primary,infant_evidenced,K14-1,2,human gut metagenome,GENOMIC
SAMEA14300035,PRJEB37883,primary,infant_evidenced,K14-2,2,human gut metagenome,GENOMIC
SAMEA14300036,PRJEB37883,primary,infant_evidenced,K14-3,2,human gut metagenome,GENOMIC
SAMEA14300037,PRJEB37883,primary,infant_evidenced,K14-4,2,human gut metagenome,GENOMIC
SAMEA14300038,PRJEB37883,primary,infant_evidenced,K14-5,2,human gut metagenome,GENOMIC
SAMEA14300039,PRJEB37883,primary,infant_evidenced,K14-6,2,human gut metagenome,GENOMIC
SAMEA14300041,PRJEB37883,primary,infant_evidenced,K15-1,2,human gut metagenome,GENOMIC
SAMEA14300042,PRJEB37883,primary,infant_evidenced,K15-2,2,human gut metagenome,GENOMIC
SAMEA14300043,PRJEB37883,primary,infant_evidenced,K15-3,2,human gut metagenome,GENOMIC
SAMEA14300044,PRJEB37883,primary,infant_evidenced,K15-4,2,human gut metagenome,GENOMIC
SAMEA14300045,PRJEB37883,primary,infant_evidenced,K15-5,2,human gut metagenome,GENOMIC
SAMEA14300046,PRJEB37883,primary,infant_evidenced,K15-6,2,human gut metagenome,GENOMIC
SAMEA14300048,PRJEB37883,primary,infant_evidenced,K16-1,2,human gut metagenome,GENOMIC
SAMEA14300049,PRJEB37883,primary,infant_evidenced,K16-2,2,human gut metagenome,GENOMIC
SAMEA14300051,PRJEB37883,primary,infant_evidenced,K16-4,2,human gut metagenome,GENOMIC
SAMEA14300052,PRJEB37883,primary,infant_evidenced,K16-5,2,human gut metagenome,GENOMIC
SAMEA14300053,PRJEB37883,primary,infant_evidenced,K16-6,2,human gut metagenome,GENOMIC
SAMEA14300055,PRJEB37883,primary,infant_evidenced,K17-1,2,human gut metagenome,GENOMIC
SAMEA14300056,PRJEB37883,primary,infant_evidenced,K17-2,2,human gut metagenome,GENOMIC
SAMEA14300057,PRJEB37883,primary,infant_evidenced,K17-3,2,human gut metagenome,GENOMIC
SAMEA14300058,PRJEB37883,primary,infant_evidenced,K17-4,2,human gut metagenome,GENOMIC
SAMEA14300059,PRJEB37883,primary,infant_evidenced,K17-5,2,human gut metagenome,GENOMIC
SAMEA14300060,PRJEB37883,primary,infant_evidenced,K17-6,2,human gut metagenome,GENOMIC
SAMEA14300063,PRJEB37883,primary,infant_evidenced,K18-2,2,human gut metagenome,GENOMIC
SAMEA14300064,PRJEB37883,primary,infant_evidenced,K18-3,2,human gut metagenome,GENOMIC
SAMEA14300065,PRJEB37883,primary,infant_evidenced,K18-4,2,human gut metagenome,GENOMIC
SAMEA14300066,PRJEB37883,primary,infant_evidenced,K18-5,2,human gut metagenome,GENOMIC
SAMEA14300067,PRJEB37883,primary,infant_evidenced,K18-6,2,human gut metagenome,GENOMIC
SAMEA14300069,PRJEB37883,primary,infant_evidenced,L01-1,2,human gut metagenome,GENOMIC
SAMEA14300070,PRJEB37883,primary,infant_evidenced,L01-2,2,human gut metagenome,GENOMIC
SAMEA14300071,PRJEB37883,primary,infant_evidenced,L01-3,2,human gut metagenome,GENOMIC
SAMEA14300072,PRJEB37883,primary,infant_evidenced,L01-4,2,human gut metagenome,GENOMIC
SAMEA14300073,PRJEB37883,primary,infant_evidenced,L01-5,2,human gut metagenome,GENOMIC
SAMEA14300074,PRJEB37883,primary,infant_evidenced,L01-6,2,human gut metagenome,GENOMIC
SAMEA14300075,PRJEB37883,primary,infant_evidenced,L01-7,2,human gut metagenome,GENOMIC
SAMEA14300076,PRJEB37883,primary,infant_evidenced,L02-1,2,human gut metagenome,GENOMIC
SAMEA14300077,PRJEB37883,primary,infant_evidenced,L02-2,2,human gut metagenome,GENOMIC
SAMEA14300079,PRJEB37883,primary,infant_evidenced,L02-4,2,human gut metagenome,GENOMIC
SAMEA14300080,PRJEB37883,primary,infant_evidenced,L02-5,2,human gut metagenome,GENOMIC
SAMEA14300081,PRJEB37883,primary,infant_evidenced,L02-6,2,human gut metagenome,GENOMIC
SAMEA14300083,PRJEB37883,primary,infant_evidenced,L03-1,2,human gut metagenome,GENOMIC
SAMEA14300084,PRJEB37883,primary,infant_evidenced,L03-2,2,human gut metagenome,GENOMIC
SAMEA14300085,PRJEB37883,primary,infant_evidenced,L03-3,2,human gut metagenome,GENOMIC
SAMEA14300086,PRJEB37883,primary,infant_evidenced,L03-4,2,human gut metagenome,GENOMIC
SAMEA14300087,PRJEB37883,primary,infant_evidenced,L03-5,2,human gut metagenome,GENOMIC
SAMEA14300088,PRJEB37883,primary,infant_evidenced,L03-6,2,human gut metagenome,GENOMIC
SAMEA14300089,PRJEB37883,primary,infant_evidenced,L03-7,2,human gut metagenome,GENOMIC
SAMEA14300090,PRJEB37883,primary,infant_evidenced,L04-1,2,human gut metagenome,GENOMIC
SAMEA14300091,PRJEB37883,primary,infant_evidenced,L04-2,2,human gut metagenome,GENOMIC
SAMEA14300092,PRJEB37883,primary,infant_evidenced,L04-3,2,human gut metagenome,GENOMIC
SAMEA14300093,PRJEB37883,primary,infant_evidenced,L04-4,2,human gut metagenome,GENOMIC
SAMEA14300094,PRJEB37883,primary,infant_evidenced,L04-5,2,human gut metagenome,GENOMIC
SAMEA14300095,PRJEB37883,primary,infant_evidenced,L04-6,2,human gut metagenome,GENOMIC
SAMEA14300096,PRJEB37883,primary,infant_evidenced,L04-7,2,human gut metagenome,GENOMIC
SAMEA14300097,PRJEB37883,primary,infant_evidenced,L05-1,2,human gut metagenome,GENOMIC
SAMEA14300098,PRJEB37883,primary,infant_evidenced,L05-2,2,human gut metagenome,GENOMIC
SAMEA14300100,PRJEB37883,primary,infant_evidenced,L05-4,2,human gut metagenome,GENOMIC
SAMEA14300101,PRJEB37883,primary,infant_evidenced,L05-5,2,human gut metagenome,GENOMIC
SAMEA14300102,PRJEB37883,primary,infant_evidenced,L05-6,2,human gut metagenome,GENOMIC
SAMEA14300104,PRJEB37883,primary,infant_evidenced,L06-1,2,human gut metagenome,GENOMIC
SAMEA14300105,PRJEB37883,primary,infant_evidenced,L06-2,2,human gut metagenome,GENOMIC
SAMEA14300106,PRJEB37883,primary,infant_evidenced,L06-3,2,human gut metagenome,GENOMIC
SAMEA14300107,PRJEB37883,primary,infant_evidenced,L06-4,2,human gut metagenome,GENOMIC
SAMEA14300108,PRJEB37883,primary,infant_evidenced,L06-5,2,human gut metagenome,GENOMIC
SAMEA14300109,PRJEB37883,primary,infant_evidenced,L06-6,2,human gut metagenome,GENOMIC
SAMEA14300110,PRJEB37883,primary,infant_evidenced,L06-7,2,human gut metagenome,GENOMIC
SAMEA14300111,PRJEB37883,primary,infant_evidenced,L07-1,2,human gut metagenome,GENOMIC
SAMEA14300112,PRJEB37883,primary,infant_evidenced,L07-2,2,human gut metagenome,GENOMIC
SAMEA14300113,PRJEB37883,primary,infant_evidenced,L07-3,2,human gut metagenome,GENOMIC
SAMEA14300114,PRJEB37883,primary,infant_evidenced,L07-4,2,human gut metagenome,GENOMIC
SAMEA14300115,PRJEB37883,primary,infant_evidenced,L07-5,2,human gut metagenome,GENOMIC
SAMEA14300116,PRJEB37883,primary,infant_evidenced,L07-6,2,human gut metagenome,GENOMIC
SAMEA14300118,PRJEB37883,primary,infant_evidenced,L08-1,2,human gut metagenome,GENOMIC
SAMEA14300119,PRJEB37883,primary,infant_evidenced,L08-2,2,human gut metagenome,GENOMIC
SAMEA14300120,PRJEB37883,primary,infant_evidenced,L08-3,2,human gut metagenome,GENOMIC
SAMEA14300121,PRJEB37883,primary,infant_evidenced,L08-4,2,human gut metagenome,GENOMIC
SAMEA14300122,PRJEB37883,primary,infant_evidenced,L08-5,2,human gut metagenome,GENOMIC
SAMEA14300123,PRJEB37883,primary,infant_evidenced,L08-6,2,human gut metagenome,GENOMIC
SAMEA14300125,PRJEB37883,primary,infant_evidenced,L09-1,2,human gut metagenome,GENOMIC
SAMEA14300126,PRJEB37883,primary,infant_evidenced,L09-2,2,human gut metagenome,GENOMIC
SAMEA14300127,PRJEB37883,primary,infant_evidenced,L09-3,2,human gut metagenome,GENOMIC
SAMEA14300128,PRJEB37883,primary,infant_evidenced,L09-4,2,human gut metagenome,GENOMIC
SAMEA14300129,PRJEB37883,primary,infant_evidenced,L09-5,2,human gut metagenome,GENOMIC
SAMEA14300130,PRJEB37883,primary,infant_evidenced,L09-6,2,human gut metagenome,GENOMIC
SAMEA14300132,PRJEB37883,primary,infant_evidenced,L10-1,2,human gut metagenome,GENOMIC
SAMEA14300133,PRJEB37883,primary,infant_evidenced,L10-2,2,human gut metagenome,GENOMIC
SAMEA14300134,PRJEB37883,primary,infant_evidenced,L10-3,2,human gut metagenome,GENOMIC
SAMEA14300135,PRJEB37883,primary,infant_evidenced,L10-4,2,human gut metagenome,GENOMIC
SAMEA14300136,PRJEB37883,primary,infant_evidenced,L10-5,2,human gut metagenome,GENOMIC
SAMEA14300137,PRJEB37883,primary,infant_evidenced,L10-6,2,human gut metagenome,GENOMIC
SAMEA14300139,PRJEB37883,primary,infant_evidenced,L11-1,2,human gut metagenome,GENOMIC
SAMEA14300140,PRJEB37883,primary,infant_evidenced,L11-2,2,human gut metagenome,GENOMIC
SAMEA14300141,PRJEB37883,primary,infant_evidenced,L11-3,2,human gut metagenome,GENOMIC
SAMEA14300142,PRJEB37883,primary,infant_evidenced,L11-4,2,human gut metagenome,GENOMIC
SAMEA14300143,PRJEB37883,primary,infant_evidenced,L11-5,2,human gut metagenome,GENOMIC
SAMEA14300144,PRJEB37883,primary,infant_evidenced,L11-6,2,human gut metagenome,GENOMIC
SAMEA14300146,PRJEB37883,primary,infant_evidenced,L12-1,2,human gut metagenome,GENOMIC
SAMEA14300147,PRJEB37883,primary,infant_evidenced,L12-2,2,human gut metagenome,GENOMIC
SAMEA14300148,PRJEB37883,primary,infant_evidenced,L12-3,2,human gut metagenome,GENOMIC
SAMEA14300149,PRJEB37883,primary,infant_evidenced,L12-4,2,human gut metagenome,GENOMIC
SAMEA14300150,PRJEB37883,primary,infant_evidenced,L12-5,2,human gut metagenome,GENOMIC
SAMEA14300151,PRJEB37883,primary,infant_evidenced,L12-6,2,human gut metagenome,GENOMIC
SAMEA14300152,PRJEB37883,primary,infant_evidenced,L12-7,2,human gut metagenome,GENOMIC
SAMEA14300153,PRJEB37883,primary,infant_evidenced,L13-1,2,human gut metagenome,GENOMIC
SAMEA14300154,PRJEB37883,primary,infant_evidenced,L13-2,2,human gut metagenome,GENOMIC
SAMEA14300155,PRJEB37883,primary,infant_evidenced,L13-3,2,human gut metagenome,GENOMIC
SAMEA14300156,PRJEB37883,primary,infant_evidenced,L13-4,2,human gut metagenome,GENOMIC
SAMEA14300157,PRJEB37883,primary,infant_evidenced,L13-5,2,human gut metagenome,GENOMIC
SAMEA14300158,PRJEB37883,primary,infant_evidenced,L13-6,2,human gut metagenome,GENOMIC
SAMEA14300159,PRJEB37883,primary,infant_evidenced,L13-7,2,human gut metagenome,GENOMIC
SAMEA14300160,PRJEB37883,primary,infant_evidenced,L14-1,2,human gut metagenome,GENOMIC
SAMEA14300161,PRJEB37883,primary,infant_evidenced,L14-2,2,human gut metagenome,GENOMIC
SAMEA14300162,PRJEB37883,primary,infant_evidenced,L14-3,2,human gut metagenome,GENOMIC
SAMEA14300163,PRJEB37883,primary,infant_evidenced,L14-4,2,human gut metagenome,GENOMIC
SAMEA14300164,PRJEB37883,primary,infant_evidenced,L14-5,2,human gut metagenome,GENOMIC
SAMEA14300165,PRJEB37883,primary,infant_evidenced,L14-6,2,human gut metagenome,GENOMIC
SAMEA14300166,PRJEB37883,primary,infant_evidenced,L14-7,2,human gut metagenome,GENOMIC
SAMEA14300167,PRJEB37883,primary,infant_evidenced,L15-1,2,human gut metagenome,GENOMIC
SAMEA14300168,PRJEB37883,primary,infant_evidenced,L15-2,2,human gut metagenome,GENOMIC
SAMEA14300169,PRJEB37883,primary,infant_evidenced,L15-3,2,human gut metagenome,GENOMIC
SAMEA14300170,PRJEB37883,primary,infant_evidenced,L15-4,2,human gut metagenome,GENOMIC
SAMEA14300171,PRJEB37883,primary,infant_evidenced,L15-5,2,human gut metagenome,GENOMIC
SAMEA14300172,PRJEB37883,primary,infant_evidenced,L15-6,2,human gut metagenome,GENOMIC
SAMEA14300174,PRJEB37883,primary,infant_evidenced,L16-1,2,human gut metagenome,GENOMIC
SAMEA14300175,PRJEB37883,primary,infant_evidenced,L16-2,2,human gut metagenome,GENOMIC
SAMEA14300176,PRJEB37883,primary,infant_evidenced,L16-3,2,human gut metagenome,GENOMIC
SAMEA14300177,PRJEB37883,primary,infant_evidenced,L16-4,2,human gut metagenome,GENOMIC
SAMEA14300178,PRJEB37883,primary,infant_evidenced,L16-5,1,human gut metagenome,GENOMIC
SAMEA14300179,PRJEB37883,primary,infant_evidenced,L16-6,2,human gut metagenome,GENOMIC
SAMEA14300180,PRJEB37883,primary,infant_evidenced,L16-7,2,human gut metagenome,GENOMIC
SAMEA14300181,PRJEB37883,primary,infant_evidenced,L17-1,2,human gut metagenome,GENOMIC
SAMEA14300182,PRJEB37883,primary,infant_evidenced,L17-2,2,human gut metagenome,GENOMIC
SAMEA14300183,PRJEB37883,primary,infant_evidenced,L17-3,2,human gut metagenome,GENOMIC
SAMEA14300184,PRJEB37883,primary,infant_evidenced,L17-4,2,human gut metagenome,GENOMIC
SAMEA14300185,PRJEB37883,primary,infant_evidenced,L17-5,2,human gut metagenome,GENOMIC
SAMEA14300186,PRJEB37883,primary,infant_evidenced,L17-6,2,human gut metagenome,GENOMIC
SAMEA14300187,PRJEB37883,primary,infant_evidenced,L17-7,2,human gut metagenome,GENOMIC
SAMEA14300189,PRJEB37883,primary,infant_evidenced,L18-2,2,human gut metagenome,GENOMIC
SAMEA14300191,PRJEB37883,primary,infant_evidenced,L18-4,2,human gut metagenome,GENOMIC
SAMEA14300192,PRJEB37883,primary,infant_evidenced,L18-5,2,human gut metagenome,GENOMIC
SAMEA14300193,PRJEB37883,primary,infant_evidenced,L18-6,2,human gut metagenome,GENOMIC
SAMEA2689666,PRJEB6921,excluded,age_unknown_no_study_estimate,,1,Mus musculus,GENOMIC
SAMEA2689667,PRJEB6921,excluded,age_unknown_no_study_estimate,,1,Mus musculus,GENOMIC
SAMEA2689668,PRJEB6921,excluded,age_unknown_no_study_estimate,,1,Mus musculus,GENOMIC
SAMEA2689669,PRJEB6921,excluded,age_unknown_no_study_estimate,,1,Mus musculus,GENOMIC
SAMEA2689670,PRJEB6921,excluded,age_unknown_no_study_estimate,,1,Mus musculus,GENOMIC
SAMEA2689671,PRJEB6921,excluded,age_unknown_no_study_estimate,,1,Mus musculus,GENOMIC
SAMEA2689672,PRJEB6921,excluded,age_unknown_no_study_estimate,,1,Mus musculus,GENOMIC
SAMEA2689673,PRJEB6921,excluded,age_unknown_no_study_estimate,,1,Mus musculus,GENOMIC
SAMEA2689674,PRJEB6921,excluded,age_unknown_no_study_estimate,,1,Mus musculus,GENOMIC
SAMEA2689675,PRJEB6921,excluded,age_unknown_no_study_estimate,,1,Mus musculus,GENOMIC
SAMEA2689676,PRJEB6921,excluded,age_unknown_no_study_estimate,,1,Mus musculus,GENOMIC
SAMEA2689677,PRJEB6921,excluded,age_unknown_no_study_estimate,,1,Mus musculus,GENOMIC
SAMEA2689678,PRJEB6921,excluded,age_unknown_no_study_estimate,,1,Mus musculus,GENOMIC
SAMEA2689679,PRJEB6921,excluded,age_unknown_no_study_estimate,,1,Mus musculus,GENOMIC
SAMEA2689680,PRJEB6921,excluded,age_unknown_no_study_estimate,,1,Mus musculus,GENOMIC
SAMEA2689681,PRJEB6921,excluded,age_unknown_no_study_estimate,,1,Mus musculus,GENOMIC
SAMEA2689682,PRJEB6921,excluded,age_unknown_no_study_estimate,,1,Mus musculus,GENOMIC
SAMEA2689683,PRJEB6921,excluded,age_unknown_no_study_estimate,,1,Mus musculus,GENOMIC
SAMEA2689684,PRJEB6921,excluded,age_unknown_no_study_estimate,,1,Mus musculus,GENOMIC
SAMEA2689685,PRJEB6921,excluded,age_unknown_no_study_estimate,,1,Mus musculus,GENOMIC
SAMEA2689686,PRJEB6921,excluded,age_unknown_no_study_estimate,,1,Mus musculus,GENOMIC
SAMEA2689687,PRJEB6921,excluded,age_unknown_no_study_estimate,,1,Mus musculus,GENOMIC
SAMEA2689688,PRJEB6921,excluded,age_unknown_no_study_estimate,,1,Mus musculus,GENOMIC
SAMEA2689689,PRJEB6921,excluded,age_unknown_no_study_estimate,,1,Mus musculus,GENOMIC
SAMEA3232171,PRJEB6921,excluded,age_unknown_no_study_estimate,,1,Mus musculus,GENOMIC
SAMEA3232172,PRJEB6921,excluded,age_unknown_no_study_estimate,,1,Mus musculus,GENOMIC
SAMEA3232173,PRJEB6921,excluded,age_unknown_no_study_estimate,,1,Mus musculus,GENOMIC
SAMEA3292513,PRJEB6921,excluded,age_unknown_no_study_estimate,,1,Mus musculus,GENOMIC
SAMEA3486181,PRJEB6921,unknown,age_unknown_no_study_estimate,,1,unidentified,GENOMIC
SAMEA3486182,PRJEB6921,unknown,age_unknown_no_study_estimate,,1,unidentified,GENOMIC
SAMEA3486183,PRJEB6921,unknown,age_unknown_no_study_estimate,,1,unidentified,GENOMIC
SAMEA3486184,PRJEB6921,unknown,age_unknown_no_study_estimate,,1,unidentified,GENOMIC
SAMEA3486185,PRJEB6921,unknown,age_unknown_no_study_estimate,,1,unidentified,GENOMIC
SAMEA3486186,PRJEB6921,unknown,age_unknown_no_study_estimate,,1,unidentified,GENOMIC
SAMEA3486187,PRJEB6921,unknown,age_unknown_no_study_estimate,,1,unidentified,GENOMIC
SAMEA3486188,PRJEB6921,unknown,age_unknown_no_study_estimate,,1,unidentified,GENOMIC
SAMEA3486189,PRJEB6921,unknown,age_unknown_no_study_estimate,,1,unidentified,GENOMIC
SAMEA3486190,PRJEB6921,unknown,age_unknown_no_study_estimate,,1,unidentified,GENOMIC
SAMEA3486191,PRJEB6921,unknown,age_unknown_no_study_estimate,,1,unidentified,GENOMIC
SAMEA3486192,PRJEB6921,unknown,age_unknown_no_study_estimate,,1,unidentified,GENOMIC
SAMEA3486193,PRJEB6921,unknown,age_unknown_no_study_estimate,,1,unidentified,GENOMIC
SAMEA3486194,PRJEB6921,unknown,age_unknown_no_study_estimate,,1,unidentified,GENOMIC
SAMEA3486195,PRJEB6921,unknown,age_unknown_no_study_estimate,,1,unidentified,GENOMIC
SAMEA3486196,PRJEB6921,unknown,age_unknown_no_study_estimate,,1,unidentified,GENOMIC
SAMEA3486197,PRJEB6921,unknown,age_unknown_no_study_estimate,,1,unidentified,GENOMIC
SAMEA3486198,PRJEB6921,unknown,age_unknown_no_study_estimate,,1,unidentified,GENOMIC
SAMEA3486199,PRJEB6921,unknown,age_unknown_no_study_estimate,,1,unidentified,GENOMIC
SAMEA3486200,PRJEB6921,unknown,age_unknown_no_study_estimate,,1,unidentified,GENOMIC
SAMEA3486201,PRJEB6921,unknown,age_unknown_no_study_estimate,,1,unidentified,GENOMIC
SAMEA3486202,PRJEB6921,unknown,age_unknown_no_study_estimate,,1,unidentified,GENOMIC
SAMEA3486203,PRJEB6921,unknown,age_unknown_no_study_estimate,,1,unidentified,GENOMIC
SAMEA3486204,PRJEB6921,unknown,age_unknown_no_study_estimate,,1,unidentified,GENOMIC
SAMEA3486205,PRJEB6921,unknown,age_unknown_no_study_estimate,,1,unidentified,GENOMIC
SAMEA3486206,PRJEB6921,unknown,age_unknown_no_study_estimate,,1,unidentified,GENOMIC
SAMEA3486207,PRJEB6921,unknown,age_unknown_no_study_estimate,,1,unidentified,GENOMIC
SAMEA3486208,PRJEB6921,unknown,age_unknown_no_study_estimate,,1,unidentified,GENOMIC
SAMEA3486209,PRJEB6921,unknown,age_unknown_no_study_estimate,,1,unidentified,GENOMIC
SAMEA3486210,PRJEB6921,unknown,age_unknown_no_study_estimate,,1,unidentified,GENOMIC
SAMEA3486211,PRJEB6921,unknown,age_unknown_no_study_estimate,,1,unidentified,GENOMIC
SAMEA3486212,PRJEB6921,unknown,age_unknown_no_study_estimate,,1,unidentified,GENOMIC
SAMEA3486213,PRJEB6921,unknown,age_unknown_no_study_estimate,,1,unidentified,GENOMIC
SAMEA3486214,PRJEB6921,unknown,age_unknown_no_study_estimate,,1,unidentified,GENOMIC
SAMEA3486215,PRJEB6921,unknown,age_unknown_no_study_estimate,,1,unidentified,GENOMIC
SAMEA3486216,PRJEB6921,unknown,age_unknown_no_study_estimate,,1,unidentified,GENOMIC
SAMEA3486217,PRJEB6921,unknown,age_unknown_no_study_estimate,,1,unidentified,GENOMIC
SAMEA3486218,PRJEB6921,unknown,age_unknown_no_study_estimate,,1,unidentified,GENOMIC
SAMEA3486219,PRJEB6921,unknown,age_unknown_no_study_estimate,,1,unidentified,GENOMIC
SAMEA3486220,PRJEB6921,unknown,age_unknown_no_study_estimate,,1,unidentified,GENOMIC
SAMEA3486221,PRJEB6921,unknown,age_unknown_no_study_estimate,,1,unidentified,GENOMIC
SAMEA3486222,PRJEB6921,unknown,age_unknown_no_study_estimate,,1,unidentified,GENOMIC
SAMEA3486223,PRJEB6921,unknown,age_unknown_no_study_estimate,,1,unidentified,GENOMIC
SAMEA3486224,PRJEB6921,unknown,age_unknown_no_study_estimate,,1,unidentified,GENOMIC
SAMEA3486225,PRJEB6921,unknown,age_unknown_no_study_estimate,,1,unidentified,GENOMIC
SAMEA3486226,PRJEB6921,unknown,age_unknown_no_study_estimate,,1,unidentified,GENOMIC
SAMEA3486227,PRJEB6921,unknown,age_unknown_no_study_estimate,,1,unidentified,GENOMIC
SAMEA3486228,PRJEB6921,unknown,age_unknown_no_study_estimate,,1,unidentified,GENOMIC
SAMEA3486229,PRJEB6921,unknown,age_unknown_no_study_estimate,,1,unidentified,GENOMIC
SAMEA3486230,PRJEB6921,unknown,age_unknown_no_study_estimate,,1,unidentified,GENOMIC
SAMEA3486231,PRJEB6921,unknown,age_unknown_no_study_estimate,,1,unidentified,GENOMIC
SAMEA3486232,PRJEB6921,unknown,age_unknown_no_study_estimate,,1,unidentified,GENOMIC
SAMEA3486233,PRJEB6921,unknown,age_unknown_no_study_estimate,,1,unidentified,GENOMIC
SAMEA3486234,PRJEB6921,unknown,age_unknown_no_study_estimate,,1,unidentified,GENOMIC
SAMEA3486235,PRJEB6921,unknown,age_unknown_no_study_estimate,,1,unidentified,GENOMIC
SAMEA3486236,PRJEB6921,unknown,age_unknown_no_study_estimate,,1,unidentified,GENOMIC
SAMEA3486237,PRJEB6921,unknown,age_unknown_no_study_estimate,,1,unidentified,GENOMIC
SAMEA3486238,PRJEB6921,unknown,age_unknown_no_study_estimate,,1,unidentified,GENOMIC
SAMEA3486239,PRJEB6921,unknown,age_unknown_no_study_estimate,,1,unidentified,GENOMIC
SAMEA3486240,PRJEB6921,unknown,age_unknown_no_study_estimate,,1,unidentified,GENOMIC
SAMEA3486241,PRJEB6921,unknown,age_unknown_no_study_estimate,,1,unidentified,GENOMIC
SAMEA3486242,PRJEB6921,unknown,age_unknown_no_study_estimate,,1,unidentified,GENOMIC
SAMEA3486243,PRJEB6921,unknown,age_unknown_no_study_estimate,,1,unidentified,GENOMIC
SAMEA3486244,PRJEB6921,unknown,age_unknown_no_study_estimate,,1,unidentified,GENOMIC
SAMEA3486245,PRJEB6921,unknown,age_unknown_no_study_estimate,,1,unidentified,GENOMIC
SAMEA3486246,PRJEB6921,unknown,age_unknown_no_study_estimate,,1,unidentified,GENOMIC
SAMEA3486247,PRJEB6921,unknown,age_unknown_no_study_estimate,,1,unidentified,GENOMIC
SAMEA3486248,PRJEB6921,unknown,age_unknown_no_study_estimate,,1,unidentified,GENOMIC
SAMEA3486249,PRJEB6921,unknown,age_unknown_no_study_estimate,,1,unidentified,GENOMIC
SAMEA3486250,PRJEB6921,unknown,age_unknown_no_study_estimate,,1,unidentified,GENOMIC
SAMEA3486251,PRJEB6921,unknown,age_unknown_no_study_estimate,,1,unidentified,GENOMIC
SAMEA3486252,PRJEB6921,unknown,age_unknown_no_study_estimate,,1,unidentified,GENOMIC
SAMEA3486253,PRJEB6921,unknown,age_unknown_no_study_estimate,,1,unidentified,GENOMIC
SAMEA3486254,PRJEB6921,unknown,age_unknown_no_study_estimate,,1,unidentified,GENOMIC
SAMEA3486255,PRJEB6921,unknown,age_unknown_no_study_estimate,,1,unidentified,GENOMIC
SAMEA3486256,PRJEB6921,unknown,age_unknown_no_study_estimate,,1,unidentified,GENOMIC
SAMEA3486257,PRJEB6921,unknown,age_unknown_no_study_estimate,,1,unidentified,GENOMIC
SAMEA3486258,PRJEB6921,unknown,age_unknown_no_study_estimate,,1,unidentified,GENOMIC
SAMEA3486259,PRJEB6921,unknown,age_unknown_no_study_estimate,,1,unidentified,GENOMIC
SAMEA3486260,PRJEB6921,unknown,age_unknown_no_study_estimate,,1,unidentified,GENOMIC
SAMEA3486261,PRJEB6921,unknown,age_unknown_no_study_estimate,,1,unidentified,GENOMIC
SAMEA3486262,PRJEB6921,unknown,age_unknown_no_study_estimate,,1,unidentified,GENOMIC
SAMEA3486263,PRJEB6921,unknown,age_unknown_no_study_estimate,,1,unidentified,GENOMIC
SAMEA3486264,PRJEB6921,unknown,age_unknown_no_study_estimate,,1,unidentified,GENOMIC
SAMEA3486265,PRJEB6921,unknown,age_unknown_no_study_estimate,,1,unidentified,GENOMIC
SAMEA3486266,PRJEB6921,unknown,age_unknown_no_study_estimate,,1,unidentified,GENOMIC
SAMEA3486267,PRJEB6921,unknown,age_unknown_no_study_estimate,,1,unidentified,GENOMIC
SAMEA3486268,PRJEB6921,unknown,age_unknown_no_study_estimate,,1,unidentified,GENOMIC
SAMEA3486269,PRJEB6921,unknown,age_unknown_no_study_estimate,,1,unidentified,GENOMIC
SAMEA3486270,PRJEB6921,unknown,age_unknown_no_study_estimate,,1,unidentified,GENOMIC
SAMEA3486271,PRJEB6921,unknown,age_unknown_no_study_estimate,,1,unidentified,GENOMIC
SAMEA3890332,PRJEB6921,excluded,age_unknown_no_study_estimate,3258STDY6323299,1,Mus musculus,GENOMIC
SAMEA3890333,PRJEB6921,excluded,age_unknown_no_study_estimate,3258STDY6323300,1,Mus musculus,GENOMIC
SAMEA3890334,PRJEB6921,excluded,age_unknown_no_study_estimate,3258STDY6323301,1,Mus musculus,GENOMIC
SAMEA3890335,PRJEB6921,excluded,age_unknown_no_study_estimate,3258STDY6323302,1,Mus musculus,GENOMIC
SAMEA3890336,PRJEB6921,excluded,age_unknown_no_study_estimate,3258STDY6323303,1,Mus musculus,GENOMIC
SAMEA3890337,PRJEB6921,excluded,age_unknown_no_study_estimate,3258STDY6323304,1,Mus musculus,GENOMIC
SAMEA3890338,PRJEB6921,excluded,age_unknown_no_study_estimate,3258STDY6323305,1,Mus musculus,GENOMIC
SAMEA3890339,PRJEB6921,excluded,age_unknown_no_study_estimate,3258STDY6323306,1,Mus musculus,GENOMIC
SAMEA3890340,PRJEB6921,excluded,age_unknown_no_study_estimate,3258STDY6323307,1,Mus musculus,GENOMIC
SAMEA3890341,PRJEB6921,excluded,age_unknown_no_study_estimate,3258STDY6323308,1,Mus musculus,GENOMIC
SAMEA3890342,PRJEB6921,excluded,age_unknown_no_study_estimate,3258STDY6323309,1,Mus musculus,GENOMIC
SAMEA3890343,PRJEB6921,excluded,age_unknown_no_study_estimate,3258STDY6323310,1,Mus musculus,GENOMIC
SAMEA3890344,PRJEB6921,excluded,age_unknown_no_study_estimate,3258STDY6323311,1,Mus musculus,GENOMIC
SAMEA3890345,PRJEB6921,excluded,age_unknown_no_study_estimate,3258STDY6323312,1,Mus musculus,GENOMIC
SAMEA3890346,PRJEB6921,excluded,age_unknown_no_study_estimate,3258STDY6323313,1,Mus musculus,GENOMIC
SAMEA3890347,PRJEB6921,excluded,age_unknown_no_study_estimate,3258STDY6323314,1,Mus musculus,GENOMIC
SAMEA3890348,PRJEB6921,excluded,age_unknown_no_study_estimate,3258STDY6323315,1,Mus musculus,GENOMIC
SAMEA3890349,PRJEB6921,excluded,age_unknown_no_study_estimate,3258STDY6323316,1,Mus musculus,GENOMIC
SAMEA3890350,PRJEB6921,excluded,age_unknown_no_study_estimate,3258STDY6323317,1,Mus musculus,GENOMIC
SAMEA3890351,PRJEB6921,excluded,age_unknown_no_study_estimate,3258STDY6323318,1,Mus musculus,GENOMIC
SAMEA3890352,PRJEB6921,excluded,age_unknown_no_study_estimate,3258STDY6323319,1,Mus musculus,GENOMIC
SAMEA3890353,PRJEB6921,excluded,age_unknown_no_study_estimate,3258STDY6323320,1,Mus musculus,GENOMIC
SAMEA3890354,PRJEB6921,excluded,age_unknown_no_study_estimate,3258STDY6323321,1,Mus musculus,GENOMIC
SAMEA3890355,PRJEB6921,excluded,age_unknown_no_study_estimate,3258STDY6323322,1,Mus musculus,GENOMIC
SAMEA3890356,PRJEB6921,excluded,age_unknown_no_study_estimate,3258STDY6323323,1,Mus musculus,GENOMIC
SAMEA3890357,PRJEB6921,excluded,age_unknown_no_study_estimate,3258STDY6323324,1,Mus musculus,GENOMIC
SAMEA3890358,PRJEB6921,excluded,age_unknown_no_study_estimate,3258STDY6323325,1,Mus musculus,GENOMIC
SAMEA3890359,PRJEB6921,excluded,age_unknown_no_study_estimate,3258STDY6323326,1,Mus musculus,GENOMIC
SAMEA3890360,PRJEB6921,excluded,age_unknown_no_study_estimate,3258STDY6323327,1,Mus musculus,GENOMIC
SAMEA3890361,PRJEB6921,excluded,age_unknown_no_study_estimate,3258STDY6323328,1,Mus musculus,GENOMIC
SAMEA3890362,PRJEB6921,excluded,age_unknown_no_study_estimate,3258STDY6323329,1,Mus musculus,GENOMIC
SAMEA3890363,PRJEB6921,excluded,age_unknown_no_study_estimate,3258STDY6323330,1,Mus musculus,GENOMIC
SAMEA3890364,PRJEB6921,excluded,age_unknown_no_study_estimate,3258STDY6323331,1,Mus musculus,GENOMIC
SAMEA3890365,PRJEB6921,excluded,age_unknown_no_study_estimate,3258STDY6323332,1,Mus musculus,GENOMIC
SAMEA3890366,PRJEB6921,excluded,age_unknown_no_study_estimate,3258STDY6323333,1,Mus musculus,GENOMIC
SAMEA3890367,PRJEB6921,excluded,age_unknown_no_study_estimate,3258STDY6323334,1,Mus musculus,GENOMIC
SAMEA3890368,PRJEB6921,excluded,age_unknown_no_study_estimate,3258STDY6323335,1,Mus musculus,GENOMIC
SAMEA3890369,PRJEB6921,excluded,age_unknown_no_study_estimate,3258STDY6323336,1,Mus musculus,GENOMIC
SAMEA3890370,PRJEB6921,excluded,age_unknown_no_study_estimate,3258STDY6323337,1,Mus musculus,GENOMIC
SAMEA3890371,PRJEB6921,excluded,age_unknown_no_study_estimate,3258STDY6323338,1,Mus musculus,GENOMIC
SAMEA3890372,PRJEB6921,excluded,age_unknown_no_study_estimate,3258STDY6323339,1,Mus musculus,GENOMIC
SAMEA3890373,PRJEB6921,excluded,age_unknown_no_study_estimate,3258STDY6323340,1,Mus musculus,GENOMIC
SAMEA4005719,PRJEB6921,unknown,age_unknown_no_study_estimate,3258STDY6399579,3,Homo sapiens,GENOMIC
SAMEA4005720,PRJEB6921,unknown,age_unknown_no_study_estimate,3258STDY6399580,3,Homo sapiens,GENOMIC
SAMEA4005721,PRJEB6921,unknown,age_unknown_no_study_estimate,3258STDY6399581,3,Homo sapiens,GENOMIC
SAMEA4005722,PRJEB6921,unknown,age_unknown_no_study_estimate,3258STDY6399582,3,Homo sapiens,GENOMIC
SAMEA4005723,PRJEB6921,unknown,age_unknown_no_study_estimate,3258STDY6399583,3,Homo sapiens,GENOMIC
SAMEA4005724,PRJEB6921,unknown,age_unknown_no_study_estimate,3258STDY6399584,3,Homo sapiens,GENOMIC
SAMEA4005725,PRJEB6921,unknown,age_unknown_no_study_estimate,3258STDY6399585,3,Homo sapiens,GENOMIC
SAMEA4005726,PRJEB6921,unknown,age_unknown_no_study_estimate,3258STDY6399586,3,Homo sapiens,GENOMIC
SAMEA4005727,PRJEB6921,unknown,age_unknown_no_study_estimate,3258STDY6399587,3,Homo sapiens,GENOMIC
SAMEA4005728,PRJEB6921,unknown,age_unknown_no_study_estimate,3258STDY6399588,3,Homo sapiens,GENOMIC
SAMEA4005729,PRJEB6921,unknown,age_unknown_no_study_estimate,3258STDY6399589,3,Homo sapiens,GENOMIC
SAMEA4005730,PRJEB6921,unknown,age_unknown_no_study_estimate,3258STDY6399590,3,Homo sapiens,GENOMIC
SAMEA4005731,PRJEB6921,unknown,age_unknown_no_study_estimate,3258STDY6399591,3,Homo sapiens,GENOMIC
SAMEA4005732,PRJEB6921,unknown,age_unknown_no_study_estimate,3258STDY6399592,3,Homo sapiens,GENOMIC
SAMEA4005733,PRJEB6921,unknown,age_unknown_no_study_estimate,3258STDY6399593,3,Homo sapiens,GENOMIC
SAMEA4005734,PRJEB6921,unknown,age_unknown_no_study_estimate,3258STDY6399594,3,Homo sapiens,GENOMIC
SAMEA4005735,PRJEB6921,unknown,age_unknown_no_study_estimate,3258STDY6399595,3,Homo sapiens,GENOMIC
SAMEA4005736,PRJEB6921,unknown,age_unknown_no_study_estimate,3258STDY6399596,3,Homo sapiens,GENOMIC
SAMEA4005737,PRJEB6921,unknown,age_unknown_no_study_estimate,3258STDY6399597,3,Homo sapiens,GENOMIC
SAMEA4005738,PRJEB6921,unknown,age_unknown_no_study_estimate,3258STDY6399598,3,Homo sapiens,GENOMIC
SAMEA4005739,PRJEB6921,unknown,age_unknown_no_study_estimate,3258STDY6399599,3,Homo sapiens,GENOMIC
SAMEA4005740,PRJEB6921,unknown,age_unknown_no_study_estimate,3258STDY6399600,3,Homo sapiens,GENOMIC
SAMEA4005741,PRJEB6921,unknown,age_unknown_no_study_estimate,3258STDY6399601,3,Homo sapiens,GENOMIC
SAMEA4005742,PRJEB6921,unknown,age_unknown_no_study_estimate,3258STDY6399602,3,Homo sapiens,GENOMIC
SAMEA4005743,PRJEB6921,unknown,age_unknown_no_study_estimate,3258STDY6399603,3,Homo sapiens,GENOMIC
SAMEA4005744,PRJEB6921,unknown,age_unknown_no_study_estimate,3258STDY6399604,3,Homo sapiens,GENOMIC
SAMEA4005745,PRJEB6921,unknown,age_unknown_no_study_estimate,3258STDY6399605,3,Homo sapiens,GENOMIC
SAMEA4005746,PRJEB6921,unknown,age_unknown_no_study_estimate,3258STDY6399606,3,Homo sapiens,GENOMIC
SAMEA4005747,PRJEB6921,unknown,age_unknown_no_study_estimate,3258STDY6399607,3,Homo sapiens,GENOMIC
SAMEA4005748,PRJEB6921,unknown,age_unknown_no_study_estimate,3258STDY6399608,3,Homo sapiens,GENOMIC
SAMEA4005749,PRJEB6921,unknown,age_unknown_no_study_estimate,3258STDY6399609,3,Homo sapiens,GENOMIC
SAMEA4005750,PRJEB6921,unknown,age_unknown_no_study_estimate,3258STDY6399610,3,Homo sapiens,GENOMIC
SAMEA4005751,PRJEB6921,unknown,age_unknown_no_study_estimate,3258STDY6399611,3,Homo sapiens,GENOMIC
SAMEA4005752,PRJEB6921,unknown,age_unknown_no_study_estimate,3258STDY6399612,3,Homo sapiens,GENOMIC
SAMEA4005753,PRJEB6921,unknown,age_unknown_no_study_estimate,3258STDY6399613,3,Homo sapiens,GENOMIC
SAMEA4005754,PRJEB6921,unknown,age_unknown_no_study_estimate,3258STDY6399614,3,Homo sapiens,GENOMIC
SAMEA4005755,PRJEB6921,unknown,age_unknown_no_study_estimate,3258STDY6399615,3,Homo sapiens,GENOMIC
SAMEA4005756,PRJEB6921,unknown,age_unknown_no_study_estimate,3258STDY6399616,3,Homo sapiens,GENOMIC
SAMEA4005757,PRJEB6921,unknown,age_unknown_no_study_estimate,3258STDY6399617,3,Homo sapiens,GENOMIC
SAMEA4005758,PRJEB6921,unknown,age_unknown_no_study_estimate,3258STDY6399618,3,Homo sapiens,GENOMIC
SAMEA4005759,PRJEB6921,unknown,age_unknown_no_study_estimate,3258STDY6399619,3,Homo sapiens,GENOMIC
SAMEA4005760,PRJEB6921,unknown,age_unknown_no_study_estimate,3258STDY6399620,3,Homo sapiens,GENOMIC
SAMEA4005761,PRJEB6921,unknown,age_unknown_no_study_estimate,3258STDY6399621,3,Homo sapiens,GENOMIC
SAMEA4005762,PRJEB6921,unknown,age_unknown_no_study_estimate,3258STDY6399622,3,Homo sapiens,GENOMIC
SAMEA4005763,PRJEB6921,unknown,age_unknown_no_study_estimate,3258STDY6399623,3,Homo sapiens,GENOMIC
SAMEA4005764,PRJEB6921,unknown,age_unknown_no_study_estimate,3258STDY6399624,3,Homo sapiens,GENOMIC
SAMEA4005765,PRJEB6921,unknown,age_unknown_no_study_estimate,3258STDY6399625,3,Homo sapiens,GENOMIC
SAMEA4005766,PRJEB6921,unknown,age_unknown_no_study_estimate,3258STDY6399626,3,Homo sapiens,GENOMIC
SAMEA4005767,PRJEB6921,unknown,age_unknown_no_study_estimate,3258STDY6399627,3,Homo sapiens,GENOMIC
SAMEA4005768,PRJEB6921,unknown,age_unknown_no_study_estimate,3258STDY6399628,3,Homo sapiens,GENOMIC
SAMEA4005769,PRJEB6921,unknown,age_unknown_no_study_estimate,3258STDY6399629,3,Homo sapiens,GENOMIC
SAMEA4005770,PRJEB6921,unknown,age_unknown_no_study_estimate,3258STDY6399630,3,Homo sapiens,GENOMIC
SAMEA4005771,PRJEB6921,unknown,age_unknown_no_study_estimate,3258STDY6399631,3,Homo sapiens,GENOMIC
SAMEA4005772,PRJEB6921,unknown,age_unknown_no_study_estimate,3258STDY6399632,3,Homo sapiens,GENOMIC
SAMEA4005773,PRJEB6921,unknown,age_unknown_no_study_estimate,3258STDY6399633,3,Homo sapiens,GENOMIC
SAMEA4005774,PRJEB6921,unknown,age_unknown_no_study_estimate,3258STDY6399634,3,Homo sapiens,GENOMIC
SAMEA4005775,PRJEB6921,unknown,age_unknown_no_study_estimate,3258STDY6399635,3,Homo sapiens,GENOMIC
SAMEA4005776,PRJEB6921,unknown,age_unknown_no_study_estimate,3258STDY6399636,3,Homo sapiens,GENOMIC
SAMEA4005777,PRJEB6921,unknown,age_unknown_no_study_estimate,3258STDY6399637,3,Homo sapiens,GENOMIC
SAMEA4005778,PRJEB6921,unknown,age_unknown_no_study_estimate,3258STDY6399638,3,Homo sapiens,GENOMIC
SAMEA4005779,PRJEB6921,unknown,age_unknown_no_study_estimate,3258STDY6399639,3,Homo sapiens,GENOMIC
SAMEA4005780,PRJEB6921,unknown,age_unknown_no_study_estimate,3258STDY6399640,3,Homo sapiens,GENOMIC
SAMEA4005781,PRJEB6921,unknown,age_unknown_no_study_estimate,3258STDY6399641,3,Homo sapiens,GENOMIC
SAMEA4005782,PRJEB6921,unknown,age_unknown_no_study_estimate,3258STDY6399642,3,Homo sapiens,GENOMIC
SAMEA4005783,PRJEB6921,unknown,age_unknown_no_study_estimate,3258STDY6399643,3,Homo sapiens,GENOMIC
SAMEA4005784,PRJEB6921,unknown,age_unknown_no_study_estimate,3258STDY6399644,3,Homo sapiens,GENOMIC
SAMEA4005785,PRJEB6921,unknown,age_unknown_no_study_estimate,3258STDY6399645,3,Homo sapiens,GENOMIC
SAMEA4005786,PRJEB6921,unknown,age_unknown_no_study_estimate,3258STDY6399646,3,Homo sapiens,GENOMIC
SAMEA4005787,PRJEB6921,unknown,age_unknown_no_study_estimate,3258STDY6399647,3,Homo sapiens,GENOMIC
SAMEA4005788,PRJEB6921,unknown,age_unknown_no_study_estimate,3258STDY6399648,3,Homo sapiens,GENOMIC
SAMEA4005789,PRJEB6921,unknown,age_unknown_no_study_estimate,3258STDY6399649,3,Homo sapiens,GENOMIC
SAMEA4005790,PRJEB6921,unknown,age_unknown_no_study_estimate,3258STDY6399650,3,Homo sapiens,GENOMIC
SAMEA4005791,PRJEB6921,unknown,age_unknown_no_study_estimate,3258STDY6399651,3,Homo sapiens,GENOMIC
SAMEA4005792,PRJEB6921,unknown,age_unknown_no_study_estimate,3258STDY6399652,3,Homo sapiens,GENOMIC
SAMEA4005793,PRJEB6921,unknown,age_unknown_no_study_estimate,3258STDY6399653,3,Homo sapiens,GENOMIC
SAMEA4005794,PRJEB6921,unknown,age_unknown_no_study_estimate,3258STDY6399654,3,Homo sapiens,GENOMIC
SAMEA4005795,PRJEB6921,unknown,age_unknown_no_study_estimate,3258STDY6399655,3,Homo sapiens,GENOMIC
SAMEA4005796,PRJEB6921,unknown,age_unknown_no_study_estimate,3258STDY6399656,3,Homo sapiens,GENOMIC
SAMEA4005797,PRJEB6921,unknown,age_unknown_no_study_estimate,3258STDY6399657,3,Homo sapiens,GENOMIC
SAMEA4005798,PRJEB6921,unknown,age_unknown_no_study_estimate,3258STDY6399658,3,Homo sapiens,GENOMIC
SAMEA4005799,PRJEB6921,unknown,age_unknown_no_study_estimate,3258STDY6399659,3,Homo sapiens,GENOMIC
SAMEA4005800,PRJEB6921,unknown,age_unknown_no_study_estimate,3258STDY6399660,3,Homo sapiens,GENOMIC
SAMEA4005801,PRJEB6921,unknown,age_unknown_no_study_estimate,3258STDY6399661,3,Homo sapiens,GENOMIC
SAMEA4005802,PRJEB6921,unknown,age_unknown_no_study_estimate,3258STDY6399662,3,Homo sapiens,GENOMIC
SAMEA4005803,PRJEB6921,unknown,age_unknown_no_study_estimate,3258STDY6399663,3,Homo sapiens,GENOMIC
SAMEA4005804,PRJEB6921,unknown,age_unknown_no_study_estimate,3258STDY6399664,3,Homo sapiens,GENOMIC
SAMEA4005805,PRJEB6921,unknown,age_unknown_no_study_estimate,3258STDY6399665,3,Homo sapiens,GENOMIC
SAMEA4005806,PRJEB6921,unknown,age_unknown_no_study_estimate,3258STDY6399666,3,Homo sapiens,GENOMIC
SAMEA4005807,PRJEB6921,unknown,age_unknown_no_study_estimate,3258STDY6399667,3,Homo sapiens,GENOMIC
SAMEA4005808,PRJEB6921,unknown,age_unknown_no_study_estimate,3258STDY6399668,3,Homo sapiens,GENOMIC
SAMEA4005809,PRJEB6921,unknown,age_unknown_no_study_estimate,3258STDY6399669,3,Homo sapiens,GENOMIC
SAMEA4005810,PRJEB6921,unknown,age_unknown_no_study_estimate,3258STDY6399670,3,Homo sapiens,GENOMIC
SAMEA4005811,PRJEB6921,unknown,age_unknown_no_study_estimate,3258STDY6399671,3,Homo sapiens,GENOMIC
SAMEA4005812,PRJEB6921,unknown,age_unknown_no_study_estimate,3258STDY6399672,3,Homo sapiens,GENOMIC
SAMEA4005813,PRJEB6921,unknown,age_unknown_no_study_estimate,3258STDY6399673,3,Homo sapiens,GENOMIC
SAMEA4005814,PRJEB6921,unknown,age_unknown_no_study_estimate,3258STDY6399674,2,Homo sapiens,GENOMIC
SAMEA4005815,PRJEB6921,unknown,age_unknown_no_study_estimate,3258STDY6399675,2,Homo sapiens,GENOMIC
SAMEA4005816,PRJEB6921,unknown,age_unknown_no_study_estimate,3258STDY6399676,2,Homo sapiens,GENOMIC
SAMEA4005817,PRJEB6921,unknown,age_unknown_no_study_estimate,3258STDY6399677,2,Homo sapiens,GENOMIC
SAMEA4005818,PRJEB6921,unknown,age_unknown_no_study_estimate,3258STDY6399678,2,Homo sapiens,GENOMIC
SAMEA4005819,PRJEB6921,unknown,age_unknown_no_study_estimate,3258STDY6399679,2,Homo sapiens,GENOMIC
SAMEA4005820,PRJEB6921,unknown,age_unknown_no_study_estimate,3258STDY6399680,2,Homo sapiens,GENOMIC
SAMEA4005821,PRJEB6921,unknown,age_unknown_no_study_estimate,3258STDY6399681,2,Homo sapiens,GENOMIC
SAMEA4005822,PRJEB6921,unknown,age_unknown_no_study_estimate,3258STDY6399682,2,Homo sapiens,GENOMIC
SAMEA4005823,PRJEB6921,unknown,age_unknown_no_study_estimate,3258STDY6399683,2,Homo sapiens,GENOMIC
SAMEA4005824,PRJEB6921,unknown,age_unknown_no_study_estimate,3258STDY6399684,2,Homo sapiens,GENOMIC
SAMEA4005825,PRJEB6921,unknown,age_unknown_no_study_estimate,3258STDY6399685,2,Homo sapiens,GENOMIC
SAMEA4005826,PRJEB6921,unknown,age_unknown_no_study_estimate,3258STDY6399686,2,Homo sapiens,GENOMIC
SAMEA4005827,PRJEB6921,unknown,age_unknown_no_study_estimate,3258STDY6399687,2,Homo sapiens,GENOMIC
SAMEA4005828,PRJEB6921,unknown,age_unknown_no_study_estimate,3258STDY6399688,2,Homo sapiens,GENOMIC
SAMEA4005829,PRJEB6921,unknown,age_unknown_no_study_estimate,3258STDY6399689,2,Homo sapiens,GENOMIC
SAMEA4005830,PRJEB6921,unknown,age_unknown_no_study_estimate,3258STDY6399690,2,Homo sapiens,GENOMIC
SAMEA4005831,PRJEB6921,unknown,age_unknown_no_study_estimate,3258STDY6399691,2,Homo sapiens,GENOMIC
SAMEA4005832,PRJEB6921,unknown,age_unknown_no_study_estimate,3258STDY6399692,2,Homo sapiens,GENOMIC
SAMEA4005833,PRJEB6921,unknown,age_unknown_no_study_estimate,3258STDY6399693,2,Homo sapiens,GENOMIC
SAMEA4005834,PRJEB6921,unknown,age_unknown_no_study_estimate,3258STDY6399694,2,Homo sapiens,GENOMIC
SAMEA4005835,PRJEB6921,unknown,age_unknown_no_study_estimate,3258STDY6399695,2,Homo sapiens,GENOMIC
SAMEA4005836,PRJEB6921,unknown,age_unknown_no_study_estimate,3258STDY6399696,2,Homo sapiens,GENOMIC
SAMEA4005837,PRJEB6921,unknown,age_unknown_no_study_estimate,3258STDY6399697,2,Homo sapiens,GENOMIC
SAMEA4005838,PRJEB6921,unknown,age_unknown_no_study_estimate,3258STDY6399698,2,Homo sapiens,GENOMIC
SAMEA4005839,PRJEB6921,unknown,age_unknown_no_study_estimate,3258STDY6399699,2,Homo sapiens,GENOMIC
SAMEA4005840,PRJEB6921,unknown,age_unknown_no_study_estimate,3258STDY6399700,2,Homo sapiens,GENOMIC
SAMEA4005841,PRJEB6921,unknown,age_unknown_no_study_estimate,3258STDY6399701,2,Homo sapiens,GENOMIC
SAMEA4005842,PRJEB6921,unknown,age_unknown_no_study_estimate,3258STDY6399702,2,Homo sapiens,GENOMIC
SAMEA4005843,PRJEB6921,unknown,age_unknown_no_study_estimate,3258STDY6399703,2,Homo sapiens,GENOMIC
SAMEA4005844,PRJEB6921,unknown,age_unknown_no_study_estimate,3258STDY6399704,2,Homo sapiens,GENOMIC
SAMEA4005845,PRJEB6921,unknown,age_unknown_no_study_estimate,3258STDY6399705,2,Homo sapiens,GENOMIC
SAMEA4005846,PRJEB6921,unknown,age_unknown_no_study_estimate,3258STDY6399706,2,Homo sapiens,GENOMIC
SAMEA4005847,PRJEB6921,unknown,age_unknown_no_study_estimate,3258STDY6399707,2,Homo sapiens,GENOMIC
SAMEA4005848,PRJEB6921,unknown,age_unknown_no_study_estimate,3258STDY6399708,2,Homo sapiens,GENOMIC
SAMEA4005849,PRJEB6921,unknown,age_unknown_no_study_estimate,3258STDY6399709,2,Homo sapiens,GENOMIC
SAMEA4005850,PRJEB6921,unknown,age_unknown_no_study_estimate,3258STDY6399710,2,Homo sapiens,GENOMIC
SAMEA4005851,PRJEB6921,unknown,age_unknown_no_study_estimate,3258STDY6399711,2,Homo sapiens,GENOMIC
SAMEA4005852,PRJEB6921,unknown,age_unknown_no_study_estimate,3258STDY6399712,2,Homo sapiens,GENOMIC
SAMEA4005853,PRJEB6921,unknown,age_unknown_no_study_estimate,3258STDY6399713,2,Homo sapiens,GENOMIC
SAMEA4005854,PRJEB6921,unknown,age_unknown_no_study_estimate,3258STDY6399714,2,Homo sapiens,GENOMIC
SAMEA4005855,PRJEB6921,unknown,age_unknown_no_study_estimate,3258STDY6399715,2,Homo sapiens,GENOMIC
SAMEA4005856,PRJEB6921,unknown,age_unknown_no_study_estimate,3258STDY6399716,2,Homo sapiens,GENOMIC
SAMEA4005857,PRJEB6921,unknown,age_unknown_no_study_estimate,3258STDY6399717,2,Homo sapiens,GENOMIC
SAMEA4005858,PRJEB6921,unknown,age_unknown_no_study_estimate,3258STDY6399718,2,Homo sapiens,GENOMIC
SAMEA4005859,PRJEB6921,unknown,age_unknown_no_study_estimate,3258STDY6399719,2,Homo sapiens,GENOMIC
SAMEA4005860,PRJEB6921,unknown,age_unknown_no_study_estimate,3258STDY6399720,2,Homo sapiens,GENOMIC
SAMEA4005861,PRJEB6921,unknown,age_unknown_no_study_estimate,3258STDY6399721,2,Homo sapiens,GENOMIC
SAMEA4005862,PRJEB6921,unknown,age_unknown_no_study_estimate,3258STDY6399722,2,Homo sapiens,GENOMIC
SAMEA4005863,PRJEB6921,unknown,age_unknown_no_study_estimate,3258STDY6399723,2,Homo sapiens,GENOMIC
SAMEA4005864,PRJEB6921,unknown,age_unknown_no_study_estimate,3258STDY6399724,2,Homo sapiens,GENOMIC
SAMEA4005865,PRJEB6921,unknown,age_unknown_no_study_estimate,3258STDY6399725,2,Homo sapiens,GENOMIC
SAMEA4005866,PRJEB6921,unknown,age_unknown_no_study_estimate,3258STDY6399726,2,Homo sapiens,GENOMIC
SAMEA4005867,PRJEB6921,unknown,age_unknown_no_study_estimate,3258STDY6399727,2,Homo sapiens,GENOMIC
SAMEA4005868,PRJEB6921,unknown,age_unknown_no_study_estimate,3258STDY6399728,2,Homo sapiens,GENOMIC
SAMEA4005869,PRJEB6921,unknown,age_unknown_no_study_estimate,3258STDY6399729,2,Homo sapiens,GENOMIC
SAMEA4005870,PRJEB6921,unknown,age_unknown_no_study_estimate,3258STDY6399730,2,Homo sapiens,GENOMIC
SAMEA4005871,PRJEB6921,unknown,age_unknown_no_study_estimate,3258STDY6399731,2,Homo sapiens,GENOMIC
SAMEA4005872,PRJEB6921,unknown,age_unknown_no_study_estimate,3258STDY6399732,2,Homo sapiens,GENOMIC
SAMEA4005873,PRJEB6921,unknown,age_unknown_no_study_estimate,3258STDY6399733,2,Homo sapiens,GENOMIC
SAMEA4005874,PRJEB6921,unknown,age_unknown_no_study_estimate,3258STDY6399734,2,Homo sapiens,GENOMIC
SAMEA4005875,PRJEB6921,unknown,age_unknown_no_study_estimate,3258STDY6399735,2,Homo sapiens,GENOMIC
SAMEA4005876,PRJEB6921,unknown,age_unknown_no_study_estimate,3258STDY6399736,2,Homo sapiens,GENOMIC
SAMEA4005877,PRJEB6921,unknown,age_unknown_no_study_estimate,3258STDY6399737,2,Homo sapiens,GENOMIC
SAMEA4005878,PRJEB6921,unknown,age_unknown_no_study_estimate,3258STDY6399738,2,Homo sapiens,GENOMIC
SAMEA4005879,PRJEB6921,unknown,age_unknown_no_study_estimate,3258STDY6399739,2,Homo sapiens,GENOMIC
SAMEA4005880,PRJEB6921,unknown,age_unknown_no_study_estimate,3258STDY6399740,2,Homo sapiens,GENOMIC
SAMEA4005881,PRJEB6921,unknown,age_unknown_no_study_estimate,3258STDY6399741,2,Homo sapiens,GENOMIC
SAMEA4005882,PRJEB6921,unknown,age_unknown_no_study_estimate,3258STDY6399742,2,Homo sapiens,GENOMIC
SAMEA4005883,PRJEB6921,unknown,age_unknown_no_study_estimate,3258STDY6399743,2,Homo sapiens,GENOMIC
SAMEA4005884,PRJEB6921,unknown,age_unknown_no_study_estimate,3258STDY6399744,2,Homo sapiens,GENOMIC
SAMEA4005885,PRJEB6921,unknown,age_unknown_no_study_estimate,3258STDY6399745,2,Homo sapiens,GENOMIC
SAMEA4005886,PRJEB6921,unknown,age_unknown_no_study_estimate,3258STDY6399746,2,Homo sapiens,GENOMIC
SAMEA4005887,PRJEB6921,unknown,age_unknown_no_study_estimate,3258STDY6399747,2,Homo sapiens,GENOMIC
SAMEA4005888,PRJEB6921,unknown,age_unknown_no_study_estimate,3258STDY6399748,2,Homo sapiens,GENOMIC
SAMEA4005889,PRJEB6921,unknown,age_unknown_no_study_estimate,3258STDY6399749,2,Homo sapiens,GENOMIC
SAMEA4005890,PRJEB6921,unknown,age_unknown_no_study_estimate,3258STDY6399750,2,Homo sapiens,GENOMIC
SAMEA4005891,PRJEB6921,unknown,age_unknown_no_study_estimate,3258STDY6399751,2,Homo sapiens,GENOMIC
SAMEA4005892,PRJEB6921,unknown,age_unknown_no_study_estimate,3258STDY6399752,2,Homo sapiens,GENOMIC
SAMEA4005893,PRJEB6921,unknown,age_unknown_no_study_estimate,3258STDY6399753,2,Homo sapiens,GENOMIC
SAMEA4005894,PRJEB6921,unknown,age_unknown_no_study_estimate,3258STDY6399754,2,Homo sapiens,GENOMIC
SAMEA4005895,PRJEB6921,unknown,age_unknown_no_study_estimate,3258STDY6399755,2,Homo sapiens,GENOMIC
SAMEA4005896,PRJEB6921,unknown,age_unknown_no_study_estimate,3258STDY6399756,2,Homo sapiens,GENOMIC
SAMEA4005897,PRJEB6921,unknown,age_unknown_no_study_estimate,3258STDY6399757,2,Homo sapiens,GENOMIC
SAMEA4005898,PRJEB6921,unknown,age_unknown_no_study_estimate,3258STDY6399758,2,Homo sapiens,GENOMIC
SAMEA4005899,PRJEB6921,unknown,age_unknown_no_study_estimate,3258STDY6399759,2,Homo sapiens,GENOMIC
SAMEA4005900,PRJEB6921,unknown,age_unknown_no_study_estimate,3258STDY6399760,2,Homo sapiens,GENOMIC
SAMEA4005901,PRJEB6921,unknown,age_unknown_no_study_estimate,3258STDY6399761,2,Homo sapiens,GENOMIC
SAMEA4005902,PRJEB6921,unknown,age_unknown_no_study_estimate,3258STDY6399762,2,Homo sapiens,GENOMIC
SAMEA4005903,PRJEB6921,unknown,age_unknown_no_study_estimate,3258STDY6399763,2,Homo sapiens,GENOMIC
SAMEA4005904,PRJEB6921,unknown,age_unknown_no_study_estimate,3258STDY6399764,2,Homo sapiens,GENOMIC
SAMEA4005905,PRJEB6921,unknown,age_unknown_no_study_estimate,3258STDY6399765,2,Homo sapiens,GENOMIC
SAMEA4005906,PRJEB6921,unknown,age_unknown_no_study_estimate,3258STDY6399766,2,Homo sapiens,GENOMIC
SAMEA4005907,PRJEB6921,unknown,age_unknown_no_study_estimate,3258STDY6399767,2,Homo sapiens,GENOMIC
SAMEA4005908,PRJEB6921,unknown,age_unknown_no_study_estimate,3258STDY6399768,2,Homo sapiens,GENOMIC
SAMEA44473918,PRJEB6921,unknown,age_unknown_no_study_estimate,3258STDY6640738,1,Homo sapiens,GENOMIC
SAMEA44474668,PRJEB6921,unknown,age_unknown_no_study_estimate,3258STDY6640739,1,Homo sapiens,GENOMIC
SAMEA44475418,PRJEB6921,unknown,age_unknown_no_study_estimate,3258STDY6640740,1,Homo sapiens,GENOMIC
SAMEA44476168,PRJEB6921,unknown,age_unknown_no_study_estimate,3258STDY6640741,1,Homo sapiens,GENOMIC
SAMEA44476918,PRJEB6921,unknown,age_unknown_no_study_estimate,3258STDY6640742,1,Homo sapiens,GENOMIC
SAMEA44477668,PRJEB6921,unknown,age_unknown_no_study_estimate,3258STDY6640743,1,Homo sapiens,GENOMIC
SAMEA44478418,PRJEB6921,unknown,age_unknown_no_study_estimate,3258STDY6640744,1,Homo sapiens,GENOMIC
SAMEA44479168,PRJEB6921,unknown,age_unknown_no_study_estimate,3258STDY6640745,1,Homo sapiens,GENOMIC
SAMEA44479918,PRJEB6921,unknown,age_unknown_no_study_estimate,3258STDY6640746,1,Homo sapiens,GENOMIC
SAMEA44480668,PRJEB6921,unknown,age_unknown_no_study_estimate,3258STDY6640747,1,Homo sapiens,GENOMIC
SAMEA44481418,PRJEB6921,unknown,age_unknown_no_study_estimate,3258STDY6640748,1,Homo sapiens,GENOMIC
SAMEA44482168,PRJEB6921,unknown,age_unknown_no_study_estimate,3258STDY6640749,1,Homo sapiens,GENOMIC
SAMEA44482918,PRJEB6921,unknown,age_unknown_no_study_estimate,3258STDY6640750,1,Homo sapiens,GENOMIC
SAMEA44483668,PRJEB6921,unknown,age_unknown_no_study_estimate,3258STDY6640751,1,Homo sapiens,GENOMIC
SAMEA44484418,PRJEB6921,unknown,age_unknown_no_study_estimate,3258STDY6640752,1,Homo sapiens,GENOMIC
SAMEA44485168,PRJEB6921,unknown,age_unknown_no_study_estimate,3258STDY6640753,1,Homo sapiens,GENOMIC
SAMEA44485918,PRJEB6921,unknown,age_unknown_no_study_estimate,3258STDY6640754,1,Homo sapiens,GENOMIC
SAMEA44486668,PRJEB6921,unknown,age_unknown_no_study_estimate,3258STDY6640755,1,Homo sapiens,GENOMIC
SAMEA44487418,PRJEB6921,unknown,age_unknown_no_study_estimate,3258STDY6640756,1,Homo sapiens,GENOMIC
SAMEA44488168,PRJEB6921,unknown,age_unknown_no_study_estimate,3258STDY6640757,1,Homo sapiens,GENOMIC
SAMEA44488918,PRJEB6921,unknown,age_unknown_no_study_estimate,3258STDY6640758,1,Homo sapiens,GENOMIC
SAMEA44489668,PRJEB6921,unknown,age_unknown_no_study_estimate,3258STDY6640759,1,Homo sapiens,GENOMIC
SAMEA44490418,PRJEB6921,unknown,age_unknown_no_study_estimate,3258STDY6640760,1,Homo sapiens,GENOMIC
SAMEA44491168,PRJEB6921,unknown,age_unknown_no_study_estimate,3258STDY6640761,1,Homo sapiens,GENOMIC
SAMEA44491918,PRJEB6921,unknown,age_unknown_no_study_estimate,3258STDY6640762,1,Homo sapiens,GENOMIC
SAMEA44492668,PRJEB6921,unknown,age_unknown_no_study_estimate,3258STDY6640763,1,Homo sapiens,GENOMIC
SAMEA44493418,PRJEB6921,unknown,age_unknown_no_study_estimate,3258STDY6640764,1,Homo sapiens,GENOMIC
SAMEA44494168,PRJEB6921,unknown,age_unknown_no_study_estimate,3258STDY6640765,1,Homo sapiens,GENOMIC
SAMEA44494918,PRJEB6921,unknown,age_unknown_no_study_estimate,3258STDY6640766,1,Homo sapiens,GENOMIC
SAMEA44495668,PRJEB6921,unknown,age_unknown_no_study_estimate,3258STDY6640767,1,Homo sapiens,GENOMIC
SAMEA44496418,PRJEB6921,unknown,age_unknown_no_study_estimate,3258STDY6640768,1,Homo sapiens,GENOMIC
SAMEA44497168,PRJEB6921,unknown,age_unknown_no_study_estimate,3258STDY6640769,1,Homo sapiens,GENOMIC
SAMEA44497918,PRJEB6921,unknown,age_unknown_no_study_estimate,3258STDY6640770,1,Homo sapiens,GENOMIC
SAMEA44498668,PRJEB6921,unknown,age_unknown_no_study_estimate,3258STDY6640771,1,Homo sapiens,GENOMIC
SAMEA44499418,PRJEB6921,unknown,age_unknown_no_study_estimate,3258STDY6640772,1,Homo sapiens,GENOMIC
SAMEA44500168,PRJEB6921,unknown,age_unknown_no_study_estimate,3258STDY6640773,1,Homo sapiens,GENOMIC
SAMEA44500918,PRJEB6921,unknown,age_unknown_no_study_estimate,3258STDY6640774,1,Homo sapiens,GENOMIC
SAMEA44501668,PRJEB6921,unknown,age_unknown_no_study_estimate,3258STDY6640775,1,Homo sapiens,GENOMIC
SAMEA44502418,PRJEB6921,unknown,age_unknown_no_study_estimate,3258STDY6640776,1,Homo sapiens,GENOMIC
SAMEA44503168,PRJEB6921,unknown,age_unknown_no_study_estimate,3258STDY6640777,1,Homo sapiens,GENOMIC
SAMEA44503918,PRJEB6921,unknown,age_unknown_no_study_estimate,3258STDY6640778,1,Homo sapiens,GENOMIC
SAMEA44504668,PRJEB6921,unknown,age_unknown_no_study_estimate,3258STDY6640779,1,Homo sapiens,GENOMIC
SAMEA44505418,PRJEB6921,unknown,age_unknown_no_study_estimate,3258STDY6640780,1,Homo sapiens,GENOMIC
SAMEA44506168,PRJEB6921,unknown,age_unknown_no_study_estimate,3258STDY6640781,1,Homo sapiens,GENOMIC
SAMEA44506918,PRJEB6921,unknown,age_unknown_no_study_estimate,3258STDY6640782,1,Homo sapiens,GENOMIC
SAMEA44507668,PRJEB6921,unknown,age_unknown_no_study_estimate,3258STDY6640783,1,Homo sapiens,GENOMIC
SAMEA44508418,PRJEB6921,unknown,age_unknown_no_study_estimate,3258STDY6640784,1,Homo sapiens,GENOMIC
SAMEA44509168,PRJEB6921,unknown,age_unknown_no_study_estimate,3258STDY6640785,1,Homo sapiens,GENOMIC
SAMEA4791287,PRJEB6921,primary,age_unknown_no_study_estimate,3258STDY7575145,1,feces metagenome,GENOMIC
SAMEA4791288,PRJEB6921,primary,age_unknown_no_study_estimate,3258STDY7575146,1,feces metagenome,GENOMIC
SAMEA4791289,PRJEB6921,primary,age_unknown_no_study_estimate,3258STDY7575147,1,feces metagenome,GENOMIC
SAMEA4791290,PRJEB6921,primary,age_unknown_no_study_estimate,3258STDY7575149,1,feces metagenome,GENOMIC
SAMEA4791291,PRJEB6921,primary,age_unknown_no_study_estimate,3258STDY7575150,1,feces metagenome,GENOMIC
SAMEA4791292,PRJEB6921,primary,age_unknown_no_study_estimate,3258STDY7575151,1,feces metagenome,GENOMIC
SAMEA4791293,PRJEB6921,primary,age_unknown_no_study_estimate,3258STDY7575152,1,feces metagenome,GENOMIC
SAMEA4791294,PRJEB6921,primary,age_unknown_no_study_estimate,3258STDY7575153,1,feces metagenome,GENOMIC
SAMEA4791295,PRJEB6921,primary,age_unknown_no_study_estimate,3258STDY7575154,1,feces metagenome,GENOMIC
SAMEA4791296,PRJEB6921,primary,age_unknown_no_study_estimate,3258STDY7575155,1,feces metagenome,GENOMIC
SAMEA4791297,PRJEB6921,primary,age_unknown_no_study_estimate,3258STDY7575156,1,feces metagenome,GENOMIC
SAMEA4791298,PRJEB6921,primary,age_unknown_no_study_estimate,3258STDY7575157,1,feces metagenome,GENOMIC
SAMEA4791299,PRJEB6921,primary,age_unknown_no_study_estimate,3258STDY7575158,1,feces metagenome,GENOMIC
SAMEA4791300,PRJEB6921,primary,age_unknown_no_study_estimate,3258STDY7575159,1,feces metagenome,GENOMIC
SAMEA4791301,PRJEB6921,primary,age_unknown_no_study_estimate,3258STDY7575160,1,feces metagenome,GENOMIC
SAMEA4791302,PRJEB6921,primary,age_unknown_no_study_estimate,3258STDY7575161,1,feces metagenome,GENOMIC
SAMEA4791303,PRJEB6921,primary,age_unknown_no_study_estimate,3258STDY7575162,1,feces metagenome,GENOMIC
SAMEA4791304,PRJEB6921,primary,age_unknown_no_study_estimate,3258STDY7575163,1,feces metagenome,GENOMIC
SAMEA4791305,PRJEB6921,primary,age_unknown_no_study_estimate,3258STDY7575164,1,feces metagenome,GENOMIC
SAMEA4791306,PRJEB6921,primary,age_unknown_no_study_estimate,3258STDY7575165,1,feces metagenome,GENOMIC
SAMEA4791307,PRJEB6921,primary,age_unknown_no_study_estimate,3258STDY7575166,1,feces metagenome,GENOMIC
SAMEA4791308,PRJEB6921,primary,age_unknown_no_study_estimate,3258STDY7575167,1,feces metagenome,GENOMIC
SAMEA4791309,PRJEB6921,primary,age_unknown_no_study_estimate,3258STDY7575168,1,feces metagenome,GENOMIC
SAMEA4791310,PRJEB6921,primary,age_unknown_no_study_estimate,3258STDY7575169,1,feces metagenome,GENOMIC
SAMEA4791311,PRJEB6921,primary,age_unknown_no_study_estimate,3258STDY7575170,1,feces metagenome,GENOMIC
SAMEA4791312,PRJEB6921,primary,age_unknown_no_study_estimate,3258STDY7575171,1,feces metagenome,GENOMIC
SAMEA4791313,PRJEB6921,primary,age_unknown_no_study_estimate,3258STDY7575172,1,feces metagenome,GENOMIC
SAMEA4791314,PRJEB6921,primary,age_unknown_no_study_estimate,3258STDY7575173,1,feces metagenome,GENOMIC
SAMEA4791315,PRJEB6921,primary,age_unknown_no_study_estimate,3258STDY7575174,1,feces metagenome,GENOMIC
SAMEA4791316,PRJEB6921,primary,age_unknown_no_study_estimate,3258STDY7575175,1,feces metagenome,GENOMIC
SAMEA4791317,PRJEB6921,primary,age_unknown_no_study_estimate,3258STDY7575176,1,feces metagenome,GENOMIC
SAMEA4791318,PRJEB6921,primary,age_unknown_no_study_estimate,3258STDY7575177,1,feces metagenome,GENOMIC
SAMEA4791319,PRJEB6921,primary,age_unknown_no_study_estimate,3258STDY7575178,1,feces metagenome,GENOMIC
SAMEA4791320,PRJEB6921,primary,age_unknown_no_study_estimate,3258STDY7575179,1,feces metagenome,GENOMIC
SAMEA4791321,PRJEB6921,primary,age_unknown_no_study_estimate,3258STDY7575180,1,feces metagenome,GENOMIC
SAMEA4791322,PRJEB6921,primary,age_unknown_no_study_estimate,3258STDY7575185,1,feces metagenome,GENOMIC
SAMEA4791323,PRJEB6921,primary,age_unknown_no_study_estimate,3258STDY7575186,1,feces metagenome,GENOMIC
SAMEA4791324,PRJEB6921,primary,age_unknown_no_study_estimate,3258STDY7575187,1,feces metagenome,GENOMIC
SAMEA4791325,PRJEB6921,primary,age_unknown_no_study_estimate,3258STDY7575188,1,feces metagenome,GENOMIC
SAMEA4791326,PRJEB6921,primary,age_unknown_no_study_estimate,3258STDY7575189,1,feces metagenome,GENOMIC
SAMEA4791327,PRJEB6921,primary,age_unknown_no_study_estimate,3258STDY7575190,1,feces metagenome,GENOMIC
SAMEA4791328,PRJEB6921,primary,age_unknown_no_study_estimate,3258STDY7575191,1,feces metagenome,GENOMIC
SAMEA4791329,PRJEB6921,primary,age_unknown_no_study_estimate,3258STDY7575181,1,feces metagenome,GENOMIC
SAMEA4791330,PRJEB6921,primary,age_unknown_no_study_estimate,3258STDY7575182,1,feces metagenome,GENOMIC
SAMEA4791331,PRJEB6921,primary,age_unknown_no_study_estimate,3258STDY7575183,1,feces metagenome,GENOMIC
SAMEA4791332,PRJEB6921,primary,age_unknown_no_study_estimate,3258STDY7575184,1,feces metagenome,GENOMIC
SAMEA4791333,PRJEB6921,primary,age_unknown_no_study_estimate,3258STDY7575192,1,feces metagenome,GENOMIC
SAMEA4934983,PRJEB6921,primary,age_unknown_no_study_estimate,3258STDY7575148,1,feces metagenome,GENOMIC
SAMEA5867038,PRJEB6921,primary,age_unknown_no_study_estimate,V3J,1,gut metagenome,GENOMIC
SAMEA5867040,PRJEB6921,primary,age_unknown_no_study_estimate,AP8C,1,gut metagenome,GENOMIC
SAMEA5869431,PRJEB6921,primary,age_unknown_no_study_estimate,P29F,1,gut metagenome,GENOMIC
SAMEA5869432,PRJEB6921,primary,age_unknown_no_study_estimate,P111A,1,gut metagenome,GENOMIC
SAMEA5869433,PRJEB6921,primary,age_unknown_no_study_estimate,P111C,1,gut metagenome,GENOMIC
SAMEA5869434,PRJEB6921,primary,age_unknown_no_study_estimate,P111F,1,gut metagenome,GENOMIC
SAMEA5869435,PRJEB6921,primary,age_unknown_no_study_estimate,P111H,1,gut metagenome,GENOMIC
SAMEA5869436,PRJEB6921,primary,age_unknown_no_study_estimate,26,1,gut metagenome,GENOMIC
SAMEA5869437,PRJEB6921,primary,age_unknown_no_study_estimate,68,1,gut metagenome,GENOMIC
SAMEA5869438,PRJEB6921,primary,age_unknown_no_study_estimate,169,1,gut metagenome,GENOMIC
SAMEA5869439,PRJEB6921,primary,age_unknown_no_study_estimate,67,1,gut metagenome,GENOMIC
SAMEA5869440,PRJEB6921,primary,age_unknown_no_study_estimate,160,1,gut metagenome,GENOMIC
SAMEA5869441,PRJEB6921,primary,age_unknown_no_study_estimate,73,1,gut metagenome,GENOMIC
SAMEA5869444,PRJEB6921,primary,age_unknown_no_study_estimate,167,1,gut metagenome,GENOMIC
SAMEA5869445,PRJEB6921,primary,age_unknown_no_study_estimate,174,1,gut metagenome,GENOMIC
SAMEA5869446,PRJEB6921,primary,age_unknown_no_study_estimate,P77E,1,gut metagenome,GENOMIC
SAMEA5869447,PRJEB6921,primary,age_unknown_no_study_estimate,P77K,1,gut metagenome,GENOMIC
SAMEA5869448,PRJEB6921,primary,age_unknown_no_study_estimate,P77O,1,gut metagenome,GENOMIC
SAMEA5869449,PRJEB6921,primary,age_unknown_no_study_estimate,P77R,1,gut metagenome,GENOMIC
SAMEA5869450,PRJEB6921,primary,age_unknown_no_study_estimate,P86D,1,gut metagenome,GENOMIC
SAMEA5869451,PRJEB6921,primary,age_unknown_no_study_estimate,P86I,1,gut metagenome,GENOMIC
SAMEA5869452,PRJEB6921,primary,age_unknown_no_study_estimate,P86K,1,gut metagenome,GENOMIC
SAMEA5869453,PRJEB6921,primary,age_unknown_no_study_estimate,P86L,1,gut metagenome,GENOMIC
SAMEA5869454,PRJEB6921,primary,age_unknown_no_study_estimate,P86O,1,gut metagenome,GENOMIC
SAMEA78859168,PRJEB6921,primary,age_unknown_no_study_estimate,3258STDY6692702,1,gut metagenome,GENOMIC
SAMEA78859918,PRJEB6921,primary,age_unknown_no_study_estimate,3258STDY6692703,1,gut metagenome,GENOMIC
SAMEA78860668,PRJEB6921,primary,age_unknown_no_study_estimate,3258STDY6692704,1,gut metagenome,GENOMIC
SAMEA78861418,PRJEB6921,primary,age_unknown_no_study_estimate,3258STDY6692705,1,gut metagenome,GENOMIC
SAMEA78862168,PRJEB6921,primary,age_unknown_no_study_estimate,3258STDY6692706,1,gut metagenome,GENOMIC
SAMEA78862918,PRJEB6921,primary,age_unknown_no_study_estimate,3258STDY6692707,1,gut metagenome,GENOMIC
SAMEA78863668,PRJEB6921,primary,age_unknown_no_study_estimate,3258STDY6692708,1,gut metagenome,GENOMIC
SAMEA78864418,PRJEB6921,primary,age_unknown_no_study_estimate,3258STDY6692709,1,gut metagenome,GENOMIC
SAMEA78865168,PRJEB6921,primary,age_unknown_no_study_estimate,3258STDY6692710,1,gut metagenome,GENOMIC
SAMEA78865918,PRJEB6921,primary,age_unknown_no_study_estimate,3258STDY6692711,1,gut metagenome,GENOMIC
SAMEA78866668,PRJEB6921,primary,age_unknown_no_study_estimate,3258STDY6692712,1,gut metagenome,GENOMIC
SAMEA78867418,PRJEB6921,primary,age_unknown_no_study_estimate,3258STDY6692713,1,gut metagenome,GENOMIC
SAMEA78868168,PRJEB6921,primary,age_unknown_no_study_estimate,3258STDY6692714,1,gut metagenome,GENOMIC
SAMEA78868918,PRJEB6921,primary,age_unknown_no_study_estimate,3258STDY6692715,1,gut metagenome,GENOMIC
SAMEA78869668,PRJEB6921,primary,age_unknown_no_study_estimate,3258STDY6692716,1,gut metagenome,GENOMIC
SAMEA78870418,PRJEB6921,primary,age_unknown_no_study_estimate,3258STDY6692717,1,gut metagenome,GENOMIC
SAMEA78871168,PRJEB6921,primary,age_unknown_no_study_estimate,3258STDY6692718,1,gut metagenome,GENOMIC
SAMEA78871918,PRJEB6921,primary,age_unknown_no_study_estimate,3258STDY6692719,1,gut metagenome,GENOMIC
SAMEA78872668,PRJEB6921,primary,age_unknown_no_study_estimate,3258STDY6692720,1,gut metagenome,GENOMIC
SAMEA78873418,PRJEB6921,primary,age_unknown_no_study_estimate,3258STDY6692721,1,gut metagenome,GENOMIC
SAMEA78874168,PRJEB6921,primary,age_unknown_no_study_estimate,3258STDY6692722,1,gut metagenome,GENOMIC
SAMEA78874918,PRJEB6921,primary,age_unknown_no_study_estimate,3258STDY6692723,1,gut metagenome,GENOMIC
SAMEA78875668,PRJEB6921,primary,age_unknown_no_study_estimate,3258STDY6692724,1,gut metagenome,GENOMIC
SAMEA78876418,PRJEB6921,primary,age_unknown_no_study_estimate,3258STDY6692725,1,gut metagenome,GENOMIC
SAMEA78877168,PRJEB6921,primary,age_unknown_no_study_estimate,3258STDY6692726,1,gut metagenome,GENOMIC
SAMEA78877918,PRJEB6921,primary,age_unknown_no_study_estimate,3258STDY6692727,1,gut metagenome,GENOMIC
SAMEA78878668,PRJEB6921,primary,age_unknown_no_study_estimate,3258STDY6692728,1,gut metagenome,GENOMIC
SAMEA78879418,PRJEB6921,primary,age_unknown_no_study_estimate,3258STDY6692729,1,gut metagenome,GENOMIC
SAMEA78880168,PRJEB6921,primary,age_unknown_no_study_estimate,3258STDY6692730,1,gut metagenome,GENOMIC
SAMEA78880918,PRJEB6921,primary,age_unknown_no_study_estimate,3258STDY6692731,1,gut metagenome,GENOMIC
SAMEA78881668,PRJEB6921,primary,age_unknown_no_study_estimate,3258STDY6692732,1,gut metagenome,GENOMIC
SAMEA78882418,PRJEB6921,primary,age_unknown_no_study_estimate,3258STDY6692733,1,gut metagenome,GENOMIC
SAMEA78883168,PRJEB6921,primary,age_unknown_no_study_estimate,3258STDY6692734,1,gut metagenome,GENOMIC
SAMEA78883918,PRJEB6921,primary,age_unknown_no_study_estimate,3258STDY6692735,1,gut metagenome,GENOMIC
SAMEA78884668,PRJEB6921,primary,age_unknown_no_study_estimate,3258STDY6692736,1,gut metagenome,GENOMIC
SAMEA78885418,PRJEB6921,primary,age_unknown_no_study_estimate,3258STDY6692737,1,gut metagenome,GENOMIC
SAMEA78886168,PRJEB6921,primary,age_unknown_no_study_estimate,3258STDY6692738,1,gut metagenome,GENOMIC
SAMEA78886918,PRJEB6921,primary,age_unknown_no_study_estimate,3258STDY6692739,1,gut metagenome,GENOMIC
SAMEA78887668,PRJEB6921,primary,age_unknown_no_study_estimate,3258STDY6692740,1,gut metagenome,GENOMIC
SAMEA78888418,PRJEB6921,primary,age_unknown_no_study_estimate,3258STDY6692741,1,gut metagenome,GENOMIC
SAMEA78889168,PRJEB6921,primary,age_unknown_no_study_estimate,3258STDY6692742,1,gut metagenome,GENOMIC
SAMEA78889918,PRJEB6921,primary,age_unknown_no_study_estimate,3258STDY6692743,1,gut metagenome,GENOMIC
SAMEA78890668,PRJEB6921,primary,age_unknown_no_study_estimate,3258STDY6692744,1,gut metagenome,GENOMIC
SAMEA78891418,PRJEB6921,primary,age_unknown_no_study_estimate,3258STDY6692745,1,gut metagenome,GENOMIC
SAMEA78892168,PRJEB6921,primary,age_unknown_no_study_estimate,3258STDY6692746,1,gut metagenome,GENOMIC
SAMEA78892918,PRJEB6921,primary,age_unknown_no_study_estimate,3258STDY6692747,1,gut metagenome,GENOMIC
SAMEA78893668,PRJEB6921,primary,age_unknown_no_study_estimate,3258STDY6692748,1,gut metagenome,GENOMIC
SAMEA78894418,PRJEB6921,primary,age_unknown_no_study_estimate,3258STDY6692749,1,gut metagenome,GENOMIC
SAMEA97888918,PRJEB6921,excluded,age_unknown_no_study_estimate,Mus Musculus,1,Mus musculus,GENOMIC
SAMEA97889668,PRJEB6921,excluded,age_unknown_no_study_estimate,Mus Musculus,1,Mus musculus,GENOMIC
SAMEA97890418,PRJEB6921,excluded,age_unknown_no_study_estimate,Mus Musculus,1,Mus musculus,GENOMIC
SAMEA97891168,PRJEB6921,excluded,age_unknown_no_study_estimate,Mus Musculus,1,Mus musculus,GENOMIC
SAMEA97891918,PRJEB6921,excluded,age_unknown_no_study_estimate,Mus Musculus,1,Mus musculus,GENOMIC
SAMEA97892668,PRJEB6921,excluded,age_unknown_no_study_estimate,Mus Musculus,1,Mus musculus,GENOMIC
SAMEA97893418,PRJEB6921,excluded,age_unknown_no_study_estimate,Mus Musculus,1,Mus musculus,GENOMIC
SAMEA97894168,PRJEB6921,excluded,age_unknown_no_study_estimate,Mus Musculus,1,Mus musculus,GENOMIC
SAMEA97894918,PRJEB6921,excluded,age_unknown_no_study_estimate,Mus Musculus,1,Mus musculus,GENOMIC
SAMEA97895668,PRJEB6921,excluded,age_unknown_no_study_estimate,Mus Musculus,1,Mus musculus,GENOMIC
SAMEA97896418,PRJEB6921,excluded,age_unknown_no_study_estimate,Mus Musculus,1,Mus musculus,GENOMIC
SAMEA97897168,PRJEB6921,excluded,age_unknown_no_study_estimate,Mus Musculus,1,Mus musculus,GENOMIC
SAMEA97897918,PRJEB6921,excluded,age_unknown_no_study_estimate,Mus Musculus,1,Mus musculus,GENOMIC
SAMEA97898668,PRJEB6921,excluded,age_unknown_no_study_estimate,Mus Musculus,1,Mus musculus,GENOMIC
SAMEA97899418,PRJEB6921,excluded,age_unknown_no_study_estimate,Mus Musculus,1,Mus musculus,GENOMIC
SAMEA97900168,PRJEB6921,excluded,age_unknown_no_study_estimate,Mus Musculus,1,Mus musculus,GENOMIC
SAMEA97900918,PRJEB6921,excluded,age_unknown_no_study_estimate,Mus Musculus,1,Mus musculus,GENOMIC
SAMEA97901668,PRJEB6921,excluded,age_unknown_no_study_estimate,Mus Musculus,1,Mus musculus,GENOMIC
SAMEA97902418,PRJEB6921,excluded,age_unknown_no_study_estimate,Mus Musculus,1,Mus musculus,GENOMIC
SAMEA97903168,PRJEB6921,excluded,age_unknown_no_study_estimate,Mus Musculus,1,Mus musculus,GENOMIC
SAMEA97903918,PRJEB6921,excluded,age_unknown_no_study_estimate,Mus Musculus,1,Mus musculus,GENOMIC
SAMEA97904668,PRJEB6921,excluded,age_unknown_no_study_estimate,Mus Musculus,1,Mus musculus,GENOMIC
SAMEA97905418,PRJEB6921,excluded,age_unknown_no_study_estimate,Mus Musculus,1,Mus musculus,GENOMIC
SAMEA97906168,PRJEB6921,excluded,age_unknown_no_study_estimate,Mus Musculus,1,Mus musculus,GENOMIC
SAMEA97906918,PRJEB6921,excluded,age_unknown_no_study_estimate,Mus Musculus,1,Mus musculus,GENOMIC
SAMEA97907668,PRJEB6921,excluded,age_unknown_no_study_estimate,Mus Musculus,1,Mus musculus,GENOMIC
SAMEA97908418,PRJEB6921,excluded,age_unknown_no_study_estimate,Mus Musculus,1,Mus musculus,GENOMIC
SAMEA97909168,PRJEB6921,excluded,age_unknown_no_study_estimate,Mus Musculus,1,Mus musculus,GENOMIC
SAMEA97909918,PRJEB6921,excluded,age_unknown_no_study_estimate,Mus Musculus,1,Mus musculus,GENOMIC
SAMEA97910668,PRJEB6921,excluded,age_unknown_no_study_estimate,Mus Musculus,1,Mus musculus,GENOMIC
SAMEA97911418,PRJEB6921,excluded,age_unknown_no_study_estimate,Mus Musculus,1,Mus musculus,GENOMIC
SAMEA97912168,PRJEB6921,excluded,age_unknown_no_study_estimate,Mus Musculus,1,Mus musculus,GENOMIC
SAMEA97912918,PRJEB6921,excluded,age_unknown_no_study_estimate,Mus Musculus,1,Mus musculus,GENOMIC
SAMEA97913668,PRJEB6921,excluded,age_unknown_no_study_estimate,Mus Musculus,1,Mus musculus,GENOMIC
SAMEA97914418,PRJEB6921,excluded,age_unknown_no_study_estimate,Mus Musculus,1,Mus musculus,GENOMIC
SAMEA97915168,PRJEB6921,excluded,age_unknown_no_study_estimate,Mus Musculus,1,Mus musculus,GENOMIC
SAMEA97915918,PRJEB6921,excluded,age_unknown_no_study_estimate,Mus Musculus,1,Mus musculus,GENOMIC
SAMEA97916668,PRJEB6921,excluded,age_unknown_no_study_estimate,Mus Musculus,1,Mus musculus,GENOMIC
SAMEA97917418,PRJEB6921,excluded,age_unknown_no_study_estimate,Mus Musculus,1,Mus musculus,GENOMIC
SAMEA97918168,PRJEB6921,excluded,age_unknown_no_study_estimate,Mus Musculus,1,Mus musculus,GENOMIC
SAMEA97918918,PRJEB6921,excluded,age_unknown_no_study_estimate,Mus Musculus,1,Mus musculus,GENOMIC
SAMEA97919668,PRJEB6921,excluded,age_unknown_no_study_estimate,Mus Musculus,1,Mus musculus,GENOMIC
SAMEA97920418,PRJEB6921,excluded,age_unknown_no_study_estimate,Mus Musculus,1,Mus musculus,GENOMIC
SAMEA97921168,PRJEB6921,excluded,age_unknown_no_study_estimate,Mus Musculus,1,Mus musculus,GENOMIC
SAMEA97921918,PRJEB6921,excluded,age_unknown_no_study_estimate,Mus Musculus,1,Mus musculus,GENOMIC
SAMEA97922668,PRJEB6921,excluded,age_unknown_no_study_estimate,Mus Musculus,1,Mus musculus,GENOMIC
SAMEA97923418,PRJEB6921,excluded,age_unknown_no_study_estimate,Mus Musculus,1,Mus musculus,GENOMIC
SAMEA97924168,PRJEB6921,excluded,age_unknown_no_study_estimate,Mus Musculus,1,Mus musculus,GENOMIC
SAMEA97924918,PRJEB6921,excluded,age_unknown_no_study_estimate,Mus Musculus,1,Mus musculus,GENOMIC
SAMEA97925668,PRJEB6921,excluded,age_unknown_no_study_estimate,Mus Musculus,1,Mus musculus,GENOMIC
SAMEA97926418,PRJEB6921,excluded,age_unknown_no_study_estimate,Mus Musculus,1,Mus musculus,GENOMIC
SAMEA97927168,PRJEB6921,excluded,age_unknown_no_study_estimate,Mus Musculus,1,Mus musculus,GENOMIC
SAMEA97927918,PRJEB6921,excluded,age_unknown_no_study_estimate,Mus Musculus,1,Mus musculus,GENOMIC
SAMEA97928668,PRJEB6921,excluded,age_unknown_no_study_estimate,Mus Musculus,1,Mus musculus,GENOMIC
SAMEA97929418,PRJEB6921,excluded,age_unknown_no_study_estimate,Mus Musculus,1,Mus musculus,GENOMIC
SAMEA97930168,PRJEB6921,excluded,age_unknown_no_study_estimate,Mus Musculus,1,Mus musculus,GENOMIC
SAMEA97930918,PRJEB6921,excluded,age_unknown_no_study_estimate,Mus Musculus,1,Mus musculus,GENOMIC
SAMEA97931668,PRJEB6921,excluded,age_unknown_no_study_estimate,Mus Musculus,1,Mus musculus,GENOMIC
SAMEA97932418,PRJEB6921,excluded,age_unknown_no_study_estimate,Mus Musculus,1,Mus musculus,GENOMIC
SAMEA97933168,PRJEB6921,excluded,age_unknown_no_study_estimate,Mus Musculus,1,Mus musculus,GENOMIC
SAMEA97933918,PRJEB6921,excluded,age_unknown_no_study_estimate,Mus Musculus,1,Mus musculus,GENOMIC
SAMEA97934668,PRJEB6921,excluded,age_unknown_no_study_estimate,Mus Musculus,1,Mus musculus,GENOMIC
SAMEA97935418,PRJEB6921,excluded,age_unknown_no_study_estimate,Mus Musculus,1,Mus musculus,GENOMIC
SAMEA97936168,PRJEB6921,excluded,age_unknown_no_study_estimate,Mus Musculus,1,Mus musculus,GENOMIC
SAMEA97936918,PRJEB6921,excluded,age_unknown_no_study_estimate,Mus Musculus,1,Mus musculus,GENOMIC
SAMEA97937668,PRJEB6921,excluded,age_unknown_no_study_estimate,Mus Musculus,1,Mus musculus,GENOMIC
SAMEA97938418,PRJEB6921,excluded,age_unknown_no_study_estimate,Mus Musculus,1,Mus musculus,GENOMIC
SAMEA97939168,PRJEB6921,excluded,age_unknown_no_study_estimate,Mus Musculus,1,Mus musculus,GENOMIC
SAMEA97939918,PRJEB6921,excluded,age_unknown_no_study_estimate,Mus Musculus,1,Mus musculus,GENOMIC
SAMEA97940668,PRJEB6921,excluded,age_unknown_no_study_estimate,Mus Musculus,1,Mus musculus,GENOMIC
SAMEA97941418,PRJEB6921,excluded,age_unknown_no_study_estimate,Mus Musculus,1,Mus musculus,GENOMIC
SAMEA97942168,PRJEB6921,excluded,age_unknown_no_study_estimate,Mus Musculus,1,Mus musculus,GENOMIC
SAMEA97942918,PRJEB6921,excluded,age_unknown_no_study_estimate,Mus Musculus,1,Mus musculus,GENOMIC
SAMEA97943668,PRJEB6921,excluded,age_unknown_no_study_estimate,Mus Musculus,1,Mus musculus,GENOMIC
SAMEA97944418,PRJEB6921,excluded,age_unknown_no_study_estimate,Mus Musculus,1,Mus musculus,GENOMIC
SAMEA97945168,PRJEB6921,excluded,age_unknown_no_study_estimate,Mus Musculus,1,Mus musculus,GENOMIC
SAMEA97945918,PRJEB6921,excluded,age_unknown_no_study_estimate,Mus Musculus,1,Mus musculus,GENOMIC
SAMEA97946668,PRJEB6921,excluded,age_unknown_no_study_estimate,Mus Musculus,1,Mus musculus,GENOMIC
SAMEA97947418,PRJEB6921,excluded,age_unknown_no_study_estimate,Mus Musculus,1,Mus musculus,GENOMIC
SAMEA97948168,PRJEB6921,excluded,age_unknown_no_study_estimate,Mus Musculus,1,Mus musculus,GENOMIC
SAMEA97948918,PRJEB6921,excluded,age_unknown_no_study_estimate,Mus Musculus,1,Mus musculus,GENOMIC
SAMEA97949668,PRJEB6921,excluded,age_unknown_no_study_estimate,Mus Musculus,1,Mus musculus,GENOMIC
SAMEA97950418,PRJEB6921,excluded,age_unknown_no_study_estimate,Mus Musculus,1,Mus musculus,GENOMIC
SAMEA97951168,PRJEB6921,excluded,age_unknown_no_study_estimate,Mus Musculus,1,Mus musculus,GENOMIC
SAMEA97951918,PRJEB6921,excluded,age_unknown_no_study_estimate,Gallus Gallus,1,Gallus gallus,GENOMIC
SAMEA97952668,PRJEB6921,excluded,age_unknown_no_study_estimate,Gallus Gallus,1,Gallus gallus,GENOMIC
SAMEA97953418,PRJEB6921,excluded,age_unknown_no_study_estimate,Gallus Gallus,1,Gallus gallus,GENOMIC
SAMEA97954168,PRJEB6921,excluded,age_unknown_no_study_estimate,Gallus Gallus,1,Gallus gallus,GENOMIC
SAMEA97954918,PRJEB6921,excluded,age_unknown_no_study_estimate,Gallus Gallus,1,Gallus gallus,GENOMIC
SAMEA97955668,PRJEB6921,excluded,age_unknown_no_study_estimate,Gallus Gallus,1,Gallus gallus,GENOMIC
SAMEA97956418,PRJEB6921,excluded,age_unknown_no_study_estimate,Gallus Gallus,1,Gallus gallus,GENOMIC
SAMEA97957168,PRJEB6921,excluded,age_unknown_no_study_estimate,Gallus Gallus,1,Gallus gallus,GENOMIC
SAMEA97957918,PRJEB6921,excluded,age_unknown_no_study_estimate,Gallus Gallus,1,Gallus gallus,GENOMIC
SAMEA97958668,PRJEB6921,excluded,age_unknown_no_study_estimate,Gallus Gallus,1,Gallus gallus,GENOMIC
SAMEA97959418,PRJEB6921,excluded,age_unknown_no_study_estimate,Gallus Gallus,1,Gallus gallus,GENOMIC
SAMN00139190,PRJNA61745,primary,infant_evidenced,Baby UC1 stool sample,4,uncultured bacteria (human infant) ensemble,GENOMIC
SAMN08616968,PRJNA417283,unknown,age_unknown_mixed_study,1,1,human metagenome,GENOMIC
SAMN08616969,PRJNA417283,unknown,age_unknown_mixed_study,2,1,human metagenome,GENOMIC
SAMN08616970,PRJNA417283,unknown,age_unknown_mixed_study,3,1,human metagenome,GENOMIC
SAMN08616971,PRJNA417283,unknown,age_unknown_mixed_study,4,1,human metagenome,GENOMIC
SAMN08616972,PRJNA417283,unknown,age_unknown_mixed_study,5,1,human metagenome,GENOMIC
SAMN08616973,PRJNA417283,unknown,age_unknown_mixed_study,6,1,human metagenome,GENOMIC
SAMN08616974,PRJNA417283,unknown,age_unknown_mixed_study,7,1,human metagenome,GENOMIC
SAMN08616975,PRJNA417283,unknown,age_unknown_mixed_study,8,1,human metagenome,GENOMIC
SAMN08616976,PRJNA417283,unknown,age_unknown_mixed_study,9,1,human metagenome,GENOMIC
SAMN08616977,PRJNA417283,unknown,age_unknown_mixed_study,10,1,human metagenome,GENOMIC
SAMN08616978,PRJNA417283,unknown,age_unknown_mixed_study,11,1,human metagenome,GENOMIC
SAMN08616979,PRJNA417283,unknown,age_unknown_mixed_study,12,1,human metagenome,GENOMIC
SAMN08616980,PRJNA417283,unknown,age_unknown_mixed_study,13,1,human metagenome,GENOMIC
SAMN08616981,PRJNA417283,unknown,age_unknown_mixed_study,14,1,human metagenome,GENOMIC
SAMN08616982,PRJNA417283,unknown,age_unknown_mixed_study,15,1,human metagenome,GENOMIC
SAMN08616983,PRJNA417283,unknown,age_unknown_mixed_study,16,1,human metagenome,GENOMIC
SAMN08616984,PRJNA417283,unknown,age_unknown_mixed_study,17,1,human metagenome,GENOMIC
SAMN08616985,PRJNA417283,unknown,age_unknown_mixed_study,18,1,human metagenome,GENOMIC
SAMN08616986,PRJNA417283,unknown,age_unknown_mixed_study,19,1,human metagenome,GENOMIC
SAMN08616987,PRJNA417283,unknown,age_unknown_mixed_study,20,1,human metagenome,GENOMIC
SAMN08616988,PRJNA417283,unknown,age_unknown_mixed_study,21,1,human metagenome,GENOMIC
SAMN08616989,PRJNA417283,unknown,age_unknown_mixed_study,22,1,human metagenome,GENOMIC
SAMN08616990,PRJNA417283,unknown,age_unknown_mixed_study,23,1,human metagenome,GENOMIC
SAMN08616991,PRJNA417283,unknown,age_unknown_mixed_study,24,1,human metagenome,GENOMIC
SAMN08616992,PRJNA417283,unknown,age_unknown_mixed_study,25,1,human metagenome,GENOMIC
SAMN08616993,PRJNA417283,unknown,age_unknown_mixed_study,26,1,human metagenome,GENOMIC
SAMN08616994,PRJNA417283,unknown,age_unknown_mixed_study,27,1,human metagenome,GENOMIC
SAMN08616995,PRJNA417283,unknown,age_unknown_mixed_study,28,1,human metagenome,GENOMIC
SAMN08616996,PRJNA417283,unknown,age_unknown_mixed_study,29,1,human metagenome,GENOMIC
SAMN08616997,PRJNA417283,unknown,age_unknown_mixed_study,30,1,human metagenome,GENOMIC
SAMN08616998,PRJNA417283,unknown,age_unknown_mixed_study,31,1,human metagenome,GENOMIC
SAMN08616999,PRJNA417283,unknown,age_unknown_mixed_study,32,1,human metagenome,GENOMIC
SAMN08617000,PRJNA417283,unknown,age_unknown_mixed_study,33,1,human metagenome,GENOMIC
SAMN08617001,PRJNA417283,unknown,age_unknown_mixed_study,34,1,human metagenome,GENOMIC
SAMN08617002,PRJNA417283,unknown,age_unknown_mixed_study,35,1,human metagenome,GENOMIC
SAMN08617003,PRJNA417283,unknown,age_unknown_mixed_study,36,1,human metagenome,GENOMIC
SAMN08617004,PRJNA417283,unknown,age_unknown_mixed_study,37,1,human metagenome,GENOMIC
SAMN08617005,PRJNA417283,unknown,age_unknown_mixed_study,38,1,human metagenome,GENOMIC
SAMN08617006,PRJNA417283,unknown,age_unknown_mixed_study,39,1,human metagenome,GENOMIC
SAMN08617007,PRJNA417283,unknown,age_unknown_mixed_study,40,1,human metagenome,GENOMIC
SAMN08617008,PRJNA417283,unknown,age_unknown_mixed_study,41,1,human metagenome,GENOMIC
SAMN08617009,PRJNA417283,unknown,age_unknown_mixed_study,42,1,human metagenome,GENOMIC
SAMN08617010,PRJNA417283,unknown,age_unknown_mixed_study,43,1,human metagenome,GENOMIC
SAMN08617011,PRJNA417283,unknown,age_unknown_mixed_study,44,1,human metagenome,GENOMIC
SAMN08617012,PRJNA417283,unknown,age_unknown_mixed_study,45,1,human metagenome,GENOMIC
SAMN08617013,PRJNA417283,unknown,age_unknown_mixed_study,46,1,human metagenome,GENOMIC
SAMN08617014,PRJNA417283,unknown,age_unknown_mixed_study,47,1,human metagenome,GENOMIC
SAMN08617015,PRJNA417283,unknown,age_unknown_mixed_study,48,1,human metagenome,GENOMIC
SAMN08617016,PRJNA417283,unknown,age_unknown_mixed_study,49,1,human metagenome,GENOMIC
SAMN08617017,PRJNA417283,unknown,age_unknown_mixed_study,50,1,human metagenome,GENOMIC
SAMN08617018,PRJNA417283,unknown,age_unknown_mixed_study,51,1,human metagenome,GENOMIC
SAMN08617019,PRJNA417283,unknown,age_unknown_mixed_study,52,1,human metagenome,GENOMIC
SAMN08617020,PRJNA417283,unknown,age_unknown_mixed_study,53,1,human metagenome,GENOMIC
SAMN08617021,PRJNA417283,unknown,age_unknown_mixed_study,54,1,human metagenome,GENOMIC
SAMN08617022,PRJNA417283,unknown,age_unknown_mixed_study,55,1,human metagenome,GENOMIC
SAMN08617023,PRJNA417283,unknown,age_unknown_mixed_study,56,1,human metagenome,GENOMIC
SAMN08617024,PRJNA417283,unknown,age_unknown_mixed_study,57,1,human metagenome,GENOMIC
SAMN08617025,PRJNA417283,unknown,age_unknown_mixed_study,58,1,human metagenome,GENOMIC
SAMN08617026,PRJNA417283,unknown,age_unknown_mixed_study,59,1,human metagenome,GENOMIC
SAMN08617027,PRJNA417283,unknown,age_unknown_mixed_study,60,1,human metagenome,GENOMIC
SAMN08617028,PRJNA417283,unknown,age_unknown_mixed_study,61,1,human metagenome,GENOMIC
SAMN08617029,PRJNA417283,unknown,age_unknown_mixed_study,62,1,human metagenome,GENOMIC
SAMN08617030,PRJNA417283,unknown,age_unknown_mixed_study,63,1,human metagenome,GENOMIC
SAMN08617031,PRJNA417283,unknown,age_unknown_mixed_study,64,1,human metagenome,GENOMIC
SAMN08617032,PRJNA417283,unknown,age_unknown_mixed_study,65,1,human metagenome,GENOMIC
SAMN08617033,PRJNA417283,unknown,age_unknown_mixed_study,66,1,human metagenome,GENOMIC
SAMN08617034,PRJNA417283,unknown,age_unknown_mixed_study,67,1,human metagenome,GENOMIC
SAMN08617035,PRJNA417283,unknown,age_unknown_mixed_study,68,1,human metagenome,GENOMIC
SAMN08617036,PRJNA417283,unknown,age_unknown_mixed_study,69,1,human metagenome,GENOMIC
SAMN08617037,PRJNA417283,unknown,age_unknown_mixed_study,70,1,human metagenome,GENOMIC
SAMN08617038,PRJNA417283,unknown,age_unknown_mixed_study,71,1,human metagenome,GENOMIC
SAMN08617039,PRJNA417283,unknown,age_unknown_mixed_study,72,1,human metagenome,GENOMIC
SAMN08617040,PRJNA417283,unknown,age_unknown_mixed_study,73,1,human metagenome,GENOMIC
SAMN08617041,PRJNA417283,unknown,age_unknown_mixed_study,74,1,human metagenome,GENOMIC
SAMN08617042,PRJNA417283,unknown,age_unknown_mixed_study,75,1,human metagenome,GENOMIC
SAMN08617043,PRJNA417283,unknown,age_unknown_mixed_study,76,1,human metagenome,GENOMIC
SAMN08617044,PRJNA417283,unknown,age_unknown_mixed_study,77,1,human metagenome,GENOMIC
SAMN08617045,PRJNA417283,unknown,age_unknown_mixed_study,78,1,human metagenome,GENOMIC
SAMN08617046,PRJNA417283,unknown,age_unknown_mixed_study,79,1,human metagenome,GENOMIC
SAMN08617047,PRJNA417283,unknown,age_unknown_mixed_study,80,1,human metagenome,GENOMIC
SAMN08617048,PRJNA417283,unknown,age_unknown_mixed_study,81,1,human metagenome,GENOMIC
SAMN08617049,PRJNA417283,unknown,age_unknown_mixed_study,82,1,human metagenome,GENOMIC
SAMN08617050,PRJNA417283,unknown,age_unknown_mixed_study,83,1,human metagenome,GENOMIC
SAMN08617051,PRJNA417283,unknown,age_unknown_mixed_study,84,1,human metagenome,GENOMIC
SAMN08617052,PRJNA417283,unknown,age_unknown_mixed_study,85,1,human metagenome,GENOMIC
SAMN08617053,PRJNA417283,unknown,age_unknown_mixed_study,86,1,human metagenome,GENOMIC
SAMN18138612,PRJNA706606,primary,age_unknown_no_study_estimate,Metagenome or environmental sample from human feces metagenome,1,human feces metagenome,GENOMIC
SAMN18138613,PRJNA706606,primary,age_unknown_no_study_estimate,Metagenome or environmental sample from human feces metagenome,1,human feces metagenome,GENOMIC
SAMN18138614,PRJNA706606,primary,age_unknown_no_study_estimate,Metagenome or environmental sample from human feces metagenome,1,human feces metagenome,GENOMIC
SAMN18138615,PRJNA706606,primary,age_unknown_no_study_estimate,Metagenome or environmental sample from human feces metagenome,1,human feces metagenome,GENOMIC
SAMN18138616,PRJNA706606,primary,age_unknown_no_study_estimate,Metagenome or environmental sample from human feces metagenome,1,human feces metagenome,GENOMIC
SAMN18138617,PRJNA706606,primary,age_unknown_no_study_estimate,Metagenome or environmental sample from human feces metagenome,1,human feces metagenome,GENOMIC
SAMN18138618,PRJNA706606,primary,age_unknown_no_study_estimate,Metagenome or environmental sample from human feces metagenome,1,human feces metagenome,GENOMIC
SAMN18138619,PRJNA706606,primary,age_unknown_no_study_estimate,Metagenome or environmental sample from human feces metagenome,1,human feces metagenome,GENOMIC
SAMN18138620,PRJNA706606,primary,age_unknown_no_study_estimate,Metagenome or environmental sample from human feces metagenome,1,human feces metagenome,GENOMIC
SAMN18138621,PRJNA706606,primary,age_unknown_no_study_estimate,Metagenome or environmental sample from human feces metagenome,1,human feces metagenome,GENOMIC
SAMN18138622,PRJNA706606,primary,age_unknown_no_study_estimate,Metagenome or environmental sample from human feces metagenome,1,human feces metagenome,GENOMIC
SAMN18138623,PRJNA706606,primary,age_unknown_no_study_estimate,Metagenome or environmental sample from human feces metagenome,1,human feces metagenome,GENOMIC
SAMN18138624,PRJNA706606,primary,age_unknown_no_study_estimate,Metagenome or environmental sample from human feces metagenome,1,human feces metagenome,GENOMIC
SAMN18138625,PRJNA706606,primary,age_unknown_no_study_estimate,Metagenome or environmental sample from human feces metagenome,1,human feces metagenome,GENOMIC
SAMN18138626,PRJNA706606,primary,age_unknown_no_study_estimate,Metagenome or environmental sample from human feces metagenome,1,human feces metagenome,GENOMIC
SAMN18138627,PRJNA706606,primary,age_unknown_no_study_estimate,Metagenome or environmental sample from human feces metagenome,1,human feces metagenome,GENOMIC
SAMN18138628,PRJNA706606,primary,age_unknown_no_study_estimate,Metagenome or environmental sample from human feces metagenome,1,human feces metagenome,GENOMIC
SAMN18138629,PRJNA706606,primary,age_unknown_no_study_estimate,Metagenome or environmental sample from human feces metagenome,1,human feces metagenome,GENOMIC
SAMN18138630,PRJNA706606,primary,age_unknown_no_study_estimate,Metagenome or environmental sample from human feces metagenome,1,human feces metagenome,GENOMIC
SAMN18138631,PRJNA706606,primary,age_unknown_no_study_estimate,Metagenome or environmental sample from human feces metagenome,1,human feces metagenome,GENOMIC
SAMN18138632,PRJNA706606,primary,age_unknown_no_study_estimate,Metagenome or environmental sample from human feces metagenome,1,human feces metagenome,GENOMIC
SAMN18138633,PRJNA706606,primary,age_unknown_no_study_estimate,Metagenome or environmental sample from human feces metagenome,1,human feces metagenome,GENOMIC
SAMN18138634,PRJNA706606,primary,age_unknown_no_study_estimate,Metagenome or environmental sample from human feces metagenome,1,human feces metagenome,GENOMIC
SAMN18138635,PRJNA706606,primary,age_unknown_no_study_estimate,Metagenome or environmental sample from human feces metagenome,1,human feces metagenome,GENOMIC
SAMN18138636,PRJNA706606,primary,age_unknown_no_study_estimate,Metagenome or environmental sample from human feces metagenome,1,human feces metagenome,GENOMIC
SAMN18138637,PRJNA706606,primary,age_unknown_no_study_estimate,Metagenome or environmental sample from human feces metagenome,1,human feces metagenome,GENOMIC
SAMN18138638,PRJNA706606,primary,age_unknown_no_study_estimate,Metagenome or environmental sample from human feces metagenome,1,human feces metagenome,GENOMIC
SAMN18138639,PRJNA706606,primary,age_unknown_no_study_estimate,Metagenome or environmental sample from human feces metagenome,1,human feces metagenome,GENOMIC
SAMN18138640,PRJNA706606,primary,age_unknown_no_study_estimate,Metagenome or environmental sample from human feces metagenome,1,human feces metagenome,GENOMIC
SAMN18138641,PRJNA706606,primary,age_unknown_no_study_estimate,Metagenome or environmental sample from human feces metagenome,1,human feces metagenome,GENOMIC
SAMN18138642,PRJNA706606,primary,age_unknown_no_study_estimate,Metagenome or environmental sample from human feces metagenome,1,human feces metagenome,GENOMIC
SAMN18138643,PRJNA706606,primary,age_unknown_no_study_estimate,Metagenome or environmental sample from human feces metagenome,1,human feces metagenome,GENOMIC
SAMN18138644,PRJNA706606,primary,age_unknown_no_study_estimate,Metagenome or environmental sample from human feces metagenome,1,human feces metagenome,GENOMIC
SAMN18138645,PRJNA706606,primary,age_unknown_no_study_estimate,Metagenome or environmental sample from human feces metagenome,1,human feces metagenome,GENOMIC
SAMN18138646,PRJNA706606,primary,age_unknown_no_study_estimate,Metagenome or environmental sample from human feces metagenome,1,human feces metagenome,GENOMIC
SAMN18138647,PRJNA706606,primary,age_unknown_no_study_estimate,Metagenome or environmental sample from human feces metagenome,1,human feces metagenome,GENOMIC
SAMN18138648,PRJNA706606,primary,age_unknown_no_study_estimate,Metagenome or environmental sample from human feces metagenome,1,human feces metagenome,GENOMIC
SAMN18138649,PRJNA706606,primary,age_unknown_no_study_estimate,Metagenome or environmental sample from human feces metagenome,1,human feces metagenome,GENOMIC
SAMN18138650,PRJNA706606,primary,age_unknown_no_study_estimate,Metagenome or environmental sample from human feces metagenome,1,human feces metagenome,GENOMIC
SAMN18138651,PRJNA706606,primary,age_unknown_no_study_estimate,Metagenome or environmental sample from human feces metagenome,1,human feces metagenome,GENOMIC
SAMN18138652,PRJNA706606,primary,age_unknown_no_study_estimate,Metagenome or environmental sample from human feces metagenome,1,human feces metagenome,GENOMIC
SAMN18138653,PRJNA706606,primary,age_unknown_no_study_estimate,Metagenome or environmental sample from human feces metagenome,1,human feces metagenome,GENOMIC
SAMN18138654,PRJNA706606,primary,age_unknown_no_study_estimate,Metagenome or environmental sample from human feces metagenome,1,human feces metagenome,GENOMIC
SAMN18138655,PRJNA706606,primary,age_unknown_no_study_estimate,Metagenome or environmental sample from human feces metagenome,1,human feces metagenome,GENOMIC
SAMN18138656,PRJNA706606,primary,age_unknown_no_study_estimate,Metagenome or environmental sample from human feces metagenome,1,human feces metagenome,GENOMIC
SAMN18138657,PRJNA706606,primary,age_unknown_no_study_estimate,Metagenome or environmental sample from human feces metagenome,1,human feces metagenome,GENOMIC
SAMN18138658,PRJNA706606,primary,age_unknown_no_study_estimate,Metagenome or environmental sample from human feces metagenome,1,human feces metagenome,GENOMIC
SAMN18138659,PRJNA706606,primary,age_unknown_no_study_estimate,Metagenome or environmental sample from human feces metagenome,1,human feces metagenome,GENOMIC
SAMN18138660,PRJNA706606,primary,age_unknown_no_study_estimate,Metagenome or environmental sample from human feces metagenome,1,human feces metagenome,GENOMIC
SAMN18138661,PRJNA706606,primary,age_unknown_no_study_estimate,Metagenome or environmental sample from human feces metagenome,1,human feces metagenome,GENOMIC
SAMN18138662,PRJNA706606,primary,age_unknown_no_study_estimate,Metagenome or environmental sample from human feces metagenome,1,human feces metagenome,GENOMIC
SAMN18138663,PRJNA706606,primary,age_unknown_no_study_estimate,Metagenome or environmental sample from human feces metagenome,1,human feces metagenome,GENOMIC
SAMN18138664,PRJNA706606,primary,age_unknown_no_study_estimate,Metagenome or environmental sample from human feces metagenome,1,human feces metagenome,GENOMIC
SAMN18138665,PRJNA706606,primary,age_unknown_no_study_estimate,Metagenome or environmental sample from human feces metagenome,1,human feces metagenome,GENOMIC
SAMN18138666,PRJNA706606,primary,age_unknown_no_study_estimate,Metagenome or environmental sample from human feces metagenome,1,human feces metagenome,GENOMIC
SAMN18138667,PRJNA706606,primary,age_unknown_no_study_estimate,Metagenome or environmental sample from human feces metagenome,1,human feces metagenome,GENOMIC
SAMN18138668,PRJNA706606,primary,age_unknown_no_study_estimate,Metagenome or environmental sample from human feces metagenome,1,human feces metagenome,GENOMIC
SAMN18138669,PRJNA706606,primary,age_unknown_no_study_estimate,Metagenome or environmental sample from human feces metagenome,1,human feces metagenome,GENOMIC
SAMN18138670,PRJNA706606,primary,age_unknown_no_study_estimate,Metagenome or environmental sample from human feces metagenome,1,human feces metagenome,GENOMIC
SAMN18138671,PRJNA706606,primary,age_unknown_no_study_estimate,Metagenome or environmental sample from human feces metagenome,1,human feces metagenome,GENOMIC
SAMN18138672,PRJNA706606,primary,age_unknown_no_study_estimate,Metagenome or environmental sample from human feces metagenome,1,human feces metagenome,GENOMIC
SAMN18138673,PRJNA706606,primary,age_unknown_no_study_estimate,Metagenome or environmental sample from human feces metagenome,1,human feces metagenome,GENOMIC
SAMN18138674,PRJNA706606,primary,age_unknown_no_study_estimate,Metagenome or environmental sample from human feces metagenome,1,human feces metagenome,GENOMIC
SAMN18138675,PRJNA706606,primary,age_unknown_no_study_estimate,Metagenome or environmental sample from human feces metagenome,1,human feces metagenome,GENOMIC
SAMN18138676,PRJNA706606,primary,age_unknown_no_study_estimate,Metagenome or environmental sample from human feces metagenome,1,human feces metagenome,GENOMIC
SAMN18138677,PRJNA706606,primary,age_unknown_no_study_estimate,Metagenome or environmental sample from human feces metagenome,1,human feces metagenome,GENOMIC
SAMN18138678,PRJNA706606,primary,age_unknown_no_study_estimate,Metagenome or environmental sample from human feces metagenome,1,human feces metagenome,GENOMIC
SAMN18138679,PRJNA706606,primary,age_unknown_no_study_estimate,Metagenome or environmental sample from human feces metagenome,1,human feces metagenome,GENOMIC
SAMN18138680,PRJNA706606,primary,age_unknown_no_study_estimate,Metagenome or environmental sample from human feces metagenome,1,human feces metagenome,GENOMIC
SAMN18138681,PRJNA706606,primary,age_unknown_no_study_estimate,Metagenome or environmental sample from human feces metagenome,1,human feces metagenome,GENOMIC
SAMN18138682,PRJNA706606,primary,age_unknown_no_study_estimate,Metagenome or environmental sample from human feces metagenome,1,human feces metagenome,GENOMIC
SAMN18138683,PRJNA706606,primary,age_unknown_no_study_estimate,Metagenome or environmental sample from human feces metagenome,1,human feces metagenome,GENOMIC
SAMN18138684,PRJNA706606,primary,age_unknown_no_study_estimate,Metagenome or environmental sample from human feces metagenome,1,human feces metagenome,GENOMIC
SAMN18138685,PRJNA706606,primary,age_unknown_no_study_estimate,Metagenome or environmental sample from human feces metagenome,1,human feces metagenome,GENOMIC
SAMN18138686,PRJNA706606,primary,age_unknown_no_study_estimate,Metagenome or environmental sample from human feces metagenome,1,human feces metagenome,GENOMIC
SAMN18138687,PRJNA706606,primary,age_unknown_no_study_estimate,Metagenome or environmental sample from human feces metagenome,1,human feces metagenome,GENOMIC
SAMN18138688,PRJNA706606,primary,age_unknown_no_study_estimate,Metagenome or environmental sample from human feces metagenome,1,human feces metagenome,GENOMIC
SAMN18138689,PRJNA706606,primary,age_unknown_no_study_estimate,Metagenome or environmental sample from human feces metagenome,1,human feces metagenome,GENOMIC
SAMN18138690,PRJNA706606,primary,age_unknown_no_study_estimate,Metagenome or environmental sample from human feces metagenome,1,human feces metagenome,GENOMIC
SAMN18138691,PRJNA706606,primary,age_unknown_no_study_estimate,Metagenome or environmental sample from human feces metagenome,1,human feces metagenome,GENOMIC
SAMN18138692,PRJNA706606,primary,age_unknown_no_study_estimate,Metagenome or environmental sample from human feces metagenome,1,human feces metagenome,GENOMIC
SAMN18138693,PRJNA706606,primary,age_unknown_no_study_estimate,Metagenome or environmental sample from human feces metagenome,1,human feces metagenome,GENOMIC
SAMN18138694,PRJNA706606,primary,age_unknown_no_study_estimate,Metagenome or environmental sample from human feces metagenome,1,human feces metagenome,GENOMIC
SAMN18138695,PRJNA706606,primary,age_unknown_no_study_estimate,Metagenome or environmental sample from human feces metagenome,1,human feces metagenome,GENOMIC
SAMN18138696,PRJNA706606,primary,age_unknown_no_study_estimate,Metagenome or environmental sample from human feces metagenome,1,human feces metagenome,GENOMIC
SAMN18138697,PRJNA706606,primary,age_unknown_no_study_estimate,Metagenome or environmental sample from human feces metagenome,1,human feces metagenome,GENOMIC
SAMN18138698,PRJNA706606,primary,age_unknown_no_study_estimate,Metagenome or environmental sample from human feces metagenome,1,human feces metagenome,GENOMIC
SAMN18138699,PRJNA706606,primary,age_unknown_no_study_estimate,Metagenome or environmental sample from human feces metagenome,1,human feces metagenome,GENOMIC
SAMN18138700,PRJNA706606,primary,age_unknown_no_study_estimate,Metagenome or environmental sample from human feces metagenome,1,human feces metagenome,GENOMIC
SAMN18138701,PRJNA706606,primary,age_unknown_no_study_estimate,Metagenome or environmental sample from human feces metagenome,1,human feces metagenome,GENOMIC
SAMN18138702,PRJNA706606,primary,age_unknown_no_study_estimate,Metagenome or environmental sample from human feces metagenome,1,human feces metagenome,GENOMIC
SAMN18138703,PRJNA706606,primary,age_unknown_no_study_estimate,Metagenome or environmental sample from human feces metagenome,1,human feces metagenome,GENOMIC
SAMN18138704,PRJNA706606,primary,age_unknown_no_study_estimate,Metagenome or environmental sample from human feces metagenome,1,human feces metagenome,GENOMIC
SAMN18138705,PRJNA706606,primary,age_unknown_no_study_estimate,Metagenome or environmental sample from human feces metagenome,1,human feces metagenome,GENOMIC
SAMN18138706,PRJNA706606,primary,age_unknown_no_study_estimate,Metagenome or environmental sample from human feces metagenome,1,human feces metagenome,GENOMIC
SAMN18920763,PRJNA726052,primary,age_unknown_mixed_study,Metagenome or environmental sample from human feces metagenome,1,human feces metagenome,GENOMIC
SAMN18920764,PRJNA726052,primary,age_unknown_mixed_study,Metagenome or environmental sample from human feces metagenome,1,human feces metagenome,GENOMIC
SAMN18920765,PRJNA726052,primary,age_unknown_mixed_study,Metagenome or environmental sample from human feces metagenome,1,human feces metagenome,GENOMIC
SAMN18920766,PRJNA726052,primary,age_unknown_mixed_study,Metagenome or environmental sample from human feces metagenome,1,human feces metagenome,GENOMIC
SAMN18920767,PRJNA726052,primary,age_unknown_mixed_study,Metagenome or environmental sample from human feces metagenome,1,human feces metagenome,GENOMIC
SAMN18920768,PRJNA726052,primary,age_unknown_mixed_study,Metagenome or environmental sample from human feces metagenome,1,human feces metagenome,GENOMIC
SAMN18920769,PRJNA726052,primary,age_unknown_mixed_study,Metagenome or environmental sample from human feces metagenome,1,human feces metagenome,GENOMIC
SAMN18920770,PRJNA726052,primary,age_unknown_mixed_study,Metagenome or environmental sample from human feces metagenome,1,human feces metagenome,GENOMIC
SAMN18920771,PRJNA726052,primary,age_unknown_mixed_study,Metagenome or environmental sample from human feces metagenome,1,human feces metagenome,GENOMIC
SAMN18920772,PRJNA726052,primary,age_unknown_mixed_study,Metagenome or environmental sample from human feces metagenome,1,human feces metagenome,GENOMIC
SAMN18920773,PRJNA726052,primary,age_unknown_mixed_study,Metagenome or environmental sample from human feces metagenome,1,human feces metagenome,GENOMIC
SAMN18920774,PRJNA726052,primary,age_unknown_mixed_study,Metagenome or environmental sample from human feces metagenome,1,human feces metagenome,GENOMIC
SAMN18920775,PRJNA726052,primary,age_unknown_mixed_study,Metagenome or environmental sample from human feces metagenome,1,human feces metagenome,GENOMIC
SAMN18920776,PRJNA726052,primary,age_unknown_mixed_study,Metagenome or environmental sample from human feces metagenome,1,human feces metagenome,GENOMIC
SAMN18920777,PRJNA726052,primary,age_unknown_mixed_study,Metagenome or environmental sample from human feces metagenome,1,human feces metagenome,GENOMIC
SAMN18920778,PRJNA726052,primary,age_unknown_mixed_study,Metagenome or environmental sample from human feces metagenome,1,human feces metagenome,GENOMIC
SAMN18920779,PRJNA726052,primary,age_unknown_mixed_study,Metagenome or environmental sample from human feces metagenome,1,human feces metagenome,GENOMIC
SAMN18920780,PRJNA726052,primary,age_unknown_mixed_study,Metagenome or environmental sample from human feces metagenome,1,human feces metagenome,GENOMIC
SAMN18920781,PRJNA726052,primary,age_unknown_mixed_study,Metagenome or environmental sample from human feces metagenome,1,human feces metagenome,GENOMIC
SAMN18920782,PRJNA726052,primary,age_unknown_mixed_study,Metagenome or environmental sample from human feces metagenome,1,human feces metagenome,GENOMIC
SAMN18920783,PRJNA726052,primary,age_unknown_mixed_study,Metagenome or environmental sample from human feces metagenome,1,human feces metagenome,GENOMIC
SAMN18920784,PRJNA726052,primary,age_unknown_mixed_study,Metagenome or environmental sample from human feces metagenome,1,human feces metagenome,GENOMIC
SAMN18920785,PRJNA726052,primary,age_unknown_mixed_study,Metagenome or environmental sample from human feces metagenome,1,human feces metagenome,GENOMIC
SAMN18920786,PRJNA726052,primary,age_unknown_mixed_study,Metagenome or environmental sample from human feces metagenome,1,human feces metagenome,GENOMIC
SAMN18920787,PRJNA726052,primary,age_unknown_mixed_study,Metagenome or environmental sample from human feces metagenome,1,human feces metagenome,GENOMIC
SAMN18920788,PRJNA726052,primary,age_unknown_mixed_study,Metagenome or environmental sample from human feces metagenome,1,human feces metagenome,GENOMIC
SAMN18920789,PRJNA726052,primary,age_unknown_mixed_study,Metagenome or environmental sample from human feces metagenome,1,human feces metagenome,GENOMIC
SAMN18920790,PRJNA726052,primary,age_unknown_mixed_study,Metagenome or environmental sample from human feces metagenome,1,human feces metagenome,GENOMIC
SAMN18920791,PRJNA726052,primary,age_unknown_mixed_study,Metagenome or environmental sample from human feces metagenome,1,human feces metagenome,GENOMIC
SAMN18920792,PRJNA726052,primary,age_unknown_mixed_study,Metagenome or environmental sample from human feces metagenome,1,human feces metagenome,GENOMIC
SAMN18920793,PRJNA726052,primary,age_unknown_mixed_study,Metagenome or environmental sample from human feces metagenome,1,human feces metagenome,GENOMIC
SAMN18920794,PRJNA726052,primary,age_unknown_mixed_study,Metagenome or environmental sample from human feces metagenome,1,human feces metagenome,GENOMIC
SAMN18920795,PRJNA726052,primary,age_unknown_mixed_study,Metagenome or environmental sample from human feces metagenome,1,human feces metagenome,GENOMIC
SAMN18920796,PRJNA726052,primary,age_unknown_mixed_study,Metagenome or environmental sample from human feces metagenome,1,human feces metagenome,GENOMIC
SAMN18920797,PRJNA726052,primary,age_unknown_mixed_study,Metagenome or environmental sample from human feces metagenome,1,human feces metagenome,GENOMIC
SAMN18920798,PRJNA726052,primary,age_unknown_mixed_study,Metagenome or environmental sample from human feces metagenome,1,human feces metagenome,GENOMIC
SAMN18920799,PRJNA726052,primary,age_unknown_mixed_study,Metagenome or environmental sample from human feces metagenome,1,human feces metagenome,GENOMIC
SAMN18920800,PRJNA726052,primary,age_unknown_mixed_study,Metagenome or environmental sample from human feces metagenome,1,human feces metagenome,GENOMIC
SAMN18920801,PRJNA726052,primary,age_unknown_mixed_study,Metagenome or environmental sample from human feces metagenome,1,human feces metagenome,GENOMIC
SAMN18920802,PRJNA726052,primary,age_unknown_mixed_study,Metagenome or environmental sample from human feces metagenome,1,human feces metagenome,GENOMIC
SAMN18920803,PRJNA726052,primary,age_unknown_mixed_study,Metagenome or environmental sample from human feces metagenome,1,human feces metagenome,GENOMIC
SAMN18920804,PRJNA726052,primary,age_unknown_mixed_study,Metagenome or environmental sample from human feces metagenome,1,human feces metagenome,GENOMIC
SAMN18920805,PRJNA726052,primary,age_unknown_mixed_study,Metagenome or environmental sample from human feces metagenome,1,human feces metagenome,GENOMIC
SAMN18920806,PRJNA726052,primary,age_unknown_mixed_study,Metagenome or environmental sample from human feces metagenome,1,human feces metagenome,GENOMIC
SAMN18920807,PRJNA726052,primary,age_unknown_mixed_study,Metagenome or environmental sample from human feces metagenome,1,human feces metagenome,GENOMIC
SAMN18920808,PRJNA726052,primary,age_unknown_mixed_study,Metagenome or environmental sample from human feces metagenome,1,human feces metagenome,GENOMIC
SAMN18920809,PRJNA726052,primary,age_unknown_mixed_study,Metagenome or environmental sample from human feces metagenome,1,human feces metagenome,GENOMIC
SAMN18920810,PRJNA726052,primary,age_unknown_mixed_study,Metagenome or environmental sample from human feces metagenome,1,human feces metagenome,GENOMIC
SAMN18920811,PRJNA726052,primary,age_unknown_mixed_study,Metagenome or environmental sample from human feces metagenome,1,human feces metagenome,GENOMIC
SAMN18920812,PRJNA726052,primary,age_unknown_mixed_study,Metagenome or environmental sample from human feces metagenome,1,human feces metagenome,GENOMIC
SAMN18920813,PRJNA726052,primary,age_unknown_mixed_study,Metagenome or environmental sample from human feces metagenome,1,human feces metagenome,GENOMIC
SAMN18920814,PRJNA726052,primary,age_unknown_mixed_study,Metagenome or environmental sample from human feces metagenome,1,human feces metagenome,GENOMIC
SAMN18920815,PRJNA726052,primary,age_unknown_mixed_study,Metagenome or environmental sample from human feces metagenome,1,human feces metagenome,GENOMIC
SAMN18920816,PRJNA726052,primary,age_unknown_mixed_study,Metagenome or environmental sample from human feces metagenome,1,human feces metagenome,GENOMIC
SAMN18920817,PRJNA726052,primary,age_unknown_mixed_study,Metagenome or environmental sample from human feces metagenome,1,human feces metagenome,GENOMIC
SAMN18920818,PRJNA726052,primary,age_unknown_mixed_study,Metagenome or environmental sample from human feces metagenome,1,human feces metagenome,GENOMIC
SAMN18920819,PRJNA726052,primary,age_unknown_mixed_study,Metagenome or environmental sample from human feces metagenome,1,human feces metagenome,GENOMIC
SAMN18920820,PRJNA726052,primary,age_unknown_mixed_study,Metagenome or environmental sample from human feces metagenome,1,human feces metagenome,GENOMIC
SAMN18920821,PRJNA726052,primary,age_unknown_mixed_study,Metagenome or environmental sample from human feces metagenome,1,human feces metagenome,GENOMIC
SAMN18920822,PRJNA726052,primary,age_unknown_mixed_study,Metagenome or environmental sample from human feces metagenome,1,human feces metagenome,GENOMIC
SAMN18920823,PRJNA726052,primary,age_unknown_mixed_study,Metagenome or environmental sample from human feces metagenome,1,human feces metagenome,GENOMIC
SAMN18920824,PRJNA726052,primary,age_unknown_mixed_study,Metagenome or environmental sample from human feces metagenome,1,human feces metagenome,GENOMIC
SAMN18920825,PRJNA726052,primary,age_unknown_mixed_study,Metagenome or environmental sample from human feces metagenome,1,human feces metagenome,GENOMIC
SAMN18920826,PRJNA726052,primary,age_unknown_mixed_study,Metagenome or environmental sample from human feces metagenome,1,human feces metagenome,GENOMIC
SAMN18920827,PRJNA726052,primary,age_unknown_mixed_study,Metagenome or environmental sample from human feces metagenome,1,human feces metagenome,GENOMIC
SAMN18920828,PRJNA726052,primary,age_unknown_mixed_study,Metagenome or environmental sample from human feces metagenome,1,human feces metagenome,GENOMIC
SAMN18920829,PRJNA726052,primary,age_unknown_mixed_study,Metagenome or environmental sample from human feces metagenome,1,human feces metagenome,GENOMIC
SAMN18920830,PRJNA726052,primary,age_unknown_mixed_study,Metagenome or environmental sample from human feces metagenome,1,human feces metagenome,GENOMIC
SAMN18920831,PRJNA726052,primary,age_unknown_mixed_study,Metagenome or environmental sample from human feces metagenome,1,human feces metagenome,GENOMIC
SAMN18920832,PRJNA726052,primary,age_unknown_mixed_study,Metagenome or environmental sample from human feces metagenome,1,human feces metagenome,GENOMIC
SAMN18920833,PRJNA726052,primary,age_unknown_mixed_study,Metagenome or environmental sample from human feces metagenome,1,human feces metagenome,GENOMIC
SAMN18920834,PRJNA726052,primary,age_unknown_mixed_study,Metagenome or environmental sample from human feces metagenome,1,human feces metagenome,GENOMIC
SAMN18920835,PRJNA726052,primary,age_unknown_mixed_study,Metagenome or environmental sample from human feces metagenome,1,human feces metagenome,GENOMIC
SAMN18920836,PRJNA726052,primary,age_unknown_mixed_study,Metagenome or environmental sample from human feces metagenome,1,human feces metagenome,GENOMIC
SAMN18920837,PRJNA726052,primary,age_unknown_mixed_study,Metagenome or environmental sample from human feces metagenome,1,human feces metagenome,GENOMIC
SAMN18920838,PRJNA726052,primary,age_unknown_mixed_study,Metagenome or environmental sample from human feces metagenome,1,human feces metagenome,GENOMIC
SAMN18920839,PRJNA726052,primary,age_unknown_mixed_study,Metagenome or environmental sample from human feces metagenome,1,human feces metagenome,GENOMIC
SAMN18920840,PRJNA726052,primary,age_unknown_mixed_study,Metagenome or environmental sample from human feces metagenome,1,human feces metagenome,GENOMIC
SAMN18920841,PRJNA726052,primary,age_unknown_mixed_study,Metagenome or environmental sample from human feces metagenome,1,human feces metagenome,GENOMIC
SAMN18920842,PRJNA726052,primary,age_unknown_mixed_study,Metagenome or environmental sample from human feces metagenome,1,human feces metagenome,GENOMIC
SAMN18920843,PRJNA726052,primary,age_unknown_mixed_study,Metagenome or environmental sample from human feces metagenome,1,human feces metagenome,GENOMIC
SAMN18920844,PRJNA726052,primary,age_unknown_mixed_study,Metagenome or environmental sample from human feces metagenome,1,human feces metagenome,GENOMIC
SAMN18920845,PRJNA726052,primary,age_unknown_mixed_study,Metagenome or environmental sample from human feces metagenome,1,human feces metagenome,GENOMIC
SAMN18920846,PRJNA726052,primary,age_unknown_mixed_study,Metagenome or environmental sample from human feces metagenome,1,human feces metagenome,GENOMIC
SAMN18920847,PRJNA726052,primary,age_unknown_mixed_study,Metagenome or environmental sample from human feces metagenome,1,human feces metagenome,GENOMIC
SAMN18920848,PRJNA726052,primary,age_unknown_mixed_study,Metagenome or environmental sample from human feces metagenome,1,human feces metagenome,GENOMIC
SAMN18920849,PRJNA726052,primary,age_unknown_mixed_study,Metagenome or environmental sample from human feces metagenome,1,human feces metagenome,GENOMIC
SAMN18920850,PRJNA726052,primary,age_unknown_mixed_study,Metagenome or environmental sample from human feces metagenome,1,human feces metagenome,GENOMIC
SAMN18920851,PRJNA726052,primary,age_unknown_mixed_study,Metagenome or environmental sample from human feces metagenome,1,human feces metagenome,GENOMIC
SAMN18920852,PRJNA726052,primary,age_unknown_mixed_study,Metagenome or environmental sample from human feces metagenome,1,human feces metagenome,GENOMIC
SAMN18920853,PRJNA726052,primary,age_unknown_mixed_study,Metagenome or environmental sample from human feces metagenome,1,human feces metagenome,GENOMIC
SAMN18920854,PRJNA726052,primary,age_unknown_mixed_study,Metagenome or environmental sample from human feces metagenome,1,human feces metagenome,GENOMIC
SAMN18920855,PRJNA726052,primary,age_unknown_mixed_study,Metagenome or environmental sample from human feces metagenome,1,human feces metagenome,GENOMIC
SAMN18920856,PRJNA726052,primary,age_unknown_mixed_study,Metagenome or environmental sample from human feces metagenome,1,human feces metagenome,GENOMIC
SAMN18920857,PRJNA726052,primary,age_unknown_mixed_study,Metagenome or environmental sample from human feces metagenome,1,human feces metagenome,GENOMIC
SAMN18920858,PRJNA726052,primary,age_unknown_mixed_study,Metagenome or environmental sample from human feces metagenome,1,human feces metagenome,GENOMIC
SAMN18920859,PRJNA726052,primary,age_unknown_mixed_study,Metagenome or environmental sample from human feces metagenome,1,human feces metagenome,GENOMIC
SAMN18920860,PRJNA726052,primary,age_unknown_mixed_study,Metagenome or environmental sample from human feces metagenome,1,human feces metagenome,GENOMIC
SAMN18920861,PRJNA726052,primary,age_unknown_mixed_study,Metagenome or environmental sample from human feces metagenome,1,human feces metagenome,GENOMIC
SAMN18920862,PRJNA726052,primary,age_unknown_mixed_study,Metagenome or environmental sample from human feces metagenome,1,human feces metagenome,GENOMIC
SAMN18920863,PRJNA726052,primary,age_unknown_mixed_study,Metagenome or environmental sample from human feces metagenome,1,human feces metagenome,GENOMIC
SAMN18920864,PRJNA726052,primary,age_unknown_mixed_study,Metagenome or environmental sample from human feces metagenome,1,human feces metagenome,GENOMIC
SAMN18920865,PRJNA726052,primary,age_unknown_mixed_study,Metagenome or environmental sample from human feces metagenome,1,human feces metagenome,GENOMIC
SAMN18920866,PRJNA726052,primary,age_unknown_mixed_study,Metagenome or environmental sample from human feces metagenome,1,human feces metagenome,GENOMIC
SAMN18920867,PRJNA726052,primary,age_unknown_mixed_study,Metagenome or environmental sample from human feces metagenome,1,human feces metagenome,GENOMIC
SAMN18920868,PRJNA726052,primary,age_unknown_mixed_study,Metagenome or environmental sample from human feces metagenome,1,human feces metagenome,GENOMIC
SAMN18920869,PRJNA726052,primary,age_unknown_mixed_study,Metagenome or environmental sample from human feces metagenome,1,human feces metagenome,GENOMIC
SAMN18920870,PRJNA726052,primary,age_unknown_mixed_study,Metagenome or environmental sample from human feces metagenome,1,human feces metagenome,GENOMIC
SAMN18920871,PRJNA726052,primary,age_unknown_mixed_study,Metagenome or environmental sample from human feces metagenome,1,human feces metagenome,GENOMIC
SAMN18920872,PRJNA726052,primary,age_unknown_mixed_study,Metagenome or environmental sample from human feces metagenome,1,human feces metagenome,GENOMIC
SAMN18920873,PRJNA726052,primary,age_unknown_mixed_study,Metagenome or environmental sample from human feces metagenome,1,human feces metagenome,GENOMIC
SAMN18920874,PRJNA726052,primary,age_unknown_mixed_study,Metagenome or environmental sample from human feces metagenome,1,human feces metagenome,GENOMIC
SAMN18920875,PRJNA726052,primary,age_unknown_mixed_study,Metagenome or environmental sample from human feces metagenome,1,human feces metagenome,GENOMIC
SAMN18920876,PRJNA726052,primary,age_unknown_mixed_study,Metagenome or environmental sample from human feces metagenome,1,human feces metagenome,GENOMIC
SAMN18920877,PRJNA726052,primary,age_unknown_mixed_study,Metagenome or environmental sample from human feces metagenome,1,human feces metagenome,GENOMIC
SAMN18920878,PRJNA726052,primary,age_unknown_mixed_study,Metagenome or environmental sample from human feces metagenome,1,human feces metagenome,GENOMIC
SAMN18920879,PRJNA726052,primary,age_unknown_mixed_study,Metagenome or environmental sample from human feces metagenome,1,human feces metagenome,GENOMIC
SAMN18920880,PRJNA726052,primary,age_unknown_mixed_study,Metagenome or environmental sample from human feces metagenome,1,human feces metagenome,GENOMIC
SAMN18920881,PRJNA726052,primary,age_unknown_mixed_study,Metagenome or environmental sample from human feces metagenome,1,human feces metagenome,GENOMIC
SAMN18920882,PRJNA726052,primary,age_unknown_mixed_study,Metagenome or environmental sample from human feces metagenome,1,human feces metagenome,GENOMIC
SAMN18920883,PRJNA726052,primary,age_unknown_mixed_study,Metagenome or environmental sample from human feces metagenome,1,human feces metagenome,GENOMIC
SAMN18920884,PRJNA726052,primary,age_unknown_mixed_study,Metagenome or environmental sample from human feces metagenome,1,human feces metagenome,GENOMIC
SAMN18920885,PRJNA726052,primary,age_unknown_mixed_study,Metagenome or environmental sample from human feces metagenome,1,human feces metagenome,GENOMIC
SAMN18920886,PRJNA726052,primary,age_unknown_mixed_study,Metagenome or environmental sample from human feces metagenome,1,human feces metagenome,GENOMIC
SAMN18920887,PRJNA726052,primary,age_unknown_mixed_study,Metagenome or environmental sample from human feces metagenome,1,human feces metagenome,GENOMIC
SAMN18920888,PRJNA726052,primary,age_unknown_mixed_study,Metagenome or environmental sample from human feces metagenome,1,human feces metagenome,GENOMIC
SAMN18920889,PRJNA726052,primary,age_unknown_mixed_study,Metagenome or environmental sample from human feces metagenome,1,human feces metagenome,GENOMIC
SAMN18920890,PRJNA726052,primary,age_unknown_mixed_study,Metagenome or environmental sample from human feces metagenome,1,human feces metagenome,GENOMIC
SAMN18920891,PRJNA726052,primary,age_unknown_mixed_study,Metagenome or environmental sample from human feces metagenome,1,human feces metagenome,GENOMIC
SAMN18920892,PRJNA726052,primary,age_unknown_mixed_study,Metagenome or environmental sample from human feces metagenome,1,human feces metagenome,GENOMIC
SAMN18920893,PRJNA726052,primary,age_unknown_mixed_study,Metagenome or environmental sample from human feces metagenome,1,human feces metagenome,GENOMIC
SAMN18920894,PRJNA726052,primary,age_unknown_mixed_study,Metagenome or environmental sample from human feces metagenome,1,human feces metagenome,GENOMIC
SAMN22955160,PRJNA778397,primary,infant_evidenced,MIMS Environmental/Metagenome sample from human gut metagenome,1,human gut metagenome,GENOMIC
SAMN22955161,PRJNA778397,primary,infant_evidenced,MIMS Environmental/Metagenome sample from human gut metagenome,1,human gut metagenome,GENOMIC
SAMN22955162,PRJNA778397,primary,infant_evidenced,MIMS Environmental/Metagenome sample from human gut metagenome,1,human gut metagenome,GENOMIC
SAMN22955163,PRJNA778397,primary,infant_evidenced,MIMS Environmental/Metagenome sample from human gut metagenome,1,human gut metagenome,GENOMIC
SAMN22955164,PRJNA778397,primary,infant_evidenced,MIMS Environmental/Metagenome sample from human gut metagenome,1,human gut metagenome,GENOMIC
SAMN22955165,PRJNA778397,primary,infant_evidenced,MIMS Environmental/Metagenome sample from human gut metagenome,1,human gut metagenome,GENOMIC
SAMN22955166,PRJNA778397,primary,infant_evidenced,MIMS Environmental/Metagenome sample from human gut metagenome,1,human gut metagenome,GENOMIC
SAMN22955167,PRJNA778397,primary,infant_evidenced,MIMS Environmental/Metagenome sample from human gut metagenome,1,human gut metagenome,GENOMIC
SAMN22955168,PRJNA778397,primary,infant_evidenced,MIMS Environmental/Metagenome sample from human gut metagenome,1,human gut metagenome,GENOMIC
SAMN22955169,PRJNA778397,primary,infant_evidenced,MIMS Environmental/Metagenome sample from human gut metagenome,1,human gut metagenome,GENOMIC
SAMN22955170,PRJNA778397,primary,infant_evidenced,MIMS Environmental/Metagenome sample from human gut metagenome,1,human gut metagenome,GENOMIC
SAMN22955171,PRJNA778397,primary,infant_evidenced,MIMS Environmental/Metagenome sample from human gut metagenome,1,human gut metagenome,GENOMIC
SAMN22955172,PRJNA778397,primary,infant_evidenced,MIMS Environmental/Metagenome sample from human gut metagenome,1,human gut metagenome,GENOMIC
SAMN22955173,PRJNA778397,primary,infant_evidenced,MIMS Environmental/Metagenome sample from human gut metagenome,1,human gut metagenome,GENOMIC
SAMN22955174,PRJNA778397,primary,infant_evidenced,MIMS Environmental/Metagenome sample from human gut metagenome,1,human gut metagenome,GENOMIC
SAMN22955175,PRJNA778397,primary,infant_evidenced,MIMS Environmental/Metagenome sample from human gut metagenome,1,human gut metagenome,GENOMIC
SAMN22955176,PRJNA778397,primary,infant_evidenced,MIMS Environmental/Metagenome sample from human gut metagenome,1,human gut metagenome,GENOMIC
SAMN22955177,PRJNA778397,primary,infant_evidenced,MIMS Environmental/Metagenome sample from human gut metagenome,1,human gut metagenome,GENOMIC
SAMN22955178,PRJNA778397,primary,infant_evidenced,MIMS Environmental/Metagenome sample from human gut metagenome,1,human gut metagenome,GENOMIC
SAMN22955179,PRJNA778397,primary,infant_evidenced,MIMS Environmental/Metagenome sample from human gut metagenome,1,human gut metagenome,GENOMIC
SAMN22955180,PRJNA778397,primary,infant_evidenced,MIMS Environmental/Metagenome sample from human gut metagenome,1,human gut metagenome,GENOMIC
SAMN22955181,PRJNA778397,primary,infant_evidenced,MIMS Environmental/Metagenome sample from human gut metagenome,1,human gut metagenome,GENOMIC
SAMN22955182,PRJNA778397,primary,infant_evidenced,MIMS Environmental/Metagenome sample from human gut metagenome,1,human gut metagenome,GENOMIC
SAMN22955183,PRJNA778397,primary,infant_evidenced,MIMS Environmental/Metagenome sample from human gut metagenome,1,human gut metagenome,GENOMIC
SAMN22955184,PRJNA778397,primary,infant_evidenced,MIMS Environmental/Metagenome sample from human gut metagenome,1,human gut metagenome,GENOMIC
SAMN22955185,PRJNA778397,primary,infant_evidenced,MIMS Environmental/Metagenome sample from human gut metagenome,1,human gut metagenome,GENOMIC
SAMN22955186,PRJNA778397,primary,infant_evidenced,MIMS Environmental/Metagenome sample from human gut metagenome,1,human gut metagenome,GENOMIC
SAMN22955187,PRJNA778397,primary,infant_evidenced,MIMS Environmental/Metagenome sample from human gut metagenome,1,human gut metagenome,GENOMIC
SAMN22955188,PRJNA778397,primary,infant_evidenced,MIMS Environmental/Metagenome sample from human gut metagenome,1,human gut metagenome,GENOMIC
SAMN22955189,PRJNA778397,primary,infant_evidenced,MIMS Environmental/Metagenome sample from human gut metagenome,1,human gut metagenome,GENOMIC
SAMN22955190,PRJNA778397,primary,infant_evidenced,MIMS Environmental/Metagenome sample from human gut metagenome,1,human gut metagenome,GENOMIC
SAMN22955191,PRJNA778397,primary,infant_evidenced,MIMS Environmental/Metagenome sample from human gut metagenome,1,human gut metagenome,GENOMIC
SAMN22955192,PRJNA778397,primary,infant_evidenced,MIMS Environmental/Metagenome sample from human gut metagenome,1,human gut metagenome,GENOMIC
SAMN22955193,PRJNA778397,primary,infant_evidenced,MIMS Environmental/Metagenome sample from human gut metagenome,1,human gut metagenome,GENOMIC
SAMN22955194,PRJNA778397,primary,infant_evidenced,MIMS Environmental/Metagenome sample from human gut metagenome,1,human gut metagenome,GENOMIC
SAMN22955195,PRJNA778397,primary,infant_evidenced,MIMS Environmental/Metagenome sample from human gut metagenome,1,human gut metagenome,GENOMIC
SAMN22955196,PRJNA778397,primary,infant_evidenced,MIMS Environmental/Metagenome sample from human gut metagenome,1,human gut metagenome,GENOMIC
SAMN22955197,PRJNA778397,primary,infant_evidenced,MIMS Environmental/Metagenome sample from human gut metagenome,1,human gut metagenome,GENOMIC
SAMN22955198,PRJNA778397,primary,infant_evidenced,MIMS Environmental/Metagenome sample from human gut metagenome,1,human gut metagenome,GENOMIC
SAMN22955199,PRJNA778397,primary,infant_evidenced,MIMS Environmental/Metagenome sample from human gut metagenome,1,human gut metagenome,GENOMIC
SAMN22955200,PRJNA778397,primary,infant_evidenced,MIMS Environmental/Metagenome sample from human gut metagenome,1,human gut metagenome,GENOMIC
SAMN22955201,PRJNA778397,primary,infant_evidenced,MIMS Environmental/Metagenome sample from human gut metagenome,1,human gut metagenome,GENOMIC
SAMN22955202,PRJNA778397,primary,infant_evidenced,MIMS Environmental/Metagenome sample from human gut metagenome,1,human gut metagenome,GENOMIC
SAMN22955203,PRJNA778397,primary,infant_evidenced,MIMS Environmental/Metagenome sample from human gut metagenome,1,human gut metagenome,GENOMIC
SAMN22955204,PRJNA778397,primary,infant_evidenced,MIMS Environmental/Metagenome sample from human gut metagenome,1,human gut metagenome,GENOMIC
SAMN22955205,PRJNA778397,primary,infant_evidenced,MIMS Environmental/Metagenome sample from human gut metagenome,1,human gut metagenome,GENOMIC
SAMN22955206,PRJNA778397,primary,infant_evidenced,MIMS Environmental/Metagenome sample from human gut metagenome,1,human gut metagenome,GENOMIC
SAMN22955207,PRJNA778397,primary,infant_evidenced,MIMS Environmental/Metagenome sample from human gut metagenome,1,human gut metagenome,GENOMIC
SAMN22955208,PRJNA778397,primary,infant_evidenced,MIMS Environmental/Metagenome sample from human gut metagenome,1,human gut metagenome,GENOMIC
SAMN22955209,PRJNA778397,primary,infant_evidenced,MIMS Environmental/Metagenome sample from human gut metagenome,1,human gut metagenome,GENOMIC
SAMN22955210,PRJNA778397,primary,infant_evidenced,MIMS Environmental/Metagenome sample from human gut metagenome,1,human gut metagenome,GENOMIC
SAMN22955211,PRJNA778397,primary,infant_evidenced,MIMS Environmental/Metagenome sample from human gut metagenome,1,human gut metagenome,GENOMIC
SAMN22955212,PRJNA778397,primary,infant_evidenced,MIMS Environmental/Metagenome sample from human gut metagenome,1,human gut metagenome,GENOMIC
SAMN22955213,PRJNA778397,primary,infant_evidenced,MIMS Environmental/Metagenome sample from human gut metagenome,1,human gut metagenome,GENOMIC
SAMN22955214,PRJNA778397,primary,infant_evidenced,MIMS Environmental/Metagenome sample from human gut metagenome,1,human gut metagenome,GENOMIC
SAMN22955215,PRJNA778397,primary,infant_evidenced,MIMS Environmental/Metagenome sample from human gut metagenome,1,human gut metagenome,GENOMIC
SAMN22955216,PRJNA778397,primary,infant_evidenced,MIMS Environmental/Metagenome sample from human gut metagenome,1,human gut metagenome,GENOMIC
SAMN22955217,PRJNA778397,primary,infant_evidenced,MIMS Environmental/Metagenome sample from human gut metagenome,1,human gut metagenome,GENOMIC
SAMN22955218,PRJNA778397,primary,infant_evidenced,MIMS Environmental/Metagenome sample from human gut metagenome,1,human gut metagenome,GENOMIC
SAMN22955219,PRJNA778397,primary,infant_evidenced,MIMS Environmental/Metagenome sample from human gut metagenome,1,human gut metagenome,GENOMIC
SAMN22955220,PRJNA778397,primary,infant_evidenced,MIMS Environmental/Metagenome sample from human gut metagenome,1,human gut metagenome,GENOMIC
SAMN22955221,PRJNA778397,primary,infant_evidenced,MIMS Environmental/Metagenome sample from human gut metagenome,1,human gut metagenome,GENOMIC
SAMN22955222,PRJNA778397,primary,infant_evidenced,MIMS Environmental/Metagenome sample from human gut metagenome,1,human gut metagenome,GENOMIC
SAMN22955223,PRJNA778397,primary,infant_evidenced,MIMS Environmental/Metagenome sample from human gut metagenome,1,human gut metagenome,GENOMIC
SAMN22955224,PRJNA778397,primary,infant_evidenced,MIMS Environmental/Metagenome sample from human gut metagenome,1,human gut metagenome,GENOMIC
SAMN22955225,PRJNA778397,primary,infant_evidenced,MIMS Environmental/Metagenome sample from human gut metagenome,1,human gut metagenome,GENOMIC
SAMN22955226,PRJNA778397,primary,infant_evidenced,MIMS Environmental/Metagenome sample from human gut metagenome,1,human gut metagenome,GENOMIC
SAMN22955227,PRJNA778397,primary,infant_evidenced,MIMS Environmental/Metagenome sample from human gut metagenome,1,human gut metagenome,GENOMIC
SAMN22955228,PRJNA778397,primary,infant_evidenced,MIMS Environmental/Metagenome sample from human gut metagenome,1,human gut metagenome,GENOMIC
SAMN22955229,PRJNA778397,primary,infant_evidenced,MIMS Environmental/Metagenome sample from human gut metagenome,1,human gut metagenome,GENOMIC
SAMN22955230,PRJNA778397,primary,infant_evidenced,MIMS Environmental/Metagenome sample from human gut metagenome,1,human gut metagenome,GENOMIC
SAMN22955231,PRJNA778397,primary,infant_evidenced,MIMS Environmental/Metagenome sample from human gut metagenome,1,human gut metagenome,GENOMIC
SAMN22955232,PRJNA778397,primary,infant_evidenced,MIMS Environmental/Metagenome sample from human gut metagenome,1,human gut metagenome,GENOMIC
SAMN22955233,PRJNA778397,primary,infant_evidenced,MIMS Environmental/Metagenome sample from human gut metagenome,1,human gut metagenome,GENOMIC
SAMN22955234,PRJNA778397,primary,infant_evidenced,MIMS Environmental/Metagenome sample from human gut metagenome,1,human gut metagenome,GENOMIC
SAMN26920463,PRJNA819247,primary,study_all_infant,MIMS Environmental/Metagenome sample from human metagenome,2,human metagenome,GENOMIC
SAMN26920464,PRJNA819247,primary,study_all_infant,MIMS Environmental/Metagenome sample from human metagenome,2,human metagenome,GENOMIC
SAMN26920465,PRJNA819247,primary,study_all_infant,MIMS Environmental/Metagenome sample from human metagenome,2,human metagenome,GENOMIC
SAMN26920466,PRJNA819247,primary,study_all_infant,MIMS Environmental/Metagenome sample from human metagenome,2,human metagenome,GENOMIC
SAMN26920467,PRJNA819247,primary,study_all_infant,MIMS Environmental/Metagenome sample from human metagenome,2,human metagenome,GENOMIC
SAMN26920468,PRJNA819247,primary,study_all_infant,MIMS Environmental/Metagenome sample from human metagenome,2,human metagenome,GENOMIC
SAMN26920469,PRJNA819247,primary,study_all_infant,MIMS Environmental/Metagenome sample from human metagenome,2,human metagenome,GENOMIC
SAMN26920470,PRJNA819247,primary,study_all_infant,MIMS Environmental/Metagenome sample from human metagenome,2,human metagenome,GENOMIC
SAMN26920471,PRJNA819247,primary,study_all_infant,MIMS Environmental/Metagenome sample from human metagenome,2,human metagenome,GENOMIC
SAMN26920472,PRJNA819247,primary,study_all_infant,MIMS Environmental/Metagenome sample from human metagenome,2,human metagenome,GENOMIC
SAMN26920473,PRJNA819247,primary,study_all_infant,MIMS Environmental/Metagenome sample from human metagenome,2,human metagenome,GENOMIC
SAMN26920474,PRJNA819247,primary,study_all_infant,MIMS Environmental/Metagenome sample from human metagenome,2,human metagenome,GENOMIC
SAMN26920475,PRJNA819247,primary,study_all_infant,MIMS Environmental/Metagenome sample from human metagenome,2,human metagenome,GENOMIC
SAMN26920476,PRJNA819247,primary,study_all_infant,MIMS Environmental/Metagenome sample from human metagenome,2,human metagenome,GENOMIC
SAMN26920477,PRJNA819247,primary,study_all_infant,MIMS Environmental/Metagenome sample from human metagenome,2,human metagenome,GENOMIC
SAMN26920478,PRJNA819247,primary,study_all_infant,MIMS Environmental/Metagenome sample from human metagenome,2,human metagenome,GENOMIC
SAMN26920479,PRJNA819247,primary,study_all_infant,MIMS Environmental/Metagenome sample from human metagenome,2,human metagenome,GENOMIC
SAMN26920480,PRJNA819247,primary,study_all_infant,MIMS Environmental/Metagenome sample from human metagenome,2,human metagenome,GENOMIC
SAMN26920481,PRJNA819247,primary,study_all_infant,MIMS Environmental/Metagenome sample from human metagenome,2,human metagenome,GENOMIC
SAMN26920482,PRJNA819247,primary,study_all_infant,MIMS Environmental/Metagenome sample from human metagenome,2,human metagenome,GENOMIC
SAMN28455912,PRJNA834762,primary,age_unknown_no_study_estimate,"LMIC human infant stool sample 13323, whole-genome shotgun metagenomic sequencing",1,metagenome,GENOMIC
SAMN28455913,PRJNA834762,primary,age_unknown_no_study_estimate,"LMIC human infant stool sample 13812, whole-genome shotgun metagenomic sequencing",1,metagenome,GENOMIC
SAMN28455914,PRJNA834762,primary,age_unknown_no_study_estimate,"LMIC human infant stool sample 15704, whole-genome shotgun metagenomic sequencing",1,metagenome,GENOMIC
SAMN28455915,PRJNA834762,primary,age_unknown_no_study_estimate,"LMIC human infant stool sample 18102, whole-genome shotgun metagenomic sequencing",1,metagenome,GENOMIC
SAMN28455916,PRJNA834762,primary,age_unknown_no_study_estimate,"LMIC human infant stool sample 18196, whole-genome shotgun metagenomic sequencing",1,metagenome,GENOMIC
SAMN28455917,PRJNA834762,primary,age_unknown_no_study_estimate,"LMIC human infant stool sample 19879, whole-genome shotgun metagenomic sequencing",1,metagenome,GENOMIC
SAMN28455918,PRJNA834762,primary,age_unknown_no_study_estimate,"LMIC human infant stool sample 22997, whole-genome shotgun metagenomic sequencing",1,metagenome,GENOMIC
SAMN28455919,PRJNA834762,primary,age_unknown_no_study_estimate,"LMIC human infant stool sample 25500, whole-genome shotgun metagenomic sequencing",1,metagenome,GENOMIC
SAMN28455920,PRJNA834762,primary,age_unknown_no_study_estimate,"LMIC human infant stool sample 28671, whole-genome shotgun metagenomic sequencing",1,metagenome,GENOMIC
SAMN28455921,PRJNA834762,primary,age_unknown_no_study_estimate,"LMIC human infant stool sample 31204, whole-genome shotgun metagenomic sequencing",1,metagenome,GENOMIC
SAMN28455922,PRJNA834762,primary,age_unknown_no_study_estimate,"LMIC human infant stool sample 34891, whole-genome shotgun metagenomic sequencing",1,metagenome,GENOMIC
SAMN28455923,PRJNA834762,primary,age_unknown_no_study_estimate,"LMIC human infant stool sample 37185, whole-genome shotgun metagenomic sequencing",1,metagenome,GENOMIC
SAMN28455924,PRJNA834762,primary,age_unknown_no_study_estimate,"LMIC human infant stool sample 41480, whole-genome shotgun metagenomic sequencing",1,metagenome,GENOMIC
SAMN28455925,PRJNA834762,primary,age_unknown_no_study_estimate,"LMIC human infant stool sample 52141, whole-genome shotgun metagenomic sequencing",1,metagenome,GENOMIC
SAMN28455926,PRJNA834762,primary,age_unknown_no_study_estimate,"LMIC human infant stool sample 57052, whole-genome shotgun metagenomic sequencing",1,metagenome,GENOMIC
SAMN28455927,PRJNA834762,primary,age_unknown_no_study_estimate,"LMIC human infant stool sample 57847, whole-genome shotgun metagenomic sequencing",1,metagenome,GENOMIC
SAMN28455928,PRJNA834762,primary,age_unknown_no_study_estimate,"LMIC human infant stool sample 63792, whole-genome shotgun metagenomic sequencing",1,metagenome,GENOMIC
SAMN28455929,PRJNA834762,primary,age_unknown_no_study_estimate,"LMIC human infant stool sample 65146, whole-genome shotgun metagenomic sequencing",1,metagenome,GENOMIC
SAMN28455930,PRJNA834762,primary,age_unknown_no_study_estimate,"LMIC human infant stool sample 76987, whole-genome shotgun metagenomic sequencing",1,metagenome,GENOMIC
SAMN28455931,PRJNA834762,primary,age_unknown_no_study_estimate,"LMIC human infant stool sample 78740, whole-genome shotgun metagenomic sequencing",1,metagenome,GENOMIC
SAMN28455932,PRJNA834762,primary,age_unknown_no_study_estimate,"LMIC human infant stool sample 97077, whole-genome shotgun metagenomic sequencing",1,metagenome,GENOMIC
SAMN28455933,PRJNA834762,primary,age_unknown_no_study_estimate,"LMIC human infant stool sample 97770, whole-genome shotgun metagenomic sequencing",1,metagenome,GENOMIC
SAMN28455934,PRJNA834762,primary,age_unknown_no_study_estimate,"LMIC human infant stool sample 97915, whole-genome shotgun metagenomic sequencing",1,metagenome,GENOMIC
SAMN28455935,PRJNA834762,primary,age_unknown_no_study_estimate,"LMIC human infant stool sample 101367, whole-genome shotgun metagenomic sequencing",1,metagenome,GENOMIC
SAMN28455936,PRJNA834762,primary,age_unknown_no_study_estimate,"LMIC human infant stool sample 108338, whole-genome shotgun metagenomic sequencing",1,metagenome,GENOMIC
SAMN28455937,PRJNA834762,primary,age_unknown_no_study_estimate,"LMIC human infant stool sample 118291, whole-genome shotgun metagenomic sequencing",1,metagenome,GENOMIC
SAMN28455938,PRJNA834762,primary,age_unknown_no_study_estimate,"LMIC human infant stool sample 118488, whole-genome shotgun metagenomic sequencing",1,metagenome,GENOMIC
SAMN28455939,PRJNA834762,primary,age_unknown_no_study_estimate,"LMIC human infant stool sample 124035, whole-genome shotgun metagenomic sequencing",1,metagenome,GENOMIC
SAMN28455940,PRJNA834762,primary,age_unknown_no_study_estimate,"LMIC human infant stool sample 124473, whole-genome shotgun metagenomic sequencing",1,metagenome,GENOMIC
SAMN28455941,PRJNA834762,primary,age_unknown_no_study_estimate,"LMIC human infant stool sample 130169, whole-genome shotgun metagenomic sequencing",1,metagenome,GENOMIC
SAMN28455942,PRJNA834762,primary,age_unknown_no_study_estimate,"LMIC human infant stool sample 132208, whole-genome shotgun metagenomic sequencing",1,metagenome,GENOMIC
SAMN28455943,PRJNA834762,primary,age_unknown_no_study_estimate,"LMIC human infant stool sample 147132, whole-genome shotgun metagenomic sequencing",1,metagenome,GENOMIC
SAMN28455944,PRJNA834762,primary,age_unknown_no_study_estimate,"LMIC human infant stool sample 147161, whole-genome shotgun metagenomic sequencing",1,metagenome,GENOMIC
SAMN28455945,PRJNA834762,primary,age_unknown_no_study_estimate,"LMIC human infant stool sample 147355, whole-genome shotgun metagenomic sequencing",1,metagenome,GENOMIC
SAMN28455946,PRJNA834762,primary,age_unknown_no_study_estimate,"LMIC human infant stool sample 147585, whole-genome shotgun metagenomic sequencing",1,metagenome,GENOMIC
SAMN28455947,PRJNA834762,primary,age_unknown_no_study_estimate,"LMIC human infant stool sample 148072, whole-genome shotgun metagenomic sequencing",1,metagenome,GENOMIC
SAMN28455948,PRJNA834762,primary,age_unknown_no_study_estimate,"LMIC human infant stool sample 148216, whole-genome shotgun metagenomic sequencing",1,metagenome,GENOMIC
SAMN28455949,PRJNA834762,primary,age_unknown_no_study_estimate,"LMIC human infant stool sample 148541, whole-genome shotgun metagenomic sequencing",1,metagenome,GENOMIC
SAMN28455950,PRJNA834762,primary,age_unknown_no_study_estimate,"LMIC human infant stool sample 150322, whole-genome shotgun metagenomic sequencing",1,metagenome,GENOMIC
SAMN28455951,PRJNA834762,primary,age_unknown_no_study_estimate,"LMIC human infant stool sample 150354, whole-genome shotgun metagenomic sequencing",1,metagenome,GENOMIC
SAMN28455952,PRJNA834762,primary,age_unknown_no_study_estimate,"LMIC human infant stool sample 150410, whole-genome shotgun metagenomic sequencing",1,metagenome,GENOMIC
SAMN28455953,PRJNA834762,primary,age_unknown_no_study_estimate,"LMIC human infant stool sample 150583, whole-genome shotgun metagenomic sequencing",1,metagenome,GENOMIC
SAMN28455954,PRJNA834762,primary,age_unknown_no_study_estimate,"LMIC human infant stool sample 150687, whole-genome shotgun metagenomic sequencing",1,metagenome,GENOMIC
SAMN28455955,PRJNA834762,primary,age_unknown_no_study_estimate,"LMIC human infant stool sample 151303, whole-genome shotgun metagenomic sequencing",1,metagenome,GENOMIC
SAMN28491927,PRJNA837236,primary,age_unknown_no_study_estimate,"LMIC human infant stool sample 320, whole-genome shotgun metagenomic sequencing to validate qPCR Metagenome",1,human feces metagenome,GENOMIC
SAMN28491928,PRJNA837236,primary,age_unknown_no_study_estimate,"LMIC human infant stool sample 352, whole-genome shotgun metagenomic sequencing to validate qPCR Metagenome",1,human feces metagenome,GENOMIC
SAMN28491929,PRJNA837236,primary,age_unknown_no_study_estimate,"LMIC human infant stool sample 784, whole-genome shotgun metagenomic sequencing to validate qPCR Metagenome",1,human feces metagenome,GENOMIC
SAMN28491930,PRJNA837236,primary,age_unknown_no_study_estimate,"LMIC human infant stool sample 982, whole-genome shotgun metagenomic sequencing to validate qPCR Metagenome",1,human feces metagenome,GENOMIC
SAMN28491931,PRJNA837236,primary,age_unknown_no_study_estimate,"LMIC human infant stool sample 1211, whole-genome shotgun metagenomic sequencing to validate qPCR Metagenome",1,human feces metagenome,GENOMIC
SAMN28491932,PRJNA837236,primary,age_unknown_no_study_estimate,"LMIC human infant stool sample 1497, whole-genome shotgun metagenomic sequencing to validate qPCR Metagenome",1,human feces metagenome,GENOMIC
SAMN28491933,PRJNA837236,primary,age_unknown_no_study_estimate,"LMIC human infant stool sample 1842, whole-genome shotgun metagenomic sequencing to validate qPCR Metagenome",1,human feces metagenome,GENOMIC
SAMN28491934,PRJNA837236,primary,age_unknown_no_study_estimate,"LMIC human infant stool sample 2050, whole-genome shotgun metagenomic sequencing to validate qPCR Metagenome",1,human feces metagenome,GENOMIC
SAMN28491935,PRJNA837236,primary,age_unknown_no_study_estimate,"LMIC human infant stool sample 2125, whole-genome shotgun metagenomic sequencing to validate qPCR Metagenome",1,human feces metagenome,GENOMIC
SAMN28491936,PRJNA837236,primary,age_unknown_no_study_estimate,"LMIC human infant stool sample 2254, whole-genome shotgun metagenomic sequencing to validate qPCR Metagenome",1,human feces metagenome,GENOMIC
SAMN28491937,PRJNA837236,primary,age_unknown_no_study_estimate,"LMIC human infant stool sample 2637, whole-genome shotgun metagenomic sequencing to validate qPCR Metagenome",1,human feces metagenome,GENOMIC
SAMN28491938,PRJNA837236,primary,age_unknown_no_study_estimate,"LMIC human infant stool sample 2678, whole-genome shotgun metagenomic sequencing to validate qPCR Metagenome",1,human feces metagenome,GENOMIC
SAMN28491939,PRJNA837236,primary,age_unknown_no_study_estimate,"LMIC human infant stool sample 2706, whole-genome shotgun metagenomic sequencing to validate qPCR Metagenome",1,human feces metagenome,GENOMIC
SAMN28491940,PRJNA837236,primary,age_unknown_no_study_estimate,"LMIC human infant stool sample 2854, whole-genome shotgun metagenomic sequencing to validate qPCR Metagenome",1,human feces metagenome,GENOMIC
SAMN31505727,PRJNA895372,primary,infant_evidenced,MIMS Environmental/Metagenome sample from human gut metagenome,1,human gut metagenome,GENOMIC
SAMN31505728,PRJNA895372,primary,infant_evidenced,MIMS Environmental/Metagenome sample from human gut metagenome,1,human gut metagenome,GENOMIC
SAMN31505729,PRJNA895372,primary,infant_evidenced,MIMS Environmental/Metagenome sample from human gut metagenome,1,human gut metagenome,GENOMIC
SAMN31505730,PRJNA895372,primary,infant_evidenced,MIMS Environmental/Metagenome sample from human gut metagenome,1,human gut metagenome,GENOMIC
SAMN31505731,PRJNA895372,primary,infant_evidenced,MIMS Environmental/Metagenome sample from human gut metagenome,1,human gut metagenome,GENOMIC
SAMN31505732,PRJNA895372,primary,infant_evidenced,MIMS Environmental/Metagenome sample from human gut metagenome,1,human gut metagenome,GENOMIC
SAMN31505733,PRJNA895372,primary,infant_evidenced,MIMS Environmental/Metagenome sample from human gut metagenome,1,human gut metagenome,GENOMIC
SAMN31505734,PRJNA895372,primary,infant_evidenced,MIMS Environmental/Metagenome sample from human gut metagenome,1,human gut metagenome,GENOMIC
SAMN31505735,PRJNA895372,primary,infant_evidenced,MIMS Environmental/Metagenome sample from human gut metagenome,1,human gut metagenome,GENOMIC
SAMN31505736,PRJNA895372,primary,infant_evidenced,MIMS Environmental/Metagenome sample from human gut metagenome,1,human gut metagenome,GENOMIC
SAMN31505737,PRJNA895372,primary,infant_evidenced,MIMS Environmental/Metagenome sample from human gut metagenome,1,human gut metagenome,GENOMIC
SAMN31505738,PRJNA895372,primary,infant_evidenced,MIMS Environmental/Metagenome sample from human gut metagenome,1,human gut metagenome,GENOMIC
SAMN31505739,PRJNA895372,primary,infant_evidenced,MIMS Environmental/Metagenome sample from human gut metagenome,1,human gut metagenome,GENOMIC
SAMN31505740,PRJNA895372,primary,infant_evidenced,MIMS Environmental/Metagenome sample from human gut metagenome,1,human gut metagenome,GENOMIC
SAMN31505741,PRJNA895372,primary,infant_evidenced,MIMS Environmental/Metagenome sample from human gut metagenome,1,human gut metagenome,GENOMIC
SAMN31505742,PRJNA895372,primary,infant_evidenced,MIMS Environmental/Metagenome sample from human gut metagenome,1,human gut metagenome,GENOMIC
SAMN31505743,PRJNA895372,primary,infant_evidenced,MIMS Environmental/Metagenome sample from human gut metagenome,1,human gut metagenome,GENOMIC
SAMN31505744,PRJNA895372,primary,infant_evidenced,MIMS Environmental/Metagenome sample from human gut metagenome,1,human gut metagenome,GENOMIC
SAMN31505745,PRJNA895372,primary,infant_evidenced,MIMS Environmental/Metagenome sample from human gut metagenome,1,human gut metagenome,GENOMIC
SAMN31505746,PRJNA895372,primary,infant_evidenced,MIMS Environmental/Metagenome sample from human gut metagenome,1,human gut metagenome,GENOMIC
SAMN31505747,PRJNA895372,primary,infant_evidenced,MIMS Environmental/Metagenome sample from human gut metagenome,1,human gut metagenome,GENOMIC
SAMN31505748,PRJNA895372,primary,infant_evidenced,MIMS Environmental/Metagenome sample from human gut metagenome,1,human gut metagenome,GENOMIC
SAMN31505749,PRJNA895372,primary,infant_evidenced,MIMS Environmental/Metagenome sample from human gut metagenome,1,human gut metagenome,GENOMIC
SAMN31505750,PRJNA895372,primary,infant_evidenced,MIMS Environmental/Metagenome sample from human gut metagenome,1,human gut metagenome,GENOMIC
SAMN31505751,PRJNA895372,primary,infant_evidenced,MIMS Environmental/Metagenome sample from human gut metagenome,1,human gut metagenome,GENOMIC
SAMN31505752,PRJNA895372,primary,infant_evidenced,MIMS Environmental/Metagenome sample from human gut metagenome,1,human gut metagenome,GENOMIC
SAMN31505753,PRJNA895372,primary,infant_evidenced,MIMS Environmental/Metagenome sample from human gut metagenome,1,human gut metagenome,GENOMIC
SAMN31505754,PRJNA895372,primary,infant_evidenced,MIMS Environmental/Metagenome sample from human gut metagenome,1,human gut metagenome,GENOMIC
SAMN31820954,PRJNA903921,primary,infant_evidenced,MIMS Environmental/Metagenome sample from human feces metagenome,1,human feces metagenome,GENOMIC
SAMN31820955,PRJNA903921,primary,infant_evidenced,MIMS Environmental/Metagenome sample from human feces metagenome,1,human feces metagenome,GENOMIC
SAMN31820956,PRJNA903921,primary,infant_evidenced,MIMS Environmental/Metagenome sample from human feces metagenome,1,human feces metagenome,GENOMIC
SAMN31820957,PRJNA903921,primary,infant_evidenced,MIMS Environmental/Metagenome sample from human feces metagenome,1,human feces metagenome,GENOMIC
SAMN31820958,PRJNA903921,primary,infant_evidenced,MIMS Environmental/Metagenome sample from human feces metagenome,1,human feces metagenome,GENOMIC
SAMN31820959,PRJNA903921,primary,infant_evidenced,MIMS Environmental/Metagenome sample from human feces metagenome,1,human feces metagenome,GENOMIC
SAMN31820960,PRJNA903921,primary,infant_evidenced,MIMS Environmental/Metagenome sample from human feces metagenome,1,human feces metagenome,GENOMIC
SAMN31820961,PRJNA903921,primary,infant_evidenced,MIMS Environmental/Metagenome sample from human feces metagenome,1,human feces metagenome,GENOMIC
SAMN31820962,PRJNA903921,primary,infant_evidenced,MIMS Environmental/Metagenome sample from human feces metagenome,1,human feces metagenome,GENOMIC
SAMN31820963,PRJNA903921,primary,infant_evidenced,MIMS Environmental/Metagenome sample from human feces metagenome,1,human feces metagenome,GENOMIC
SAMN31820964,PRJNA903921,primary,infant_evidenced,MIMS Environmental/Metagenome sample from human feces metagenome,1,human feces metagenome,GENOMIC
SAMN31820965,PRJNA903921,primary,infant_evidenced,MIMS Environmental/Metagenome sample from human feces metagenome,1,human feces metagenome,GENOMIC
SAMN31820966,PRJNA903921,primary,infant_evidenced,MIMS Environmental/Metagenome sample from human feces metagenome,1,human feces metagenome,GENOMIC
SAMN31820967,PRJNA903921,primary,infant_evidenced,MIMS Environmental/Metagenome sample from human feces metagenome,1,human feces metagenome,GENOMIC
SAMN31820968,PRJNA903921,primary,infant_evidenced,MIMS Environmental/Metagenome sample from human feces metagenome,1,human feces metagenome,GENOMIC
SAMN31820969,PRJNA903921,primary,infant_evidenced,MIMS Environmental/Metagenome sample from human feces metagenome,1,human feces metagenome,GENOMIC
SAMN31820970,PRJNA903921,primary,infant_evidenced,MIMS Environmental/Metagenome sample from human feces metagenome,1,human feces metagenome,GENOMIC
SAMN31820971,PRJNA903921,primary,infant_evidenced,MIMS Environmental/Metagenome sample from human feces metagenome,1,human feces metagenome,GENOMIC
SAMN31820972,PRJNA903921,primary,infant_evidenced,MIMS Environmental/Metagenome sample from human feces metagenome,1,human feces metagenome,GENOMIC
SAMN31820973,PRJNA903921,primary,infant_evidenced,MIMS Environmental/Metagenome sample from human feces metagenome,1,human feces metagenome,GENOMIC
SAMN31820974,PRJNA903921,primary,infant_evidenced,MIMS Environmental/Metagenome sample from human feces metagenome,1,human feces metagenome,GENOMIC
SAMN31820975,PRJNA903921,primary,infant_evidenced,MIMS Environmental/Metagenome sample from human feces metagenome,1,human feces metagenome,GENOMIC
SAMN31820976,PRJNA903921,primary,infant_evidenced,MIMS Environmental/Metagenome sample from human feces metagenome,1,human feces metagenome,GENOMIC
SAMN31820977,PRJNA903921,primary,infant_evidenced,MIMS Environmental/Metagenome sample from human feces metagenome,1,human feces metagenome,GENOMIC
SAMN31820978,PRJNA903921,primary,infant_evidenced,MIMS Environmental/Metagenome sample from human feces metagenome,1,human feces metagenome,GENOMIC
SAMN31820979,PRJNA903921,primary,infant_evidenced,MIMS Environmental/Metagenome sample from human feces metagenome,1,human feces metagenome,GENOMIC
SAMN31820980,PRJNA903921,primary,infant_evidenced,MIMS Environmental/Metagenome sample from human feces metagenome,1,human feces metagenome,GENOMIC
SAMN31820981,PRJNA903921,primary,infant_evidenced,MIMS Environmental/Metagenome sample from human feces metagenome,1,human feces metagenome,GENOMIC
SAMN31820982,PRJNA903921,primary,infant_evidenced,MIMS Environmental/Metagenome sample from human feces metagenome,1,human feces metagenome,GENOMIC
SAMN31820983,PRJNA903921,primary,infant_evidenced,MIMS Environmental/Metagenome sample from human feces metagenome,1,human feces metagenome,GENOMIC
SAMN31820984,PRJNA903921,primary,infant_evidenced,MIMS Environmental/Metagenome sample from human feces metagenome,1,human feces metagenome,GENOMIC
SAMN31820985,PRJNA903921,primary,infant_evidenced,MIMS Environmental/Metagenome sample from human feces metagenome,1,human feces metagenome,GENOMIC
SAMN31820986,PRJNA903921,primary,infant_evidenced,MIMS Environmental/Metagenome sample from human feces metagenome,1,human feces metagenome,GENOMIC
SAMN31820987,PRJNA903921,primary,infant_evidenced,MIMS Environmental/Metagenome sample from human feces metagenome,1,human feces metagenome,GENOMIC
SAMN31820988,PRJNA903921,primary,infant_evidenced,MIMS Environmental/Metagenome sample from human feces metagenome,1,human feces metagenome,GENOMIC
SAMN31820989,PRJNA903921,primary,infant_evidenced,MIMS Environmental/Metagenome sample from human feces metagenome,1,human feces metagenome,GENOMIC
SAMN31820990,PRJNA903921,primary,infant_evidenced,MIMS Environmental/Metagenome sample from human feces metagenome,1,human feces metagenome,GENOMIC
SAMN31820991,PRJNA903921,primary,infant_evidenced,MIMS Environmental/Metagenome sample from human feces metagenome,1,human feces metagenome,GENOMIC
SAMN31820992,PRJNA903921,primary,infant_evidenced,MIMS Environmental/Metagenome sample from human feces metagenome,1,human feces metagenome,GENOMIC
SAMN31820993,PRJNA903921,primary,infant_evidenced,MIMS Environmental/Metagenome sample from human feces metagenome,1,human feces metagenome,GENOMIC
SAMN31820994,PRJNA903921,primary,infant_evidenced,MIMS Environmental/Metagenome sample from human feces metagenome,1,human feces metagenome,GENOMIC
SAMN31820995,PRJNA903921,primary,infant_evidenced,MIMS Environmental/Metagenome sample from human feces metagenome,1,human feces metagenome,GENOMIC
SAMN31820996,PRJNA903921,primary,infant_evidenced,MIMS Environmental/Metagenome sample from human feces metagenome,1,human feces metagenome,GENOMIC
SAMN31820997,PRJNA903921,primary,infant_evidenced,MIMS Environmental/Metagenome sample from human feces metagenome,1,human feces metagenome,GENOMIC
SAMN31820998,PRJNA903921,primary,infant_evidenced,MIMS Environmental/Metagenome sample from human feces metagenome,1,human feces metagenome,GENOMIC
SAMN31820999,PRJNA903921,primary,infant_evidenced,MIMS Environmental/Metagenome sample from human feces metagenome,1,human feces metagenome,GENOMIC
SAMN31821000,PRJNA903921,primary,infant_evidenced,MIMS Environmental/Metagenome sample from human feces metagenome,1,human feces metagenome,GENOMIC
SAMN31821001,PRJNA903921,primary,infant_evidenced,MIMS Environmental/Metagenome sample from human feces metagenome,1,human feces metagenome,GENOMIC
SAMN31821002,PRJNA903921,primary,infant_evidenced,MIMS Environmental/Metagenome sample from human feces metagenome,1,human feces metagenome,GENOMIC
SAMN31821003,PRJNA903921,primary,infant_evidenced,MIMS Environmental/Metagenome sample from human feces metagenome,1,human feces metagenome,GENOMIC
SAMN31821004,PRJNA903921,primary,infant_evidenced,MIMS Environmental/Metagenome sample from human feces metagenome,1,human feces metagenome,GENOMIC
SAMN31821005,PRJNA903921,primary,infant_evidenced,MIMS Environmental/Metagenome sample from human feces metagenome,1,human feces metagenome,GENOMIC
SAMN31821006,PRJNA903921,primary,infant_evidenced,MIMS Environmental/Metagenome sample from human feces metagenome,1,human feces metagenome,GENOMIC
SAMN31821007,PRJNA903921,primary,infant_evidenced,MIMS Environmental/Metagenome sample from human feces metagenome,1,human feces metagenome,GENOMIC
SAMN31821008,PRJNA903921,primary,infant_evidenced,MIMS Environmental/Metagenome sample from human feces metagenome,1,human feces metagenome,GENOMIC
SAMN31821009,PRJNA903921,primary,infant_evidenced,MIMS Environmental/Metagenome sample from human feces metagenome,1,human feces metagenome,GENOMIC
SAMN31821010,PRJNA903921,primary,infant_evidenced,MIMS Environmental/Metagenome sample from human feces metagenome,1,human feces metagenome,GENOMIC
SAMN31821011,PRJNA903921,primary,infant_evidenced,MIMS Environmental/Metagenome sample from human feces metagenome,1,human feces metagenome,GENOMIC
SAMN31821012,PRJNA903921,primary,infant_evidenced,MIMS Environmental/Metagenome sample from human feces metagenome,1,human feces metagenome,GENOMIC
SAMN31821013,PRJNA903921,primary,infant_evidenced,MIMS Environmental/Metagenome sample from human feces metagenome,1,human feces metagenome,GENOMIC
SAMN31821014,PRJNA903921,primary,infant_evidenced,MIMS Environmental/Metagenome sample from human feces metagenome,1,human feces metagenome,GENOMIC
SAMN31821015,PRJNA903921,primary,infant_evidenced,MIMS Environmental/Metagenome sample from human feces metagenome,1,human feces metagenome,GENOMIC
SAMN31821016,PRJNA903921,primary,infant_evidenced,MIMS Environmental/Metagenome sample from human feces metagenome,1,human feces metagenome,GENOMIC
SAMN31821017,PRJNA903921,primary,infant_evidenced,MIMS Environmental/Metagenome sample from human feces metagenome,1,human feces metagenome,GENOMIC
SAMN31821018,PRJNA903921,primary,infant_evidenced,MIMS Environmental/Metagenome sample from human feces metagenome,1,human feces metagenome,GENOMIC
SAMN31821019,PRJNA903921,primary,infant_evidenced,MIMS Environmental/Metagenome sample from human feces metagenome,1,human feces metagenome,GENOMIC
SAMN31821020,PRJNA903921,primary,infant_evidenced,MIMS Environmental/Metagenome sample from human feces metagenome,1,human feces metagenome,GENOMIC
SAMN31821021,PRJNA903921,primary,infant_evidenced,MIMS Environmental/Metagenome sample from human feces metagenome,1,human feces metagenome,GENOMIC
SAMN31821022,PRJNA903921,primary,infant_evidenced,MIMS Environmental/Metagenome sample from human feces metagenome,1,human feces metagenome,GENOMIC
SAMN31821023,PRJNA903921,primary,infant_evidenced,MIMS Environmental/Metagenome sample from human feces metagenome,1,human feces metagenome,GENOMIC
SAMN31821024,PRJNA903921,primary,infant_evidenced,MIMS Environmental/Metagenome sample from human feces metagenome,1,human feces metagenome,GENOMIC
SAMN31821025,PRJNA903921,primary,infant_evidenced,MIMS Environmental/Metagenome sample from human feces metagenome,1,human feces metagenome,GENOMIC
SAMN31821026,PRJNA903921,primary,infant_evidenced,MIMS Environmental/Metagenome sample from human feces metagenome,1,human feces metagenome,GENOMIC
SAMN31821027,PRJNA903921,primary,infant_evidenced,MIMS Environmental/Metagenome sample from human feces metagenome,1,human feces metagenome,GENOMIC
SAMN31821028,PRJNA903921,primary,infant_evidenced,MIMS Environmental/Metagenome sample from human feces metagenome,1,human feces metagenome,GENOMIC
SAMN31821029,PRJNA903921,primary,infant_evidenced,MIMS Environmental/Metagenome sample from human feces metagenome,1,human feces metagenome,GENOMIC
SAMN31821030,PRJNA903921,primary,infant_evidenced,MIMS Environmental/Metagenome sample from human feces metagenome,1,human feces metagenome,GENOMIC
SAMN31821031,PRJNA903921,primary,infant_evidenced,MIMS Environmental/Metagenome sample from human feces metagenome,1,human feces metagenome,GENOMIC
SAMN31821032,PRJNA903921,primary,infant_evidenced,MIMS Environmental/Metagenome sample from human feces metagenome,1,human feces metagenome,GENOMIC
SAMN31821033,PRJNA903921,primary,infant_evidenced,MIMS Environmental/Metagenome sample from human feces metagenome,1,human feces metagenome,GENOMIC
SAMN31821034,PRJNA903921,primary,infant_evidenced,MIMS Environmental/Metagenome sample from human feces metagenome,1,human feces metagenome,GENOMIC
SAMN31821035,PRJNA903921,primary,infant_evidenced,MIMS Environmental/Metagenome sample from human feces metagenome,1,human feces metagenome,GENOMIC
SAMN31821036,PRJNA903921,primary,infant_evidenced,MIMS Environmental/Metagenome sample from human feces metagenome,1,human feces metagenome,GENOMIC
SAMN31821037,PRJNA903921,primary,infant_evidenced,MIMS Environmental/Metagenome sample from human feces metagenome,1,human feces metagenome,GENOMIC
SAMN31821038,PRJNA903921,primary,infant_evidenced,MIMS Environmental/Metagenome sample from human feces metagenome,1,human feces metagenome,GENOMIC
SAMN31821039,PRJNA903921,primary,infant_evidenced,MIMS Environmental/Metagenome sample from human feces metagenome,1,human feces metagenome,GENOMIC
SAMN31821040,PRJNA903921,primary,infant_evidenced,MIMS Environmental/Metagenome sample from human feces metagenome,1,human feces metagenome,GENOMIC
SAMN31821041,PRJNA903921,primary,infant_evidenced,MIMS Environmental/Metagenome sample from human feces metagenome,1,human feces metagenome,GENOMIC
SAMN31821042,PRJNA903921,primary,infant_evidenced,MIMS Environmental/Metagenome sample from human feces metagenome,1,human feces metagenome,GENOMIC
SAMN31821043,PRJNA903921,primary,infant_evidenced,MIMS Environmental/Metagenome sample from human feces metagenome,1,human feces metagenome,GENOMIC
SAMN31821044,PRJNA903921,primary,infant_evidenced,MIMS Environmental/Metagenome sample from human feces metagenome,1,human feces metagenome,GENOMIC
SAMN31821045,PRJNA903921,primary,infant_evidenced,MIMS Environmental/Metagenome sample from human feces metagenome,1,human feces metagenome,GENOMIC
SAMN31821046,PRJNA903921,primary,infant_evidenced,MIMS Environmental/Metagenome sample from human feces metagenome,1,human feces metagenome,GENOMIC
SAMN31821047,PRJNA903921,primary,infant_evidenced,MIMS Environmental/Metagenome sample from human feces metagenome,1,human feces metagenome,GENOMIC
SAMN31821048,PRJNA903921,primary,infant_evidenced,MIMS Environmental/Metagenome sample from human feces metagenome,1,human feces metagenome,GENOMIC
SAMN31821049,PRJNA903921,primary,infant_evidenced,MIMS Environmental/Metagenome sample from human feces metagenome,1,human feces metagenome,GENOMIC
SAMN31821050,PRJNA903921,primary,infant_evidenced,MIMS Environmental/Metagenome sample from human feces metagenome,1,human feces metagenome,GENOMIC
SAMN31821051,PRJNA903921,primary,infant_evidenced,MIMS Environmental/Metagenome sample from human feces metagenome,1,human feces metagenome,GENOMIC
SAMN31821052,PRJNA903921,primary,infant_evidenced,MIMS Environmental/Metagenome sample from human feces metagenome,1,human feces metagenome,GENOMIC
SAMN31821053,PRJNA903921,primary,infant_evidenced,MIMS Environmental/Metagenome sample from human feces metagenome,1,human feces metagenome,GENOMIC
SAMN31821054,PRJNA903921,primary,infant_evidenced,MIMS Environmental/Metagenome sample from human feces metagenome,1,human feces metagenome,GENOMIC
SAMN31821055,PRJNA903921,primary,infant_evidenced,MIMS Environmental/Metagenome sample from human feces metagenome,1,human feces metagenome,GENOMIC
SAMN31821056,PRJNA903921,primary,infant_evidenced,MIMS Environmental/Metagenome sample from human feces metagenome,1,human feces metagenome,GENOMIC
SAMN31821057,PRJNA903921,primary,infant_evidenced,MIMS Environmental/Metagenome sample from human feces metagenome,1,human feces metagenome,GENOMIC
SAMN31821058,PRJNA903921,primary,infant_evidenced,MIMS Environmental/Metagenome sample from human feces metagenome,1,human feces metagenome,GENOMIC
SAMN31821059,PRJNA903921,primary,infant_evidenced,MIMS Environmental/Metagenome sample from human feces metagenome,1,human feces metagenome,GENOMIC
SAMN31821060,PRJNA903921,primary,infant_evidenced,MIMS Environmental/Metagenome sample from human feces metagenome,1,human feces metagenome,GENOMIC
SAMN31821061,PRJNA903921,primary,infant_evidenced,MIMS Environmental/Metagenome sample from human feces metagenome,1,human feces metagenome,GENOMIC
SAMN31821062,PRJNA903921,primary,infant_evidenced,MIMS Environmental/Metagenome sample from human feces metagenome,1,human feces metagenome,GENOMIC
SAMN31821063,PRJNA903921,primary,infant_evidenced,MIMS Environmental/Metagenome sample from human feces metagenome,1,human feces metagenome,GENOMIC
SAMN31821064,PRJNA903921,primary,infant_evidenced,MIMS Environmental/Metagenome sample from human feces metagenome,1,human feces metagenome,GENOMIC
SAMN31821065,PRJNA903921,primary,infant_evidenced,MIMS Environmental/Metagenome sample from human feces metagenome,1,human feces metagenome,GENOMIC
SAMN31821066,PRJNA903921,primary,infant_evidenced,MIMS Environmental/Metagenome sample from human feces metagenome,1,human feces metagenome,GENOMIC
SAMN31821067,PRJNA903921,primary,infant_evidenced,MIMS Environmental/Metagenome sample from human feces metagenome,1,human feces metagenome,GENOMIC
SAMN31821068,PRJNA903921,primary,infant_evidenced,MIMS Environmental/Metagenome sample from human feces metagenome,1,human feces metagenome,GENOMIC
SAMN31821069,PRJNA903921,primary,infant_evidenced,MIMS Environmental/Metagenome sample from human feces metagenome,1,human feces metagenome,GENOMIC
SAMN31821070,PRJNA903921,primary,infant_evidenced,MIMS Environmental/Metagenome sample from human feces metagenome,1,human feces metagenome,GENOMIC
SAMN31821071,PRJNA903921,primary,infant_evidenced,MIMS Environmental/Metagenome sample from human feces metagenome,1,human feces metagenome,GENOMIC
SAMN31821072,PRJNA903921,primary,infant_evidenced,MIMS Environmental/Metagenome sample from human feces metagenome,1,human feces metagenome,GENOMIC
SAMN31821073,PRJNA903921,primary,infant_evidenced,MIMS Environmental/Metagenome sample from human feces metagenome,1,human feces metagenome,GENOMIC
SAMN31821074,PRJNA903921,primary,infant_evidenced,MIMS Environmental/Metagenome sample from human feces metagenome,1,human feces metagenome,GENOMIC
SAMN31821075,PRJNA903921,primary,infant_evidenced,MIMS Environmental/Metagenome sample from human feces metagenome,1,human feces metagenome,GENOMIC
SAMN31821076,PRJNA903921,primary,infant_evidenced,MIMS Environmental/Metagenome sample from human feces metagenome,1,human feces metagenome,GENOMIC
SAMN31821077,PRJNA903921,primary,infant_evidenced,MIMS Environmental/Metagenome sample from human feces metagenome,1,human feces metagenome,GENOMIC
SAMN31821078,PRJNA903921,primary,infant_evidenced,MIMS Environmental/Metagenome sample from human feces metagenome,1,human feces metagenome,GENOMIC
SAMN31821079,PRJNA903921,primary,infant_evidenced,MIMS Environmental/Metagenome sample from human feces metagenome,1,human feces metagenome,GENOMIC
SAMN31821080,PRJNA903921,primary,infant_evidenced,MIMS Environmental/Metagenome sample from human feces metagenome,1,human feces metagenome,GENOMIC
SAMN31821081,PRJNA903921,primary,infant_evidenced,MIMS Environmental/Metagenome sample from human feces metagenome,1,human feces metagenome,GENOMIC
SAMN31821082,PRJNA903921,primary,infant_evidenced,MIMS Environmental/Metagenome sample from human feces metagenome,1,human feces metagenome,GENOMIC
SAMN31821083,PRJNA903921,primary,infant_evidenced,MIMS Environmental/Metagenome sample from human feces metagenome,1,human feces metagenome,GENOMIC
SAMN31821084,PRJNA903921,primary,infant_evidenced,MIMS Environmental/Metagenome sample from human feces metagenome,1,human feces metagenome,GENOMIC
SAMN31821085,PRJNA903921,primary,infant_evidenced,MIMS Environmental/Metagenome sample from human feces metagenome,1,human feces metagenome,GENOMIC
SAMN31821086,PRJNA903921,primary,infant_evidenced,MIMS Environmental/Metagenome sample from human feces metagenome,1,human feces metagenome,GENOMIC
SAMN31821087,PRJNA903921,primary,infant_evidenced,MIMS Environmental/Metagenome sample from human feces metagenome,1,human feces metagenome,GENOMIC
SAMN31821088,PRJNA903921,primary,infant_evidenced,MIMS Environmental/Metagenome sample from human feces metagenome,1,human feces metagenome,GENOMIC
SAMN31821089,PRJNA903921,primary,infant_evidenced,MIMS Environmental/Metagenome sample from human feces metagenome,1,human feces metagenome,GENOMIC
SAMN31821090,PRJNA903921,primary,infant_evidenced,MIMS Environmental/Metagenome sample from human feces metagenome,1,human feces metagenome,GENOMIC
SAMN31821091,PRJNA903921,primary,infant_evidenced,MIMS Environmental/Metagenome sample from human feces metagenome,1,human feces metagenome,GENOMIC
SAMN31821092,PRJNA903921,primary,infant_evidenced,MIMS Environmental/Metagenome sample from human feces metagenome,1,human feces metagenome,GENOMIC
SAMN31821093,PRJNA903921,primary,infant_evidenced,MIMS Environmental/Metagenome sample from human feces metagenome,1,human feces metagenome,GENOMIC
SAMN31821094,PRJNA903921,primary,infant_evidenced,MIMS Environmental/Metagenome sample from human feces metagenome,1,human feces metagenome,GENOMIC
SAMN31821095,PRJNA903921,primary,infant_evidenced,MIMS Environmental/Metagenome sample from human feces metagenome,1,human feces metagenome,GENOMIC
SAMN31821096,PRJNA903921,primary,infant_evidenced,MIMS Environmental/Metagenome sample from human feces metagenome,1,human feces metagenome,GENOMIC
SAMN31821097,PRJNA903921,primary,infant_evidenced,MIMS Environmental/Metagenome sample from human feces metagenome,1,human feces metagenome,GENOMIC
SAMN31821098,PRJNA903921,primary,infant_evidenced,MIMS Environmental/Metagenome sample from human feces metagenome,1,human feces metagenome,GENOMIC
SAMN31821099,PRJNA903921,primary,infant_evidenced,MIMS Environmental/Metagenome sample from human feces metagenome,1,human feces metagenome,GENOMIC
SAMN31821100,PRJNA903921,primary,infant_evidenced,MIMS Environmental/Metagenome sample from human feces metagenome,1,human feces metagenome,GENOMIC
SAMN31821101,PRJNA903921,primary,infant_evidenced,MIMS Environmental/Metagenome sample from human feces metagenome,1,human feces metagenome,GENOMIC
SAMN31821102,PRJNA903921,primary,infant_evidenced,MIMS Environmental/Metagenome sample from human feces metagenome,1,human feces metagenome,GENOMIC
SAMN31821103,PRJNA903921,primary,infant_evidenced,MIMS Environmental/Metagenome sample from human feces metagenome,1,human feces metagenome,GENOMIC
SAMN31821104,PRJNA903921,primary,infant_evidenced,MIMS Environmental/Metagenome sample from human feces metagenome,1,human feces metagenome,GENOMIC
SAMN31821105,PRJNA903921,primary,infant_evidenced,MIMS Environmental/Metagenome sample from human feces metagenome,1,human feces metagenome,GENOMIC
SAMN31821106,PRJNA903921,primary,infant_evidenced,MIMS Environmental/Metagenome sample from human feces metagenome,1,human feces metagenome,GENOMIC
SAMN31821107,PRJNA903921,primary,infant_evidenced,MIMS Environmental/Metagenome sample from human feces metagenome,1,human feces metagenome,GENOMIC
SAMN31821108,PRJNA903921,primary,infant_evidenced,MIMS Environmental/Metagenome sample from human feces metagenome,1,human feces metagenome,GENOMIC
SAMN31821109,PRJNA903921,primary,infant_evidenced,MIMS Environmental/Metagenome sample from human feces metagenome,1,human feces metagenome,GENOMIC
SAMN31821110,PRJNA903921,primary,infant_evidenced,MIMS Environmental/Metagenome sample from human feces metagenome,1,human feces metagenome,GENOMIC
SAMN31821111,PRJNA903921,primary,infant_evidenced,MIMS Environmental/Metagenome sample from human feces metagenome,1,human feces metagenome,GENOMIC
SAMN31821112,PRJNA903921,primary,infant_evidenced,MIMS Environmental/Metagenome sample from human feces metagenome,1,human feces metagenome,GENOMIC
SAMN31821113,PRJNA903921,primary,infant_evidenced,MIMS Environmental/Metagenome sample from human feces metagenome,1,human feces metagenome,GENOMIC
SAMN31821114,PRJNA903921,primary,infant_evidenced,MIMS Environmental/Metagenome sample from human feces metagenome,1,human feces metagenome,GENOMIC
SAMN31821115,PRJNA903921,primary,infant_evidenced,MIMS Environmental/Metagenome sample from human feces metagenome,1,human feces metagenome,GENOMIC
SAMN31821116,PRJNA903921,primary,infant_evidenced,MIMS Environmental/Metagenome sample from human feces metagenome,1,human feces metagenome,GENOMIC
SAMN31821117,PRJNA903921,primary,infant_evidenced,MIMS Environmental/Metagenome sample from human feces metagenome,1,human feces metagenome,GENOMIC
SAMN31821118,PRJNA903921,primary,infant_evidenced,MIMS Environmental/Metagenome sample from human feces metagenome,1,human feces metagenome,GENOMIC
SAMN31821119,PRJNA903921,primary,infant_evidenced,MIMS Environmental/Metagenome sample from human feces metagenome,1,human feces metagenome,GENOMIC
SAMN31821120,PRJNA903921,primary,infant_evidenced,MIMS Environmental/Metagenome sample from human feces metagenome,1,human feces metagenome,GENOMIC
SAMN31821121,PRJNA903921,primary,infant_evidenced,MIMS Environmental/Metagenome sample from human feces metagenome,1,human feces metagenome,GENOMIC
SAMN31821122,PRJNA903921,primary,infant_evidenced,MIMS Environmental/Metagenome sample from human feces metagenome,1,human feces metagenome,GENOMIC
SAMN31821123,PRJNA903921,primary,infant_evidenced,MIMS Environmental/Metagenome sample from human feces metagenome,1,human feces metagenome,GENOMIC
SAMN31821124,PRJNA903921,primary,infant_evidenced,MIMS Environmental/Metagenome sample from human feces metagenome,1,human feces metagenome,GENOMIC
SAMN31821125,PRJNA903921,primary,infant_evidenced,MIMS Environmental/Metagenome sample from human feces metagenome,1,human feces metagenome,GENOMIC
SAMN31821126,PRJNA903921,primary,infant_evidenced,MIMS Environmental/Metagenome sample from human feces metagenome,1,human feces metagenome,GENOMIC
SAMN31821127,PRJNA903921,primary,infant_evidenced,MIMS Environmental/Metagenome sample from human feces metagenome,1,human feces metagenome,GENOMIC
SAMN31821128,PRJNA903921,primary,infant_evidenced,MIMS Environmental/Metagenome sample from human feces metagenome,1,human feces metagenome,GENOMIC
SAMN31821129,PRJNA903921,primary,infant_evidenced,MIMS Environmental/Metagenome sample from human feces metagenome,1,human feces metagenome,GENOMIC
SAMN31821130,PRJNA903921,primary,infant_evidenced,MIMS Environmental/Metagenome sample from human feces metagenome,1,human feces metagenome,GENOMIC
SAMN31821131,PRJNA903921,primary,infant_evidenced,MIMS Environmental/Metagenome sample from human feces metagenome,1,human feces metagenome,GENOMIC
SAMN31821132,PRJNA903921,primary,infant_evidenced,MIMS Environmental/Metagenome sample from human feces metagenome,1,human feces metagenome,GENOMIC
SAMN31821133,PRJNA903921,primary,infant_evidenced,MIMS Environmental/Metagenome sample from human feces metagenome,1,human feces metagenome,GENOMIC
SAMN31821134,PRJNA903921,primary,infant_evidenced,MIMS Environmental/Metagenome sample from human feces metagenome,1,human feces metagenome,GENOMIC
SAMN31821135,PRJNA903921,primary,infant_evidenced,MIMS Environmental/Metagenome sample from human feces metagenome,1,human feces metagenome,GENOMIC
SAMN31821136,PRJNA903921,primary,infant_evidenced,MIMS Environmental/Metagenome sample from human feces metagenome,1,human feces metagenome,GENOMIC
SAMN31821137,PRJNA903921,primary,infant_evidenced,MIMS Environmental/Metagenome sample from human feces metagenome,1,human feces metagenome,GENOMIC
SAMN31821138,PRJNA903921,primary,infant_evidenced,MIMS Environmental/Metagenome sample from human feces metagenome,1,human feces metagenome,GENOMIC
SAMN31821139,PRJNA903921,primary,infant_evidenced,MIMS Environmental/Metagenome sample from human feces metagenome,1,human feces metagenome,GENOMIC
SAMN31821140,PRJNA903921,primary,infant_evidenced,MIMS Environmental/Metagenome sample from human feces metagenome,1,human feces metagenome,GENOMIC
SAMN31821141,PRJNA903921,primary,infant_evidenced,MIMS Environmental/Metagenome sample from human feces metagenome,1,human feces metagenome,GENOMIC
SAMN31821142,PRJNA903921,primary,infant_evidenced,MIMS Environmental/Metagenome sample from human feces metagenome,1,human feces metagenome,GENOMIC
SAMN31821143,PRJNA903921,primary,infant_evidenced,MIMS Environmental/Metagenome sample from human feces metagenome,1,human feces metagenome,GENOMIC
SAMN31821144,PRJNA903921,primary,infant_evidenced,MIMS Environmental/Metagenome sample from human feces metagenome,1,human feces metagenome,GENOMIC
SAMN31821145,PRJNA903921,primary,infant_evidenced,MIMS Environmental/Metagenome sample from human feces metagenome,1,human feces metagenome,GENOMIC
SAMN31821146,PRJNA903921,primary,infant_evidenced,MIMS Environmental/Metagenome sample from human feces metagenome,1,human feces metagenome,GENOMIC
SAMN31821147,PRJNA903921,primary,infant_evidenced,MIMS Environmental/Metagenome sample from human feces metagenome,1,human feces metagenome,GENOMIC
SAMN31821148,PRJNA903921,primary,infant_evidenced,MIMS Environmental/Metagenome sample from human feces metagenome,1,human feces metagenome,GENOMIC
SAMN31821149,PRJNA903921,primary,infant_evidenced,MIMS Environmental/Metagenome sample from human feces metagenome,1,human feces metagenome,GENOMIC
SAMN31821150,PRJNA903921,primary,infant_evidenced,MIMS Environmental/Metagenome sample from human feces metagenome,1,human feces metagenome,GENOMIC
SAMN31821151,PRJNA903921,primary,infant_evidenced,MIMS Environmental/Metagenome sample from human feces metagenome,1,human feces metagenome,GENOMIC
SAMN31821152,PRJNA903921,primary,infant_evidenced,MIMS Environmental/Metagenome sample from human feces metagenome,1,human feces metagenome,GENOMIC
SAMN31821153,PRJNA903921,primary,infant_evidenced,MIMS Environmental/Metagenome sample from human feces metagenome,1,human feces metagenome,GENOMIC
SAMN31821154,PRJNA903921,primary,infant_evidenced,MIMS Environmental/Metagenome sample from human feces metagenome,1,human feces metagenome,GENOMIC
SAMN31821155,PRJNA903921,primary,infant_evidenced,MIMS Environmental/Metagenome sample from human feces metagenome,1,human feces metagenome,GENOMIC
SAMN31821156,PRJNA903921,primary,infant_evidenced,MIMS Environmental/Metagenome sample from human feces metagenome,1,human feces metagenome,GENOMIC
SAMN31821157,PRJNA903921,primary,infant_evidenced,MIMS Environmental/Metagenome sample from human feces metagenome,1,human feces metagenome,GENOMIC
SAMN31821158,PRJNA903921,primary,infant_evidenced,MIMS Environmental/Metagenome sample from human feces metagenome,1,human feces metagenome,GENOMIC
SAMN31821159,PRJNA903921,primary,infant_evidenced,MIMS Environmental/Metagenome sample from human feces metagenome,1,human feces metagenome,GENOMIC
SAMN31821160,PRJNA903921,primary,infant_evidenced,MIMS Environmental/Metagenome sample from human feces metagenome,1,human feces metagenome,GENOMIC
SAMN31821161,PRJNA903921,primary,infant_evidenced,MIMS Environmental/Metagenome sample from human feces metagenome,1,human feces metagenome,GENOMIC
SAMN31821162,PRJNA903921,primary,infant_evidenced,MIMS Environmental/Metagenome sample from human feces metagenome,1,human feces metagenome,GENOMIC
SAMN31821163,PRJNA903921,primary,infant_evidenced,MIMS Environmental/Metagenome sample from human feces metagenome,1,human feces metagenome,GENOMIC
SAMN31821164,PRJNA903921,primary,infant_evidenced,MIMS Environmental/Metagenome sample from human feces metagenome,1,human feces metagenome,GENOMIC
SAMN31821165,PRJNA903921,primary,infant_evidenced,MIMS Environmental/Metagenome sample from human feces metagenome,1,human feces metagenome,GENOMIC
SAMN31821166,PRJNA903921,primary,infant_evidenced,MIMS Environmental/Metagenome sample from human feces metagenome,1,human feces metagenome,GENOMIC
SAMN31821167,PRJNA903921,primary,infant_evidenced,MIMS Environmental/Metagenome sample from human feces metagenome,1,human feces metagenome,GENOMIC
SAMN31821168,PRJNA903921,primary,infant_evidenced,MIMS Environmental/Metagenome sample from human feces metagenome,1,human feces metagenome,GENOMIC
SAMN31821169,PRJNA903921,primary,infant_evidenced,MIMS Environmental/Metagenome sample from human feces metagenome,1,human feces metagenome,GENOMIC
SAMN31821170,PRJNA903921,primary,infant_evidenced,MIMS Environmental/Metagenome sample from human feces metagenome,1,human feces metagenome,GENOMIC
SAMN31821171,PRJNA903921,primary,infant_evidenced,MIMS Environmental/Metagenome sample from human feces metagenome,1,human feces metagenome,GENOMIC
SAMN31821172,PRJNA903921,primary,infant_evidenced,MIMS Environmental/Metagenome sample from human feces metagenome,1,human feces metagenome,GENOMIC
SAMN31821173,PRJNA903921,primary,infant_evidenced,MIMS Environmental/Metagenome sample from human feces metagenome,1,human feces metagenome,GENOMIC
SAMN31821174,PRJNA903921,primary,infant_evidenced,MIMS Environmental/Metagenome sample from human feces metagenome,1,human feces metagenome,GENOMIC
SAMN31821175,PRJNA903921,primary,infant_evidenced,MIMS Environmental/Metagenome sample from human feces metagenome,1,human feces metagenome,GENOMIC
SAMN31821176,PRJNA903921,primary,infant_evidenced,MIMS Environmental/Metagenome sample from human feces metagenome,1,human feces metagenome,GENOMIC
SAMN31821177,PRJNA903921,primary,infant_evidenced,MIMS Environmental/Metagenome sample from human feces metagenome,1,human feces metagenome,GENOMIC
SAMN31821178,PRJNA903921,primary,infant_evidenced,MIMS Environmental/Metagenome sample from human feces metagenome,1,human feces metagenome,GENOMIC
SAMN31821179,PRJNA903921,primary,infant_evidenced,MIMS Environmental/Metagenome sample from human feces metagenome,1,human feces metagenome,GENOMIC
SAMN31821180,PRJNA903921,primary,infant_evidenced,MIMS Environmental/Metagenome sample from human feces metagenome,1,human feces metagenome,GENOMIC
SAMN31821181,PRJNA903921,primary,infant_evidenced,MIMS Environmental/Metagenome sample from human feces metagenome,1,human feces metagenome,GENOMIC
SAMN31821182,PRJNA903921,primary,infant_evidenced,MIMS Environmental/Metagenome sample from human feces metagenome,1,human feces metagenome,GENOMIC
SAMN31821183,PRJNA903921,primary,infant_evidenced,MIMS Environmental/Metagenome sample from human feces metagenome,1,human feces metagenome,GENOMIC
SAMN31821184,PRJNA903921,primary,infant_evidenced,MIMS Environmental/Metagenome sample from human feces metagenome,1,human feces metagenome,GENOMIC
SAMN31821185,PRJNA903921,primary,infant_evidenced,MIMS Environmental/Metagenome sample from human feces metagenome,1,human feces metagenome,GENOMIC
SAMN31821186,PRJNA903921,primary,infant_evidenced,MIMS Environmental/Metagenome sample from human feces metagenome,1,human feces metagenome,GENOMIC
SAMN31821187,PRJNA903921,primary,infant_evidenced,MIMS Environmental/Metagenome sample from human feces metagenome,1,human feces metagenome,GENOMIC
SAMN31821188,PRJNA903921,primary,infant_evidenced,MIMS Environmental/Metagenome sample from human feces metagenome,1,human feces metagenome,GENOMIC
SAMN31821189,PRJNA903921,primary,infant_evidenced,MIMS Environmental/Metagenome sample from human feces metagenome,1,human feces metagenome,GENOMIC
SAMN31821190,PRJNA903921,primary,infant_evidenced,MIMS Environmental/Metagenome sample from human feces metagenome,1,human feces metagenome,GENOMIC
SAMN31821191,PRJNA903921,primary,infant_evidenced,MIMS Environmental/Metagenome sample from human feces metagenome,1,human feces metagenome,GENOMIC
SAMN31821192,PRJNA903921,primary,infant_evidenced,MIMS Environmental/Metagenome sample from human feces metagenome,1,human feces metagenome,GENOMIC
SAMN31821193,PRJNA903921,primary,infant_evidenced,MIMS Environmental/Metagenome sample from human feces metagenome,1,human feces metagenome,GENOMIC
SAMN31821194,PRJNA903921,primary,infant_evidenced,MIMS Environmental/Metagenome sample from human feces metagenome,1,human feces metagenome,GENOMIC
SAMN31821195,PRJNA903921,primary,infant_evidenced,MIMS Environmental/Metagenome sample from human feces metagenome,1,human feces metagenome,GENOMIC
SAMN31821196,PRJNA903921,primary,infant_evidenced,MIMS Environmental/Metagenome sample from human feces metagenome,1,human feces metagenome,GENOMIC
SAMN31821197,PRJNA903921,primary,infant_evidenced,MIMS Environmental/Metagenome sample from human feces metagenome,1,human feces metagenome,GENOMIC
SAMN31821198,PRJNA903921,primary,infant_evidenced,MIMS Environmental/Metagenome sample from human feces metagenome,1,human feces metagenome,GENOMIC
SAMN31821199,PRJNA903921,primary,infant_evidenced,MIMS Environmental/Metagenome sample from human feces metagenome,1,human feces metagenome,GENOMIC
SAMN31821200,PRJNA903921,primary,infant_evidenced,MIMS Environmental/Metagenome sample from human feces metagenome,1,human feces metagenome,GENOMIC
SAMN31821201,PRJNA903921,primary,infant_evidenced,MIMS Environmental/Metagenome sample from human feces metagenome,1,human feces metagenome,GENOMIC
SAMN31821202,PRJNA903921,primary,infant_evidenced,MIMS Environmental/Metagenome sample from human feces metagenome,1,human feces metagenome,GENOMIC
SAMN31821203,PRJNA903921,primary,infant_evidenced,MIMS Environmental/Metagenome sample from human feces metagenome,1,human feces metagenome,GENOMIC
SAMN31821204,PRJNA903921,primary,infant_evidenced,MIMS Environmental/Metagenome sample from human feces metagenome,1,human feces metagenome,GENOMIC
SAMN31821205,PRJNA903921,primary,infant_evidenced,MIMS Environmental/Metagenome sample from human feces metagenome,1,human feces metagenome,GENOMIC
SAMN31821206,PRJNA903921,primary,infant_evidenced,MIMS Environmental/Metagenome sample from human feces metagenome,1,human feces metagenome,GENOMIC
SAMN31821207,PRJNA903921,primary,infant_evidenced,MIMS Environmental/Metagenome sample from human feces metagenome,1,human feces metagenome,GENOMIC
SAMN31821208,PRJNA903921,primary,infant_evidenced,MIMS Environmental/Metagenome sample from human feces metagenome,1,human feces metagenome,GENOMIC
SAMN31821209,PRJNA903921,primary,infant_evidenced,MIMS Environmental/Metagenome sample from human feces metagenome,1,human feces metagenome,GENOMIC
SAMN31821210,PRJNA903921,primary,infant_evidenced,MIMS Environmental/Metagenome sample from human feces metagenome,1,human feces metagenome,GENOMIC
SAMN31821211,PRJNA903921,primary,infant_evidenced,MIMS Environmental/Metagenome sample from human feces metagenome,1,human feces metagenome,GENOMIC
SAMN31821212,PRJNA903921,primary,infant_evidenced,MIMS Environmental/Metagenome sample from human feces metagenome,1,human feces metagenome,GENOMIC
SAMN31821213,PRJNA903921,primary,infant_evidenced,MIMS Environmental/Metagenome sample from human feces metagenome,1,human feces metagenome,GENOMIC
SAMN31821214,PRJNA903921,primary,infant_evidenced,MIMS Environmental/Metagenome sample from human feces metagenome,1,human feces metagenome,GENOMIC
SAMN31821215,PRJNA903921,primary,infant_evidenced,MIMS Environmental/Metagenome sample from human feces metagenome,1,human feces metagenome,GENOMIC
SAMN31821216,PRJNA903921,primary,infant_evidenced,MIMS Environmental/Metagenome sample from human feces metagenome,1,human feces metagenome,GENOMIC
SAMN31821217,PRJNA903921,primary,infant_evidenced,MIMS Environmental/Metagenome sample from human feces metagenome,1,human feces metagenome,GENOMIC
SAMN31821218,PRJNA903921,primary,infant_evidenced,MIMS Environmental/Metagenome sample from human feces metagenome,1,human feces metagenome,GENOMIC
SAMN31821219,PRJNA903921,primary,infant_evidenced,MIMS Environmental/Metagenome sample from human feces metagenome,1,human feces metagenome,GENOMIC
SAMN31821220,PRJNA903921,primary,infant_evidenced,MIMS Environmental/Metagenome sample from human feces metagenome,1,human feces metagenome,GENOMIC
SAMN31821222,PRJNA903921,primary,infant_evidenced,MIMS Environmental/Metagenome sample from human feces metagenome,1,human feces metagenome,GENOMIC
SAMN31821223,PRJNA903921,primary,infant_evidenced,MIMS Environmental/Metagenome sample from human feces metagenome,1,human feces metagenome,GENOMIC
SAMN31821224,PRJNA903921,primary,infant_evidenced,MIMS Environmental/Metagenome sample from human feces metagenome,1,human feces metagenome,GENOMIC
SAMN31821225,PRJNA903921,primary,infant_evidenced,MIMS Environmental/Metagenome sample from human feces metagenome,1,human feces metagenome,GENOMIC
SAMN31821226,PRJNA903921,primary,infant_evidenced,MIMS Environmental/Metagenome sample from human feces metagenome,1,human feces metagenome,GENOMIC
SAMN31821227,PRJNA903921,primary,infant_evidenced,MIMS Environmental/Metagenome sample from human feces metagenome,1,human feces metagenome,GENOMIC
SAMN31821228,PRJNA903921,primary,infant_evidenced,MIMS Environmental/Metagenome sample from human feces metagenome,1,human feces metagenome,GENOMIC
SAMN31821229,PRJNA903921,primary,infant_evidenced,MIMS Environmental/Metagenome sample from human feces metagenome,1,human feces metagenome,GENOMIC
SAMN31821230,PRJNA903921,primary,infant_evidenced,MIMS Environmental/Metagenome sample from human feces metagenome,1,human feces metagenome,GENOMIC
SAMN31821231,PRJNA903921,primary,infant_evidenced,MIMS Environmental/Metagenome sample from human feces metagenome,1,human feces metagenome,GENOMIC
SAMN31821232,PRJNA903921,primary,infant_evidenced,MIMS Environmental/Metagenome sample from human feces metagenome,1,human feces metagenome,GENOMIC
SAMN31821233,PRJNA903921,primary,infant_evidenced,MIMS Environmental/Metagenome sample from human feces metagenome,1,human feces metagenome,GENOMIC
SAMN31821234,PRJNA903921,primary,infant_evidenced,MIMS Environmental/Metagenome sample from human feces metagenome,1,human feces metagenome,GENOMIC
SAMN31821235,PRJNA903921,primary,infant_evidenced,MIMS Environmental/Metagenome sample from human feces metagenome,1,human feces metagenome,GENOMIC
SAMN31821236,PRJNA903921,primary,infant_evidenced,MIMS Environmental/Metagenome sample from human feces metagenome,1,human feces metagenome,GENOMIC
SAMN31821237,PRJNA903921,primary,infant_evidenced,MIMS Environmental/Metagenome sample from human feces metagenome,1,human feces metagenome,GENOMIC
SAMN31821238,PRJNA903921,primary,infant_evidenced,MIMS Environmental/Metagenome sample from human feces metagenome,1,human feces metagenome,GENOMIC
SAMN31821239,PRJNA903921,primary,infant_evidenced,MIMS Environmental/Metagenome sample from human feces metagenome,1,human feces metagenome,GENOMIC
SAMN31821240,PRJNA903921,primary,infant_evidenced,MIMS Environmental/Metagenome sample from human feces metagenome,1,human feces metagenome,GENOMIC
SAMN31821241,PRJNA903921,primary,infant_evidenced,MIMS Environmental/Metagenome sample from human feces metagenome,1,human feces metagenome,GENOMIC
SAMN31821242,PRJNA903921,primary,infant_evidenced,MIMS Environmental/Metagenome sample from human feces metagenome,1,human feces metagenome,GENOMIC
SAMN31821243,PRJNA903921,primary,infant_evidenced,MIMS Environmental/Metagenome sample from human feces metagenome,1,human feces metagenome,GENOMIC
SAMN31821244,PRJNA903921,primary,infant_evidenced,MIMS Environmental/Metagenome sample from human feces metagenome,1,human feces metagenome,GENOMIC
SAMN31821245,PRJNA903921,primary,infant_evidenced,MIMS Environmental/Metagenome sample from human feces metagenome,1,human feces metagenome,GENOMIC
SAMN31821246,PRJNA903921,primary,infant_evidenced,MIMS Environmental/Metagenome sample from human feces metagenome,1,human feces metagenome,GENOMIC
SAMN31821247,PRJNA903921,primary,infant_evidenced,MIMS Environmental/Metagenome sample from human feces metagenome,1,human feces metagenome,GENOMIC
SAMN31821248,PRJNA903921,primary,infant_evidenced,MIMS Environmental/Metagenome sample from human feces metagenome,1,human feces metagenome,GENOMIC
SAMN31821249,PRJNA903921,primary,infant_evidenced,MIMS Environmental/Metagenome sample from human feces metagenome,1,human feces metagenome,GENOMIC
SAMN31821250,PRJNA903921,primary,infant_evidenced,MIMS Environmental/Metagenome sample from human feces metagenome,1,human feces metagenome,GENOMIC
SAMN31821251,PRJNA903921,primary,infant_evidenced,MIMS Environmental/Metagenome sample from human feces metagenome,1,human feces metagenome,GENOMIC
SAMN31821252,PRJNA903921,primary,infant_evidenced,MIMS Environmental/Metagenome sample from human feces metagenome,1,human feces metagenome,GENOMIC
SAMN31821253,PRJNA903921,primary,infant_evidenced,MIMS Environmental/Metagenome sample from human feces metagenome,1,human feces metagenome,GENOMIC
SAMN31821254,PRJNA903921,primary,infant_evidenced,MIMS Environmental/Metagenome sample from human feces metagenome,1,human feces metagenome,GENOMIC
SAMN31821255,PRJNA903921,primary,infant_evidenced,MIMS Environmental/Metagenome sample from human feces metagenome,1,human feces metagenome,GENOMIC
SAMN31821256,PRJNA903921,primary,infant_evidenced,MIMS Environmental/Metagenome sample from human feces metagenome,1,human feces metagenome,GENOMIC
SAMN31821257,PRJNA903921,primary,infant_evidenced,MIMS Environmental/Metagenome sample from human feces metagenome,1,human feces metagenome,GENOMIC
SAMN31821258,PRJNA903921,primary,infant_evidenced,MIMS Environmental/Metagenome sample from human feces metagenome,1,human feces metagenome,GENOMIC
SAMN31821259,PRJNA903921,primary,infant_evidenced,MIMS Environmental/Metagenome sample from human feces metagenome,1,human feces metagenome,GENOMIC
SAMN31821260,PRJNA903921,primary,infant_evidenced,MIMS Environmental/Metagenome sample from human feces metagenome,1,human feces metagenome,GENOMIC
SAMN31821261,PRJNA903921,primary,infant_evidenced,MIMS Environmental/Metagenome sample from human feces metagenome,1,human feces metagenome,GENOMIC
SAMN31821262,PRJNA903921,primary,infant_evidenced,MIMS Environmental/Metagenome sample from human feces metagenome,1,human feces metagenome,GENOMIC
SAMN31821263,PRJNA903921,primary,infant_evidenced,MIMS Environmental/Metagenome sample from human feces metagenome,1,human feces metagenome,GENOMIC
SAMN31821264,PRJNA903921,primary,infant_evidenced,MIMS Environmental/Metagenome sample from human feces metagenome,1,human feces metagenome,GENOMIC
SAMN31821265,PRJNA903921,primary,infant_evidenced,MIMS Environmental/Metagenome sample from human feces metagenome,1,human feces metagenome,GENOMIC
SAMN31821266,PRJNA903921,primary,infant_evidenced,MIMS Environmental/Metagenome sample from human feces metagenome,1,human feces metagenome,GENOMIC
SAMN31821267,PRJNA903921,primary,infant_evidenced,MIMS Environmental/Metagenome sample from human feces metagenome,1,human feces metagenome,GENOMIC
SAMN31821268,PRJNA903921,primary,infant_evidenced,MIMS Environmental/Metagenome sample from human feces metagenome,1,human feces metagenome,GENOMIC
SAMN31821269,PRJNA903921,primary,infant_evidenced,MIMS Environmental/Metagenome sample from human feces metagenome,1,human feces metagenome,GENOMIC
SAMN31821270,PRJNA903921,primary,infant_evidenced,MIMS Environmental/Metagenome sample from human feces metagenome,1,human feces metagenome,GENOMIC
SAMN31821271,PRJNA903921,primary,infant_evidenced,MIMS Environmental/Metagenome sample from human feces metagenome,1,human feces metagenome,GENOMIC
SAMN31821272,PRJNA903921,primary,infant_evidenced,MIMS Environmental/Metagenome sample from human feces metagenome,1,human feces metagenome,GENOMIC
SAMN31821273,PRJNA903921,primary,infant_evidenced,MIMS Environmental/Metagenome sample from human feces metagenome,1,human feces metagenome,GENOMIC
SAMN31821274,PRJNA903921,primary,infant_evidenced,MIMS Environmental/Metagenome sample from human feces metagenome,1,human feces metagenome,GENOMIC
SAMN31821275,PRJNA903921,primary,infant_evidenced,MIMS Environmental/Metagenome sample from human feces metagenome,1,human feces metagenome,GENOMIC
SAMN31821276,PRJNA903921,primary,infant_evidenced,MIMS Environmental/Metagenome sample from human feces metagenome,1,human feces metagenome,GENOMIC
SAMN31821277,PRJNA903921,primary,infant_evidenced,MIMS Environmental/Metagenome sample from human feces metagenome,1,human feces metagenome,GENOMIC
SAMN31821278,PRJNA903921,primary,infant_evidenced,MIMS Environmental/Metagenome sample from human feces metagenome,1,human feces metagenome,GENOMIC
SAMN31821279,PRJNA903921,primary,infant_evidenced,MIMS Environmental/Metagenome sample from human feces metagenome,1,human feces metagenome,GENOMIC
SAMN31821280,PRJNA903921,primary,infant_evidenced,MIMS Environmental/Metagenome sample from human feces metagenome,1,human feces metagenome,GENOMIC
SAMN31821281,PRJNA903921,primary,infant_evidenced,MIMS Environmental/Metagenome sample from human feces metagenome,1,human feces metagenome,GENOMIC
SAMN31821282,PRJNA903921,primary,infant_evidenced,MIMS Environmental/Metagenome sample from human feces metagenome,1,human feces metagenome,GENOMIC
SAMN31821283,PRJNA903921,primary,infant_evidenced,MIMS Environmental/Metagenome sample from human feces metagenome,1,human feces metagenome,GENOMIC
SAMN31821284,PRJNA903921,primary,infant_evidenced,MIMS Environmental/Metagenome sample from human feces metagenome,1,human feces metagenome,GENOMIC
SAMN31821285,PRJNA903921,primary,infant_evidenced,MIMS Environmental/Metagenome sample from human feces metagenome,1,human feces metagenome,GENOMIC
SAMN31821286,PRJNA903921,primary,infant_evidenced,MIMS Environmental/Metagenome sample from human feces metagenome,1,human feces metagenome,GENOMIC
SAMN31821287,PRJNA903921,primary,infant_evidenced,MIMS Environmental/Metagenome sample from human feces metagenome,1,human feces metagenome,GENOMIC
SAMN31821288,PRJNA903921,primary,infant_evidenced,MIMS Environmental/Metagenome sample from human feces metagenome,1,human feces metagenome,GENOMIC
SAMN31821289,PRJNA903921,primary,infant_evidenced,MIMS Environmental/Metagenome sample from human feces metagenome,1,human feces metagenome,GENOMIC
SAMN31821290,PRJNA903921,primary,infant_evidenced,MIMS Environmental/Metagenome sample from human feces metagenome,1,human feces metagenome,GENOMIC
SAMN31821291,PRJNA903921,primary,infant_evidenced,MIMS Environmental/Metagenome sample from human feces metagenome,1,human feces metagenome,GENOMIC
SAMN31821292,PRJNA903921,primary,infant_evidenced,MIMS Environmental/Metagenome sample from human feces metagenome,1,human feces metagenome,GENOMIC
SAMN31821293,PRJNA903921,primary,infant_evidenced,MIMS Environmental/Metagenome sample from human feces metagenome,1,human feces metagenome,GENOMIC
SAMN31821294,PRJNA903921,primary,infant_evidenced,MIMS Environmental/Metagenome sample from human feces metagenome,1,human feces metagenome,GENOMIC
SAMN31821295,PRJNA903921,primary,infant_evidenced,MIMS Environmental/Metagenome sample from human feces metagenome,1,human feces metagenome,GENOMIC
SAMN31821296,PRJNA903921,primary,infant_evidenced,MIMS Environmental/Metagenome sample from human feces metagenome,1,human feces metagenome,GENOMIC
SAMN31821297,PRJNA903921,primary,infant_evidenced,MIMS Environmental/Metagenome sample from human feces metagenome,1,human feces metagenome,GENOMIC
SAMN31821298,PRJNA903921,primary,infant_evidenced,MIMS Environmental/Metagenome sample from human feces metagenome,1,human feces metagenome,GENOMIC
SAMN31821299,PRJNA903921,primary,infant_evidenced,MIMS Environmental/Metagenome sample from human feces metagenome,1,human feces metagenome,GENOMIC
SAMN31821300,PRJNA903921,primary,infant_evidenced,MIMS Environmental/Metagenome sample from human feces metagenome,1,human feces metagenome,GENOMIC
SAMN31821301,PRJNA903921,primary,infant_evidenced,MIMS Environmental/Metagenome sample from human feces metagenome,1,human feces metagenome,GENOMIC
SAMN31821302,PRJNA903921,primary,infant_evidenced,MIMS Environmental/Metagenome sample from human feces metagenome,1,human feces metagenome,GENOMIC
SAMN31821303,PRJNA903921,primary,infant_evidenced,MIMS Environmental/Metagenome sample from human feces metagenome,1,human feces metagenome,GENOMIC
SAMN31821304,PRJNA903921,primary,infant_evidenced,MIMS Environmental/Metagenome sample from human feces metagenome,1,human feces metagenome,GENOMIC
SAMN31821305,PRJNA903921,primary,infant_evidenced,MIMS Environmental/Metagenome sample from human feces metagenome,1,human feces metagenome,GENOMIC
SAMN31821306,PRJNA903921,primary,infant_evidenced,MIMS Environmental/Metagenome sample from human feces metagenome,1,human feces metagenome,GENOMIC
SAMN31821307,PRJNA903921,primary,infant_evidenced,MIMS Environmental/Metagenome sample from human feces metagenome,1,human feces metagenome,GENOMIC
SAMN31821308,PRJNA903921,primary,infant_evidenced,MIMS Environmental/Metagenome sample from human feces metagenome,1,human feces metagenome,GENOMIC
SAMN31821309,PRJNA903921,primary,infant_evidenced,MIMS Environmental/Metagenome sample from human feces metagenome,1,human feces metagenome,GENOMIC
SAMN31821310,PRJNA903921,primary,infant_evidenced,MIMS Environmental/Metagenome sample from human feces metagenome,1,human feces metagenome,GENOMIC
SAMN31821311,PRJNA903921,primary,infant_evidenced,MIMS Environmental/Metagenome sample from human feces metagenome,1,human feces metagenome,GENOMIC
SAMN31821312,PRJNA903921,primary,infant_evidenced,MIMS Environmental/Metagenome sample from human feces metagenome,1,human feces metagenome,GENOMIC
SAMN31821313,PRJNA903921,primary,infant_evidenced,MIMS Environmental/Metagenome sample from human feces metagenome,1,human feces metagenome,GENOMIC
SAMN31821314,PRJNA903921,primary,infant_evidenced,MIMS Environmental/Metagenome sample from human feces metagenome,1,human feces metagenome,GENOMIC
SAMN31821315,PRJNA903921,primary,infant_evidenced,MIMS Environmental/Metagenome sample from human feces metagenome,1,human feces metagenome,GENOMIC
SAMN31821316,PRJNA903921,primary,infant_evidenced,MIMS Environmental/Metagenome sample from human feces metagenome,1,human feces metagenome,GENOMIC
SAMN31821317,PRJNA903921,primary,infant_evidenced,MIMS Environmental/Metagenome sample from human feces metagenome,1,human feces metagenome,GENOMIC
SAMN31821318,PRJNA903921,primary,infant_evidenced,MIMS Environmental/Metagenome sample from human feces metagenome,1,human feces metagenome,GENOMIC
SAMN31821319,PRJNA903921,primary,infant_evidenced,MIMS Environmental/Metagenome sample from human feces metagenome,1,human feces metagenome,GENOMIC
SAMN31821320,PRJNA903921,primary,infant_evidenced,MIMS Environmental/Metagenome sample from human feces metagenome,1,human feces metagenome,GENOMIC
SAMN31821321,PRJNA903921,primary,infant_evidenced,MIMS Environmental/Metagenome sample from human feces metagenome,1,human feces metagenome,GENOMIC
SAMN31821322,PRJNA903921,primary,infant_evidenced,MIMS Environmental/Metagenome sample from human feces metagenome,1,human feces metagenome,GENOMIC
SAMN31821323,PRJNA903921,primary,infant_evidenced,MIMS Environmental/Metagenome sample from human feces metagenome,1,human feces metagenome,GENOMIC
SAMN31821324,PRJNA903921,primary,infant_evidenced,MIMS Environmental/Metagenome sample from human feces metagenome,1,human feces metagenome,GENOMIC
SAMN31821325,PRJNA903921,primary,infant_evidenced,MIMS Environmental/Metagenome sample from human feces metagenome,1,human feces metagenome,GENOMIC
SAMN31821326,PRJNA903921,primary,infant_evidenced,MIMS Environmental/Metagenome sample from human feces metagenome,1,human feces metagenome,GENOMIC
SAMN31821327,PRJNA903921,primary,infant_evidenced,MIMS Environmental/Metagenome sample from human feces metagenome,1,human feces metagenome,GENOMIC
SAMN31821328,PRJNA903921,primary,infant_evidenced,MIMS Environmental/Metagenome sample from human feces metagenome,1,human feces metagenome,GENOMIC
SAMN31821329,PRJNA903921,primary,infant_evidenced,MIMS Environmental/Metagenome sample from human feces metagenome,1,human feces metagenome,GENOMIC
SAMN31821330,PRJNA903921,primary,infant_evidenced,MIMS Environmental/Metagenome sample from human feces metagenome,1,human feces metagenome,GENOMIC
SAMN31821331,PRJNA903921,primary,infant_evidenced,MIMS Environmental/Metagenome sample from human feces metagenome,1,human feces metagenome,GENOMIC
SAMN31821332,PRJNA903921,primary,infant_evidenced,MIMS Environmental/Metagenome sample from human feces metagenome,1,human feces metagenome,GENOMIC
SAMN31821333,PRJNA903921,primary,infant_evidenced,MIMS Environmental/Metagenome sample from human feces metagenome,1,human feces metagenome,GENOMIC
SAMN31821334,PRJNA903921,primary,infant_evidenced,MIMS Environmental/Metagenome sample from human feces metagenome,1,human feces metagenome,GENOMIC
SAMN31821335,PRJNA903921,primary,infant_evidenced,MIMS Environmental/Metagenome sample from human feces metagenome,1,human feces metagenome,GENOMIC
SAMN31821336,PRJNA903921,primary,infant_evidenced,MIMS Environmental/Metagenome sample from human feces metagenome,1,human feces metagenome,GENOMIC
SAMN31821337,PRJNA903921,primary,infant_evidenced,MIMS Environmental/Metagenome sample from human feces metagenome,1,human feces metagenome,GENOMIC
SAMN31821338,PRJNA903921,primary,infant_evidenced,MIMS Environmental/Metagenome sample from human feces metagenome,1,human feces metagenome,GENOMIC
SAMN31821339,PRJNA903921,primary,infant_evidenced,MIMS Environmental/Metagenome sample from human feces metagenome,1,human feces metagenome,GENOMIC
SAMN31821340,PRJNA903921,primary,infant_evidenced,MIMS Environmental/Metagenome sample from human feces metagenome,1,human feces metagenome,GENOMIC
SAMN31821341,PRJNA903921,primary,infant_evidenced,MIMS Environmental/Metagenome sample from human feces metagenome,1,human feces metagenome,GENOMIC
SAMN31821342,PRJNA903921,primary,infant_evidenced,MIMS Environmental/Metagenome sample from human feces metagenome,1,human feces metagenome,GENOMIC
SAMN31821343,PRJNA903921,primary,infant_evidenced,MIMS Environmental/Metagenome sample from human feces metagenome,1,human feces metagenome,GENOMIC
SAMN31821344,PRJNA903921,primary,infant_evidenced,MIMS Environmental/Metagenome sample from human feces metagenome,1,human feces metagenome,GENOMIC
SAMN31821345,PRJNA903921,primary,infant_evidenced,MIMS Environmental/Metagenome sample from human feces metagenome,1,human feces metagenome,GENOMIC
SAMN31821346,PRJNA903921,primary,infant_evidenced,MIMS Environmental/Metagenome sample from human feces metagenome,1,human feces metagenome,GENOMIC
SAMN31821347,PRJNA903921,primary,infant_evidenced,MIMS Environmental/Metagenome sample from human feces metagenome,1,human feces metagenome,GENOMIC
SAMN31821348,PRJNA903921,primary,infant_evidenced,MIMS Environmental/Metagenome sample from human feces metagenome,1,human feces metagenome,GENOMIC
SAMN31821349,PRJNA903921,primary,infant_evidenced,MIMS Environmental/Metagenome sample from human feces metagenome,1,human feces metagenome,GENOMIC
SAMN31821350,PRJNA903921,primary,infant_evidenced,MIMS Environmental/Metagenome sample from human feces metagenome,1,human feces metagenome,GENOMIC
SAMN31821351,PRJNA903921,primary,infant_evidenced,MIMS Environmental/Metagenome sample from human feces metagenome,1,human feces metagenome,GENOMIC
SAMN31821352,PRJNA903921,primary,infant_evidenced,MIMS Environmental/Metagenome sample from human feces metagenome,1,human feces metagenome,GENOMIC
SAMN31821353,PRJNA903921,primary,infant_evidenced,MIMS Environmental/Metagenome sample from human feces metagenome,1,human feces metagenome,GENOMIC
SAMN31821354,PRJNA903921,primary,infant_evidenced,MIMS Environmental/Metagenome sample from human feces metagenome,1,human feces metagenome,GENOMIC
SAMN31821355,PRJNA903921,primary,infant_evidenced,MIMS Environmental/Metagenome sample from human feces metagenome,1,human feces metagenome,GENOMIC
SAMN31821356,PRJNA903921,primary,infant_evidenced,MIMS Environmental/Metagenome sample from human feces metagenome,1,human feces metagenome,GENOMIC
SAMN31821357,PRJNA903921,primary,infant_evidenced,MIMS Environmental/Metagenome sample from human feces metagenome,1,human feces metagenome,GENOMIC
SAMN31821358,PRJNA903921,primary,infant_evidenced,MIMS Environmental/Metagenome sample from human feces metagenome,1,human feces metagenome,GENOMIC
SAMN31821359,PRJNA903921,primary,infant_evidenced,MIMS Environmental/Metagenome sample from human feces metagenome,1,human feces metagenome,GENOMIC
SAMN31821360,PRJNA903921,primary,infant_evidenced,MIMS Environmental/Metagenome sample from human feces metagenome,1,human feces metagenome,GENOMIC
SAMN31821361,PRJNA903921,primary,infant_evidenced,MIMS Environmental/Metagenome sample from human feces metagenome,1,human feces metagenome,GENOMIC
SAMN31821362,PRJNA903921,primary,infant_evidenced,MIMS Environmental/Metagenome sample from human feces metagenome,1,human feces metagenome,GENOMIC
SAMN31821363,PRJNA903921,primary,infant_evidenced,MIMS Environmental/Metagenome sample from human feces metagenome,1,human feces metagenome,GENOMIC
SAMN31821364,PRJNA903921,primary,infant_evidenced,MIMS Environmental/Metagenome sample from human feces metagenome,1,human feces metagenome,GENOMIC
SAMN31821365,PRJNA903921,primary,infant_evidenced,MIMS Environmental/Metagenome sample from human feces metagenome,1,human feces metagenome,GENOMIC
SAMN31821366,PRJNA903921,primary,infant_evidenced,MIMS Environmental/Metagenome sample from human feces metagenome,1,human feces metagenome,GENOMIC
SAMN31821367,PRJNA903921,primary,infant_evidenced,MIMS Environmental/Metagenome sample from human feces metagenome,1,human feces metagenome,GENOMIC
SAMN31821368,PRJNA903921,primary,infant_evidenced,MIMS Environmental/Metagenome sample from human feces metagenome,1,human feces metagenome,GENOMIC
SAMN31821369,PRJNA903921,primary,infant_evidenced,MIMS Environmental/Metagenome sample from human feces metagenome,1,human feces metagenome,GENOMIC
SAMN31821370,PRJNA903921,primary,infant_evidenced,MIMS Environmental/Metagenome sample from human feces metagenome,1,human feces metagenome,GENOMIC
SAMN31821371,PRJNA903921,primary,infant_evidenced,MIMS Environmental/Metagenome sample from human feces metagenome,1,human feces metagenome,GENOMIC
SAMN31821372,PRJNA903921,primary,infant_evidenced,MIMS Environmental/Metagenome sample from human feces metagenome,1,human feces metagenome,GENOMIC
SAMN31821373,PRJNA903921,primary,infant_evidenced,MIMS Environmental/Metagenome sample from human feces metagenome,1,human feces metagenome,GENOMIC
SAMN31821374,PRJNA903921,primary,infant_evidenced,MIMS Environmental/Metagenome sample from human feces metagenome,1,human feces metagenome,GENOMIC
SAMN31821375,PRJNA903921,primary,infant_evidenced,MIMS Environmental/Metagenome sample from human feces metagenome,1,human feces metagenome,GENOMIC
SAMN31821376,PRJNA903921,primary,infant_evidenced,MIMS Environmental/Metagenome sample from human feces metagenome,1,human feces metagenome,GENOMIC
SAMN31821377,PRJNA903921,primary,infant_evidenced,MIMS Environmental/Metagenome sample from human feces metagenome,1,human feces metagenome,GENOMIC
SAMN31821378,PRJNA903921,primary,infant_evidenced,MIMS Environmental/Metagenome sample from human feces metagenome,1,human feces metagenome,GENOMIC
SAMN31821379,PRJNA903921,primary,infant_evidenced,MIMS Environmental/Metagenome sample from human feces metagenome,1,human feces metagenome,GENOMIC
SAMN31821380,PRJNA903921,primary,infant_evidenced,MIMS Environmental/Metagenome sample from human feces metagenome,1,human feces metagenome,GENOMIC
SAMN31821381,PRJNA903921,primary,infant_evidenced,MIMS Environmental/Metagenome sample from human feces metagenome,1,human feces metagenome,GENOMIC
SAMN31821382,PRJNA903921,primary,infant_evidenced,MIMS Environmental/Metagenome sample from human feces metagenome,1,human feces metagenome,GENOMIC
SAMN31821383,PRJNA903921,primary,infant_evidenced,MIMS Environmental/Metagenome sample from human feces metagenome,1,human feces metagenome,GENOMIC
SAMN31821384,PRJNA903921,primary,infant_evidenced,MIMS Environmental/Metagenome sample from human feces metagenome,1,human feces metagenome,GENOMIC
SAMN31821385,PRJNA903921,primary,infant_evidenced,MIMS Environmental/Metagenome sample from human feces metagenome,1,human feces metagenome,GENOMIC
SAMN31821386,PRJNA903921,primary,infant_evidenced,MIMS Environmental/Metagenome sample from human feces metagenome,1,human feces metagenome,GENOMIC
SAMN31821387,PRJNA903921,primary,infant_evidenced,MIMS Environmental/Metagenome sample from human feces metagenome,1,human feces metagenome,GENOMIC
SAMN31821388,PRJNA903921,primary,infant_evidenced,MIMS Environmental/Metagenome sample from human feces metagenome,1,human feces metagenome,GENOMIC
SAMN31821389,PRJNA903921,primary,infant_evidenced,MIMS Environmental/Metagenome sample from human feces metagenome,1,human feces metagenome,GENOMIC
SAMN31821390,PRJNA903921,primary,infant_evidenced,MIMS Environmental/Metagenome sample from human feces metagenome,1,human feces metagenome,GENOMIC
SAMN31821391,PRJNA903921,primary,infant_evidenced,MIMS Environmental/Metagenome sample from human feces metagenome,1,human feces metagenome,GENOMIC
SAMN31821392,PRJNA903921,primary,infant_evidenced,MIMS Environmental/Metagenome sample from human feces metagenome,1,human feces metagenome,GENOMIC
SAMN31821393,PRJNA903921,primary,infant_evidenced,MIMS Environmental/Metagenome sample from human feces metagenome,1,human feces metagenome,GENOMIC
SAMN31821394,PRJNA903921,primary,infant_evidenced,MIMS Environmental/Metagenome sample from human feces metagenome,1,human feces metagenome,GENOMIC
SAMN31821395,PRJNA903921,primary,infant_evidenced,MIMS Environmental/Metagenome sample from human feces metagenome,1,human feces metagenome,GENOMIC
SAMN31821396,PRJNA903921,primary,infant_evidenced,MIMS Environmental/Metagenome sample from human feces metagenome,1,human feces metagenome,GENOMIC
SAMN31821397,PRJNA903921,primary,infant_evidenced,MIMS Environmental/Metagenome sample from human feces metagenome,1,human feces metagenome,GENOMIC
SAMN31821398,PRJNA903921,primary,infant_evidenced,MIMS Environmental/Metagenome sample from human feces metagenome,1,human feces metagenome,GENOMIC
SAMN31821399,PRJNA903921,primary,infant_evidenced,MIMS Environmental/Metagenome sample from human feces metagenome,1,human feces metagenome,GENOMIC
SAMN31821400,PRJNA903921,primary,infant_evidenced,MIMS Environmental/Metagenome sample from human feces metagenome,1,human feces metagenome,GENOMIC
SAMN31821401,PRJNA903921,primary,infant_evidenced,MIMS Environmental/Metagenome sample from human feces metagenome,1,human feces metagenome,GENOMIC
SAMN31821402,PRJNA903921,primary,infant_evidenced,MIMS Environmental/Metagenome sample from human feces metagenome,1,human feces metagenome,GENOMIC
SAMN31821403,PRJNA903921,primary,infant_evidenced,MIMS Environmental/Metagenome sample from human feces metagenome,1,human feces metagenome,GENOMIC
SAMN31821404,PRJNA903921,primary,infant_evidenced,MIMS Environmental/Metagenome sample from human feces metagenome,1,human feces metagenome,GENOMIC
SAMN31821405,PRJNA903921,primary,infant_evidenced,MIMS Environmental/Metagenome sample from human feces metagenome,1,human feces metagenome,GENOMIC
SAMN31821406,PRJNA903921,primary,infant_evidenced,MIMS Environmental/Metagenome sample from human feces metagenome,1,human feces metagenome,GENOMIC
SAMN31821407,PRJNA903921,primary,infant_evidenced,MIMS Environmental/Metagenome sample from human feces metagenome,1,human feces metagenome,GENOMIC
SAMN31821408,PRJNA903921,primary,infant_evidenced,MIMS Environmental/Metagenome sample from human feces metagenome,1,human feces metagenome,GENOMIC
SAMN31821409,PRJNA903921,primary,infant_evidenced,MIMS Environmental/Metagenome sample from human feces metagenome,1,human feces metagenome,GENOMIC
SAMN31821410,PRJNA903921,primary,infant_evidenced,MIMS Environmental/Metagenome sample from human feces metagenome,1,human feces metagenome,GENOMIC
SAMN31821411,PRJNA903921,primary,infant_evidenced,MIMS Environmental/Metagenome sample from human feces metagenome,1,human feces metagenome,GENOMIC
SAMN31821412,PRJNA903921,primary,infant_evidenced,MIMS Environmental/Metagenome sample from human feces metagenome,1,human feces metagenome,GENOMIC
SAMN31821413,PRJNA903921,primary,infant_evidenced,MIMS Environmental/Metagenome sample from human feces metagenome,1,human feces metagenome,GENOMIC
SAMN31821414,PRJNA903921,primary,infant_evidenced,MIMS Environmental/Metagenome sample from human feces metagenome,1,human feces metagenome,GENOMIC
SAMN31821415,PRJNA903921,primary,infant_evidenced,MIMS Environmental/Metagenome sample from human feces metagenome,1,human feces metagenome,GENOMIC
SAMN31821416,PRJNA903921,primary,infant_evidenced,MIMS Environmental/Metagenome sample from human feces metagenome,1,human feces metagenome,GENOMIC
SAMN31821417,PRJNA903921,primary,infant_evidenced,MIMS Environmental/Metagenome sample from human feces metagenome,1,human feces metagenome,GENOMIC
SAMN31821418,PRJNA903921,primary,infant_evidenced,MIMS Environmental/Metagenome sample from human feces metagenome,1,human feces metagenome,GENOMIC
SAMN31821419,PRJNA903921,primary,infant_evidenced,MIMS Environmental/Metagenome sample from human feces metagenome,1,human feces metagenome,GENOMIC
SAMN31821420,PRJNA903921,primary,infant_evidenced,MIMS Environmental/Metagenome sample from human feces metagenome,1,human feces metagenome,GENOMIC
SAMN31821421,PRJNA903921,primary,infant_evidenced,MIMS Environmental/Metagenome sample from human feces metagenome,1,human feces metagenome,GENOMIC
SAMN31821422,PRJNA903921,primary,infant_evidenced,MIMS Environmental/Metagenome sample from human feces metagenome,1,human feces metagenome,GENOMIC
SAMN31821423,PRJNA903921,primary,infant_evidenced,MIMS Environmental/Metagenome sample from human feces metagenome,1,human feces metagenome,GENOMIC
SAMN31821424,PRJNA903921,primary,infant_evidenced,MIMS Environmental/Metagenome sample from human feces metagenome,1,human feces metagenome,GENOMIC
SAMN31821425,PRJNA903921,primary,infant_evidenced,MIMS Environmental/Metagenome sample from human feces metagenome,1,human feces metagenome,GENOMIC
SAMN31821426,PRJNA903921,primary,infant_evidenced,MIMS Environmental/Metagenome sample from human feces metagenome,1,human feces metagenome,GENOMIC
SAMN31821427,PRJNA903921,primary,infant_evidenced,MIMS Environmental/Metagenome sample from human feces metagenome,1,human feces metagenome,GENOMIC
SAMN31821428,PRJNA903921,primary,infant_evidenced,MIMS Environmental/Metagenome sample from human feces metagenome,1,human feces metagenome,GENOMIC
SAMN31821429,PRJNA903921,primary,infant_evidenced,MIMS Environmental/Metagenome sample from human feces metagenome,1,human feces metagenome,GENOMIC
SAMN31821430,PRJNA903921,primary,infant_evidenced,MIMS Environmental/Metagenome sample from human feces metagenome,1,human feces metagenome,GENOMIC
SAMN31821431,PRJNA903921,primary,infant_evidenced,MIMS Environmental/Metagenome sample from human feces metagenome,1,human feces metagenome,GENOMIC
SAMN31821432,PRJNA903921,primary,infant_evidenced,MIMS Environmental/Metagenome sample from human feces metagenome,1,human feces metagenome,GENOMIC
SAMN31821433,PRJNA903921,primary,infant_evidenced,MIMS Environmental/Metagenome sample from human feces metagenome,1,human feces metagenome,GENOMIC
SAMN31821434,PRJNA903921,primary,infant_evidenced,MIMS Environmental/Metagenome sample from human feces metagenome,1,human feces metagenome,GENOMIC
SAMN31821435,PRJNA903921,primary,infant_evidenced,MIMS Environmental/Metagenome sample from human feces metagenome,1,human feces metagenome,GENOMIC
SAMN31821436,PRJNA903921,primary,infant_evidenced,MIMS Environmental/Metagenome sample from human feces metagenome,1,human feces metagenome,GENOMIC
SAMN31821437,PRJNA903921,primary,infant_evidenced,MIMS Environmental/Metagenome sample from human feces metagenome,1,human feces metagenome,GENOMIC
SAMN31821438,PRJNA903921,primary,infant_evidenced,MIMS Environmental/Metagenome sample from human feces metagenome,1,human feces metagenome,GENOMIC
SAMN31821439,PRJNA903921,primary,infant_evidenced,MIMS Environmental/Metagenome sample from human feces metagenome,1,human feces metagenome,GENOMIC
SAMN31821440,PRJNA903921,primary,infant_evidenced,MIMS Environmental/Metagenome sample from human feces metagenome,1,human feces metagenome,GENOMIC
SAMN31821441,PRJNA903921,primary,infant_evidenced,MIMS Environmental/Metagenome sample from human feces metagenome,1,human feces metagenome,GENOMIC
SAMN31821911,PRJNA903921,primary,infant_evidenced,MIMS Environmental/Metagenome sample from human feces metagenome,1,human feces metagenome,GENOMIC
SAMN31821912,PRJNA903921,primary,infant_evidenced,MIMS Environmental/Metagenome sample from human feces metagenome,1,human feces metagenome,GENOMIC
SAMN31821913,PRJNA903921,primary,infant_evidenced,MIMS Environmental/Metagenome sample from human feces metagenome,1,human feces metagenome,GENOMIC
SAMN31821914,PRJNA903921,primary,infant_evidenced,MIMS Environmental/Metagenome sample from human feces metagenome,1,human feces metagenome,GENOMIC
SAMN31821915,PRJNA903921,primary,infant_evidenced,MIMS Environmental/Metagenome sample from human feces metagenome,1,human feces metagenome,GENOMIC
SAMN31821916,PRJNA903921,primary,infant_evidenced,MIMS Environmental/Metagenome sample from human feces metagenome,1,human feces metagenome,GENOMIC
SAMN31821917,PRJNA903921,primary,infant_evidenced,MIMS Environmental/Metagenome sample from human feces metagenome,1,human feces metagenome,GENOMIC
SAMN31821918,PRJNA903921,primary,infant_evidenced,MIMS Environmental/Metagenome sample from human feces metagenome,1,human feces metagenome,GENOMIC
SAMN31821919,PRJNA903921,primary,infant_evidenced,MIMS Environmental/Metagenome sample from human feces metagenome,1,human feces metagenome,GENOMIC
SAMN31821920,PRJNA903921,primary,infant_evidenced,MIMS Environmental/Metagenome sample from human feces metagenome,1,human feces metagenome,GENOMIC
SAMN31821921,PRJNA903921,primary,infant_evidenced,MIMS Environmental/Metagenome sample from human feces metagenome,1,human feces metagenome,GENOMIC
SAMN31821922,PRJNA903921,primary,infant_evidenced,MIMS Environmental/Metagenome sample from human feces metagenome,1,human feces metagenome,GENOMIC
SAMN31821923,PRJNA903921,primary,infant_evidenced,MIMS Environmental/Metagenome sample from human feces metagenome,1,human feces metagenome,GENOMIC
SAMN31821924,PRJNA903921,primary,infant_evidenced,MIMS Environmental/Metagenome sample from human feces metagenome,1,human feces metagenome,GENOMIC
SAMN31821925,PRJNA903921,primary,infant_evidenced,MIMS Environmental/Metagenome sample from human feces metagenome,1,human feces metagenome,GENOMIC
SAMN31821926,PRJNA903921,primary,infant_evidenced,MIMS Environmental/Metagenome sample from human feces metagenome,1,human feces metagenome,GENOMIC
SAMN31821927,PRJNA903921,primary,infant_evidenced,MIMS Environmental/Metagenome sample from human feces metagenome,1,human feces metagenome,GENOMIC
SAMN31821928,PRJNA903921,primary,infant_evidenced,MIMS Environmental/Metagenome sample from human feces metagenome,1,human feces metagenome,GENOMIC
SAMN31821929,PRJNA903921,primary,infant_evidenced,MIMS Environmental/Metagenome sample from human feces metagenome,1,human feces metagenome,GENOMIC
SAMN31821930,PRJNA903921,primary,infant_evidenced,MIMS Environmental/Metagenome sample from human feces metagenome,1,human feces metagenome,GENOMIC
SAMN31821931,PRJNA903921,primary,infant_evidenced,MIMS Environmental/Metagenome sample from human feces metagenome,1,human feces metagenome,GENOMIC
SAMN31821932,PRJNA903921,primary,infant_evidenced,MIMS Environmental/Metagenome sample from human feces metagenome,1,human feces metagenome,GENOMIC
SAMN31821933,PRJNA903921,primary,infant_evidenced,MIMS Environmental/Metagenome sample from human feces metagenome,1,human feces metagenome,GENOMIC
SAMN31821934,PRJNA903921,primary,infant_evidenced,MIMS Environmental/Metagenome sample from human feces metagenome,1,human feces metagenome,GENOMIC
SAMN31821935,PRJNA903921,primary,infant_evidenced,MIMS Environmental/Metagenome sample from human feces metagenome,1,human feces metagenome,GENOMIC
SAMN31821936,PRJNA903921,primary,infant_evidenced,MIMS Environmental/Metagenome sample from human feces metagenome,1,human feces metagenome,GENOMIC
SAMN31821937,PRJNA903921,primary,infant_evidenced,MIMS Environmental/Metagenome sample from human feces metagenome,1,human feces metagenome,GENOMIC
SAMN31821938,PRJNA903921,primary,infant_evidenced,MIMS Environmental/Metagenome sample from human feces metagenome,1,human feces metagenome,GENOMIC
SAMN31821939,PRJNA903921,primary,infant_evidenced,MIMS Environmental/Metagenome sample from human feces metagenome,1,human feces metagenome,GENOMIC
SAMN31821940,PRJNA903921,primary,infant_evidenced,MIMS Environmental/Metagenome sample from human feces metagenome,1,human feces metagenome,GENOMIC
SAMN31821941,PRJNA903921,primary,infant_evidenced,MIMS Environmental/Metagenome sample from human feces metagenome,1,human feces metagenome,GENOMIC
SAMN31821942,PRJNA903921,primary,infant_evidenced,MIMS Environmental/Metagenome sample from human feces metagenome,1,human feces metagenome,GENOMIC
SAMN31821943,PRJNA903921,primary,infant_evidenced,MIMS Environmental/Metagenome sample from human feces metagenome,1,human feces metagenome,GENOMIC
SAMN31821944,PRJNA903921,primary,infant_evidenced,MIMS Environmental/Metagenome sample from human feces metagenome,1,human feces metagenome,GENOMIC
SAMN31821945,PRJNA903921,primary,infant_evidenced,MIMS Environmental/Metagenome sample from human feces metagenome,1,human feces metagenome,GENOMIC
SAMN31821946,PRJNA903921,primary,infant_evidenced,MIMS Environmental/Metagenome sample from human feces metagenome,1,human feces metagenome,GENOMIC
SAMN31821947,PRJNA903921,primary,infant_evidenced,MIMS Environmental/Metagenome sample from human feces metagenome,1,human feces metagenome,GENOMIC
SAMN31821948,PRJNA903921,primary,infant_evidenced,MIMS Environmental/Metagenome sample from human feces metagenome,1,human feces metagenome,GENOMIC
SAMN31821949,PRJNA903921,primary,infant_evidenced,MIMS Environmental/Metagenome sample from human feces metagenome,1,human feces metagenome,GENOMIC
SAMN31821950,PRJNA903921,primary,infant_evidenced,MIMS Environmental/Metagenome sample from human feces metagenome,1,human feces metagenome,GENOMIC
SAMN31821951,PRJNA903921,primary,infant_evidenced,MIMS Environmental/Metagenome sample from human feces metagenome,1,human feces metagenome,GENOMIC
SAMN31821952,PRJNA903921,primary,infant_evidenced,MIMS Environmental/Metagenome sample from human feces metagenome,1,human feces metagenome,GENOMIC
SAMN31821953,PRJNA903921,primary,infant_evidenced,MIMS Environmental/Metagenome sample from human feces metagenome,1,human feces metagenome,GENOMIC
SAMN31821954,PRJNA903921,primary,infant_evidenced,MIMS Environmental/Metagenome sample from human feces metagenome,1,human feces metagenome,GENOMIC
SAMN31821955,PRJNA903921,primary,infant_evidenced,MIMS Environmental/Metagenome sample from human feces metagenome,1,human feces metagenome,GENOMIC
SAMN31821956,PRJNA903921,primary,infant_evidenced,MIMS Environmental/Metagenome sample from human feces metagenome,1,human feces metagenome,GENOMIC
SAMN31821957,PRJNA903921,primary,infant_evidenced,MIMS Environmental/Metagenome sample from human feces metagenome,1,human feces metagenome,GENOMIC
SAMN31821958,PRJNA903921,primary,infant_evidenced,MIMS Environmental/Metagenome sample from human feces metagenome,1,human feces metagenome,GENOMIC
SAMN31821959,PRJNA903921,primary,infant_evidenced,MIMS Environmental/Metagenome sample from human feces metagenome,1,human feces metagenome,GENOMIC
SAMN31821960,PRJNA903921,primary,infant_evidenced,MIMS Environmental/Metagenome sample from human feces metagenome,1,human feces metagenome,GENOMIC
SAMN31821961,PRJNA903921,primary,infant_evidenced,MIMS Environmental/Metagenome sample from human feces metagenome,1,human feces metagenome,GENOMIC
SAMN31821962,PRJNA903921,primary,infant_evidenced,MIMS Environmental/Metagenome sample from human feces metagenome,1,human feces metagenome,GENOMIC
SAMN31821963,PRJNA903921,primary,infant_evidenced,MIMS Environmental/Metagenome sample from human feces metagenome,1,human feces metagenome,GENOMIC
SAMN31821964,PRJNA903921,primary,infant_evidenced,MIMS Environmental/Metagenome sample from human feces metagenome,1,human feces metagenome,GENOMIC
SAMN31821965,PRJNA903921,primary,infant_evidenced,MIMS Environmental/Metagenome sample from human feces metagenome,1,human feces metagenome,GENOMIC
SAMN31821966,PRJNA903921,primary,infant_evidenced,MIMS Environmental/Metagenome sample from human feces metagenome,1,human feces metagenome,GENOMIC
SAMN31821967,PRJNA903921,primary,infant_evidenced,MIMS Environmental/Metagenome sample from human feces metagenome,1,human feces metagenome,GENOMIC
SAMN31821968,PRJNA903921,primary,infant_evidenced,MIMS Environmental/Metagenome sample from human feces metagenome,1,human feces metagenome,GENOMIC
SAMN31821969,PRJNA903921,primary,infant_evidenced,MIMS Environmental/Metagenome sample from human feces metagenome,1,human feces metagenome,GENOMIC
SAMN31821970,PRJNA903921,primary,infant_evidenced,MIMS Environmental/Metagenome sample from human feces metagenome,1,human feces metagenome,GENOMIC
SAMN31821971,PRJNA903921,primary,infant_evidenced,MIMS Environmental/Metagenome sample from human feces metagenome,1,human feces metagenome,GENOMIC
SAMN31821972,PRJNA903921,primary,infant_evidenced,MIMS Environmental/Metagenome sample from human feces metagenome,1,human feces metagenome,GENOMIC
SAMN31821973,PRJNA903921,primary,infant_evidenced,MIMS Environmental/Metagenome sample from human feces metagenome,1,human feces metagenome,GENOMIC
SAMN31821974,PRJNA903921,primary,infant_evidenced,MIMS Environmental/Metagenome sample from human feces metagenome,1,human feces metagenome,GENOMIC
SAMN31821975,PRJNA903921,primary,infant_evidenced,MIMS Environmental/Metagenome sample from human feces metagenome,1,human feces metagenome,GENOMIC
SAMN31821976,PRJNA903921,primary,infant_evidenced,MIMS Environmental/Metagenome sample from human feces metagenome,1,human feces metagenome,GENOMIC
SAMN31821977,PRJNA903921,primary,infant_evidenced,MIMS Environmental/Metagenome sample from human feces metagenome,1,human feces metagenome,GENOMIC
SAMN31821978,PRJNA903921,primary,infant_evidenced,MIMS Environmental/Metagenome sample from human feces metagenome,1,human feces metagenome,GENOMIC
SAMN31821979,PRJNA903921,primary,infant_evidenced,MIMS Environmental/Metagenome sample from human feces metagenome,1,human feces metagenome,GENOMIC
SAMN31821980,PRJNA903921,primary,infant_evidenced,MIMS Environmental/Metagenome sample from human feces metagenome,1,human feces metagenome,GENOMIC
SAMN31821981,PRJNA903921,primary,infant_evidenced,MIMS Environmental/Metagenome sample from human feces metagenome,1,human feces metagenome,GENOMIC
SAMN31821982,PRJNA903921,primary,infant_evidenced,MIMS Environmental/Metagenome sample from human feces metagenome,1,human feces metagenome,GENOMIC
SAMN31821983,PRJNA903921,primary,infant_evidenced,MIMS Environmental/Metagenome sample from human feces metagenome,1,human feces metagenome,GENOMIC
SAMN31821984,PRJNA903921,primary,infant_evidenced,MIMS Environmental/Metagenome sample from human feces metagenome,1,human feces metagenome,GENOMIC
SAMN31821985,PRJNA903921,primary,infant_evidenced,MIMS Environmental/Metagenome sample from human feces metagenome,1,human feces metagenome,GENOMIC
SAMN31821986,PRJNA903921,primary,infant_evidenced,MIMS Environmental/Metagenome sample from human feces metagenome,1,human feces metagenome,GENOMIC
SAMN31821987,PRJNA903921,primary,infant_evidenced,MIMS Environmental/Metagenome sample from human feces metagenome,1,human feces metagenome,GENOMIC
SAMN31821988,PRJNA903921,primary,infant_evidenced,MIMS Environmental/Metagenome sample from human feces metagenome,1,human feces metagenome,GENOMIC
SAMN31821989,PRJNA903921,primary,infant_evidenced,MIMS Environmental/Metagenome sample from human feces metagenome,1,human feces metagenome,GENOMIC
SAMN31821990,PRJNA903921,primary,infant_evidenced,MIMS Environmental/Metagenome sample from human feces metagenome,1,human feces metagenome,GENOMIC
SAMN31821991,PRJNA903921,primary,infant_evidenced,MIMS Environmental/Metagenome sample from human feces metagenome,1,human feces metagenome,GENOMIC
SAMN31821992,PRJNA903921,primary,infant_evidenced,MIMS Environmental/Metagenome sample from human feces metagenome,1,human feces metagenome,GENOMIC
SAMN31821993,PRJNA903921,primary,infant_evidenced,MIMS Environmental/Metagenome sample from human feces metagenome,1,human feces metagenome,GENOMIC
SAMN31821994,PRJNA903921,primary,infant_evidenced,MIMS Environmental/Metagenome sample from human feces metagenome,1,human feces metagenome,GENOMIC
SAMN31821995,PRJNA903921,primary,infant_evidenced,MIMS Environmental/Metagenome sample from human feces metagenome,1,human feces metagenome,GENOMIC
SAMN31821996,PRJNA903921,primary,infant_evidenced,MIMS Environmental/Metagenome sample from human feces metagenome,1,human feces metagenome,GENOMIC
SAMN31821997,PRJNA903921,primary,infant_evidenced,MIMS Environmental/Metagenome sample from human feces metagenome,1,human feces metagenome,GENOMIC
SAMN31821998,PRJNA903921,primary,infant_evidenced,MIMS Environmental/Metagenome sample from human feces metagenome,1,human feces metagenome,GENOMIC
SAMN31821999,PRJNA903921,primary,infant_evidenced,MIMS Environmental/Metagenome sample from human feces metagenome,1,human feces metagenome,GENOMIC
SAMN31822000,PRJNA903921,primary,infant_evidenced,MIMS Environmental/Metagenome sample from human feces metagenome,1,human feces metagenome,GENOMIC
SAMN31822001,PRJNA903921,primary,infant_evidenced,MIMS Environmental/Metagenome sample from human feces metagenome,1,human feces metagenome,GENOMIC
SAMN31822002,PRJNA903921,primary,infant_evidenced,MIMS Environmental/Metagenome sample from human feces metagenome,1,human feces metagenome,GENOMIC
SAMN31822003,PRJNA903921,primary,infant_evidenced,MIMS Environmental/Metagenome sample from human feces metagenome,1,human feces metagenome,GENOMIC
SAMN31822004,PRJNA903921,primary,infant_evidenced,MIMS Environmental/Metagenome sample from human feces metagenome,1,human feces metagenome,GENOMIC
SAMN31822005,PRJNA903921,primary,infant_evidenced,MIMS Environmental/Metagenome sample from human feces metagenome,1,human feces metagenome,GENOMIC
SAMN31822006,PRJNA903921,primary,infant_evidenced,MIMS Environmental/Metagenome sample from human feces metagenome,1,human feces metagenome,GENOMIC
SAMN31822007,PRJNA903921,primary,infant_evidenced,MIMS Environmental/Metagenome sample from human feces metagenome,1,human feces metagenome,GENOMIC
SAMN31822008,PRJNA903921,primary,infant_evidenced,MIMS Environmental/Metagenome sample from human feces metagenome,1,human feces metagenome,GENOMIC
SAMN31822009,PRJNA903921,primary,infant_evidenced,MIMS Environmental/Metagenome sample from human feces metagenome,1,human feces metagenome,GENOMIC
SAMN31822010,PRJNA903921,primary,infant_evidenced,MIMS Environmental/Metagenome sample from human feces metagenome,1,human feces metagenome,GENOMIC
SAMN31822011,PRJNA903921,primary,infant_evidenced,MIMS Environmental/Metagenome sample from human feces metagenome,1,human feces metagenome,GENOMIC
SAMN31822012,PRJNA903921,primary,infant_evidenced,MIMS Environmental/Metagenome sample from human feces metagenome,1,human feces metagenome,GENOMIC
SAMN31822013,PRJNA903921,primary,infant_evidenced,MIMS Environmental/Metagenome sample from human feces metagenome,1,human feces metagenome,GENOMIC
SAMN31822014,PRJNA903921,primary,infant_evidenced,MIMS Environmental/Metagenome sample from human feces metagenome,1,human feces metagenome,GENOMIC
SAMN31822015,PRJNA903921,primary,infant_evidenced,MIMS Environmental/Metagenome sample from human feces metagenome,1,human feces metagenome,GENOMIC
SAMN31822016,PRJNA903921,primary,infant_evidenced,MIMS Environmental/Metagenome sample from human feces metagenome,1,human feces metagenome,GENOMIC
SAMN31822017,PRJNA903921,primary,infant_evidenced,MIMS Environmental/Metagenome sample from human feces metagenome,1,human feces metagenome,GENOMIC
SAMN31822018,PRJNA903921,primary,infant_evidenced,MIMS Environmental/Metagenome sample from human feces metagenome,1,human feces metagenome,GENOMIC
SAMN31822019,PRJNA903921,primary,infant_evidenced,MIMS Environmental/Metagenome sample from human feces metagenome,1,human feces metagenome,GENOMIC
SAMN31822020,PRJNA903921,primary,infant_evidenced,MIMS Environmental/Metagenome sample from human feces metagenome,1,human feces metagenome,GENOMIC
SAMN31822021,PRJNA903921,primary,infant_evidenced,MIMS Environmental/Metagenome sample from human feces metagenome,1,human feces metagenome,GENOMIC
SAMN31822022,PRJNA903921,primary,infant_evidenced,MIMS Environmental/Metagenome sample from human feces metagenome,1,human feces metagenome,GENOMIC
SAMN31822023,PRJNA903921,primary,infant_evidenced,MIMS Environmental/Metagenome sample from human feces metagenome,1,human feces metagenome,GENOMIC
SAMN31822024,PRJNA903921,primary,infant_evidenced,MIMS Environmental/Metagenome sample from human feces metagenome,1,human feces metagenome,GENOMIC
SAMN31822025,PRJNA903921,primary,infant_evidenced,MIMS Environmental/Metagenome sample from human feces metagenome,1,human feces metagenome,GENOMIC
SAMN31822026,PRJNA903921,primary,infant_evidenced,MIMS Environmental/Metagenome sample from human feces metagenome,1,human feces metagenome,GENOMIC
SAMN31822027,PRJNA903921,primary,infant_evidenced,MIMS Environmental/Metagenome sample from human feces metagenome,1,human feces metagenome,GENOMIC
SAMN31822028,PRJNA903921,primary,infant_evidenced,MIMS Environmental/Metagenome sample from human feces metagenome,1,human feces metagenome,GENOMIC
SAMN31822029,PRJNA903921,primary,infant_evidenced,MIMS Environmental/Metagenome sample from human feces metagenome,1,human feces metagenome,GENOMIC
SAMN31822030,PRJNA903921,primary,infant_evidenced,MIMS Environmental/Metagenome sample from human feces metagenome,1,human feces metagenome,GENOMIC
SAMN31822031,PRJNA903921,primary,infant_evidenced,MIMS Environmental/Metagenome sample from human feces metagenome,1,human feces metagenome,GENOMIC
SAMN31822032,PRJNA903921,primary,infant_evidenced,MIMS Environmental/Metagenome sample from human feces metagenome,1,human feces metagenome,GENOMIC
SAMN31822033,PRJNA903921,primary,infant_evidenced,MIMS Environmental/Metagenome sample from human feces metagenome,1,human feces metagenome,GENOMIC
SAMN31822034,PRJNA903921,primary,infant_evidenced,MIMS Environmental/Metagenome sample from human feces metagenome,1,human feces metagenome,GENOMIC
SAMN31822035,PRJNA903921,primary,infant_evidenced,MIMS Environmental/Metagenome sample from human feces metagenome,1,human feces metagenome,GENOMIC
SAMN31822036,PRJNA903921,primary,infant_evidenced,MIMS Environmental/Metagenome sample from human feces metagenome,1,human feces metagenome,GENOMIC
SAMN31822037,PRJNA903921,primary,infant_evidenced,MIMS Environmental/Metagenome sample from human feces metagenome,1,human feces metagenome,GENOMIC
SAMN31822038,PRJNA903921,primary,infant_evidenced,MIMS Environmental/Metagenome sample from human feces metagenome,1,human feces metagenome,GENOMIC
SAMN31822039,PRJNA903921,primary,infant_evidenced,MIMS Environmental/Metagenome sample from human feces metagenome,1,human feces metagenome,GENOMIC
SAMN31822040,PRJNA903921,primary,infant_evidenced,MIMS Environmental/Metagenome sample from human feces metagenome,1,human feces metagenome,GENOMIC
SAMN31822041,PRJNA903921,primary,infant_evidenced,MIMS Environmental/Metagenome sample from human feces metagenome,1,human feces metagenome,GENOMIC
SAMN31822042,PRJNA903921,primary,infant_evidenced,MIMS Environmental/Metagenome sample from human feces metagenome,1,human feces metagenome,GENOMIC
SAMN31822043,PRJNA903921,primary,infant_evidenced,MIMS Environmental/Metagenome sample from human feces metagenome,1,human feces metagenome,GENOMIC
SAMN31822044,PRJNA903921,primary,infant_evidenced,MIMS Environmental/Metagenome sample from human feces metagenome,1,human feces metagenome,GENOMIC
SAMN31822045,PRJNA903921,primary,infant_evidenced,MIMS Environmental/Metagenome sample from human feces metagenome,1,human feces metagenome,GENOMIC
SAMN31822046,PRJNA903921,primary,infant_evidenced,MIMS Environmental/Metagenome sample from human feces metagenome,1,human feces metagenome,GENOMIC
SAMN31822047,PRJNA903921,primary,infant_evidenced,MIMS Environmental/Metagenome sample from human feces metagenome,1,human feces metagenome,GENOMIC
SAMN31822048,PRJNA903921,primary,infant_evidenced,MIMS Environmental/Metagenome sample from human feces metagenome,1,human feces metagenome,GENOMIC
SAMN31822049,PRJNA903921,primary,infant_evidenced,MIMS Environmental/Metagenome sample from human feces metagenome,1,human feces metagenome,GENOMIC
SAMN31822050,PRJNA903921,primary,infant_evidenced,MIMS Environmental/Metagenome sample from human feces metagenome,1,human feces metagenome,GENOMIC
SAMN31822051,PRJNA903921,primary,infant_evidenced,MIMS Environmental/Metagenome sample from human feces metagenome,1,human feces metagenome,GENOMIC
SAMN31822052,PRJNA903921,primary,infant_evidenced,MIMS Environmental/Metagenome sample from human feces metagenome,1,human feces metagenome,GENOMIC
SAMN31822053,PRJNA903921,primary,infant_evidenced,MIMS Environmental/Metagenome sample from human feces metagenome,1,human feces metagenome,GENOMIC
SAMN31822054,PRJNA903921,primary,infant_evidenced,MIMS Environmental/Metagenome sample from human feces metagenome,1,human feces metagenome,GENOMIC
SAMN31822055,PRJNA903921,primary,infant_evidenced,MIMS Environmental/Metagenome sample from human feces metagenome,1,human feces metagenome,GENOMIC
SAMN31822056,PRJNA903921,primary,infant_evidenced,MIMS Environmental/Metagenome sample from human feces metagenome,1,human feces metagenome,GENOMIC
SAMN31822057,PRJNA903921,primary,infant_evidenced,MIMS Environmental/Metagenome sample from human feces metagenome,1,human feces metagenome,GENOMIC
SAMN31822058,PRJNA903921,primary,infant_evidenced,MIMS Environmental/Metagenome sample from human feces metagenome,1,human feces metagenome,GENOMIC
SAMN31822059,PRJNA903921,primary,infant_evidenced,MIMS Environmental/Metagenome sample from human feces metagenome,1,human feces metagenome,GENOMIC
SAMN31822060,PRJNA903921,primary,infant_evidenced,MIMS Environmental/Metagenome sample from human feces metagenome,1,human feces metagenome,GENOMIC
SAMN31822061,PRJNA903921,primary,infant_evidenced,MIMS Environmental/Metagenome sample from human feces metagenome,1,human feces metagenome,GENOMIC
SAMN31822062,PRJNA903921,primary,infant_evidenced,MIMS Environmental/Metagenome sample from human feces metagenome,1,human feces metagenome,GENOMIC
SAMN31822063,PRJNA903921,primary,infant_evidenced,MIMS Environmental/Metagenome sample from human feces metagenome,1,human feces metagenome,GENOMIC
SAMN31822064,PRJNA903921,primary,infant_evidenced,MIMS Environmental/Metagenome sample from human feces metagenome,1,human feces metagenome,GENOMIC
SAMN31822065,PRJNA903921,primary,infant_evidenced,MIMS Environmental/Metagenome sample from human feces metagenome,1,human feces metagenome,GENOMIC
SAMN31822066,PRJNA903921,primary,infant_evidenced,MIMS Environmental/Metagenome sample from human feces metagenome,1,human feces metagenome,GENOMIC
SAMN31822067,PRJNA903921,primary,infant_evidenced,MIMS Environmental/Metagenome sample from human feces metagenome,1,human feces metagenome,GENOMIC
SAMN31822068,PRJNA903921,primary,infant_evidenced,MIMS Environmental/Metagenome sample from human feces metagenome,1,human feces metagenome,GENOMIC
SAMN31822069,PRJNA903921,primary,infant_evidenced,MIMS Environmental/Metagenome sample from human feces metagenome,1,human feces metagenome,GENOMIC
SAMN31822070,PRJNA903921,primary,infant_evidenced,MIMS Environmental/Metagenome sample from human feces metagenome,1,human feces metagenome,GENOMIC
SAMN31822071,PRJNA903921,primary,infant_evidenced,MIMS Environmental/Metagenome sample from human feces metagenome,1,human feces metagenome,GENOMIC
SAMN31822072,PRJNA903921,primary,infant_evidenced,MIMS Environmental/Metagenome sample from human feces metagenome,1,human feces metagenome,GENOMIC
SAMN31822073,PRJNA903921,primary,infant_evidenced,MIMS Environmental/Metagenome sample from human feces metagenome,1,human feces metagenome,GENOMIC
SAMN31822074,PRJNA903921,primary,infant_evidenced,MIMS Environmental/Metagenome sample from human feces metagenome,1,human feces metagenome,GENOMIC
SAMN31822075,PRJNA903921,primary,infant_evidenced,MIMS Environmental/Metagenome sample from human feces metagenome,1,human feces metagenome,GENOMIC
SAMN31822076,PRJNA903921,primary,infant_evidenced,MIMS Environmental/Metagenome sample from human feces metagenome,1,human feces metagenome,GENOMIC
SAMN31822077,PRJNA903921,primary,infant_evidenced,MIMS Environmental/Metagenome sample from human feces metagenome,1,human feces metagenome,GENOMIC
SAMN31822078,PRJNA903921,primary,infant_evidenced,MIMS Environmental/Metagenome sample from human feces metagenome,1,human feces metagenome,GENOMIC
SAMN31822079,PRJNA903921,primary,infant_evidenced,MIMS Environmental/Metagenome sample from human feces metagenome,1,human feces metagenome,GENOMIC
SAMN31822080,PRJNA903921,primary,infant_evidenced,MIMS Environmental/Metagenome sample from human feces metagenome,1,human feces metagenome,GENOMIC
SAMN31822081,PRJNA903921,primary,infant_evidenced,MIMS Environmental/Metagenome sample from human feces metagenome,1,human feces metagenome,GENOMIC
SAMN31822082,PRJNA903921,primary,infant_evidenced,MIMS Environmental/Metagenome sample from human feces metagenome,1,human feces metagenome,GENOMIC
SAMN31822083,PRJNA903921,primary,infant_evidenced,MIMS Environmental/Metagenome sample from human feces metagenome,1,human feces metagenome,GENOMIC
SAMN31822084,PRJNA903921,primary,infant_evidenced,MIMS Environmental/Metagenome sample from human feces metagenome,1,human feces metagenome,GENOMIC
SAMN31822085,PRJNA903921,primary,infant_evidenced,MIMS Environmental/Metagenome sample from human feces metagenome,1,human feces metagenome,GENOMIC
SAMN31822086,PRJNA903921,primary,infant_evidenced,MIMS Environmental/Metagenome sample from human feces metagenome,1,human feces metagenome,GENOMIC
SAMN31822087,PRJNA903921,primary,infant_evidenced,MIMS Environmental/Metagenome sample from human feces metagenome,1,human feces metagenome,GENOMIC
SAMN31822088,PRJNA903921,primary,infant_evidenced,MIMS Environmental/Metagenome sample from human feces metagenome,1,human feces metagenome,GENOMIC
SAMN31822089,PRJNA903921,primary,infant_evidenced,MIMS Environmental/Metagenome sample from human feces metagenome,1,human feces metagenome,GENOMIC
SAMN31822090,PRJNA903921,primary,infant_evidenced,MIMS Environmental/Metagenome sample from human feces metagenome,1,human feces metagenome,GENOMIC
SAMN31822091,PRJNA903921,primary,infant_evidenced,MIMS Environmental/Metagenome sample from human feces metagenome,1,human feces metagenome,GENOMIC
SAMN31822092,PRJNA903921,primary,infant_evidenced,MIMS Environmental/Metagenome sample from human feces metagenome,1,human feces metagenome,GENOMIC
SAMN31822093,PRJNA903921,primary,infant_evidenced,MIMS Environmental/Metagenome sample from human feces metagenome,1,human feces metagenome,GENOMIC
SAMN31822094,PRJNA903921,primary,infant_evidenced,MIMS Environmental/Metagenome sample from human feces metagenome,1,human feces metagenome,GENOMIC
SAMN31822095,PRJNA903921,primary,infant_evidenced,MIMS Environmental/Metagenome sample from human feces metagenome,1,human feces metagenome,GENOMIC
SAMN31822096,PRJNA903921,primary,infant_evidenced,MIMS Environmental/Metagenome sample from human feces metagenome,1,human feces metagenome,GENOMIC
SAMN31822097,PRJNA903921,primary,infant_evidenced,MIMS Environmental/Metagenome sample from human feces metagenome,1,human feces metagenome,GENOMIC
SAMN31822098,PRJNA903921,primary,infant_evidenced,MIMS Environmental/Metagenome sample from human feces metagenome,1,human feces metagenome,GENOMIC
SAMN31822099,PRJNA903921,primary,infant_evidenced,MIMS Environmental/Metagenome sample from human feces metagenome,1,human feces metagenome,GENOMIC
SAMN31822100,PRJNA903921,primary,infant_evidenced,MIMS Environmental/Metagenome sample from human feces metagenome,1,human feces metagenome,GENOMIC
SAMN31822101,PRJNA903921,primary,infant_evidenced,MIMS Environmental/Metagenome sample from human feces metagenome,1,human feces metagenome,GENOMIC
SAMN31822102,PRJNA903921,primary,infant_evidenced,MIMS Environmental/Metagenome sample from human feces metagenome,1,human feces metagenome,GENOMIC
SAMN31822103,PRJNA903921,primary,infant_evidenced,MIMS Environmental/Metagenome sample from human feces metagenome,1,human feces metagenome,GENOMIC
SAMN31822104,PRJNA903921,primary,infant_evidenced,MIMS Environmental/Metagenome sample from human feces metagenome,1,human feces metagenome,GENOMIC
SAMN31822105,PRJNA903921,primary,infant_evidenced,MIMS Environmental/Metagenome sample from human feces metagenome,1,human feces metagenome,GENOMIC
SAMN31822106,PRJNA903921,primary,infant_evidenced,MIMS Environmental/Metagenome sample from human feces metagenome,1,human feces metagenome,GENOMIC
SAMN31822107,PRJNA903921,primary,infant_evidenced,MIMS Environmental/Metagenome sample from human feces metagenome,1,human feces metagenome,GENOMIC
SAMN31822108,PRJNA903921,primary,infant_evidenced,MIMS Environmental/Metagenome sample from human feces metagenome,1,human feces metagenome,GENOMIC
SAMN31822109,PRJNA903921,primary,infant_evidenced,MIMS Environmental/Metagenome sample from human feces metagenome,1,human feces metagenome,GENOMIC
SAMN31822110,PRJNA903921,primary,infant_evidenced,MIMS Environmental/Metagenome sample from human feces metagenome,1,human feces metagenome,GENOMIC
SAMN31822111,PRJNA903921,primary,infant_evidenced,MIMS Environmental/Metagenome sample from human feces metagenome,1,human feces metagenome,GENOMIC
SAMN31822112,PRJNA903921,primary,infant_evidenced,MIMS Environmental/Metagenome sample from human feces metagenome,1,human feces metagenome,GENOMIC
SAMN31822113,PRJNA903921,primary,infant_evidenced,MIMS Environmental/Metagenome sample from human feces metagenome,1,human feces metagenome,GENOMIC
SAMN31822114,PRJNA903921,primary,infant_evidenced,MIMS Environmental/Metagenome sample from human feces metagenome,1,human feces metagenome,GENOMIC
SAMN31822115,PRJNA903921,primary,infant_evidenced,MIMS Environmental/Metagenome sample from human feces metagenome,1,human feces metagenome,GENOMIC
SAMN31822116,PRJNA903921,primary,infant_evidenced,MIMS Environmental/Metagenome sample from human feces metagenome,1,human feces metagenome,GENOMIC
SAMN31822117,PRJNA903921,primary,infant_evidenced,MIMS Environmental/Metagenome sample from human feces metagenome,1,human feces metagenome,GENOMIC
SAMN31822118,PRJNA903921,primary,infant_evidenced,MIMS Environmental/Metagenome sample from human feces metagenome,1,human feces metagenome,GENOMIC
SAMN31822119,PRJNA903921,primary,infant_evidenced,MIMS Environmental/Metagenome sample from human feces metagenome,1,human feces metagenome,GENOMIC
SAMN31822120,PRJNA903921,primary,infant_evidenced,MIMS Environmental/Metagenome sample from human feces metagenome,1,human feces metagenome,GENOMIC
SAMN31822121,PRJNA903921,primary,infant_evidenced,MIMS Environmental/Metagenome sample from human feces metagenome,1,human feces metagenome,GENOMIC
SAMN31822122,PRJNA903921,primary,infant_evidenced,MIMS Environmental/Metagenome sample from human feces metagenome,1,human feces metagenome,GENOMIC
SAMN31822123,PRJNA903921,primary,infant_evidenced,MIMS Environmental/Metagenome sample from human feces metagenome,1,human feces metagenome,GENOMIC
SAMN31822124,PRJNA903921,primary,infant_evidenced,MIMS Environmental/Metagenome sample from human feces metagenome,1,human feces metagenome,GENOMIC
SAMN31822125,PRJNA903921,primary,infant_evidenced,MIMS Environmental/Metagenome sample from human feces metagenome,1,human feces metagenome,GENOMIC
SAMN31822126,PRJNA903921,primary,infant_evidenced,MIMS Environmental/Metagenome sample from human feces metagenome,1,human feces metagenome,GENOMIC
SAMN31822127,PRJNA903921,primary,infant_evidenced,MIMS Environmental/Metagenome sample from human feces metagenome,1,human feces metagenome,GENOMIC
SAMN31822128,PRJNA903921,primary,infant_evidenced,MIMS Environmental/Metagenome sample from human feces metagenome,1,human feces metagenome,GENOMIC
SAMN31822129,PRJNA903921,primary,infant_evidenced,MIMS Environmental/Metagenome sample from human feces metagenome,1,human feces metagenome,GENOMIC
SAMN31822130,PRJNA903921,primary,infant_evidenced,MIMS Environmental/Metagenome sample from human feces metagenome,1,human feces metagenome,GENOMIC
SAMN31822131,PRJNA903921,primary,infant_evidenced,MIMS Environmental/Metagenome sample from human feces metagenome,1,human feces metagenome,GENOMIC
SAMN31822132,PRJNA903921,primary,infant_evidenced,MIMS Environmental/Metagenome sample from human feces metagenome,1,human feces metagenome,GENOMIC
SAMN31822133,PRJNA903921,primary,infant_evidenced,MIMS Environmental/Metagenome sample from human feces metagenome,1,human feces metagenome,GENOMIC
SAMN31822134,PRJNA903921,primary,infant_evidenced,MIMS Environmental/Metagenome sample from human feces metagenome,1,human feces metagenome,GENOMIC
SAMN31822135,PRJNA903921,primary,infant_evidenced,MIMS Environmental/Metagenome sample from human feces metagenome,1,human feces metagenome,GENOMIC
SAMN31822136,PRJNA903921,primary,infant_evidenced,MIMS Environmental/Metagenome sample from human feces metagenome,1,human feces metagenome,GENOMIC
SAMN31822137,PRJNA903921,primary,infant_evidenced,MIMS Environmental/Metagenome sample from human feces metagenome,1,human feces metagenome,GENOMIC
SAMN31822138,PRJNA903921,primary,infant_evidenced,MIMS Environmental/Metagenome sample from human feces metagenome,1,human feces metagenome,GENOMIC
SAMN31822139,PRJNA903921,primary,infant_evidenced,MIMS Environmental/Metagenome sample from human feces metagenome,1,human feces metagenome,GENOMIC
SAMN31822140,PRJNA903921,primary,infant_evidenced,MIMS Environmental/Metagenome sample from human feces metagenome,1,human feces metagenome,GENOMIC
SAMN31822141,PRJNA903921,primary,infant_evidenced,MIMS Environmental/Metagenome sample from human feces metagenome,1,human feces metagenome,GENOMIC
SAMN31822142,PRJNA903921,primary,infant_evidenced,MIMS Environmental/Metagenome sample from human feces metagenome,1,human feces metagenome,GENOMIC
SAMN31822143,PRJNA903921,primary,infant_evidenced,MIMS Environmental/Metagenome sample from human feces metagenome,1,human feces metagenome,GENOMIC
SAMN31822144,PRJNA903921,primary,infant_evidenced,MIMS Environmental/Metagenome sample from human feces metagenome,1,human feces metagenome,GENOMIC
SAMN31822145,PRJNA903921,primary,infant_evidenced,MIMS Environmental/Metagenome sample from human feces metagenome,1,human feces metagenome,GENOMIC
SAMN31822146,PRJNA903921,primary,infant_evidenced,MIMS Environmental/Metagenome sample from human feces metagenome,1,human feces metagenome,GENOMIC
SAMN31822147,PRJNA903921,primary,infant_evidenced,MIMS Environmental/Metagenome sample from human feces metagenome,1,human feces metagenome,GENOMIC
SAMN31822148,PRJNA903921,primary,infant_evidenced,MIMS Environmental/Metagenome sample from human feces metagenome,1,human feces metagenome,GENOMIC
SAMN31822149,PRJNA903921,primary,infant_evidenced,MIMS Environmental/Metagenome sample from human feces metagenome,1,human feces metagenome,GENOMIC
SAMN31822150,PRJNA903921,primary,infant_evidenced,MIMS Environmental/Metagenome sample from human feces metagenome,1,human feces metagenome,GENOMIC
SAMN31822151,PRJNA903921,primary,infant_evidenced,MIMS Environmental/Metagenome sample from human feces metagenome,1,human feces metagenome,GENOMIC
SAMN31822152,PRJNA903921,primary,infant_evidenced,MIMS Environmental/Metagenome sample from human feces metagenome,1,human feces metagenome,GENOMIC
SAMN31822153,PRJNA903921,primary,infant_evidenced,MIMS Environmental/Metagenome sample from human feces metagenome,1,human feces metagenome,GENOMIC
SAMN31822154,PRJNA903921,primary,infant_evidenced,MIMS Environmental/Metagenome sample from human feces metagenome,1,human feces metagenome,GENOMIC
SAMN31822155,PRJNA903921,primary,infant_evidenced,MIMS Environmental/Metagenome sample from human feces metagenome,1,human feces metagenome,GENOMIC
SAMN31822156,PRJNA903921,primary,infant_evidenced,MIMS Environmental/Metagenome sample from human feces metagenome,1,human feces metagenome,GENOMIC
SAMN31822157,PRJNA903921,primary,infant_evidenced,MIMS Environmental/Metagenome sample from human feces metagenome,1,human feces metagenome,GENOMIC
SAMN31822158,PRJNA903921,primary,infant_evidenced,MIMS Environmental/Metagenome sample from human feces metagenome,1,human feces metagenome,GENOMIC
SAMN31822159,PRJNA903921,primary,infant_evidenced,MIMS Environmental/Metagenome sample from human feces metagenome,1,human feces metagenome,GENOMIC
SAMN31822160,PRJNA903921,primary,infant_evidenced,MIMS Environmental/Metagenome sample from human feces metagenome,1,human feces metagenome,GENOMIC
SAMN31822161,PRJNA903921,primary,infant_evidenced,MIMS Environmental/Metagenome sample from human feces metagenome,1,human feces metagenome,GENOMIC
SAMN31822162,PRJNA903921,primary,infant_evidenced,MIMS Environmental/Metagenome sample from human feces metagenome,1,human feces metagenome,GENOMIC
SAMN31822163,PRJNA903921,primary,infant_evidenced,MIMS Environmental/Metagenome sample from human feces metagenome,1,human feces metagenome,GENOMIC
SAMN31822164,PRJNA903921,primary,infant_evidenced,MIMS Environmental/Metagenome sample from human feces metagenome,1,human feces metagenome,GENOMIC
SAMN31822165,PRJNA903921,primary,infant_evidenced,MIMS Environmental/Metagenome sample from human feces metagenome,1,human feces metagenome,GENOMIC
SAMN31822166,PRJNA903921,primary,infant_evidenced,MIMS Environmental/Metagenome sample from human feces metagenome,1,human feces metagenome,GENOMIC
SAMN31822167,PRJNA903921,primary,infant_evidenced,MIMS Environmental/Metagenome sample from human feces metagenome,1,human feces metagenome,GENOMIC
SAMN31822168,PRJNA903921,primary,infant_evidenced,MIMS Environmental/Metagenome sample from human feces metagenome,1,human feces metagenome,GENOMIC
SAMN31822169,PRJNA903921,primary,infant_evidenced,MIMS Environmental/Metagenome sample from human feces metagenome,1,human feces metagenome,GENOMIC
SAMN31822170,PRJNA903921,primary,infant_evidenced,MIMS Environmental/Metagenome sample from human feces metagenome,1,human feces metagenome,GENOMIC
SAMN31822171,PRJNA903921,primary,infant_evidenced,MIMS Environmental/Metagenome sample from human feces metagenome,1,human feces metagenome,GENOMIC
SAMN31822172,PRJNA903921,primary,infant_evidenced,MIMS Environmental/Metagenome sample from human feces metagenome,1,human feces metagenome,GENOMIC
SAMN31822173,PRJNA903921,primary,infant_evidenced,MIMS Environmental/Metagenome sample from human feces metagenome,1,human feces metagenome,GENOMIC
SAMN31822174,PRJNA903921,primary,infant_evidenced,MIMS Environmental/Metagenome sample from human feces metagenome,1,human feces metagenome,GENOMIC
SAMN31822175,PRJNA903921,primary,infant_evidenced,MIMS Environmental/Metagenome sample from human feces metagenome,1,human feces metagenome,GENOMIC
SAMN31822176,PRJNA903921,primary,infant_evidenced,MIMS Environmental/Metagenome sample from human feces metagenome,1,human feces metagenome,GENOMIC
SAMN31822177,PRJNA903921,primary,infant_evidenced,MIMS Environmental/Metagenome sample from human feces metagenome,1,human feces metagenome,GENOMIC
SAMN31822178,PRJNA903921,primary,infant_evidenced,MIMS Environmental/Metagenome sample from human feces metagenome,1,human feces metagenome,GENOMIC
SAMN31822179,PRJNA903921,primary,infant_evidenced,MIMS Environmental/Metagenome sample from human feces metagenome,1,human feces metagenome,GENOMIC
SAMN31822180,PRJNA903921,primary,infant_evidenced,MIMS Environmental/Metagenome sample from human feces metagenome,1,human feces metagenome,GENOMIC
SAMN31822181,PRJNA903921,primary,infant_evidenced,MIMS Environmental/Metagenome sample from human feces metagenome,1,human feces metagenome,GENOMIC
SAMN31822182,PRJNA903921,primary,infant_evidenced,MIMS Environmental/Metagenome sample from human feces metagenome,1,human feces metagenome,GENOMIC
SAMN31822183,PRJNA903921,primary,infant_evidenced,MIMS Environmental/Metagenome sample from human feces metagenome,1,human feces metagenome,GENOMIC
SAMN31822184,PRJNA903921,primary,infant_evidenced,MIMS Environmental/Metagenome sample from human feces metagenome,1,human feces metagenome,GENOMIC
SAMN31822185,PRJNA903921,primary,infant_evidenced,MIMS Environmental/Metagenome sample from human feces metagenome,1,human feces metagenome,GENOMIC
SAMN31822186,PRJNA903921,primary,infant_evidenced,MIMS Environmental/Metagenome sample from human feces metagenome,1,human feces metagenome,GENOMIC
SAMN31822187,PRJNA903921,primary,infant_evidenced,MIMS Environmental/Metagenome sample from human feces metagenome,1,human feces metagenome,GENOMIC
SAMN31822188,PRJNA903921,primary,infant_evidenced,MIMS Environmental/Metagenome sample from human feces metagenome,1,human feces metagenome,GENOMIC
SAMN31822189,PRJNA903921,primary,infant_evidenced,MIMS Environmental/Metagenome sample from human feces metagenome,1,human feces metagenome,GENOMIC
SAMN31822190,PRJNA903921,primary,infant_evidenced,MIMS Environmental/Metagenome sample from human feces metagenome,1,human feces metagenome,GENOMIC
SAMN31822191,PRJNA903921,primary,infant_evidenced,MIMS Environmental/Metagenome sample from human feces metagenome,1,human feces metagenome,GENOMIC
SAMN31822192,PRJNA903921,primary,infant_evidenced,MIMS Environmental/Metagenome sample from human feces metagenome,1,human feces metagenome,GENOMIC
SAMN31822193,PRJNA903921,primary,infant_evidenced,MIMS Environmental/Metagenome sample from human feces metagenome,1,human feces metagenome,GENOMIC
SAMN31822194,PRJNA903921,primary,infant_evidenced,MIMS Environmental/Metagenome sample from human feces metagenome,1,human feces metagenome,GENOMIC
SAMN31822195,PRJNA903921,primary,infant_evidenced,MIMS Environmental/Metagenome sample from human feces metagenome,1,human feces metagenome,GENOMIC
SAMN31822196,PRJNA903921,primary,infant_evidenced,MIMS Environmental/Metagenome sample from human feces metagenome,1,human feces metagenome,GENOMIC
SAMN31822197,PRJNA903921,primary,infant_evidenced,MIMS Environmental/Metagenome sample from human feces metagenome,1,human feces metagenome,GENOMIC
SAMN31822198,PRJNA903921,primary,infant_evidenced,MIMS Environmental/Metagenome sample from human feces metagenome,1,human feces metagenome,GENOMIC
SAMN31822199,PRJNA903921,primary,infant_evidenced,MIMS Environmental/Metagenome sample from human feces metagenome,1,human feces metagenome,GENOMIC
SAMN31822200,PRJNA903921,primary,infant_evidenced,MIMS Environmental/Metagenome sample from human feces metagenome,1,human feces metagenome,GENOMIC
SAMN31822201,PRJNA903921,primary,infant_evidenced,MIMS Environmental/Metagenome sample from human feces metagenome,1,human feces metagenome,GENOMIC
SAMN31822202,PRJNA903921,primary,infant_evidenced,MIMS Environmental/Metagenome sample from human feces metagenome,1,human feces metagenome,GENOMIC
SAMN31822203,PRJNA903921,primary,infant_evidenced,MIMS Environmental/Metagenome sample from human feces metagenome,1,human feces metagenome,GENOMIC
SAMN31822204,PRJNA903921,primary,infant_evidenced,MIMS Environmental/Metagenome sample from human feces metagenome,1,human feces metagenome,GENOMIC
SAMN31822205,PRJNA903921,primary,infant_evidenced,MIMS Environmental/Metagenome sample from human feces metagenome,1,human feces metagenome,GENOMIC
SAMN31822206,PRJNA903921,primary,infant_evidenced,MIMS Environmental/Metagenome sample from human feces metagenome,1,human feces metagenome,GENOMIC
SAMN31822207,PRJNA903921,primary,infant_evidenced,MIMS Environmental/Metagenome sample from human feces metagenome,1,human feces metagenome,GENOMIC
SAMN31822208,PRJNA903921,primary,infant_evidenced,MIMS Environmental/Metagenome sample from human feces metagenome,1,human feces metagenome,GENOMIC
SAMN31822209,PRJNA903921,primary,infant_evidenced,MIMS Environmental/Metagenome sample from human feces metagenome,1,human feces metagenome,GENOMIC
SAMN31822210,PRJNA903921,primary,infant_evidenced,MIMS Environmental/Metagenome sample from human feces metagenome,1,human feces metagenome,GENOMIC
SAMN31822211,PRJNA903921,primary,infant_evidenced,MIMS Environmental/Metagenome sample from human feces metagenome,1,human feces metagenome,GENOMIC
SAMN31822212,PRJNA903921,primary,infant_evidenced,MIMS Environmental/Metagenome sample from human feces metagenome,1,human feces metagenome,GENOMIC
SAMN31822213,PRJNA903921,primary,infant_evidenced,MIMS Environmental/Metagenome sample from human feces metagenome,1,human feces metagenome,GENOMIC
SAMN31822214,PRJNA903921,primary,infant_evidenced,MIMS Environmental/Metagenome sample from human feces metagenome,1,human feces metagenome,GENOMIC
SAMN31822215,PRJNA903921,primary,infant_evidenced,MIMS Environmental/Metagenome sample from human feces metagenome,1,human feces metagenome,GENOMIC
SAMN31822216,PRJNA903921,primary,infant_evidenced,MIMS Environmental/Metagenome sample from human feces metagenome,1,human feces metagenome,GENOMIC
SAMN31822217,PRJNA903921,primary,infant_evidenced,MIMS Environmental/Metagenome sample from human feces metagenome,1,human feces metagenome,GENOMIC
SAMN31822218,PRJNA903921,primary,infant_evidenced,MIMS Environmental/Metagenome sample from human feces metagenome,1,human feces metagenome,GENOMIC
SAMN31822219,PRJNA903921,primary,infant_evidenced,MIMS Environmental/Metagenome sample from human feces metagenome,1,human feces metagenome,GENOMIC
SAMN31822220,PRJNA903921,primary,infant_evidenced,MIMS Environmental/Metagenome sample from human feces metagenome,1,human feces metagenome,GENOMIC
SAMN31822221,PRJNA903921,primary,infant_evidenced,MIMS Environmental/Metagenome sample from human feces metagenome,1,human feces metagenome,GENOMIC
SAMN31822222,PRJNA903921,primary,infant_evidenced,MIMS Environmental/Metagenome sample from human feces metagenome,1,human feces metagenome,GENOMIC
SAMN31822223,PRJNA903921,primary,infant_evidenced,MIMS Environmental/Metagenome sample from human feces metagenome,1,human feces metagenome,GENOMIC
SAMN31822224,PRJNA903921,primary,infant_evidenced,MIMS Environmental/Metagenome sample from human feces metagenome,1,human feces metagenome,GENOMIC
SAMN31822225,PRJNA903921,primary,infant_evidenced,MIMS Environmental/Metagenome sample from human feces metagenome,1,human feces metagenome,GENOMIC
SAMN31822226,PRJNA903921,primary,infant_evidenced,MIMS Environmental/Metagenome sample from human feces metagenome,1,human feces metagenome,GENOMIC
SAMN31822227,PRJNA903921,primary,infant_evidenced,MIMS Environmental/Metagenome sample from human feces metagenome,1,human feces metagenome,GENOMIC
SAMN31822228,PRJNA903921,primary,infant_evidenced,MIMS Environmental/Metagenome sample from human feces metagenome,1,human feces metagenome,GENOMIC
SAMN31822229,PRJNA903921,primary,infant_evidenced,MIMS Environmental/Metagenome sample from human feces metagenome,1,human feces metagenome,GENOMIC
SAMN31822230,PRJNA903921,primary,infant_evidenced,MIMS Environmental/Metagenome sample from human feces metagenome,1,human feces metagenome,GENOMIC
SAMN31822231,PRJNA903921,primary,infant_evidenced,MIMS Environmental/Metagenome sample from human feces metagenome,1,human feces metagenome,GENOMIC
SAMN31822232,PRJNA903921,primary,infant_evidenced,MIMS Environmental/Metagenome sample from human feces metagenome,1,human feces metagenome,GENOMIC
SAMN31822233,PRJNA903921,primary,infant_evidenced,MIMS Environmental/Metagenome sample from human feces metagenome,1,human feces metagenome,GENOMIC
SAMN31822234,PRJNA903921,primary,infant_evidenced,MIMS Environmental/Metagenome sample from human feces metagenome,1,human feces metagenome,GENOMIC
SAMN31822235,PRJNA903921,primary,infant_evidenced,MIMS Environmental/Metagenome sample from human feces metagenome,1,human feces metagenome,GENOMIC
SAMN31822236,PRJNA903921,primary,infant_evidenced,MIMS Environmental/Metagenome sample from human feces metagenome,1,human feces metagenome,GENOMIC
SAMN31822237,PRJNA903921,primary,infant_evidenced,MIMS Environmental/Metagenome sample from human feces metagenome,1,human feces metagenome,GENOMIC
SAMN31822238,PRJNA903921,primary,infant_evidenced,MIMS Environmental/Metagenome sample from human feces metagenome,1,human feces metagenome,GENOMIC
SAMN31822239,PRJNA903921,primary,infant_evidenced,MIMS Environmental/Metagenome sample from human feces metagenome,1,human feces metagenome,GENOMIC
SAMN31822240,PRJNA903921,primary,infant_evidenced,MIMS Environmental/Metagenome sample from human feces metagenome,1,human feces metagenome,GENOMIC
SAMN31822241,PRJNA903921,primary,infant_evidenced,MIMS Environmental/Metagenome sample from human feces metagenome,1,human feces metagenome,GENOMIC
SAMN31822242,PRJNA903921,primary,infant_evidenced,MIMS Environmental/Metagenome sample from human feces metagenome,1,human feces metagenome,GENOMIC
SAMN31822243,PRJNA903921,primary,infant_evidenced,MIMS Environmental/Metagenome sample from human feces metagenome,1,human feces metagenome,GENOMIC
SAMN31822244,PRJNA903921,primary,infant_evidenced,MIMS Environmental/Metagenome sample from human feces metagenome,1,human feces metagenome,GENOMIC
SAMN31822245,PRJNA903921,primary,infant_evidenced,MIMS Environmental/Metagenome sample from human feces metagenome,1,human feces metagenome,GENOMIC
SAMN31822246,PRJNA903921,primary,infant_evidenced,MIMS Environmental/Metagenome sample from human feces metagenome,1,human feces metagenome,GENOMIC
SAMN31822247,PRJNA903921,primary,infant_evidenced,MIMS Environmental/Metagenome sample from human feces metagenome,1,human feces metagenome,GENOMIC
SAMN31822248,PRJNA903921,primary,infant_evidenced,MIMS Environmental/Metagenome sample from human feces metagenome,1,human feces metagenome,GENOMIC
SAMN31822249,PRJNA903921,primary,infant_evidenced,MIMS Environmental/Metagenome sample from human feces metagenome,1,human feces metagenome,GENOMIC
SAMN31822250,PRJNA903921,primary,infant_evidenced,MIMS Environmental/Metagenome sample from human feces metagenome,1,human feces metagenome,GENOMIC
SAMN31822251,PRJNA903921,primary,infant_evidenced,MIMS Environmental/Metagenome sample from human feces metagenome,1,human feces metagenome,GENOMIC
SAMN31822252,PRJNA903921,primary,infant_evidenced,MIMS Environmental/Metagenome sample from human feces metagenome,1,human feces metagenome,GENOMIC
SAMN31822253,PRJNA903921,primary,infant_evidenced,MIMS Environmental/Metagenome sample from human feces metagenome,1,human feces metagenome,GENOMIC
SAMN31822254,PRJNA903921,primary,infant_evidenced,MIMS Environmental/Metagenome sample from human feces metagenome,1,human feces metagenome,GENOMIC
SAMN31822255,PRJNA903921,primary,infant_evidenced,MIMS Environmental/Metagenome sample from human feces metagenome,1,human feces metagenome,GENOMIC
SAMN31822256,PRJNA903921,primary,infant_evidenced,MIMS Environmental/Metagenome sample from human feces metagenome,1,human feces metagenome,GENOMIC
SAMN31822257,PRJNA903921,primary,infant_evidenced,MIMS Environmental/Metagenome sample from human feces metagenome,1,human feces metagenome,GENOMIC
SAMN31822258,PRJNA903921,primary,infant_evidenced,MIMS Environmental/Metagenome sample from human feces metagenome,1,human feces metagenome,GENOMIC
SAMN31822259,PRJNA903921,primary,infant_evidenced,MIMS Environmental/Metagenome sample from human feces metagenome,1,human feces metagenome,GENOMIC
SAMN31822260,PRJNA903921,primary,infant_evidenced,MIMS Environmental/Metagenome sample from human feces metagenome,1,human feces metagenome,GENOMIC
SAMN31822261,PRJNA903921,primary,infant_evidenced,MIMS Environmental/Metagenome sample from human feces metagenome,1,human feces metagenome,GENOMIC
SAMN31822262,PRJNA903921,primary,infant_evidenced,MIMS Environmental/Metagenome sample from human feces metagenome,1,human feces metagenome,GENOMIC
SAMN31822263,PRJNA903921,primary,infant_evidenced,MIMS Environmental/Metagenome sample from human feces metagenome,1,human feces metagenome,GENOMIC
SAMN31822264,PRJNA903921,primary,infant_evidenced,MIMS Environmental/Metagenome sample from human feces metagenome,1,human feces metagenome,GENOMIC
SAMN31822265,PRJNA903921,primary,infant_evidenced,MIMS Environmental/Metagenome sample from human feces metagenome,1,human feces metagenome,GENOMIC
SAMN31822266,PRJNA903921,primary,infant_evidenced,MIMS Environmental/Metagenome sample from human feces metagenome,1,human feces metagenome,GENOMIC
SAMN31822267,PRJNA903921,primary,infant_evidenced,MIMS Environmental/Metagenome sample from human feces metagenome,1,human feces metagenome,GENOMIC
SAMN31822268,PRJNA903921,primary,infant_evidenced,MIMS Environmental/Metagenome sample from human feces metagenome,1,human feces metagenome,GENOMIC
SAMN31822269,PRJNA903921,primary,infant_evidenced,MIMS Environmental/Metagenome sample from human feces metagenome,1,human feces metagenome,GENOMIC
SAMN31822270,PRJNA903921,primary,infant_evidenced,MIMS Environmental/Metagenome sample from human feces metagenome,1,human feces metagenome,GENOMIC
SAMN31822271,PRJNA903921,primary,infant_evidenced,MIMS Environmental/Metagenome sample from human feces metagenome,1,human feces metagenome,GENOMIC
SAMN31822272,PRJNA903921,primary,infant_evidenced,MIMS Environmental/Metagenome sample from human feces metagenome,1,human feces metagenome,GENOMIC
SAMN31822273,PRJNA903921,primary,infant_evidenced,MIMS Environmental/Metagenome sample from human feces metagenome,1,human feces metagenome,GENOMIC
SAMN31822274,PRJNA903921,primary,infant_evidenced,MIMS Environmental/Metagenome sample from human feces metagenome,1,human feces metagenome,GENOMIC
SAMN31822275,PRJNA903921,primary,infant_evidenced,MIMS Environmental/Metagenome sample from human feces metagenome,1,human feces metagenome,GENOMIC
SAMN31822276,PRJNA903921,primary,infant_evidenced,MIMS Environmental/Metagenome sample from human feces metagenome,1,human feces metagenome,GENOMIC
SAMN31822277,PRJNA903921,primary,infant_evidenced,MIMS Environmental/Metagenome sample from human feces metagenome,1,human feces metagenome,GENOMIC
SAMN31822278,PRJNA903921,primary,infant_evidenced,MIMS Environmental/Metagenome sample from human feces metagenome,1,human feces metagenome,GENOMIC
SAMN31822279,PRJNA903921,primary,infant_evidenced,MIMS Environmental/Metagenome sample from human feces metagenome,1,human feces metagenome,GENOMIC
SAMN31822280,PRJNA903921,primary,infant_evidenced,MIMS Environmental/Metagenome sample from human feces metagenome,1,human feces metagenome,GENOMIC
SAMN31822281,PRJNA903921,primary,infant_evidenced,MIMS Environmental/Metagenome sample from human feces metagenome,1,human feces metagenome,GENOMIC
SAMN31822282,PRJNA903921,primary,infant_evidenced,MIMS Environmental/Metagenome sample from human feces metagenome,1,human feces metagenome,GENOMIC
SAMN31822283,PRJNA903921,primary,infant_evidenced,MIMS Environmental/Metagenome sample from human feces metagenome,1,human feces metagenome,GENOMIC
SAMN31822284,PRJNA903921,primary,infant_evidenced,MIMS Environmental/Metagenome sample from human feces metagenome,1,human feces metagenome,GENOMIC
SAMN31822285,PRJNA903921,primary,infant_evidenced,MIMS Environmental/Metagenome sample from human feces metagenome,1,human feces metagenome,GENOMIC
SAMN31822286,PRJNA903921,primary,infant_evidenced,MIMS Environmental/Metagenome sample from human feces metagenome,1,human feces metagenome,GENOMIC
SAMN31822287,PRJNA903921,primary,infant_evidenced,MIMS Environmental/Metagenome sample from human feces metagenome,1,human feces metagenome,GENOMIC
SAMN31822288,PRJNA903921,primary,infant_evidenced,MIMS Environmental/Metagenome sample from human feces metagenome,1,human feces metagenome,GENOMIC
SAMN31822289,PRJNA903921,primary,infant_evidenced,MIMS Environmental/Metagenome sample from human feces metagenome,1,human feces metagenome,GENOMIC
SAMN31822290,PRJNA903921,primary,infant_evidenced,MIMS Environmental/Metagenome sample from human feces metagenome,1,human feces metagenome,GENOMIC
SAMN31822291,PRJNA903921,primary,infant_evidenced,MIMS Environmental/Metagenome sample from human feces metagenome,1,human feces metagenome,GENOMIC
SAMN31822292,PRJNA903921,primary,infant_evidenced,MIMS Environmental/Metagenome sample from human feces metagenome,1,human feces metagenome,GENOMIC
SAMN31822293,PRJNA903921,primary,infant_evidenced,MIMS Environmental/Metagenome sample from human feces metagenome,1,human feces metagenome,GENOMIC
SAMN31822294,PRJNA903921,primary,infant_evidenced,MIMS Environmental/Metagenome sample from human feces metagenome,1,human feces metagenome,GENOMIC
SAMN31822295,PRJNA903921,primary,infant_evidenced,MIMS Environmental/Metagenome sample from human feces metagenome,1,human feces metagenome,GENOMIC
SAMN31822296,PRJNA903921,primary,infant_evidenced,MIMS Environmental/Metagenome sample from human feces metagenome,1,human feces metagenome,GENOMIC
SAMN31822297,PRJNA903921,primary,infant_evidenced,MIMS Environmental/Metagenome sample from human feces metagenome,1,human feces metagenome,GENOMIC
SAMN31822298,PRJNA903921,primary,infant_evidenced,MIMS Environmental/Metagenome sample from human feces metagenome,1,human feces metagenome,GENOMIC
SAMN31822299,PRJNA903921,primary,infant_evidenced,MIMS Environmental/Metagenome sample from human feces metagenome,1,human feces metagenome,GENOMIC
SAMN31822300,PRJNA903921,primary,infant_evidenced,MIMS Environmental/Metagenome sample from human feces metagenome,1,human feces metagenome,GENOMIC
SAMN31822301,PRJNA903921,primary,infant_evidenced,MIMS Environmental/Metagenome sample from human feces metagenome,1,human feces metagenome,GENOMIC
SAMN31822302,PRJNA903921,primary,infant_evidenced,MIMS Environmental/Metagenome sample from human feces metagenome,1,human feces metagenome,GENOMIC
SAMN31822303,PRJNA903921,primary,infant_evidenced,MIMS Environmental/Metagenome sample from human feces metagenome,1,human feces metagenome,GENOMIC
SAMN31822304,PRJNA903921,primary,infant_evidenced,MIMS Environmental/Metagenome sample from human feces metagenome,1,human feces metagenome,GENOMIC
SAMN31822305,PRJNA903921,primary,infant_evidenced,MIMS Environmental/Metagenome sample from human feces metagenome,1,human feces metagenome,GENOMIC
SAMN31822306,PRJNA903921,primary,infant_evidenced,MIMS Environmental/Metagenome sample from human feces metagenome,1,human feces metagenome,GENOMIC
SAMN31822307,PRJNA903921,primary,infant_evidenced,MIMS Environmental/Metagenome sample from human feces metagenome,1,human feces metagenome,GENOMIC
SAMN31822308,PRJNA903921,primary,infant_evidenced,MIMS Environmental/Metagenome sample from human feces metagenome,1,human feces metagenome,GENOMIC
SAMN31822309,PRJNA903921,primary,infant_evidenced,MIMS Environmental/Metagenome sample from human feces metagenome,1,human feces metagenome,GENOMIC
SAMN31822310,PRJNA903921,primary,infant_evidenced,MIMS Environmental/Metagenome sample from human feces metagenome,1,human feces metagenome,GENOMIC
SAMN31822311,PRJNA903921,primary,infant_evidenced,MIMS Environmental/Metagenome sample from human feces metagenome,1,human feces metagenome,GENOMIC
SAMN31822312,PRJNA903921,primary,infant_evidenced,MIMS Environmental/Metagenome sample from human feces metagenome,1,human feces metagenome,GENOMIC
SAMN31822313,PRJNA903921,primary,infant_evidenced,MIMS Environmental/Metagenome sample from human feces metagenome,1,human feces metagenome,GENOMIC
SAMN31822314,PRJNA903921,primary,infant_evidenced,MIMS Environmental/Metagenome sample from human feces metagenome,1,human feces metagenome,GENOMIC
SAMN31822315,PRJNA903921,primary,infant_evidenced,MIMS Environmental/Metagenome sample from human feces metagenome,1,human feces metagenome,GENOMIC
SAMN31822316,PRJNA903921,primary,infant_evidenced,MIMS Environmental/Metagenome sample from human feces metagenome,1,human feces metagenome,GENOMIC
SAMN31822317,PRJNA903921,primary,infant_evidenced,MIMS Environmental/Metagenome sample from human feces metagenome,1,human feces metagenome,GENOMIC
SAMN31822318,PRJNA903921,primary,infant_evidenced,MIMS Environmental/Metagenome sample from human feces metagenome,1,human feces metagenome,GENOMIC
SAMN31822319,PRJNA903921,primary,infant_evidenced,MIMS Environmental/Metagenome sample from human feces metagenome,1,human feces metagenome,GENOMIC
SAMN31822320,PRJNA903921,primary,infant_evidenced,MIMS Environmental/Metagenome sample from human feces metagenome,1,human feces metagenome,GENOMIC
SAMN31822321,PRJNA903921,primary,infant_evidenced,MIMS Environmental/Metagenome sample from human feces metagenome,1,human feces metagenome,GENOMIC
SAMN31822322,PRJNA903921,primary,infant_evidenced,MIMS Environmental/Metagenome sample from human feces metagenome,1,human feces metagenome,GENOMIC
SAMN31822323,PRJNA903921,primary,infant_evidenced,MIMS Environmental/Metagenome sample from human feces metagenome,1,human feces metagenome,GENOMIC
SAMN31822324,PRJNA903921,primary,infant_evidenced,MIMS Environmental/Metagenome sample from human feces metagenome,1,human feces metagenome,GENOMIC
SAMN31822325,PRJNA903921,primary,infant_evidenced,MIMS Environmental/Metagenome sample from human feces metagenome,1,human feces metagenome,GENOMIC
SAMN31822326,PRJNA903921,primary,infant_evidenced,MIMS Environmental/Metagenome sample from human feces metagenome,1,human feces metagenome,GENOMIC
SAMN31822327,PRJNA903921,primary,infant_evidenced,MIMS Environmental/Metagenome sample from human feces metagenome,1,human feces metagenome,GENOMIC
SAMN31822328,PRJNA903921,primary,infant_evidenced,MIMS Environmental/Metagenome sample from human feces metagenome,1,human feces metagenome,GENOMIC
SAMN31822329,PRJNA903921,primary,infant_evidenced,MIMS Environmental/Metagenome sample from human feces metagenome,1,human feces metagenome,GENOMIC
SAMN31822330,PRJNA903921,primary,infant_evidenced,MIMS Environmental/Metagenome sample from human feces metagenome,1,human feces metagenome,GENOMIC
SAMN31822331,PRJNA903921,primary,infant_evidenced,MIMS Environmental/Metagenome sample from human feces metagenome,1,human feces metagenome,GENOMIC
SAMN31822332,PRJNA903921,primary,infant_evidenced,MIMS Environmental/Metagenome sample from human feces metagenome,1,human feces metagenome,GENOMIC
SAMN31822333,PRJNA903921,primary,infant_evidenced,MIMS Environmental/Metagenome sample from human feces metagenome,1,human feces metagenome,GENOMIC
SAMN31822334,PRJNA903921,primary,infant_evidenced,MIMS Environmental/Metagenome sample from human feces metagenome,1,human feces metagenome,GENOMIC
SAMN31822335,PRJNA903921,primary,infant_evidenced,MIMS Environmental/Metagenome sample from human feces metagenome,1,human feces metagenome,GENOMIC
SAMN31822336,PRJNA903921,primary,infant_evidenced,MIMS Environmental/Metagenome sample from human feces metagenome,1,human feces metagenome,GENOMIC
SAMN31822337,PRJNA903921,primary,infant_evidenced,MIMS Environmental/Metagenome sample from human feces metagenome,1,human feces metagenome,GENOMIC
SAMN31822338,PRJNA903921,primary,infant_evidenced,MIMS Environmental/Metagenome sample from human feces metagenome,1,human feces metagenome,GENOMIC
SAMN31822339,PRJNA903921,primary,infant_evidenced,MIMS Environmental/Metagenome sample from human feces metagenome,1,human feces metagenome,GENOMIC
SAMN31822340,PRJNA903921,primary,infant_evidenced,MIMS Environmental/Metagenome sample from human feces metagenome,1,human feces metagenome,GENOMIC
SAMN31822341,PRJNA903921,primary,infant_evidenced,MIMS Environmental/Metagenome sample from human feces metagenome,1,human feces metagenome,GENOMIC
SAMN31822342,PRJNA903921,primary,infant_evidenced,MIMS Environmental/Metagenome sample from human feces metagenome,1,human feces metagenome,GENOMIC
SAMN31822343,PRJNA903921,primary,infant_evidenced,MIMS Environmental/Metagenome sample from human feces metagenome,1,human feces metagenome,GENOMIC
SAMN31822344,PRJNA903921,primary,infant_evidenced,MIMS Environmental/Metagenome sample from human feces metagenome,1,human feces metagenome,GENOMIC
SAMN31822345,PRJNA903921,primary,infant_evidenced,MIMS Environmental/Metagenome sample from human feces metagenome,1,human feces metagenome,GENOMIC
SAMN31822346,PRJNA903921,primary,infant_evidenced,MIMS Environmental/Metagenome sample from human feces metagenome,1,human feces metagenome,GENOMIC
SAMN31822347,PRJNA903921,primary,infant_evidenced,MIMS Environmental/Metagenome sample from human feces metagenome,1,human feces metagenome,GENOMIC
SAMN31822348,PRJNA903921,primary,infant_evidenced,MIMS Environmental/Metagenome sample from human feces metagenome,1,human feces metagenome,GENOMIC
SAMN31822349,PRJNA903921,primary,infant_evidenced,MIMS Environmental/Metagenome sample from human feces metagenome,1,human feces metagenome,GENOMIC
SAMN31822350,PRJNA903921,primary,infant_evidenced,MIMS Environmental/Metagenome sample from human feces metagenome,1,human feces metagenome,GENOMIC
SAMN31822351,PRJNA903921,primary,infant_evidenced,MIMS Environmental/Metagenome sample from human feces metagenome,1,human feces metagenome,GENOMIC
SAMN31822352,PRJNA903921,primary,infant_evidenced,MIMS Environmental/Metagenome sample from human feces metagenome,1,human feces metagenome,GENOMIC
SAMN31822353,PRJNA903921,primary,infant_evidenced,MIMS Environmental/Metagenome sample from human feces metagenome,1,human feces metagenome,GENOMIC
SAMN31822354,PRJNA903921,primary,infant_evidenced,MIMS Environmental/Metagenome sample from human feces metagenome,1,human feces metagenome,GENOMIC
SAMN31822355,PRJNA903921,primary,infant_evidenced,MIMS Environmental/Metagenome sample from human feces metagenome,1,human feces metagenome,GENOMIC
SAMN31822356,PRJNA903921,primary,infant_evidenced,MIMS Environmental/Metagenome sample from human feces metagenome,1,human feces metagenome,GENOMIC
SAMN31822357,PRJNA903921,primary,infant_evidenced,MIMS Environmental/Metagenome sample from human feces metagenome,1,human feces metagenome,GENOMIC
SAMN31822358,PRJNA903921,primary,infant_evidenced,MIMS Environmental/Metagenome sample from human feces metagenome,1,human feces metagenome,GENOMIC
SAMN31822359,PRJNA903921,primary,infant_evidenced,MIMS Environmental/Metagenome sample from human feces metagenome,1,human feces metagenome,GENOMIC
SAMN31822360,PRJNA903921,primary,infant_evidenced,MIMS Environmental/Metagenome sample from human feces metagenome,1,human feces metagenome,GENOMIC
SAMN31822361,PRJNA903921,primary,infant_evidenced,MIMS Environmental/Metagenome sample from human feces metagenome,1,human feces metagenome,GENOMIC
SAMN31822362,PRJNA903921,primary,infant_evidenced,MIMS Environmental/Metagenome sample from human feces metagenome,1,human feces metagenome,GENOMIC
SAMN31822363,PRJNA903921,primary,infant_evidenced,MIMS Environmental/Metagenome sample from human feces metagenome,1,human feces metagenome,GENOMIC
SAMN31822364,PRJNA903921,primary,infant_evidenced,MIMS Environmental/Metagenome sample from human feces metagenome,1,human feces metagenome,GENOMIC
SAMN31822365,PRJNA903921,primary,infant_evidenced,MIMS Environmental/Metagenome sample from human feces metagenome,1,human feces metagenome,GENOMIC
SAMN31822366,PRJNA903921,primary,infant_evidenced,MIMS Environmental/Metagenome sample from human feces metagenome,1,human feces metagenome,GENOMIC
SAMN31822367,PRJNA903921,primary,infant_evidenced,MIMS Environmental/Metagenome sample from human feces metagenome,1,human feces metagenome,GENOMIC
SAMN31822368,PRJNA903921,primary,infant_evidenced,MIMS Environmental/Metagenome sample from human feces metagenome,1,human feces metagenome,GENOMIC
SAMN31822369,PRJNA903921,primary,infant_evidenced,MIMS Environmental/Metagenome sample from human feces metagenome,1,human feces metagenome,GENOMIC
SAMN31822370,PRJNA903921,primary,infant_evidenced,MIMS Environmental/Metagenome sample from human feces metagenome,1,human feces metagenome,GENOMIC
SAMN31822371,PRJNA903921,primary,infant_evidenced,MIMS Environmental/Metagenome sample from human feces metagenome,1,human feces metagenome,GENOMIC
SAMN31822372,PRJNA903921,primary,infant_evidenced,MIMS Environmental/Metagenome sample from human feces metagenome,1,human feces metagenome,GENOMIC
SAMN31822373,PRJNA903921,primary,infant_evidenced,MIMS Environmental/Metagenome sample from human feces metagenome,1,human feces metagenome,GENOMIC
SAMN31822374,PRJNA903921,primary,infant_evidenced,MIMS Environmental/Metagenome sample from human feces metagenome,1,human feces metagenome,GENOMIC
SAMN31822375,PRJNA903921,primary,infant_evidenced,MIMS Environmental/Metagenome sample from human feces metagenome,1,human feces metagenome,GENOMIC
SAMN31822376,PRJNA903921,primary,infant_evidenced,MIMS Environmental/Metagenome sample from human feces metagenome,1,human feces metagenome,GENOMIC
SAMN31822377,PRJNA903921,primary,infant_evidenced,MIMS Environmental/Metagenome sample from human feces metagenome,1,human feces metagenome,GENOMIC
SAMN31822378,PRJNA903921,primary,infant_evidenced,MIMS Environmental/Metagenome sample from human feces metagenome,1,human feces metagenome,GENOMIC
SAMN31822379,PRJNA903921,primary,infant_evidenced,MIMS Environmental/Metagenome sample from human feces metagenome,1,human feces metagenome,GENOMIC
SAMN31822380,PRJNA903921,primary,infant_evidenced,MIMS Environmental/Metagenome sample from human feces metagenome,1,human feces metagenome,GENOMIC
SAMN31822381,PRJNA903921,primary,infant_evidenced,MIMS Environmental/Metagenome sample from human feces metagenome,1,human feces metagenome,GENOMIC
SAMN31822382,PRJNA903921,primary,infant_evidenced,MIMS Environmental/Metagenome sample from human feces metagenome,1,human feces metagenome,GENOMIC
SAMN31822383,PRJNA903921,primary,infant_evidenced,MIMS Environmental/Metagenome sample from human feces metagenome,1,human feces metagenome,GENOMIC
SAMN31822384,PRJNA903921,primary,infant_evidenced,MIMS Environmental/Metagenome sample from human feces metagenome,1,human feces metagenome,GENOMIC
SAMN31822385,PRJNA903921,primary,infant_evidenced,MIMS Environmental/Metagenome sample from human feces metagenome,1,human feces metagenome,GENOMIC
SAMN31822386,PRJNA903921,primary,infant_evidenced,MIMS Environmental/Metagenome sample from human feces metagenome,1,human feces metagenome,GENOMIC
SAMN31822387,PRJNA903921,primary,infant_evidenced,MIMS Environmental/Metagenome sample from human feces metagenome,1,human feces metagenome,GENOMIC
SAMN31822388,PRJNA903921,primary,infant_evidenced,MIMS Environmental/Metagenome sample from human feces metagenome,1,human feces metagenome,GENOMIC
SAMN31822389,PRJNA903921,primary,infant_evidenced,MIMS Environmental/Metagenome sample from human feces metagenome,1,human feces metagenome,GENOMIC
SAMN31822390,PRJNA903921,primary,infant_evidenced,MIMS Environmental/Metagenome sample from human feces metagenome,1,human feces metagenome,GENOMIC
SAMN31822391,PRJNA903921,primary,infant_evidenced,MIMS Environmental/Metagenome sample from human feces metagenome,1,human feces metagenome,GENOMIC
SAMN31822392,PRJNA903921,primary,infant_evidenced,MIMS Environmental/Metagenome sample from human feces metagenome,1,human feces metagenome,GENOMIC
SAMN31822393,PRJNA903921,primary,infant_evidenced,MIMS Environmental/Metagenome sample from human feces metagenome,1,human feces metagenome,GENOMIC
SAMN31822394,PRJNA903921,primary,infant_evidenced,MIMS Environmental/Metagenome sample from human feces metagenome,1,human feces metagenome,GENOMIC
SAMN31822395,PRJNA903921,primary,infant_evidenced,MIMS Environmental/Metagenome sample from human feces metagenome,1,human feces metagenome,GENOMIC
SAMN31822396,PRJNA903921,primary,infant_evidenced,MIMS Environmental/Metagenome sample from human feces metagenome,1,human feces metagenome,GENOMIC
SAMN31822397,PRJNA903921,primary,infant_evidenced,MIMS Environmental/Metagenome sample from human feces metagenome,1,human feces metagenome,GENOMIC
SAMN31822398,PRJNA903921,primary,infant_evidenced,MIMS Environmental/Metagenome sample from human feces metagenome,1,human feces metagenome,GENOMIC
SAMN31822399,PRJNA903921,primary,infant_evidenced,MIMS Environmental/Metagenome sample from human feces metagenome,1,human feces metagenome,GENOMIC
SAMN31822400,PRJNA903921,primary,infant_evidenced,MIMS Environmental/Metagenome sample from human feces metagenome,1,human feces metagenome,GENOMIC
SAMN31822401,PRJNA903921,primary,infant_evidenced,MIMS Environmental/Metagenome sample from human feces metagenome,1,human feces metagenome,GENOMIC
SAMN31822402,PRJNA903921,primary,infant_evidenced,MIMS Environmental/Metagenome sample from human feces metagenome,1,human feces metagenome,GENOMIC
SAMN31822403,PRJNA903921,primary,infant_evidenced,MIMS Environmental/Metagenome sample from human feces metagenome,1,human feces metagenome,GENOMIC
SAMN31822404,PRJNA903921,primary,infant_evidenced,MIMS Environmental/Metagenome sample from human feces metagenome,1,human feces metagenome,GENOMIC
SAMN31822405,PRJNA903921,primary,infant_evidenced,MIMS Environmental/Metagenome sample from human feces metagenome,1,human feces metagenome,GENOMIC
SAMN31822406,PRJNA903921,primary,infant_evidenced,MIMS Environmental/Metagenome sample from human feces metagenome,1,human feces metagenome,GENOMIC
SAMN31822407,PRJNA903921,primary,infant_evidenced,MIMS Environmental/Metagenome sample from human feces metagenome,1,human feces metagenome,GENOMIC
SAMN31822408,PRJNA903921,primary,infant_evidenced,MIMS Environmental/Metagenome sample from human feces metagenome,1,human feces metagenome,GENOMIC
SAMN31822409,PRJNA903921,primary,infant_evidenced,MIMS Environmental/Metagenome sample from human feces metagenome,1,human feces metagenome,GENOMIC
SAMN31822410,PRJNA903921,primary,infant_evidenced,MIMS Environmental/Metagenome sample from human feces metagenome,1,human feces metagenome,GENOMIC
SAMN31822411,PRJNA903921,primary,infant_evidenced,MIMS Environmental/Metagenome sample from human feces metagenome,1,human feces metagenome,GENOMIC
SAMN31822412,PRJNA903921,primary,infant_evidenced,MIMS Environmental/Metagenome sample from human feces metagenome,1,human feces metagenome,GENOMIC
SAMN31822413,PRJNA903921,primary,infant_evidenced,MIMS Environmental/Metagenome sample from human feces metagenome,1,human feces metagenome,GENOMIC
SAMN31822414,PRJNA903921,primary,infant_evidenced,MIMS Environmental/Metagenome sample from human feces metagenome,1,human feces metagenome,GENOMIC
SAMN31822415,PRJNA903921,primary,infant_evidenced,MIMS Environmental/Metagenome sample from human feces metagenome,1,human feces metagenome,GENOMIC
SAMN31822416,PRJNA903921,primary,infant_evidenced,MIMS Environmental/Metagenome sample from human feces metagenome,1,human feces metagenome,GENOMIC
SAMN31822417,PRJNA903921,primary,infant_evidenced,MIMS Environmental/Metagenome sample from human feces metagenome,1,human feces metagenome,GENOMIC
SAMN31822418,PRJNA903921,primary,infant_evidenced,MIMS Environmental/Metagenome sample from human feces metagenome,1,human feces metagenome,GENOMIC
SAMN31822419,PRJNA903921,primary,infant_evidenced,MIMS Environmental/Metagenome sample from human feces metagenome,1,human feces metagenome,GENOMIC
SAMN31822420,PRJNA903921,primary,infant_evidenced,MIMS Environmental/Metagenome sample from human feces metagenome,1,human feces metagenome,GENOMIC
SAMN31822421,PRJNA903921,primary,infant_evidenced,MIMS Environmental/Metagenome sample from human feces metagenome,1,human feces metagenome,GENOMIC
SAMN31822422,PRJNA903921,primary,infant_evidenced,MIMS Environmental/Metagenome sample from human feces metagenome,1,human feces metagenome,GENOMIC
SAMN31822423,PRJNA903921,primary,infant_evidenced,MIMS Environmental/Metagenome sample from human feces metagenome,1,human feces metagenome,GENOMIC
SAMN31822424,PRJNA903921,primary,infant_evidenced,MIMS Environmental/Metagenome sample from human feces metagenome,1,human feces metagenome,GENOMIC
SAMN31822425,PRJNA903921,primary,infant_evidenced,MIMS Environmental/Metagenome sample from human feces metagenome,1,human feces metagenome,GENOMIC
SAMN31822426,PRJNA903921,primary,infant_evidenced,MIMS Environmental/Metagenome sample from human feces metagenome,1,human feces metagenome,GENOMIC
SAMN31822427,PRJNA903921,primary,infant_evidenced,MIMS Environmental/Metagenome sample from human feces metagenome,1,human feces metagenome,GENOMIC
SAMN31822428,PRJNA903921,primary,infant_evidenced,MIMS Environmental/Metagenome sample from human feces metagenome,1,human feces metagenome,GENOMIC
SAMN31822429,PRJNA903921,primary,infant_evidenced,MIMS Environmental/Metagenome sample from human feces metagenome,1,human feces metagenome,GENOMIC
SAMN31822430,PRJNA903921,primary,infant_evidenced,MIMS Environmental/Metagenome sample from human feces metagenome,1,human feces metagenome,GENOMIC
SAMN31822431,PRJNA903921,primary,infant_evidenced,MIMS Environmental/Metagenome sample from human feces metagenome,1,human feces metagenome,GENOMIC
SAMN31822432,PRJNA903921,primary,infant_evidenced,MIMS Environmental/Metagenome sample from human feces metagenome,1,human feces metagenome,GENOMIC
SAMN31822433,PRJNA903921,primary,infant_evidenced,MIMS Environmental/Metagenome sample from human feces metagenome,1,human feces metagenome,GENOMIC
SAMN31822434,PRJNA903921,primary,infant_evidenced,MIMS Environmental/Metagenome sample from human feces metagenome,1,human feces metagenome,GENOMIC
SAMN31822435,PRJNA903921,primary,infant_evidenced,MIMS Environmental/Metagenome sample from human feces metagenome,1,human feces metagenome,GENOMIC
SAMN31822436,PRJNA903921,primary,infant_evidenced,MIMS Environmental/Metagenome sample from human feces metagenome,1,human feces metagenome,GENOMIC
SAMN31822437,PRJNA903921,primary,infant_evidenced,MIMS Environmental/Metagenome sample from human feces metagenome,1,human feces metagenome,GENOMIC
SAMN31822438,PRJNA903921,primary,infant_evidenced,MIMS Environmental/Metagenome sample from human feces metagenome,1,human feces metagenome,GENOMIC
SAMN31822439,PRJNA903921,primary,infant_evidenced,MIMS Environmental/Metagenome sample from human feces metagenome,1,human feces metagenome,GENOMIC
SAMN31822440,PRJNA903921,primary,infant_evidenced,MIMS Environmental/Metagenome sample from human feces metagenome,1,human feces metagenome,GENOMIC
SAMN31822441,PRJNA903921,primary,infant_evidenced,MIMS Environmental/Metagenome sample from human feces metagenome,1,human feces metagenome,GENOMIC
SAMN31822442,PRJNA903921,primary,infant_evidenced,MIMS Environmental/Metagenome sample from human feces metagenome,1,human feces metagenome,GENOMIC
SAMN31822443,PRJNA903921,primary,infant_evidenced,MIMS Environmental/Metagenome sample from human feces metagenome,1,human feces metagenome,GENOMIC
SAMN31822444,PRJNA903921,primary,infant_evidenced,MIMS Environmental/Metagenome sample from human feces metagenome,1,human feces metagenome,GENOMIC
SAMN31822445,PRJNA903921,primary,infant_evidenced,MIMS Environmental/Metagenome sample from human feces metagenome,1,human feces metagenome,GENOMIC
SAMN31822446,PRJNA903921,primary,infant_evidenced,MIMS Environmental/Metagenome sample from human feces metagenome,1,human feces metagenome,GENOMIC
SAMN31822447,PRJNA903921,primary,infant_evidenced,MIMS Environmental/Metagenome sample from human feces metagenome,1,human feces metagenome,GENOMIC
SAMN31822448,PRJNA903921,primary,infant_evidenced,MIMS Environmental/Metagenome sample from human feces metagenome,1,human feces metagenome,GENOMIC
SAMN31822449,PRJNA903921,primary,infant_evidenced,MIMS Environmental/Metagenome sample from human feces metagenome,1,human feces metagenome,GENOMIC
SAMN31822450,PRJNA903921,primary,infant_evidenced,MIMS Environmental/Metagenome sample from human feces metagenome,1,human feces metagenome,GENOMIC
SAMN31822451,PRJNA903921,primary,infant_evidenced,MIMS Environmental/Metagenome sample from human feces metagenome,1,human feces metagenome,GENOMIC
SAMN31822452,PRJNA903921,primary,infant_evidenced,MIMS Environmental/Metagenome sample from human feces metagenome,1,human feces metagenome,GENOMIC
SAMN31822453,PRJNA903921,primary,infant_evidenced,MIMS Environmental/Metagenome sample from human feces metagenome,1,human feces metagenome,GENOMIC
SAMN31822454,PRJNA903921,primary,infant_evidenced,MIMS Environmental/Metagenome sample from human feces metagenome,1,human feces metagenome,GENOMIC
SAMN31822455,PRJNA903921,primary,infant_evidenced,MIMS Environmental/Metagenome sample from human feces metagenome,1,human feces metagenome,GENOMIC
SAMN31822456,PRJNA903921,primary,infant_evidenced,MIMS Environmental/Metagenome sample from human feces metagenome,1,human feces metagenome,GENOMIC
SAMN38731036,PRJNA834762,primary,age_unknown_no_study_estimate,"LMIC human infant stool sample 12881, whole-genome shotgun metagenomic sequencing to validate qPCR Metagenome",1,human feces metagenome,GENOMIC
SAMN38731037,PRJNA834762,primary,age_unknown_no_study_estimate,"LMIC human infant stool sample 13506, whole-genome shotgun metagenomic sequencing to validate qPCR Metagenome",1,human feces metagenome,GENOMIC
SAMN38731038,PRJNA834762,primary,age_unknown_no_study_estimate,"LMIC human infant stool sample 13755, whole-genome shotgun metagenomic sequencing to validate qPCR Metagenome",1,human feces metagenome,GENOMIC
SAMN38731039,PRJNA834762,primary,age_unknown_no_study_estimate,"LMIC human infant stool sample 13759, whole-genome shotgun metagenomic sequencing to validate qPCR Metagenome",1,human feces metagenome,GENOMIC
SAMN38731040,PRJNA834762,primary,age_unknown_no_study_estimate,"LMIC human infant stool sample 13763, whole-genome shotgun metagenomic sequencing to validate qPCR Metagenome",1,human feces metagenome,GENOMIC
SAMN38731041,PRJNA834762,primary,age_unknown_no_study_estimate,"LMIC human infant stool sample 13767, whole-genome shotgun metagenomic sequencing to validate qPCR Metagenome",1,human feces metagenome,GENOMIC
SAMN38731042,PRJNA834762,primary,age_unknown_no_study_estimate,"LMIC human infant stool sample 15073, whole-genome shotgun metagenomic sequencing to validate qPCR Metagenome",1,human feces metagenome,GENOMIC
SAMN38731043,PRJNA834762,primary,age_unknown_no_study_estimate,"LMIC human infant stool sample 15450, whole-genome shotgun metagenomic sequencing to validate qPCR Metagenome",1,human feces metagenome,GENOMIC
SAMN38731044,PRJNA834762,primary,age_unknown_no_study_estimate,"LMIC human infant stool sample 15460, whole-genome shotgun metagenomic sequencing to validate qPCR Metagenome",1,human feces metagenome,GENOMIC
SAMN38731045,PRJNA834762,primary,age_unknown_no_study_estimate,"LMIC human infant stool sample 15869, whole-genome shotgun metagenomic sequencing to validate qPCR Metagenome",1,human feces metagenome,GENOMIC
SAMN38731046,PRJNA834762,primary,age_unknown_no_study_estimate,"LMIC human infant stool sample 16171, whole-genome shotgun metagenomic sequencing to validate qPCR Metagenome",1,human feces metagenome,GENOMIC
SAMN38731047,PRJNA834762,primary,age_unknown_no_study_estimate,"LMIC human infant stool sample 13070, whole-genome shotgun metagenomic sequencing to validate qPCR Metagenome",1,human feces metagenome,GENOMIC
SAMN38731048,PRJNA834762,primary,age_unknown_no_study_estimate,"LMIC human infant stool sample 13240, whole-genome shotgun metagenomic sequencing to validate qPCR Metagenome",1,human feces metagenome,GENOMIC
SAMN38731049,PRJNA834762,primary,age_unknown_no_study_estimate,"LMIC human infant stool sample 13771, whole-genome shotgun metagenomic sequencing to validate qPCR Metagenome",1,human feces metagenome,GENOMIC
SAMN38731050,PRJNA834762,primary,age_unknown_no_study_estimate,"LMIC human infant stool sample 13773, whole-genome shotgun metagenomic sequencing to validate qPCR Metagenome",1,human feces metagenome,GENOMIC
SAMN38731051,PRJNA834762,primary,age_unknown_no_study_estimate,"LMIC human infant stool sample 14439, whole-genome shotgun metagenomic sequencing to validate qPCR Metagenome",1,human feces metagenome,GENOMIC
SAMN38731052,PRJNA834762,primary,age_unknown_no_study_estimate,"LMIC human infant stool sample 14465, whole-genome shotgun metagenomic sequencing to validate qPCR Metagenome",1,human feces metagenome,GENOMIC
SAMN38731053,PRJNA834762,primary,age_unknown_no_study_estimate,"LMIC human infant stool sample 14826, whole-genome shotgun metagenomic sequencing to validate qPCR Metagenome",1,human feces metagenome,GENOMIC
SAMN38731054,PRJNA834762,primary,age_unknown_no_study_estimate,"LMIC human infant stool sample 15356, whole-genome shotgun metagenomic sequencing to validate qPCR Metagenome",1,human feces metagenome,GENOMIC
SAMN38731055,PRJNA834762,primary,age_unknown_no_study_estimate,"LMIC human infant stool sample 15526, whole-genome shotgun metagenomic sequencing to validate qPCR Metagenome",1,human feces metagenome,GENOMIC
SAMN38731056,PRJNA834762,primary,age_unknown_no_study_estimate,"LMIC human infant stool sample 15656, whole-genome shotgun metagenomic sequencing to validate qPCR Metagenome",1,human feces metagenome,GENOMIC
SAMN38731057,PRJNA834762,primary,age_unknown_no_study_estimate,"LMIC human infant stool sample 15660, whole-genome shotgun metagenomic sequencing to validate qPCR Metagenome",1,human feces metagenome,GENOMIC
SAMN38731058,PRJNA834762,primary,age_unknown_no_study_estimate,"LMIC human infant stool sample 15867, whole-genome shotgun metagenomic sequencing to validate qPCR Metagenome",1,human feces metagenome,GENOMIC
SAMN38731059,PRJNA834762,primary,age_unknown_no_study_estimate,"LMIC human infant stool sample 16437, whole-genome shotgun metagenomic sequencing to validate qPCR Metagenome",1,human feces metagenome,GENOMIC
SAMN38731060,PRJNA834762,primary,age_unknown_no_study_estimate,"LMIC human infant stool sample 16784, whole-genome shotgun metagenomic sequencing to validate qPCR Metagenome",1,human feces metagenome,GENOMIC
SAMN38731061,PRJNA834762,primary,age_unknown_no_study_estimate,"LMIC human infant stool sample 16786, whole-genome shotgun metagenomic sequencing to validate qPCR Metagenome",1,human feces metagenome,GENOMIC
SAMN38731062,PRJNA834762,primary,age_unknown_no_study_estimate,"LMIC human infant stool sample 17462, whole-genome shotgun metagenomic sequencing to validate qPCR Metagenome",1,human feces metagenome,GENOMIC
SAMN38731063,PRJNA834762,primary,age_unknown_no_study_estimate,"LMIC human infant stool sample 13242, whole-genome shotgun metagenomic sequencing to validate qPCR Metagenome",1,human feces metagenome,GENOMIC
SAMN38731064,PRJNA834762,primary,age_unknown_no_study_estimate,"LMIC human infant stool sample 13276, whole-genome shotgun metagenomic sequencing to validate qPCR Metagenome",1,human feces metagenome,GENOMIC
SAMN38731065,PRJNA834762,primary,age_unknown_no_study_estimate,"LMIC human infant stool sample 13761, whole-genome shotgun metagenomic sequencing to validate qPCR Metagenome",1,human feces metagenome,GENOMIC
SAMN38731066,PRJNA834762,primary,age_unknown_no_study_estimate,"LMIC human infant stool sample 15456, whole-genome shotgun metagenomic sequencing to validate qPCR Metagenome",1,human feces metagenome,GENOMIC
SAMN38731067,PRJNA834762,primary,age_unknown_no_study_estimate,"LMIC human infant stool sample 15663, whole-genome shotgun metagenomic sequencing to validate qPCR Metagenome",1,human feces metagenome,GENOMIC
SAMN38731068,PRJNA834762,primary,age_unknown_no_study_estimate,"LMIC human infant stool sample 16165, whole-genome shotgun metagenomic sequencing to validate qPCR Metagenome",1,human feces metagenome,GENOMIC
SAMN38731069,PRJNA834762,primary,age_unknown_no_study_estimate,"LMIC human infant stool sample 16175, whole-genome shotgun metagenomic sequencing to validate qPCR Metagenome",1,human feces metagenome,GENOMIC
SAMN38731070,PRJNA834762,primary,age_unknown_no_study_estimate,"LMIC human infant stool sample 16179, whole-genome shotgun metagenomic sequencing to validate qPCR Metagenome",1,human feces metagenome,GENOMIC
SAMN38731071,PRJNA834762,primary,age_unknown_no_study_estimate,"LMIC human infant stool sample 17515, whole-genome shotgun metagenomic sequencing to validate qPCR Metagenome",1,human feces metagenome,GENOMIC
SAMN38731072,PRJNA834762,primary,age_unknown_no_study_estimate,"LMIC human infant stool sample 12991, whole-genome shotgun metagenomic sequencing to validate qPCR Metagenome",1,human feces metagenome,GENOMIC
SAMN38731073,PRJNA834762,primary,age_unknown_no_study_estimate,"LMIC human infant stool sample 13753, whole-genome shotgun metagenomic sequencing to validate qPCR Metagenome",1,human feces metagenome,GENOMIC
SAMN38731074,PRJNA834762,primary,age_unknown_no_study_estimate,"LMIC human infant stool sample 15075, whole-genome shotgun metagenomic sequencing to validate qPCR Metagenome",1,human feces metagenome,GENOMIC
SAMN48994836,PRJNA1274602,primary,infant_evidenced,MIMARKS Survey related sample from human gut metagenome,1,human gut metagenome,GENOMIC
SAMN48994837,PRJNA1274602,primary,infant_evidenced,MIMARKS Survey related sample from human gut metagenome,1,human gut metagenome,GENOMIC
SAMN48994838,PRJNA1274602,primary,infant_evidenced,MIMARKS Survey related sample from human gut metagenome,1,human gut metagenome,GENOMIC
SAMN48994839,PRJNA1274602,primary,infant_evidenced,MIMARKS Survey related sample from human gut metagenome,1,human gut metagenome,GENOMIC
SAMN48994840,PRJNA1274602,primary,infant_evidenced,MIMARKS Survey related sample from human gut metagenome,1,human gut metagenome,GENOMIC
SAMN48994841,PRJNA1274602,primary,infant_evidenced,MIMARKS Survey related sample from human gut metagenome,1,human gut metagenome,GENOMIC
SAMN48994842,PRJNA1274602,primary,infant_evidenced,MIMARKS Survey related sample from human gut metagenome,1,human gut metagenome,GENOMIC
SAMN48994843,PRJNA1274602,primary,infant_evidenced,MIMARKS Survey related sample from human gut metagenome,1,human gut metagenome,GENOMIC
SAMN48994844,PRJNA1274602,primary,infant_evidenced,MIMARKS Survey related sample from human gut metagenome,1,human gut metagenome,GENOMIC
SAMN48994845,PRJNA1274602,primary,infant_evidenced,MIMARKS Survey related sample from human gut metagenome,1,human gut metagenome,GENOMIC
SAMN48994846,PRJNA1274602,primary,infant_evidenced,MIMARKS Survey related sample from human gut metagenome,1,human gut metagenome,GENOMIC
SAMN48994847,PRJNA1274602,primary,infant_evidenced,MIMARKS Survey related sample from human gut metagenome,1,human gut metagenome,GENOMIC
SAMN48994848,PRJNA1274602,primary,infant_evidenced,MIMARKS Survey related sample from human gut metagenome,1,human gut metagenome,GENOMIC
SAMN48994849,PRJNA1274602,primary,infant_evidenced,MIMARKS Survey related sample from human gut metagenome,1,human gut metagenome,GENOMIC
SAMN48994850,PRJNA1274602,primary,infant_evidenced,MIMARKS Survey related sample from human gut metagenome,1,human gut metagenome,GENOMIC
SAMN48994851,PRJNA1274602,primary,infant_evidenced,MIMARKS Survey related sample from human gut metagenome,1,human gut metagenome,GENOMIC
SAMN48994852,PRJNA1274602,primary,infant_evidenced,MIMARKS Survey related sample from human gut metagenome,1,human gut metagenome,GENOMIC
SAMN48994853,PRJNA1274602,primary,infant_evidenced,MIMARKS Survey related sample from human gut metagenome,1,human gut metagenome,GENOMIC
SAMN48994854,PRJNA1274602,primary,infant_evidenced,MIMARKS Survey related sample from human gut metagenome,1,human gut metagenome,GENOMIC
SAMN48994855,PRJNA1274602,primary,infant_evidenced,MIMARKS Survey related sample from human gut metagenome,1,human gut metagenome,GENOMIC
