study_accession,catalog_status,reason_code,n_authors,first_author,last_author,n_papers,n_linked_papers,n_bioproject_pubs,organisations,has_any_author,has_any_organisation,in_ncbi_bioproject
PRJNA525458,human_review,,0,,,0,0,0,George Washington University,False,True,True
PRJNA865291,human_review,,0,,,0,0,0,University of Naples Federico II,False,True,True
PRJNA757365,human_review,,0,,,0,0,0,CosmosID,False,True,True
PRJNA971252,excluded,site_excluded,22,Shen Z,Segre JA,1,1,0,"National Human Genome Research Institute, NIH",True,True,True
PRJNA416160,excluded,access_controlled,7,Tisza MJ,Petrosino JF,1,1,0,UNIVERSITY OF SOUTH FLORIDA,True,True,True
PRJNA658422,excluded,age_child_over_36m,17,Mancabelli L,Ventura M,1,1,0,The First Affiliated Hospital of Kunming Medical University,True,True,True
PRJNA1079705,excluded,age_child_over_36m,0,,,0,0,0,"University of Maryland, Baltimore",False,True,True
PRJNA926386,excluded,age_unknown_no_evidence,7,Zhai X,Deng L,1,0,1,University of Copenhagen,True,True,True
PRJNA862908,included,,0,,,0,0,0,Michigan State University,False,True,True
PRJNA1377943,human_review,,0,,,0,0,0,The Chinese University of Hong Kong,False,True,True
PRJNA788178,excluded,age_unknown_no_evidence,0,,,0,0,0,Jiangnan University,False,True,True
PRJNA1105631,included,,0,,,0,0,0,Helmholtz Zentrum Munich,False,True,True
PRJNA1037036,excluded,age_child_over_36m,0,,,0,0,0,The chinese university of Hong Kong; InnoHK,False,True,True
PRJNA765356,excluded,age_unknown_no_evidence,0,,,0,0,0,Penn State,False,True,True
PRJNA663717,excluded,age_adult_only,0,,,0,0,0,Maharshi Dayanand University,False,True,True
PRJNA1479139,excluded,age_unknown_no_evidence,0,,,0,0,0,shanghai university,False,True,True
PRJNA782810,included,,12,Alessandri G,Ventura M,1,1,0,University of Parma,True,True,True
PRJNA1045596,included,,0,,,0,0,0,University of Pennsylvania,False,True,True
PRJNA546034,excluded,age_child_over_36m,0,,,0,0,0,MEDICAL COLLEGE OF WISCONSIN,False,True,True
PRJNA637878,excluded,age_adult_only,44,Fontana F,Ventura M,3,3,0,Icahn School of Medicine at Mount Sinai,True,True,True
PRJEB45799,included,,48,Valles-Colomer M,Segata N,2,2,0,University of Trento,True,True,True
PRJNA1276427,excluded,assay_other_nonshotgun,0,,,0,0,0,Malawi- Liverpool Wellcome Programme,False,True,True
PRJNA801051,excluded,age_adult_only,0,,,0,0,0,National Institute for Communicable Disease Control and Prevention,False,True,True
PRJNA716780,included,,57,Valles-Colomer M,Segata N,4,4,1,UNITN,True,True,True
PRJNA715908,excluded,age_unknown_no_evidence,0,,,0,0,0,Indian Institute of Science Education and Research Bhopal,False,True,True
PRJNA1044231,excluded,age_unknown_no_evidence,0,,,0,0,0,Chengdu University,False,True,True
PRJNA1000750,excluded,age_unknown_no_evidence,0,,,0,0,0,University of Arkansas for Medical Sciences,False,True,True
PRJNA283642,excluded,age_unknown_no_evidence,0,,,0,0,0,University of Texas Southwestern Medical Center,False,True,True
PRJNA833139,included,,14,Tarracchini C,Ventura M,1,1,0,University of Parma,True,True,True
PRJNA439152,excluded,assay_amplicon_misfiled,0,,,0,0,0,Peking University People's Hospital,False,True,True
PRJNA876384,excluded,site_excluded,12,Rajar P,Petersen FC,1,1,0,"Insititute of Oral Biology, Univeristy of Oslo",True,True,True
PRJNA701982,included,,17,Thänert R,Warner BW,1,1,0,Washington University in St. Louis School of Medicine,True,True,True
PRJNA1356541,included,,0,,,0,0,0,"University of California, Berkeley",False,True,True
PRJNA1106451,included,,0,,,0,0,0,Institute Necker Enfants Malades,False,True,True
PRJNA793354,excluded,assay_amplicon_misfiled,0,,,0,0,0,Genomics Research Center,False,True,True
PRJNA552463,excluded,age_unknown_no_evidence,6,Gregory AC,Sullivan MB,1,1,0,University College Cork,True,True,True
PRJNA1294276,excluded,site_excluded,11,Vazzana R,Gallo A,1,1,0,IRCCS ISMETT,True,True,True
PRJNA485056,included,,80,Pasolli E,Segata N,6,5,2,University of Trento,True,True,True
PRJNA1162635,included,,0,,,0,0,0,The Chinese University of Hong Kong,False,True,True
PRJNA1123170,included,,22,Hartman SJ,Gordon JI,1,0,1,Washington University School of Medicine in St. Louis,True,True,True
PRJNA1257550,included,,0,,,0,0,0,CUHK,False,True,True
PRJNA999635,excluded,age_unknown_no_evidence,5,Schroer HW,Bosch DE,1,1,0,Yale University,True,True,True
PRJNA1274946,included,,0,,,0,0,0,University College Cork,False,True,True
PRJNA706116,excluded,age_child_over_36m,0,,,0,0,0,University of Naples Federico II,False,True,True
PRJEB41463,human_review,,22,Dunn KA,Kulkarni K,3,3,0,DALHOUSIE UNIVERSITY,True,True,True
PRJNA1000586,excluded,age_unknown_no_evidence,0,,,0,0,0,Guanghzou Univesity of Chinese Medcine,False,True,True
PRJNA509512,excluded,age_adult_only,17,Argentini C,Ventura M,1,1,0,University of California San Francisco/Chan Zuckerberg Biohub,True,True,True
PRJNA1286160,included,,0,,,0,0,0,National Laboratory Astana,False,True,True
PRJNA46339,excluded,age_child_over_36m,0,,,0,0,0,Baylor College of Medicine,False,True,True
PRJNA1104804,human_review,,0,,,0,0,0,Shanghai Jiao Tong University,False,True,True
PRJNA613947,excluded,age_adult_only,43,Valles-Colomer M,Segata N,1,1,1,Shanghai Tenth People's Hospital,True,True,True
PRJNA1279672,excluded,age_child_over_36m,0,,,0,0,0,Longgang District Maternity & Child Healthcare Hospital,False,True,True
PRJEB46214,included,,0,,,0,0,0,DALHOUSIE UNIVERSITY,False,True,True
PRJNA1260441,included,,0,,,0,0,0,Ineos Oxford Institute for antimicrobial research,False,True,True
PRJNA392460,excluded,age_unknown_no_evidence,0,,,0,0,0,Blood Systems Research Institute,False,True,True
PRJNA1241499,included,,0,,,0,0,0,Arizona State University,False,True,True
PRJNA900686,excluded,assay_amplicon_misfiled,0,,,0,0,0,Jiangnan University,False,True,True
PRJNA932130,human_review,,0,,,0,0,0,All India Institute of Medical Sciences,False,True,True
PRJEB11419,included,,23,Mancabelli L,Ventura M,4,4,0,University of California San Diego Microbiome Initiative,True,True,True
PRJNA808806,excluded,age_adult_only,0,,,0,0,0,Xi'an Jiaotong University,False,True,True
PRJNA1406796,included,,0,,,0,0,0,Embryo,False,True,True
PRJNA850156,excluded,site_excluded,0,,,0,0,0,Peking Union Medical College Hospital,False,True,True
PRJNA691382,excluded,age_unknown_no_evidence,0,,,0,0,0,Institute Of Microbiology Chinese Academy of Sciences,False,True,True
PRJNA1418915,excluded,age_child_over_36m,0,,,0,0,0,Shenzhen People's Hospital,False,True,True
PRJEB7925,excluded,age_unknown_no_evidence,13,Plaza Onate F,Larsen M,1,0,1,Institut National pour la Recherche Agronomique (FRANCE),True,True,True
PRJNA914532,human_review,,15,Fabbrini M,Masetti R,1,0,1,University of Bologna,True,True,True
PRJNA1237248,excluded,age_adult_only,0,,,0,0,0,Harvard T.H. Chan School of Public Health,False,True,True
PRJNA234452,excluded,site_excluded,22,Wilson MR,Chiu CY,1,0,1,"University of California, San Francisco",True,True,True
PRJNA754443,excluded,age_adult_only,0,,,0,0,0,Siolta Therapeutics,False,True,True
PRJNA353874,human_review,,0,,,0,0,0,Washington University in St Louis,False,True,True
PRJNA845014,human_review,,0,,,0,0,0,Peking Union Medical College Hospital,False,True,True
PRJNA343144,included,,7,Rozman V,Bogovič Matijašić B,1,1,0,Mount Sinai School of Medicine,True,True,True
PRJNA299342,included,,0,,,0,0,0,Zhejiang University,False,True,True
PRJEB10133,excluded,age_unknown_no_evidence,0,,,0,0,0,GSTT BRC Bioinformatics,False,True,True
PRJNA1078287,excluded,site_excluded,8,Zelasko S,Currie CR,1,1,0,University of Wisconsin-Madison,True,True,True
PRJNA802048,excluded,assay_amplicon_misfiled,7,González L,Tsukayama P,1,1,0,Universidad Peruana Cayetano Heredia; Laboratorio de Genómica Microbiana,True,True,True
PRJNA1215598,excluded,age_unknown_no_evidence,0,,,0,0,0,ICDC,False,True,True
PRJNA427653,excluded,age_unknown_no_evidence,0,,,0,0,0,"Key Laboratory of Dairy Biotechnology and Engineering, Education Ministry of P. R. China",False,True,True
PRJNA868569,excluded,assay_amplicon_misfiled,0,,,0,0,0,Jiangnan University,False,True,True
PRJNA510445,included,,41,Hayden HS,Hoffman LR,4,4,2,University of Washington,True,True,True
PRJNA858926,included,,17,Xi M,Zhao A,2,2,0,Tsinghua University,True,True,True
PRJNA1009231,excluded,site_excluded,11,Dhariwal A,Petersen FC,1,1,0,"Insititute of Oral Biology, Univeristy of Oslo",True,True,True
PRJNA482729,included,,19,Fontana F,Ventura M,1,1,0,"SAHMRI; Balakrishnan Siddartha Ramakrishna, SRM Institutes for Medical Science, Chennai, India; Balamurugan Ramadass, All India Institute of Medical Sciences, Bhubaneswar, India; Srinivasan Pugazhendhi, Kansas Uniersity Medical Center, Kansas City, Kansas, USA; Elissa Mortimer, Flinders University of south Australia, Australia; Graeme P. Young, Flinders University of South Australia, Australia",True,True,True
PRJNA215106,included,,27,Moore AM,Dantas G,5,5,1,Washington University in St. Louis,True,True,True
PRJNA439151,excluded,age_unknown_no_evidence,0,,,0,0,0,Peking University People's Hospital,False,True,True
PRJNA43253,excluded,age_unknown_no_evidence,11,Turnbaugh PJ,Gordon JI,1,0,1,Washington University; Washington University Center for Genome Sciences,True,True,True
PRJEB50568,included,,0,,,0,0,0,Universidad San Francisco de Quito,False,True,True
PRJNA778020,excluded,site_excluded,7,Qin L,Li L,1,1,0,Genoxor Medical Science and Technology Inc,True,True,True
PRJEB37312,excluded,site_excluded,10,Manenzhe RI,Moodley C,1,1,0,UNIVERSITY OF CAPE TOWN,True,True,True
PRJNA434731,excluded,age_unknown_no_evidence,0,,,0,0,0,Stanford University,False,True,True
PRJNA1259152,included,,0,,,0,0,0,The Chinese University of Hong Kong,False,True,True
PRJNA747761,included,,17,Kim M,Konstantinidis KT,2,2,0,Georgia Institute of Technology,True,True,True
PRJEB46788,included,,31,Mancabelli L,Ventura M,3,3,0,max planck institute for biology,True,True,True
PRJNA1013917,excluded,assay_amplicon_misfiled,10,Piazzesi A,Putignani L,1,0,1,Bambino Gesu Childrens Hospital,True,True,True
PRJNA644725,included,,40,Tan SK,Chiu CY,4,4,0,"University of California, San Francisco",True,True,True
PRJNA1051094,included,,0,,,0,0,0,Arizona State University,False,True,True
PRJNA1225421,included,,0,,,0,0,0,University of Washington,False,True,True
PRJNA521878,included,,56,Zeng S,Wang S,6,6,0,Children's Hospital Los Angeles,True,True,True
PRJNA1200823,excluded,assay_amplicon_misfiled,0,,,0,0,0,CAS Center for Excellence in Molecular Plant Sciences,False,True,True
PRJEB90577,included,,0,,,0,0,0,University of Antwerp,False,True,True
PRJNA945262,included,,12,Bhattacharyya C,Paine SK,1,1,0,NIBMG,True,True,True
PRJNA1046283,excluded,age_unknown_no_evidence,0,,,0,0,0,Quadram Institute Bioscience,False,True,True
PRJNA768833,excluded,age_unknown_no_evidence,0,,,0,0,0,Tufts University,False,True,True
PRJNA813023,excluded,host_nonhuman,0,,,0,0,0,Shanghai Jiaotong University Afffiliated Six People's hospital,False,True,True
PRJNA398089,included,,47,Frolova MS,Rodionov DA,4,3,1,Harvard T.H. Chan School of Public Health; Integrative Human Microbiome Project,True,True,True
PRJNA850838,included,,0,,,0,0,0,Heilongjiang Bayi Agricultural University,False,True,True
PRJNA503909,excluded,age_adult_only,35,Argentini C,Ventura M,3,2,1,SAHMRI,True,True,True
PRJNA446038,excluded,age_unknown_no_evidence,21,Zeng S,Wang S,2,1,1,APC Microbiome Institute,True,True,True
PRJNA588513,included,,18,Tarracchini C,Milani C,3,3,0,The chinese university of Hong Kong,True,True,True
PRJNA663786,human_review,,0,,,0,0,0,University of Parma,False,True,True
PRJNA940347,excluded,site_excluded,0,,,0,0,0,Tianjin Medical University General Hospital,False,True,True
PRJNA986854,included,,13,Xiong S,Zhu Y,1,1,0,University of Chinese Academy of Sciences,True,True,True
PRJNA893826,included,,17,Nhu NTK,Schembri MA,1,1,0,University of Queensland,True,True,True
PRJEB63351,included,,14,Valles-Colomer M,Segata N,1,1,0,University of Trento,True,True,True
PRJNA813206,excluded,assay_other_nonshotgun,0,,,0,0,0,Shanghai Children's Hospital,False,True,True
PRJNA778457,excluded,host_synthetic,0,,,0,0,0,Zhejiang Academy of Agricultural Sciences,False,True,True
PRJNA589622,excluded,age_adult_only,9,Tarracchini C,Milani C,2,2,0,"University of California, San Francisco",True,True,True
PRJNA1249971,excluded,age_unknown_no_evidence,0,,,0,0,0,Cincinnati Childrens Hospital,False,True,True
PRJNA1283919,excluded,age_adult_only,0,,,0,0,0,University of Birmingham,False,True,True
PRJNA1474232,excluded,site_excluded,0,,,0,0,0,Zhejiang Provincial People's Hospital,False,True,True
PRJNA610982,excluded,site_excluded,12,Accorsi EK,Huttenhower C,1,1,0,Harvard University,True,True,True
PRJNA588514,excluded,age_unknown_no_evidence,0,,,0,0,0,The chinese university of Hong Kong,False,True,True
PRJNA930375,excluded,host_synthetic,8,Liu Y,Hwang G,1,0,1,Children's Hospital of Philadelphia,True,True,True
PRJNA814303,excluded,age_adult_only,0,,,0,0,0,Prolacta Bioscience,False,True,True
PRJNA844516,included,,0,,,0,0,0,Kyoto University,False,True,True
PRJNA590026,excluded,age_unknown_no_evidence,0,,,0,0,0,Hainan University,False,True,True
PRJEB89462,included,,8,Valenzuela-Diaz S,Korpela K,1,1,0,University of Helsinki,True,True,True
PRJEB42539,excluded,site_excluded,17,Binia A,Sakwinska O,1,1,0,Clinical Microbiomics,True,True,True
PRJNA1403442,excluded,age_child_over_36m,0,,,0,0,0,Duke University,False,True,True
PRJNA635738,excluded,age_maternal_only,15,Maqsood R,Lim ES,1,1,1,Arizona State University,True,True,True
PRJNA728680,excluded,age_adult_only,0,,,0,0,0,Emory University,False,True,True
PRJNA312439,excluded,host_synthetic,0,,,0,0,0,ETH Zurich,False,True,True
PRJNA975184,excluded,age_child_over_36m,22,Midya V,Eggers S,2,2,0,Icahn School of Medicine at Mount Sinai,True,True,True
PRJNA1217924,excluded,age_adult_only,0,,,0,0,0,University of Guelph,False,True,True
PRJNA1072081,included,,14,Naspolini NF,Taddei CR,1,1,0,University of Sao Paulo,True,True,True
PRJEB38528,excluded,age_maternal_only,30,Mancabelli L,Ventura M,3,3,0,Centre for Translational Microbiome Research (CTMR),True,True,True
PRJNA891875,excluded,age_adult_only,0,,,0,0,0,,False,False,True
PRJDB38518,human_review,,0,,,0,0,0,The Affiliated Hospital of Jiangsu University; NGDC,False,True,True
PRJNA394687,included,,0,,,0,0,0,Univ. of Maryland; MAL-ED; IGS,False,True,True
PRJNA320015,included,,9,Lugli GA,Ventura M,1,1,0,Harvard School of Public Health,True,True,True
PRJDB29360,excluded,age_unknown_no_evidence,0,,,0,0,0,Tsinghua University; NGDC,False,True,True
PRJNA808819,excluded,site_excluded,0,,,0,0,0,"Hangzhou Matridx Biotechnology Co., Ltd",False,True,True
PRJNA564995,human_review,,0,,,0,0,0,UNIVERSITY OF PENNSYLVANIA,False,True,True
PRJNA855128,excluded,age_adult_only,0,,,0,0,0,Affiliated Hospital of Weifang Medical University,False,True,True
PRJNA413160,included,,9,Lugli GA,Ventura M,1,1,0,Nestle Research Center,True,True,True
PRJNA1093424,excluded,age_child_over_36m,0,,,0,0,0,National Institute of Allergy and Infectious Diseases,False,True,True
PRJEB24771,included,,24,Fontana F,Milani C,4,4,0,University of California San Diego Microbiome Initiative,True,True,True
PRJNA243613,excluded,age_unknown_no_evidence,0,,,0,0,0,Research Institute Of Physico-Chemical Medicine,False,True,True
PRJNA385215,excluded,age_unknown_no_evidence,0,,,0,0,0,Centro de Investigacion y de Estudios Avanzados del IPN,False,True,True
PRJNA625520,excluded,age_adult_only,8,Hu H,Dai L,1,1,0,Xavier,True,True,True
PRJNA813736,excluded,age_unknown_no_evidence,0,,,0,0,0,APC Microbiome Ireland,False,True,True
PRJNA1081952,included,,24,Baldi A,Pasricha SR,2,2,0,The Walter and Eliza Hall Institute of Medical Research,True,True,True
PRJNA268964,included,,74,Nayfach S,Pollard KS,10,8,2,University of Oklahoma,True,True,True
PRJNA730640,included,,20,Song W,Yang YS,4,4,0,"Beijing Friendship Hospital, Capital Medical University",True,True,True
PRJNA800433,human_review,,0,,,0,0,0,JCVI,False,True,True
PRJNA1112983,included,,0,,,0,0,0,Sichuan University,False,True,True
PRJNA869587,included,,7,Li H,Lu H,1,1,0,Affiliated Hospital of Jiangsu University,True,True,True
PRJNA565268,excluded,age_adult_only,0,,,0,0,0,Shanghai Jiao Tong University Affiliated Six People's Hospital,False,True,True
PRJNA526942,included,,10,Brown BP,Jaspan HB,1,0,1,Seattle Children's,True,True,True
PRJNA789994,excluded,assay_amplicon_misfiled,0,,,0,0,0,Jiangnan University,False,True,True
PRJEB32631,included,,160,Shao Y,Lawley TD,19,19,0,Wellcome Sanger Institute,True,True,True
PRJNA686821,included,,14,Tarracchini C,Ventura M,1,1,0,The Chinese University of Hong Kong,True,True,True
PRJEB21933,excluded,age_child_over_36m,0,,,0,0,0,DALHOUSIE UNIVERSITY,False,True,True
PRJNA551032,excluded,age_adult_only,0,,,0,0,0,Wenzhou Medical University,False,True,True
PRJNA856821,excluded,age_unknown_no_evidence,0,,,0,0,0,Inner Mongolia Agricultural University,False,True,True
PRJEB73554,human_review,,0,,,0,0,0,KIng Abdulaziz university,False,True,True
PRJNA659140,excluded,age_unknown_no_evidence,0,,,0,0,0,Sichuan university,False,True,True
PRJEB106095,excluded,age_unknown_no_evidence,0,,,0,0,0,GENOME INSTITUTE OF SINGAPORE,False,True,True
PRJNA1273620,included,,31,Ng DZW,Ta LDH,1,1,1,National University of Singapore,True,True,True
PRJNA1513833,included,,0,,,0,0,0,University of Embu,False,True,True
PRJNA1082298,included,,0,,,0,0,0,Universidad San Francisco de Quito,False,True,True
PRJEB42363,included,,18,Rizzo SM,Turroni F,2,2,0,LSHTM,True,True,True
PRJNA1231247,included,,7,Liu F,Liu Y,1,1,0,Nanchang University,True,True,True
PRJNA1046438,included,,18,Mancabelli L,Ventura M,2,2,0,University of Parma,True,True,True
PRJNA874475,excluded,age_unknown_no_evidence,0,,,0,0,0,Hirszfeld Institute of Immunology and Experimental Therapy,False,True,True
PRJEB28609,excluded,assay_amplicon_misfiled,0,,,0,0,0,Universite Bordeaux,False,True,True
PRJNA477357,included,,0,,,0,0,0,University of Pennsylvania,False,True,True
PRJNA1177813,included,,9,Firrman J,Van den Abbeele P,1,1,0,Cryotpobiotix,True,True,True
PRJNA552296,excluded,age_unknown_no_evidence,0,,,0,0,0,Nankai University,False,True,True
PRJEB39661,excluded,age_child_over_36m,11,Ruiz-Ruiz S,Moya A,1,1,0,FISABIO - Public Health,True,True,True
PRJNA1453195,excluded,host_nonhuman,0,,,0,0,0,Inner Mongolia Agricultural University,False,True,True
PRJEB6997,excluded,age_adult_only,14,Tarracchini C,Milani C,3,2,1,Beijing Genome Institute,True,True,True
PRJNA1155606,excluded,site_excluded,0,,,0,0,0,Vanderbilt University Medical Center,False,True,True
PRJNA237362,excluded,age_child_over_36m,0,,,0,0,0,Broad Institute,False,True,True
PRJEB50977,excluded,age_unknown_no_evidence,0,,,0,0,0,European Molecular Biology Laboratory,False,True,True
PRJNA955235,included,,19,Verster AJ,Ross BD,2,2,0,Geisel School of Medicine at Dartmouth,True,True,True
PRJNA1141738,excluded,age_child_over_36m,0,,,0,0,0,Hangzhou Normal University,False,True,True
PRJNA564397,excluded,age_unknown_no_evidence,5,Schroer HW,Bosch DE,1,1,0,University of Nottingham,True,True,True
PRJNA432804,excluded,age_unknown_no_evidence,0,,,0,0,0,"West China Hospital, Sichuan University",False,True,True
PRJNA909023,excluded,age_unknown_no_evidence,0,,,0,0,0,Xbiome,False,True,True
PRJNA661100,excluded,access_controlled,0,,,0,0,0,MASSACHUSETTS INSTITUTE OF TECHNOLOGY,False,True,True
PRJNA496479,excluded,age_child_over_36m,4,Ormaasen I,Snipen L,1,1,0,University of Oregon,True,True,True
PRJNA297252,excluded,age_adult_only,13,Tarracchini C,Milani C,2,1,1,McGill University,True,True,True
PRJNA916952,included,,19,Walters WA,Chiu CY,3,3,0,"University of California, San Francisco",True,True,True
PRJNA973819,excluded,site_excluded,18,Shi X,Liu P,1,1,0,Shenzhen Center for Disease Control and Prevention,True,True,True
PRJNA1121295,excluded,age_unknown_no_evidence,13,Davido B,Caballero S,1,0,1,"Vedanta Biosciences, Inc.",True,True,True
PRJNA731529,included,,0,,,0,0,0,University of Illinois at Urbana-Champaign,False,True,True
PRJNA739008,included,,9,Schwartz DJ,Dantas G,1,0,1,Washington University in St. Louis,True,True,True
PRJNA311208,included,,11,Piper HG,Koh AY,1,0,1,University of Texas Southwestern Medical Center,True,True,True
PRJNA1236379,excluded,host_nonhuman,11,Zemmel ZM,Lu J,1,1,0,The University of Chicago,True,True,True
PRJNA730689,excluded,age_unknown_no_evidence,0,,,0,0,0,QuantiHealth,False,True,True
PRJNA547591,excluded,age_child_over_36m,18,Tarracchini C,Milani C,3,3,0,University of Pennsylvania,True,True,True
PRJNA401977,excluded,age_maternal_only,12,Du H,Ou Z,1,1,0,Institute of Microbiology,True,True,True
PRJNA715615,included,,15,Fontana F,Milani C,1,1,0,University of Parma,True,True,True
PRJNA543967,included,,24,Tarracchini C,Milani C,4,4,0,"Shenzhen WeHealthGene Co., Ltd.",True,True,True
PRJNA1215685,excluded,age_unknown_no_evidence,0,,,0,0,0,wenzhou medical university,False,True,True
PRJEB54606,excluded,age_child_over_36m,0,,,0,0,0,"Institute of Clinical Molecular Biology, University of Kiel, Germany; Institute of Clinical Molecular Biology",False,True,True
PRJNA721545,excluded,age_adult_only,0,,,0,0,0,University of Naples Federico II,False,True,True
PRJNA977201,excluded,age_child_over_36m,0,,,0,0,0,University of Trieste,False,True,True
PRJNA400115,included,,26,Zhang L,Pan C,3,3,0,UNIVERSITY OF SOUTH FLORIDA,True,True,True
PRJNA436359,excluded,age_unknown_no_evidence,4,Shi K,Guo J,1,1,0,Harvard T.H. Chan School of Public Health,True,True,True
PRJNA589866,excluded,age_adult_only,7,Tarracchini C,Milani C,1,1,0,Diversigen,True,True,True
PRJNA544346,included,,0,,,0,0,0,Xi'an Jiaotong University,False,True,True
PRJNA484151,included,,19,Dhakal S,Renukaradhya GJ,2,2,0,South Dakota State University,True,True,True
PRJNA352475,included,,188,Ferretti P,Segata N,24,24,0,University of Trento,True,True,True
PRJNA860656,excluded,age_adult_only,0,,,0,0,0,,False,False,True
PRJNA1036590,excluded,age_child_over_36m,7,Piazzesi A,Putignani L,1,0,1,Bambino Gesu Childrens Hospital,True,True,True
PRJNA839263,excluded,age_child_over_36m,0,,,0,0,0,Hospital Universitario La Paz,False,True,True
PRJEB20515,excluded,assay_amplicon,0,,,0,0,0,University of California San Diego Microbiome Initiative,False,True,True
PRJNA871195,excluded,assay_other_nonshotgun,7,Li H,Lu H,1,1,0,Jiangsu University,True,True,True
PRJNA718907,excluded,age_unknown_no_evidence,0,,,0,0,0,Xiamen University,False,True,True
PRJEB31957,human_review,,0,,,0,0,0,UNIVERSITY OF OSLO,False,True,True
PRJNA1276154,human_review,,0,,,0,0,0,Zhengzhou University,False,True,True
PRJEB33013,included,,25,Kim J,Pai H,2,2,0,HANYANG UNIVERSITY,True,True,True
PRJNA809331,excluded,age_unknown_no_evidence,0,,,0,0,0,Wenzhou Medical University,False,True,True
PRJNA1249435,included,,0,,,0,0,0,University of Rochester School of Medicine & Dentistry,False,True,True
PRJNA718445,excluded,age_unknown_no_evidence,0,,,0,0,0,University of Toronto,False,True,True
PRJEB55713,included,,8,Kim J,Pai H,1,1,0,HANYANG UNIVERSITY,True,True,True
PRJNA446061,excluded,age_adult_only,0,,,0,0,0,Washington University,False,True,True
PRJNA445365,excluded,assay_amplicon_misfiled,0,,,0,0,0,Department of HuNan province,False,True,True
PRJNA1223686,excluded,age_unknown_no_evidence,0,,,0,0,0,Nanyang Technological University,False,True,True
PRJNA1271016,excluded,age_adult_only,0,,,0,0,0,University of Wisconsin-Madison,False,True,True
PRJNA343008,included,,0,,,0,0,0,University College Cork,False,True,True
PRJNA587350,excluded,assay_rna,3,Mohammad HA,Al-Nakib W,1,1,0,faculty of medicine,True,True,True
PRJNA624901,excluded,age_unknown_no_evidence,0,,,0,0,0,Inner Mongolia Agricultural University,False,True,True
PRJNA287207,included,,69,Fontana F,Milani C,10,9,1,University of Parma,True,True,True
PRJNA1128803,included,,0,,,0,0,0,Northeast Agricultural University,False,True,True
PRJNA786578,excluded,age_unknown_no_evidence,0,,,0,0,0,Public Health Agency of Canada,False,True,True
PRJEB22032,included,,0,,,0,0,0,Wellcome Sanger Institute,False,True,True
PRJNA606271,included,,22,Uzan-Yulzari A,Koren O,1,1,0,University of Trento,True,True,True
PRJNA943202,excluded,age_unknown_no_evidence,0,,,0,0,0,University of Pennsylvania,False,True,True
PRJNA1435557,included,,0,,,0,0,0,UNIVERSITI TEKNOLOGI MALAYSIA,False,True,True
PRJNA1422631,excluded,age_child_over_36m,0,,,0,0,0,Institute Of Medical Research And Medicinal Plant Studies (impm),False,True,True
PRJNA1337442,included,,28,Doan T,Lietman TM,1,1,0,UCSF,True,True,True
PRJNA362284,excluded,age_unknown_no_evidence,27,Fontana F,Ventura M,2,1,1,The University of Tokyo,True,True,True
PRJNA811310,excluded,site_excluded,0,,,0,0,0,The Beijing Genomics Institute BGI,False,True,True
PRJNA929356,human_review,,0,,,0,0,0,ACEGID Redeemer's University,False,True,True
PRJEB38221,excluded,site_excluded,6,Pust MM,Tümmler B,1,1,0,MEDIZNISCHE HOCHSCHULE HANNOER,True,True,True
PRJNA420371,excluded,age_unknown_no_evidence,0,,,0,0,0,University of Alabama at Birmingham,False,True,True
PRJNA695570,included,,53,Peterson D,Klepac-Ceraj V,9,9,0,"Klepac-Ceraj Lab, Wellesley College; RESONANCE",True,True,True
PRJNA1404625,included,,0,,,0,0,0,University of California San Diego,False,True,True
PRJEB88622,excluded,site_excluded,6,Pucci N,Mende DR,1,1,0,amsterdam university medical center - location amc; Amsterdam University Medical Center - Location AMC,True,True,True
PRJNA1141394,included,,0,,,0,0,0,University of Florida,False,True,True
PRJDB4525,included,,14,Tarracchini C,Ventura M,1,1,0,Tokyo Institute of Technology; KYUSHU,True,True,True
PRJEB53954,included,,0,,,0,0,0,DALHOUSIE UNIVERSITY,False,True,True
PRJNA922799,excluded,site_excluded,0,,,0,0,0,"School of Stomatology, The Fourth Military Medical University",False,True,True
PRJNA562600,human_review,,17,Mancabelli L,Ventura M,1,1,0,Children's Hospital of Philadelphia,True,True,True
PRJNA489693,included,,18,Rizzo SM,Turroni F,2,2,0,"University of California, Davis",True,True,True
PRJNA1436979,excluded,age_unknown_no_evidence,0,,,0,0,0,"University of Shanghai for Science and Technology,",False,True,True
PRJNA850529,excluded,age_adult_only,0,,,0,0,0,Institute of Bioorganic Chemistry Polish Academy Sciences,False,True,True
PRJEB108450,human_review,,0,,,0,0,0,University of California San Diego Microbiome Initiative,False,True,True
PRJNA413162,included,,9,Lugli GA,Ventura M,1,1,0,Nestle Research Center,True,True,True
PRJNA1380314,excluded,age_unknown_no_evidence,0,,,0,0,0,"Ruijin Hospital, Shanghai Jiao Tong University School of Medicine, Shanghai, China",False,True,True
PRJNA695070,included,,9,Xiao L,Zhao F,2,2,0,Beijing Institutes of Life Science,True,True,True
PRJEB9584,excluded,age_adult_only,5,Schroer HW,Bosch DE,1,1,0,Beijing Genome Institute,True,True,True
PRJNA387903,included,,14,Zeng S,Wang S,2,2,0,Washington University,True,True,True
PRJNA845806,included,,18,Sugino KY,Friedman JE,2,2,0,"University of Oklahoma, Health Science Center",True,True,True
PRJNA418044,excluded,assay_other_nonshotgun,0,,,0,0,0,Blood Systems Research Institute,False,True,True
PRJNA289586,excluded,age_unknown_no_evidence,48,Ormaasen I,Snipen L,5,2,3,Luxembourg Centre for Systems Biomedicine,True,True,True
PRJNA1249606,excluded,age_unknown_no_evidence,0,,,0,0,0,Cincinnati Childrens Hospital,False,True,True
PRJEB52640,excluded,site_excluded,9,Rosenboom I,Tümmler B,1,1,0,Hannover Medical School,True,True,True
PRJNA1122359,excluded,site_excluded,0,,,0,0,0,fuzhou university,False,True,True
PRJNA665061,excluded,age_adult_only,17,Argentini C,Ventura M,2,2,0,University of California San Francisco,True,True,True
PRJNA679346,excluded,age_adult_only,24,Argentini C,Ventura M,3,3,0,Tokyo Institute of Technology,True,True,True
PRJNA1005702,excluded,age_unknown_no_evidence,0,,,0,0,0,"University of Maryland, Baltimore",False,True,True
PRJEB49168,excluded,age_adult_only,0,,,0,0,0,GENOME INSTITUTE OF SINGAPORE,False,True,True
PRJNA1231000,excluded,age_unknown_no_evidence,0,,,0,0,0,Quadram Institute Bioscience,False,True,True
PRJNA1464060,excluded,assay_amplicon_misfiled,8,Chen K,Liong MT,1,1,0,"DiPROBIO (Shanghai) Co., Ltd., Shanghai, Chi",True,True,True
PRJNA678454,excluded,age_unknown_no_evidence,17,Argentini C,Ventura M,1,1,0,Stanford University School of Medicine,True,True,True
PRJEB11554,human_review,,0,,,0,0,0,IMPERIAL COLLEGE LONDON,False,True,True
PRJNA689363,excluded,age_unknown_no_evidence,0,,,0,0,0,Institute Of Microbiology Chinese Academy of Sciences,False,True,True
PRJNA454892,excluded,age_unknown_no_evidence,0,,,0,0,0,University of alberta,False,True,True
PRJNA1457641,excluded,age_unknown_no_evidence,0,,,0,0,0,"College of Veterinary Medicine, Henan Agricultural University",False,True,True
PRJNA772518,excluded,age_adult_only,24,Argentini C,Ventura M,3,3,0,QuantiHealth,True,True,True
PRJNA763908,included,,0,,,0,0,0,"Children's Hospital, Zhejiang University School of Medicine",False,True,True
PRJEB14969,included,,4,Smith-Brown P,Davies PS,1,1,0,University of California San Diego Microbiome Initiative,True,True,True
PRJNA1198101,included,,12,Ferretti P,Blekhman R,1,1,0,University of Minnesota,True,True,True
PRJNA217052,human_review,,10,Orihara K,Matsuki T,1,1,0,Broad Institute,True,True,True
PRJNA592261,included,,12,Aguado-García Y,Arias CF,3,3,3,Instituto de Biotecnologia,True,True,True
PRJNA684904,human_review,,6,Kavanova K,Crhanova M,1,1,0,North-west University,True,True,True
PRJEB29078,excluded,assay_amplicon,43,Stanislawski MA,Eggesbø M,4,4,0,University of California San Diego Microbiome Initiative,True,True,True
PRJEB39223,excluded,age_adult_only,22,He W,Sørensen SJ,2,2,0,University of Trento,True,True,True
PRJEB5224,excluded,age_unknown_no_evidence,52,Nayfach S,Pollard KS,4,3,1,Beijing Genome Institute,True,True,True
PRJEB86954,included,,13,Ngwese MM,Ley RE,1,1,0,max-planck institute for biology; Max-Planck Institute for Biology,True,True,True
PRJEB9150,included,,9,Tarracchini C,Milani C,2,2,0,DUKE UNIVERSITY MEDICAL CENTER,True,True,True
PRJEB9576,excluded,age_adult_only,37,Ormaasen I,Snipen L,3,3,0,Beijing Genome Institute,True,True,True
PRJEB97980,excluded,age_adult_only,15,So Y,Abou Hachem M,1,1,0,University Hospital Basel,True,True,True
PRJEB98012,excluded,age_unknown_no_evidence,15,So Y,Abou Hachem M,1,1,0,University of California San Diego Microbiome Initiative,True,True,True
PRJEB98069,excluded,age_unknown_no_evidence,15,So Y,Abou Hachem M,1,1,0,AALBORG UNIVERSITY,True,True,True
PRJNA1159139,excluded,host_synthetic,7,Colberg O,Wellejus A,1,1,0,Novonesis,True,True,True
PRJNA1338803,excluded,host_synthetic,9,Wang J,Tian P,1,1,0,Jiangnan university,True,True,True
PRJNA275349,excluded,age_adult_only,29,Piscotta FJ,Brady SF,3,2,1,JCVI,True,True,True
PRJNA385126,included,,23,McCann A,Hill C,3,3,0,APC Microbiome Institute,True,True,True
PRJNA386422,excluded,age_adult_only,18,Tarracchini C,Milani C,3,3,0,University of Parma,True,True,True
PRJNA394849,excluded,age_unknown_no_evidence,21,Ormaasen I,Snipen L,2,2,0,Sapienza Universita' di Roma,True,True,True
PRJNA397112,excluded,age_adult_only,37,Ormaasen I,Snipen L,3,3,0,"Indian Institute of Science Education and Research, Bhopal",True,True,True
PRJNA397219,excluded,age_adult_only,45,Ormaasen I,Snipen L,3,2,1,Mayo Clinic,True,True,True
PRJNA400072,excluded,age_adult_only,28,Tarracchini C,Milani C,4,4,0,Harvard T.H. Chan School of Public Health,True,True,True
PRJNA401385,excluded,age_adult_only,22,Tarracchini C,Milani C,4,4,0,"Institute of Microbiology, Chinese Academy of Sciences",True,True,True
PRJNA407341,excluded,age_unknown_no_evidence,12,Zeng S,Wang S,1,1,0,APC Microbiome Institute,True,True,True
PRJNA422434,excluded,age_adult_only,109,Nayfach S,Pollard KS,12,10,2,BGI,True,True,True
PRJNA431482,excluded,age_adult_only,28,Ormaasen I,Snipen L,3,3,0,The First Affiliated Hospital of Chongqing Medical University,True,True,True
PRJNA48479,excluded,age_adult_only,110,Nayfach S,Pollard KS,13,11,2,NIH Human Microbiome Consortium,True,True,True
PRJNA492714,excluded,age_adult_only,4,Ormaasen I,Snipen L,1,1,0,DIPAS,True,True,True
PRJNA492716,excluded,age_unknown_no_evidence,25,Fontana F,Ventura M,2,1,1,The University of Queensland,True,True,True
PRJNA529400,included,,20,Manara S,Segata N,1,1,0,Polo Scientifico e Tecnologico Fabio Ferrari,True,True,True
PRJNA531203,excluded,age_unknown_no_evidence,18,Tarracchini C,Milani C,3,3,0,Institute of Microbial Technology,True,True,True
PRJNA531316,excluded,age_unknown_no_evidence,7,Tarracchini C,Milani C,1,1,0,MiHAR,True,True,True
PRJNA832909,excluded,age_adult_only,35,Tarracchini C,Milani C,2,1,1,Waseda University,True,True,True
PRJNA835720,included,,7,Li Y,Chen W-H,1,1,0,Huazhong University of Science & Technology,True,True,True
PRJNA916259,excluded,age_adult_only,21,Li X,Sørensen SJ,2,2,0,university of copenhagen,True,True,True
PRJNA961946,excluded,assay_amplicon_misfiled,13,Li Z,Zhao J,1,1,0,The Second Hospital of Hebei Medical University,True,True,True
PRJDB4176,excluded,age_adult_only,48,Orihara K,Matsuki T,4,4,0,Tokyo Institute of Technology; Japanese consortium for human microbiome; TITECH,True,True,True
PRJEB10878,excluded,age_adult_only,22,Mancabelli L,Ventura M,2,2,0,Beijing Genome Institute,True,True,True
PRJEB11532,excluded,age_adult_only,30,Tarracchini C,Milani C,2,1,1,WEIZMANN INSTITUE OF SCIENCE,True,True,True
PRJEB1220,excluded,age_adult_only,91,Tarracchini C,Milani C,6,5,1,BGI,True,True,True
PRJEB14383,excluded,site_excluded,6,Piscotta FJ,Brady SF,1,1,0,UCL,True,True,True
PRJEB15371,excluded,age_adult_only,26,Pasolli E,Segata N,2,2,0,Beijing Genome Institute,True,True,True
PRJEB1690,excluded,age_adult_only,24,Tarracchini C,Milani C,2,2,0,"Seoul National University, Korea; Seoul National University",True,True,True
PRJEB17632,excluded,age_unknown_no_evidence,10,Orihara K,Matsuki T,1,1,0,European Molecular Biology Laboratory,True,True,True
PRJEB1786,excluded,age_adult_only,21,Fontana F,Ventura M,2,1,1,Chalmers University of Technology,True,True,True
PRJEB19090,excluded,age_adult_only,22,Ormaasen I,Snipen L,3,2,1,PORTO CONTE RICERCHE SRL,True,True,True
PRJEB20800,excluded,age_adult_only,7,Tarracchini C,Milani C,1,1,0,Beijing Genome Institute,True,True,True
PRJEB21528,excluded,age_adult_only,38,Ormaasen I,Snipen L,4,4,0,Beijing Genome Institute,True,True,True
PRJEB22893,excluded,age_adult_only,17,Nooij S,Ducarmon QR,1,1,0,MD ANDERSON CANCER CENTER,True,True,True
PRJEB23052,excluded,age_adult_only,18,Wang M,Zhou W,2,2,0,Shenzhen Following Precision Medical Research Institute,True,True,True
PRJEB23524,excluded,age_adult_only,8,Hu H,Dai L,1,1,0,MIT,True,True,True
PRJEB26795,excluded,age_child_over_36m,36,Zhong H,Kristiansen K,2,2,0,CNGB,True,True,True
PRJEB27005,excluded,age_adult_only,46,Tarracchini C,Milani C,6,5,1,ALFRED WEGENER INSTITUTE FOR POLAR AND MARINE RESE,True,True,True
PRJEB27928,excluded,age_adult_only,66,Zeng S,Wang S,5,4,1,European Molecular Biology Laboratory,True,True,True
PRJEB28687,excluded,age_adult_only,9,Tarracchini C,Milani C,2,2,0,UNIVERSITY OF MINNESOTA,True,True,True
PRJEB29127,excluded,age_adult_only,17,Tarracchini C,Milani C,2,2,0,CNGB,True,True,True
PRJEB30834,excluded,age_adult_only,18,Tarracchini C,Milani C,3,3,0,ALFRED WEGENER INSTITUTE FOR POLAR AND MARINE RESE,True,True,True
PRJEB32731,excluded,access_controlled,20,Zeng S,Wang S,3,3,0,KING'S COLLEGE LONDON,True,True,True
PRJEB32794,excluded,age_adult_only,9,Tarracchini C,Milani C,2,2,0,"Teagasc Food Research Centre, Ireland; Teagasc Food Research Centre",True,True,True
PRJEB33098,excluded,age_unknown_no_evidence,17,Tarracchini C,Milani C,2,2,0,IDIBELL,True,True,True
PRJEB36820,excluded,age_unknown_no_evidence,30,Zeng S,Wang S,3,3,0,"department of computational biology, indraprastha institute of information technology delhi; department of computational biology",True,True,True
PRJEB37731,excluded,age_adult_only,36,Tarracchini C,Milani C,7,2,5,Centre for Translational Microbiome Research (CTMR),True,True,True
PRJEB42013,excluded,age_adult_only,7,Tarracchini C,Milani C,1,1,0,European Molecular Biology Laboratory,True,True,True
PRJEB4336,excluded,age_adult_only,49,Tarracchini C,Milani C,2,1,1,Beijing Genome Institute,True,True,True
PRJEB44737,excluded,age_adult_only,39,Argentini C,Ventura M,4,3,1,Netherlands Donor Feces Bank,True,True,True
PRJEB47909,excluded,age_adult_only,11,Tonkin-Hill G,Corander J,1,1,0,University of Trento,True,True,True
PRJEB6070,excluded,age_adult_only,33,Tarracchini C,Milani C,5,5,0,EMBL - Germany,True,True,True
PRJEB62571,excluded,age_child_over_36m,11,Ruiz-Ruiz S,Moya A,1,1,0,FISABIO - Public Health,True,True,True
PRJEB7774,excluded,age_adult_only,37,Tarracchini C,Milani C,6,6,0,Beijing Genome Institute,True,True,True
PRJEB8094,excluded,age_adult_only,55,Orihara K,Matsuki T,5,4,1,"Universite Laval, Canada; Universite Laval",True,True,True
PRJEB9524,excluded,assay_other_nonshotgun,12,Zeng S,Wang S,1,1,0,WASHINGTON UNIVERSITY SCHOOL OF MEDICINE,True,True,True
PRJNA188481,excluded,age_unknown_no_evidence,26,Tarracchini C,Milani C,3,2,1,Broad Institute,True,True,True
PRJNA271618,excluded,host_nonhuman,4,Nayfach S,Pollard KS,1,1,0,Duke University,True,True,True
PRJNA278393,excluded,age_adult_only,60,Soverini M,Candela M,9,7,2,University of Bologna,True,True,True
PRJNA285502,excluded,age_adult_only,17,Hu H,Dai L,2,1,1,University of Washington,True,True,True
PRJNA299502,excluded,age_unknown_no_evidence,37,Ormaasen I,Snipen L,3,3,0,University of Oklahoma,True,True,True
PRJNA300541,included,,91,Pehrsson EC,Dantas G,11,10,2,Washington University in St. Louis,True,True,True
PRJNA305507,excluded,age_adult_only,25,Tarracchini C,Milani C,3,3,0,Jackson Laboratory,True,True,True
PRJNA307231,excluded,age_adult_only,27,Mancabelli L,Ventura M,2,2,0,IrsiCaixa Foundation,True,True,True
PRJNA319574,excluded,age_adult_only,33,Hall B,Jiang X,2,2,0,The Broad Institute,True,True,True
PRJNA321218,excluded,age_adult_only,33,Fontana F,Ventura M,4,2,2,,True,False,True
PRJNA324672,excluded,age_unknown_no_evidence,21,Ormaasen I,Snipen L,2,2,0,Vavilov Institute of General Genetics,True,True,True
PRJNA328899,excluded,site_unknown,52,Pasolli E,Segata N,4,3,1,Hainan university,True,True,True
PRJNA336518,excluded,host_environmental,27,Fontana F,Ventura M,5,1,4,USFDA,True,True,True
PRJNA356102,excluded,age_adult_only,35,Pasolli E,Segata N,2,2,0,Realbio,True,True,True
PRJNA360177,excluded,age_adult_only,24,Argentini C,Ventura M,2,2,0,"Chinese PLA General Hospital, Chinese PLA Postgraduate Medical School",True,True,True
PRJNA375935,excluded,age_adult_only,4,Ormaasen I,Snipen L,1,1,0,Realbio,True,True,True
PRJNA380118,excluded,age_child_over_36m,21,Ormaasen I,Snipen L,2,2,0,Vavilov Institute of General Genetics,True,True,True
PRJNA392180,excluded,age_adult_only,38,Auchtung TA,Petrosino JF,3,3,0,Stanford University,True,True,True
PRJNA438847,excluded,age_adult_only,22,Tarracchini C,Milani C,4,4,0,South Australian Health and Research Institute,True,True,True
PRJNA445968,excluded,age_adult_only,33,Mancabelli L,Ventura M,3,1,2,Memorial Sloan Kettering Cancer Center; Tri-I TBRU,True,True,True
PRJNA449784,excluded,age_adult_only,28,Ormaasen I,Snipen L,3,3,0,Promegene Translational Research Institute,True,True,True
PRJNA46333,excluded,site_excluded,54,Shen Z,Segre JA,9,1,8,NISC - NIH Intramural Sequencing Center,True,True,True
PRJNA472785,excluded,age_adult_only,12,Tarracchini C,Milani C,2,2,0,Harvard Medical School,True,True,True
PRJNA486795,excluded,age_adult_only,19,Fontana F,Ventura M,1,1,0,"School of Basic Medical Sciences, Peking University",True,True,True
PRJNA487636,excluded,age_adult_only,4,Ormaasen I,Snipen L,1,1,0,Mayo Clinic,True,True,True
PRJNA491626,excluded,age_unknown_no_evidence,14,Zeng S,Wang S,2,1,1,KULeuven-Viral Metagenomics lab,True,True,True
PRJNA504891,included,,225,Pasolli E,Segata N,21,20,2,University of Trento,True,True,True
PRJNA517801,excluded,age_adult_only,7,Tarracchini C,Milani C,1,1,0,Kanazawa University,True,True,True
PRJNA518912,excluded,host_nonhuman,43,Fontana F,Ventura M,2,2,0,Icahn School of Medicine at Mount Sinai,True,True,True
PRJNA521587,excluded,age_adult_only,24,Argentini C,Ventura M,2,2,0,McGill University Health Centre,True,True,True
PRJNA527208,excluded,age_unknown_no_evidence,21,Tarracchini C,Milani C,6,3,3,FIOCRUZ,True,True,True
PRJNA529124,included,,146,Tett A,Segata N,8,8,0,Polo Scientifico e Tecnologico Fabio Ferrari,True,True,True
PRJNA544527,excluded,age_adult_only,58,Fontana F,Ventura M,3,2,1,Massachusetts Institute of Technology,True,True,True
PRJNA545408,excluded,age_adult_only,14,Zeng S,Wang S,2,1,1,University College Cork,True,True,True
PRJNA547717,excluded,site_excluded,19,Fontana F,Ventura M,1,1,0,Polo Scientifico e Tecnologico Fabio Ferrari,True,True,True
PRJNA553191,excluded,age_adult_only,18,Tarracchini C,Milani C,3,3,0,University of Bologna,True,True,True
PRJNA562766,excluded,age_adult_only,46,Zeng S,Wang S,4,3,1,University of Queensland,True,True,True
PRJNA573963,excluded,age_adult_only,7,Tarracchini C,Milani C,1,1,0,Brown University,True,True,True
PRJNA594393,excluded,age_adult_only,7,Tarracchini C,Milani C,1,1,0,Kaleido Biosciences,True,True,True
PRJNA594610,excluded,age_adult_only,7,Tarracchini C,Milani C,1,1,0,Kaleido Biosciences,True,True,True
PRJNA594613,excluded,age_adult_only,7,Tarracchini C,Milani C,1,1,0,Kaleido Biosciences,True,True,True
PRJNA594620,excluded,age_adult_only,7,Tarracchini C,Milani C,1,1,0,Kaleido Biosciences,True,True,True
PRJNA598446,excluded,age_unknown_no_evidence,7,Tarracchini C,Milani C,1,1,0,Mayo Clinic,True,True,True
PRJNA606198,excluded,age_adult_only,7,Tarracchini C,Milani C,1,1,0,NCI,True,True,True
PRJNA615162,excluded,age_adult_only,27,Argentini C,Ventura M,3,3,0,Broad Institute of MIT and Harvard,True,True,True
PRJNA624223,excluded,age_adult_only,18,Tarracchini C,Milani C,3,3,0,Chinese Universtiy of Hong Kong,True,True,True
PRJNA624763,excluded,age_adult_only,18,Tarracchini C,Milani C,3,3,0,Sichuan agricultural university,True,True,True
PRJNA634145,excluded,age_adult_only,24,Argentini C,Ventura M,2,2,0,UCSF,True,True,True
PRJNA650244,excluded,age_adult_only,7,Tarracchini C,Milani C,1,1,0,Chinese University of Hong Kong,True,True,True
PRJNA672867,excluded,age_adult_only,7,Tarracchini C,Milani C,1,1,0,National Cancer Institute - NIH,True,True,True
PRJNA687536,excluded,age_adult_only,18,Tarracchini C,Milani C,3,3,0,Weill Cornell Medicine,True,True,True
PRJNA688274,excluded,age_adult_only,29,Mancabelli L,Ventura M,2,1,1,Washington University in St. Louis School of Medicine; COMBAT consortium,True,True,True
PRJNA699281,excluded,age_adult_only,7,Tarracchini C,Milani C,1,1,0,Jackson Laboratory for Genomic Medicine,True,True,True
PRJNA714678,excluded,age_adult_only,24,Argentini C,Ventura M,2,2,0,Technion - Israel Institute of Technology,True,True,True
PRJNA752006,excluded,age_child_over_36m,17,Mancabelli L,Ventura M,1,1,0,Children's National Hospital,True,True,True
PRJNA762543,excluded,age_adult_only,17,Argentini C,Ventura M,2,2,0,City University of Hong Kong,True,True,True
PRJNA788972,excluded,age_adult_only,7,Tarracchini C,Milani C,1,1,0,Inner Mongolia Agricultural University,True,True,True
PRJDA72415,included,,0,,,0,0,0,National Institute of Infectious Diseases; NIID,False,True,True
PRJDB10635,excluded,site_excluded,0,,,0,0,0,"Infectious Diseases Pediatrics, Nagoya University; NAGOYA",False,True,True
PRJDB10705,excluded,site_excluded,10,Horiba K,Ito Y,1,0,1,"Department of Human Genetics and Molecular Biology, Nagoya University Graduate School of Medicine; NUGSM",True,True,True
PRJDB12113,excluded,site_excluded,0,,,0,0,0,"Department of Human Genetics and Molecular Biology, Nagoya University Graduate School of Medicine; NUGSM",False,True,True
PRJDB14208,excluded,site_excluded,0,,,0,0,0,Nagoya University Graduate School of Medicine; NUGSM,False,True,True
PRJDB15926,excluded,age_unknown_no_evidence,0,,,0,0,0,Collaborative Research Center of Okayama University for Infectious Diseases in India; NAGOYA,False,True,True
PRJDB33192,included,,0,,,0,0,0,Affiliated Hospital of Jiangsu University,False,True,True
PRJDB33475,excluded,age_maternal_only,0,,,0,0,0,Nanjing Medical University; NGDC,False,True,True
PRJDB34268,excluded,site_excluded,0,,,0,0,0,"Institute of Microbiology, Chinese Academy of Sciences",False,True,True
PRJDB39270,excluded,site_excluded,0,,,0,0,0,Jiangsu University,False,True,True
PRJDB39594,excluded,site_excluded,0,,,0,0,0,"Children's Hospital, Zhejiang University School of Medicine",False,True,True
PRJDB41598,excluded,site_excluded,0,,,0,0,0,West China The Second Hospital; NGDC,False,True,True
PRJDB6132,excluded,site_excluded,0,,,0,0,0,"Department of Maxillofacial Orthognathics, Graduate School of Medical and Dental Sciences, Tokyo Medical and Dental University; TOKYO_MEDEN",False,True,True
PRJEB101120,excluded,age_adult_only,0,,,0,0,0,Genevia Technologies Oy,False,True,True
PRJEB101714,included,,0,,,0,0,0,Institut National pour la Recherche Agronomique (FRANCE),False,True,True
PRJEB101960,included,,0,,,0,0,0,Latvian Biomedical Research and Study Centre,False,True,True
PRJEB102170,included,,0,,,0,0,0,Latvian Biomedical Research and Study Centre,False,True,True
PRJEB102291,excluded,age_unknown_no_evidence,0,,,0,0,0,university of lausanne; University of Lausanne,False,True,True
PRJEB102491,included,,0,,,0,0,0,Technical University of Denmark,False,True,True
PRJEB103799,excluded,age_child_over_36m,0,,,0,0,0,Hospital Universitario Ramon y Cajal,False,True,True
PRJEB104636,excluded,age_adult_only,0,,,0,0,0,The Girona Biomedical Research Institute Dr. Josep Trueta,False,True,True
PRJEB107274,excluded,assay_other_nonshotgun,0,,,0,0,0,Max Planck Institute for Evolutionary Anthropology,False,True,True
PRJEB108038,included,,10,Niu M,Chen Y,1,1,0,"Department of Pediatrics, The First Affiliated Hospital of Shihezi University; Department of Pediatrics",True,True,True
PRJEB108612,included,,0,,,0,0,0,the chinese university of hong kong; The Chinese University of Hong Kong,False,True,True
PRJEB108678,included,,0,,,0,0,0,University of California San Diego Microbiome Initiative,False,True,True
PRJEB108900,excluded,site_excluded,0,,,0,0,0,Imperial College London,False,True,True
PRJEB10914,included,,2,Korpela K,de Vos WM,1,1,0,University of California San Diego Microbiome Initiative,True,True,True
PRJEB110410,included,,0,,,0,0,0,Cryptobiotix,False,True,True
PRJEB110976,excluded,host_nonhuman,0,,,0,0,0,Copenhagen University,False,True,True
PRJEB111647,included,,0,,,0,0,0,Centre for Translational Microbiome Research (CTMR),False,True,True
PRJEB112735,included,,0,,,0,0,0,Copenhagen University,False,True,True
PRJEB113836,excluded,age_adult_only,0,,,0,0,0,University of Medicine and Pharmacy of Craiova,False,True,True
PRJEB115007,excluded,age_adult_only,0,,,0,0,0,University of California San Diego Microbiome Initiative,False,True,True
PRJEB115011,excluded,age_adult_only,0,,,0,0,0,University of California San Diego Microbiome Initiative,False,True,True
PRJEB115114,excluded,age_adult_only,0,,,0,0,0,Centre de Recherche scientifique Saint-Antoine,False,True,True
PRJEB115703,excluded,host_nonhuman,0,,,0,0,0,"School of The Environment, The University of Queensland; School of The Environment",False,True,True
PRJEB121035,excluded,site_excluded,0,,,0,0,0,Scientific Insitute IRCCS Eugenio Medea,False,True,True
PRJEB123118,excluded,assay_other_nonshotgun,0,,,0,0,0,Quadram Institute Bioscience,False,True,True
PRJEB12669,included,,58,Fontana F,Milani C,11,10,1,Shenzhen Following Precision Medical Research Institute,True,True,True
PRJEB13679,human_review,,32,Gevers D,Xavier RJ,1,0,1,University of California San Diego Microbiome Initiative,True,True,True
PRJEB13680,excluded,assay_other_nonshotgun,32,Gevers D,Xavier RJ,1,0,1,University of California San Diego Microbiome Initiative,True,True,True
PRJEB14183,excluded,assay_amplicon,0,,,0,0,0,University of California San Diego Microbiome Initiative,False,True,True
PRJEB14801,included,,0,,,0,0,0,University of California San Diego Microbiome Initiative,False,True,True
PRJEB14935,included,,18,Alcon-Giner C,Hall LJ,2,2,0,Institute of Food Research,True,True,True
PRJEB14941,included,,0,,,0,0,0,University of California San Diego Microbiome Initiative,False,True,True
PRJEB14964,excluded,assay_amplicon,10,Huang S,Yadav H,1,1,0,University of California San Diego Microbiome Initiative,True,True,True
PRJEB15633,included,,41,Davis JC,Zivkovic AM,4,4,0,University of California San Diego Microbiome Initiative,True,True,True
PRJEB16321,excluded,assay_amplicon,0,,,0,0,0,University of California San Diego Microbiome Initiative,False,True,True
PRJEB18564,excluded,site_excluded,0,,,0,0,0,Ewha Womans University,False,True,True
PRJEB18726,excluded,site_unknown,1,Rubinstein MH,Rubinstein MH,1,0,1,Beijing Genome Institute,True,True,True
PRJEB22207,included,,29,Leggett RM,Clark MD,2,2,1,The Genome Analysis Centre,True,True,True
PRJEB24006,included,,26,Zeng S,Wang S,5,5,0,UNIVERSITY OF CALIFORNIA SAN FRANCISCO,True,True,True
PRJEB24041,included,,13,Korpela K,Bork P,2,2,0,European Molecular Biology Laboratory,True,True,True
PRJEB25210,excluded,host_environmental,0,,,0,0,0,Wellcome Sanger Institute,False,True,True
PRJEB26089,excluded,age_adult_only,0,,,0,0,0,CNGB,False,True,True
PRJEB26842,excluded,site_unknown,0,,,0,0,0,"Teagasc Food Research Centre, Ireland; Teagasc Food Research Centre",False,True,True
PRJEB27661,excluded,age_adult_only,0,,,0,0,0,National Health Research Institutes,False,True,True
PRJEB2778,included,,20,Schwartz S,Chapkin RS,4,4,0,European Bioinformatics Institute,True,True,True
PRJEB28545,excluded,age_adult_only,0,,,0,0,0,CNGB,False,True,True
PRJEB28671,included,,11,de Goffau MC,Wagner J,2,2,0,Wellcome Sanger Institute,True,True,True
PRJEB28701,excluded,age_adult_only,0,,,0,0,0,THE UNIVERSITY OF SYDNEY,False,True,True
PRJEB29052,included,,40,Esaiassen E,Klingenberg C,5,5,0,University of Tromso,True,True,True
PRJEB29237,human_review,,13,Nearing JT,Langille MGI,3,3,0,DALHOUSIE UNIVERSITY,True,True,True
PRJEB30246,excluded,site_excluded,0,,,0,0,0,Wellcome Sanger Institute,False,True,True
PRJEB30595,excluded,site_excluded,0,,,0,0,0,"Institute for Infectious Diseases of the University of Bern, Switzerland; Institute for Infectious Diseases of the University of Bern",False,True,True
PRJEB32135,included,,44,Fontana F,Milani C,9,9,0,UNIVERSITY OF BRITISH COLUMBIA,True,True,True
PRJEB33603,excluded,age_child_over_36m,0,,,0,0,0,DALHOUSIE UNIVERSITY,False,True,True
PRJEB33847,included,,0,,,0,0,0,University of California San Diego Microbiome Initiative,False,True,True
PRJEB34031,excluded,site_excluded,0,,,0,0,0,LEIDEN UNIVERSITY MEDICAL CENTER,False,True,True
PRJEB34058,excluded,assay_other_nonshotgun,0,,,0,0,0,the chinese university of hong kong,False,True,True
PRJEB35587,excluded,age_child_over_36m,0,,,0,0,0,DALHOUSIE UNIVERSITY,False,True,True
PRJEB36405,included,,4,Guernier-Cambert V,Alexandersen S,1,1,0,GCEID,True,True,True
PRJEB38352,excluded,age_adult_only,26,Fang X,Boland BS,1,0,1,University of California San Diego Microbiome Initiative,True,True,True
PRJEB39128,excluded,age_child_over_36m,0,,,0,0,0,SAHMRI,False,True,True
PRJEB39610,included,,53,Rizzo SM,Turroni F,5,5,0,"NEWCASTLE UNIVERSITY, UK",True,True,True
PRJEB40903,excluded,age_unknown_no_evidence,0,,,0,0,0,University of California San Diego Microbiome Initiative,False,True,True
PRJEB40933,excluded,age_adult_only,0,,,0,0,0,Anaerobe Systems,False,True,True
PRJEB41102,included,,24,Mancabelli L,Ventura M,2,2,0,European Molecular Biology Laboratory,True,True,True
PRJEB41786,excluded,age_adult_only,0,,,0,0,0,Institut National pour la Recherche Agronomique (FRANCE),False,True,True
PRJEB42045,included,,0,,,0,0,0,UNIVERSITY OF AMSTERDAM,False,True,True
PRJEB43147,excluded,age_adult_only,0,,,0,0,0,Institut d'investigacion Sanitaria Pere i Virgili,False,True,True
PRJEB44233,excluded,age_adult_only,0,,,0,0,0,Inselspital,False,True,True
PRJEB46003,excluded,age_child_over_36m,0,,,0,0,0,FISABIO,False,True,True
PRJEB47458,excluded,age_unknown_no_evidence,0,,,0,0,0,Wellcome Sanger Institute,False,True,True
PRJEB48251,included,,28,Feehily C,Cotter PD,3,3,0,TEAGASC FOOD RESEARCH CENTRE,True,True,True
PRJEB49091,excluded,site_excluded,0,,,0,0,0,UPF-CSIC,False,True,True
PRJEB50286,excluded,assay_amplicon,0,,,0,0,0,IHU - Mediterranee Infection,False,True,True
PRJEB50802,excluded,site_excluded,0,,,0,0,0,MEDIZNISCHE HOCHSCHULE HANNOER,False,True,True
PRJEB51171,excluded,site_excluded,0,,,0,0,0,MEDIZNISCHE HOCHSCHULE HANNOER,False,True,True
PRJEB51569,excluded,age_maternal_only,0,,,0,0,0,king's college london; King's College London,False,True,True
PRJEB51728,included,,34,Robertson RC,Manges AR,3,3,0,UNIVERSITY OF BRITISH COLUMBIA,True,True,True
PRJEB52147,included,,15,Bai-Tong SS,Leibel SL,1,1,0,University of California San Diego Microbiome Initiative,True,True,True
PRJEB52748,included,,13,Derrien M,Bourdet-Sicard R,1,1,0,adm biopolis; ADM Biopolis,True,True,True
PRJEB52938,included,,0,,,0,0,0,CHRISTIAN-ALBRECHTS UNIVERSITY OF KIEL,False,True,True
PRJEB53547,excluded,age_adult_only,0,,,0,0,0,University Hospital Regensburg,False,True,True
PRJEB55125,excluded,age_adult_only,0,,,0,0,0,johannes kepler university linz; Johannes Kepler University Linz,False,True,True
PRJEB55607,excluded,age_adult_only,0,,,0,0,0,Quadram Institute Bioscience,False,True,True
PRJEB57911,included,,0,,,0,0,0,"DALIAN INSTITUTE OF CHEMICAL PHYSICS, CHINESE ACADEMY OF SCIENCES",False,True,True
PRJEB58411,excluded,assay_amplicon,0,,,0,0,0,LSHTM,False,True,True
PRJEB58777,excluded,host_nonhuman,0,,,0,0,0,"UNIVERSITY OF COPENHAGEN, SECTION OF MICROBIOLOGY",False,True,True
PRJEB58787,excluded,assay_other_nonshotgun,0,,,0,0,0,"UNIVERSITY OF COPENHAGEN, SECTION OF MICROBIOLOGY",False,True,True
PRJEB58879,excluded,site_unknown,0,,,0,0,0,centre of host microbiome interaction; Centre of Host Microbiome Interaction,False,True,True
PRJEB59709,excluded,age_adult_only,5,Wilson NG,Kau AL,1,1,0,The Washington University School of Medicine,True,True,True
PRJEB59728,included,,7,MacDonald T,Kulkarni K,1,1,0,DALHOUSIE UNIVERSITY,True,True,True
PRJEB59861,excluded,age_adult_only,25,Borgeraas H,Hofsø D,2,0,2,GOTHENBURG UNIVERISITY,True,True,True
PRJEB60702,excluded,age_child_over_36m,0,,,0,0,0,altos labs; Altos Labs,False,True,True
PRJEB61039,excluded,age_child_over_36m,0,,,0,0,0,Hospital Dr. Luis Calvo Mackenna,False,True,True
PRJEB62041,included,,9,Cunningham-Oakes E,Parker EPK,1,1,0,UNIVERSITY OF LIVERPOOL,True,True,True
PRJEB62473,excluded,age_unknown_no_evidence,0,,,0,0,0,UNIVERSITY OF LIVERPOOL,False,True,True
PRJEB63183,included,,11,Cho S,Lin W,1,1,0,university of north carolina at chapel hill; University of North Carolina at Chapel Hill,True,True,True
PRJEB6358,excluded,age_adult_only,0,,,0,0,0,WASHINGTON UNIVERSITY CENTER FOR GENOME SCIENCES,False,True,True
PRJEB63587,excluded,age_child_over_36m,0,,,0,0,0,WASHINGTON UNIVERSITY CENTER FOR GENOME SCIENCES,False,True,True
PRJEB64004,excluded,assay_amplicon_misfiled,0,,,0,0,0,Wellcome Sanger Institute,False,True,True
PRJEB64269,excluded,assay_amplicon_misfiled,0,,,0,0,0,Wellcome Sanger Institute,False,True,True
PRJEB6456,included,,273,Taft DH,Mills DA,32,31,1,Beijing Genome Institute,True,True,True
PRJEB64621,excluded,age_adult_only,0,,,0,0,0,Netherlands Donor Feces Bank,False,True,True
PRJEB66224,excluded,host_environmental,0,,,0,0,0,Free University of Bolzano,False,True,True
PRJEB66343,excluded,age_unknown_no_evidence,0,,,0,0,0,cima lab diagnostics; Cima Lab Diagnostics,False,True,True
PRJEB66487,excluded,age_child_over_36m,0,,,0,0,0,WASHINGTON UNIVERSITY CENTER FOR GENOME SCIENCES,False,True,True
PRJEB66728,included,,4,Pucci N,Mende DR,1,1,0,amsterdam university medical center - location amc; Amsterdam University Medical Center - Location AMC,True,True,True
PRJEB67291,excluded,site_unknown,0,,,0,0,0,zhongshan people's hospital; Zhongshan People's Hospital,False,True,True
PRJEB67450,excluded,age_adult_only,0,,,0,0,0,iCarbonX,False,True,True
PRJEB67451,excluded,site_unknown,0,,,0,0,0,Technical University of Munich,False,True,True
PRJEB67633,excluded,age_child_over_36m,0,,,0,0,0,the First Affiliated Hospital of Xiamen University,False,True,True
PRJEB67995,excluded,site_excluded,0,,,0,0,0,inselspital ophthalmology; Inselspital Ophthalmology,False,True,True
PRJEB7112,excluded,age_unknown_no_evidence,0,,,0,0,0,WEIZMANN INSTITUE OF SCIENCE,False,True,True
PRJEB71847,excluded,assay_amplicon,10,Cabrera-Rubio R,García-García ML,1,1,0,Institute of Agrochemistry and Food Technology - National Research Council (IATA-CSIC),True,True,True
PRJEB7248,excluded,site_excluded,0,,,0,0,0,University of Warwick,False,True,True
PRJEB73816,excluded,site_excluded,0,,,0,0,0,"Institute of Human Genetics and Pathology, University Hospital Basel; Institute of Human Genetics and Pathology",False,True,True
PRJEB73820,excluded,age_child_over_36m,0,,,0,0,0,medical university of innsbruck; Medical University of Innsbruck,False,True,True
PRJEB7390,excluded,site_excluded,0,,,0,0,0,Instituto de Biotecnologia-UNAM,False,True,True
PRJEB7391,excluded,site_excluded,0,,,0,0,0,Instituto de Biotecnologia-UNAM,False,True,True
PRJEB74035,excluded,age_adult_only,0,,,0,0,0,Leiden University Medical Center,False,True,True
PRJEB74322,included,,18,Selma-Royo M,Collado MC,2,2,0,Centre for Integrative Biology,True,True,True
PRJEB74747,included,,0,,,0,0,0,"University of Copenhagen, Departement of Food Science",False,True,True
PRJEB76591,excluded,assay_isolate_genome,0,,,0,0,0,"University of Oxford, Oxford, England, UK; University of Oxford",False,True,True
PRJEB76666,excluded,age_adult_only,0,,,0,0,0,European Molecular Biology Laboratory,False,True,True
PRJEB76667,excluded,age_adult_only,0,,,0,0,0,European Molecular Biology Laboratory,False,True,True
PRJEB76668,excluded,age_adult_only,0,,,0,0,0,European Molecular Biology Laboratory,False,True,True
PRJEB76678,excluded,age_maternal_only,0,,,0,0,0,Wellcome Sanger Institute,False,True,True
PRJEB76913,included,,7,Renk H,Peter S,1,1,0,UNIVERSITY HOSPITAL TUEBINGEN,True,True,True
PRJEB77202,included,,0,,,0,0,0,APC Microbiome Ireland,False,True,True
PRJEB77729,included,,14,Neumann CJ,Moissl-Eichinger C,1,1,0,MEDICAL UNIVERSITY GRAZ,True,True,True
PRJEB81697,excluded,age_child_over_36m,0,,,0,0,0,European Molecular Biology Laboratory,False,True,True
PRJEB81698,excluded,age_adult_only,0,,,0,0,0,European Molecular Biology Laboratory,False,True,True
PRJEB8201,excluded,age_child_over_36m,0,,,0,0,0,WRIGHT STATE UNIVERSITY,False,True,True
PRJEB82926,included,,11,Coates N,Facey PD,1,1,0,cultech ltd; Cultech Ltd,True,True,True
PRJEB83236,included,,29,Freitas AC,Roth DE,1,1,0,University of California San Diego Microbiome Initiative,True,True,True
PRJEB83552,included,,0,,,0,0,0,University of California San Diego Microbiome Initiative,False,True,True
PRJEB84376,included,,0,,,0,0,0,University of Helsinki,False,True,True
PRJEB84421,excluded,age_child_over_36m,0,,,0,0,0,University of Helsinki,False,True,True
PRJEB84944,included,,18,Chatzigiannidou I,Brix S,1,1,0,Technical University of Denmark,True,True,True
PRJEB84956,excluded,site_unknown,0,,,0,0,0,globe institute; Globe Institute,False,True,True
PRJEB86033,excluded,site_excluded,0,,,0,0,0,University of California San Diego Microbiome Initiative,False,True,True
PRJEB87209,included,,20,Harrison LC,ENDIA Study Group Consortium,1,1,0,genomes for australian plants; Genomes for Australian Plants,True,True,True
PRJEB89261,excluded,assay_other_nonshotgun,0,,,0,0,0,"Bambino Gesu Paediatric Hospital, Rome; Bambino Gesu Paediatric Hospital",False,True,True
PRJEB89491,included,,8,Dikareva E,Penders J,1,1,0,Maastricht University Medical Center+,True,True,True
PRJEB9169,excluded,host_nonhuman,0,,,0,0,0,Center for Genome Sciences & Systems Biology,False,True,True
PRJEB9403,included,,0,,,0,0,0,Wellcome Sanger Institute,False,True,True
PRJEB94155,excluded,age_child_over_36m,0,,,0,0,0,University Medical Centre Untrecht,False,True,True
PRJEB95138,excluded,age_adult_only,0,,,0,0,0,"novo nordisk foundation center for basic metabolic research, university of copenhagen; Novo Nordisk Foundation Center for Basic Metabolic Research, University of Copenhagen",False,True,True
PRJEB9703,excluded,host_nonhuman,0,,,0,0,0,Center for Genome Sciences & Systems Biology,False,True,True
PRJEB97976,included,,15,So Y,Abou Hachem M,1,1,0,Technical University of Denmark,True,True,True
PRJEB9818,included,,11,Reyes A,Gordon JI,1,0,1,Washington University in Saint Louis,True,True,True
PRJNA1004651,excluded,age_adult_only,0,,,0,0,0,Marine Biological Laboratory,False,True,True
PRJNA1004858,excluded,age_adult_only,0,,,0,0,0,Sichuan University,False,True,True
PRJNA1005814,excluded,site_excluded,0,,,0,0,0,Children's Hospital of Hebei Province,False,True,True
PRJNA1011235,excluded,age_adult_only,0,,,0,0,0,"University Hospital Frankfurt, Goethe University Frankfurt",False,True,True
PRJNA1011537,excluded,age_adult_only,0,,,0,0,0,The University of Hong Kong,False,True,True
PRJNA1013552,excluded,site_excluded,0,,,0,0,0,Kibong'oto Infectious Diseases Hospital,False,True,True
PRJNA1015704,included,,14,Hayden HS,Sanders DB,1,1,1,University of Washington,True,True,True
PRJNA1019500,excluded,site_excluded,20,Rajeev S,Runa J,2,0,2,Dhulikhel Hospital Kathmandu University Hospital,True,True,True
PRJNA1019702,included,,27,Johnson KE,Blekhman R,4,4,0,University of Minnesota,True,True,True
PRJNA1025016,excluded,age_adult_only,0,,,0,0,0,UMASS Chan Medical School,False,True,True
PRJNA1029046,included,,0,,,0,0,0,San Pablo CEU University,False,True,True
PRJNA1029161,excluded,assay_other_nonshotgun,0,,,0,0,0,Greninger,False,True,True
PRJNA1030906,excluded,age_adult_only,0,,,0,0,0,UNIVERSITY OF CINCINNATI,False,True,True
PRJNA1030952,excluded,age_unknown_no_evidence,0,,,0,0,0,"bitBiome, Inc.",False,True,True
PRJNA1031168,excluded,site_excluded,0,,,0,0,0,Pennsylvania State University,False,True,True
PRJNA1031773,included,,25,Zhang L,Ng SC,1,1,0,CUHK,True,True,True
PRJNA1032744,excluded,age_child_over_36m,0,,,0,0,0,University of California Los Angeles,False,True,True
PRJNA1036300,excluded,host_nonhuman,0,,,0,0,0,"The Third Xiangya Hospital, Central South University",False,True,True
PRJNA1036630,excluded,site_excluded,0,,,0,0,0,Karolinska Institutet,False,True,True
PRJNA1042647,included,,59,Soto Ocaña J,Zackular JP,4,3,1,Children's Hospital of Philadelphia,True,True,True
PRJNA1042914,excluded,assay_isolate_genome,0,,,0,0,0,University of Putra Malaysia,False,True,True
PRJNA1045584,included,,15,Maqsood R,Lim ES,1,1,1,Arizona State University,True,True,True
PRJNA1049442,excluded,site_excluded,0,,,0,0,0,Duke University,False,True,True
PRJNA1049511,included,,0,,,0,0,0,The Chinese University of Hong Kong,False,True,True
PRJNA1052614,excluded,site_excluded,0,,,0,0,0,University of Parma,False,True,True
PRJNA1055141,included,,16,van Tilburg Bernardes E,Arrieta MC,1,1,0,University of Calgary,True,True,True
PRJNA1056831,included,,8,Lee CS,Chen HL,1,1,1,National Taiwan University Children's Hospital,True,True,True
PRJNA1058125,excluded,site_excluded,0,,,0,0,0,Tianjin Medical University General Hospital,False,True,True
PRJNA1058145,excluded,site_excluded,0,,,0,0,0,Tianjin Medical University General Hospital,False,True,True
PRJNA1059147,excluded,site_excluded,0,,,0,0,0,"Shanghai Tenth People's Hospital, Tongji University School of Medicine",False,True,True
PRJNA1060633,excluded,age_adult_only,0,,,0,0,0,Sun Yat-Sen University,False,True,True
PRJNA1062322,included,,0,,,0,0,0,Baylor College of Medicine,False,True,True
PRJNA1065277,included,,6,Shi X,Sun Z,1,1,0,Inner Mongolia Agricultural University,True,True,True
PRJNA1066815,excluded,site_excluded,11,Goya S,Greninger AL,1,0,1,Greninger,True,True,True
PRJNA1067625,included,,0,,,0,0,0,University of Washington,False,True,True
PRJNA1068646,excluded,age_adult_only,0,,,0,0,0,Instituto Nacional de Enfermedades Respiratorias,False,True,True
PRJNA1076911,included,,6,Leech SM,Dekker Nitert M,1,1,0,The University of Queensland,True,True,True
PRJNA1077985,excluded,assay_other_nonshotgun,0,,,0,0,0,Arizona State University,False,True,True
PRJNA1078389,excluded,site_excluded,0,,,0,0,0,Arizona State University,False,True,True
PRJNA1078999,excluded,assay_other_nonshotgun,0,,,0,0,0,"Agricultural Genomics Institute at Shenzhen, Chinese Academy of Agricultural Sciences",False,True,True
PRJNA1080077,excluded,age_adult_only,0,,,0,0,0,Jiangnan University,False,True,True
PRJNA1080233,excluded,site_excluded,18,Macowan M,Marsland BJ,1,0,1,Monash University; Breathing Together,True,True,True
PRJNA1080518,excluded,age_unknown_no_evidence,0,,,0,0,0,Quadram Institute Bioscience,False,True,True
PRJNA1083633,excluded,assay_isolate_genome,0,,,0,0,0,Greninger,False,True,True
PRJNA1085219,included,,3,Trosvik P,de Muinck EJ,1,1,0,University of Oslo,True,True,True
PRJNA1086504,excluded,site_excluded,5,Berman HL,Callahan BJ,1,1,0,NC State University,True,True,True
PRJNA1086532,included,,0,,,0,0,0,Vanderbilt University Medical Center,False,True,True
PRJNA1086671,excluded,age_child_over_36m,0,,,0,0,0,Nanjing Medical University,False,True,True
PRJNA1086674,included,,13,Schulkers Escalante K,Leibel SL,1,1,0,University of California San Diego,True,True,True
PRJNA1086951,excluded,age_adult_only,0,,,0,0,0,Rush University Medical Center,False,True,True
PRJNA1087376,included,,0,,,0,0,0,"The University of Auckland, New Zealand; Wellcome Leap",False,True,True
PRJNA1088414,excluded,age_adult_only,0,,,0,0,0,FISABIO,False,True,True
PRJNA1088546,excluded,age_adult_only,0,,,0,0,0,RashidiLab,False,True,True
PRJNA1094919,excluded,site_excluded,0,,,0,0,0,Beijing Pediatric Research Institute,False,True,True
PRJNA1095378,included,,7,Ojeda A,Roesch LFW,1,1,0,University of Florida,True,True,True
PRJNA1095563,excluded,site_excluded,0,,,0,0,0,Stanford University,False,True,True
PRJNA1096289,excluded,age_child_over_36m,0,,,0,0,0,Indiana University,False,True,True
PRJNA1099236,excluded,age_maternal_only,0,,,0,0,0,Wayne State University,False,True,True
PRJNA1099407,excluded,age_unknown_no_evidence,0,,,0,0,0,Shanghai general hosipital,False,True,True
PRJNA1100237,excluded,host_nonhuman,0,,,0,0,0,Northeast Agricultural University,False,True,True
PRJNA1102671,included,,0,,,0,0,0,"University of the Free State, Bloemfontein",False,True,True
PRJNA1106565,included,,33,Soto Ocaña J,Zackular JP,3,3,0,Children's Hospital of Philadelphia,True,True,True
PRJNA1108688,excluded,site_excluded,0,,,0,0,0,the Jackson Laboratory,False,True,True
PRJNA1110763,excluded,site_excluded,31,Moline HL,New Vaccine Surveillance Network Collaborators,1,0,1,Baylor College of Medicine,True,True,True
PRJNA1112760,included,,10,Seki D,Berry D,1,1,0,Joint Microbiome Facility; Joint Microbiome Facility of the Medical University of Vienna and the University of Vienna,True,True,True
PRJNA1113165,included,,20,Deng L,Dailey-Chwalibóg T,1,1,0,Ghent University,True,True,True
PRJNA1122128,excluded,age_unknown_no_evidence,0,,,0,0,0,Broad Institute,False,True,True
PRJNA1122782,excluded,age_child_over_36m,0,,,0,0,0,Weill Cornell Medicine,False,True,True
PRJNA1128111,excluded,age_adult_only,0,,,0,0,0,Texas A&M University,False,True,True
PRJNA1128723,included,,47,Fahur Bottino G,Klepac-Ceraj V,3,3,0,Vanja Klepac-Ceraj; Khula,True,True,True
PRJNA1130109,included,,10,Vallès Y,Abdulle A,1,1,0,New York University,True,True,True
PRJNA1134889,excluded,site_excluded,0,,,0,0,0,Sichuan University,False,True,True
PRJNA1137832,excluded,age_child_over_36m,0,,,0,0,0,Makerere University,False,True,True
PRJNA1138246,included,,9,Nadimpalli ML,Pajuelo MJ,1,1,0,Emory University,True,True,True
PRJNA1138254,excluded,site_unknown,0,,,0,0,0,University of Birmingham,False,True,True
PRJNA1138429,excluded,age_adult_only,0,,,0,0,0,Johns Hopkins University,False,True,True
PRJNA1138771,excluded,site_excluded,0,,,0,0,0,The Affiliated Women and Children's Hospital of Ningbo University,False,True,True
PRJNA1139951,included,,0,,,0,0,1,Salk,False,True,True
PRJNA1140720,included,,13,Ricci L,Segata N,1,1,0,University of Trento,True,True,True
PRJNA1142935,excluded,age_maternal_only,0,,,0,0,0,Peking University First Hospital,False,True,True
PRJNA1143669,included,,11,Byrne A,Nyangahu DD,1,1,0,Seattle Children's Research Institute,True,True,True
PRJNA1145027,included,,26,Soto Ocaña J,Zackular JP,2,2,0,Children's Hospital of Philadelphia,True,True,True
PRJNA1147140,excluded,age_maternal_only,0,,,0,0,0,Faculty of Pharmacy Suez Canal University,False,True,True
PRJNA1148144,included,,18,DeVeaux AL,Schwartz DJ,2,2,1,Washington University in St. Louis,True,True,True
PRJNA1151239,excluded,age_child_over_36m,0,,,0,0,0,Fudan University,False,True,True
PRJNA1154644,included,,0,,,0,0,0,Fred Hutch Cancer Center,False,True,True
PRJNA1155131,excluded,site_excluded,0,,,0,0,0,"Stomatological Hospital, School of Stomatology, Southern Medical University",False,True,True
PRJNA1156362,excluded,assay_other_nonshotgun,5,Lambisia AW,Houldcroft CJ,1,0,1,"KEMRI-WELLCOME TRUST, KILIFI, Kenya",True,True,True
PRJNA1157208,excluded,age_child_over_36m,0,,,0,0,0,Columbia University Medical Center,False,True,True
PRJNA1159006,excluded,age_adult_only,0,,,0,0,0,Instituto Ramon y Cajal de Investigacion Sanitaria,False,True,True
PRJNA1159478,excluded,site_excluded,0,,,0,0,0,Yonsei University College of Medicine,False,True,True
PRJNA1160256,included,,11,Lemons JMS,Van den Abbeele P,3,1,3,United States Department of Agriculture - ARS,True,True,True
PRJNA1160849,excluded,age_child_over_36m,0,,,0,0,0,University of Alberta,False,True,True
PRJNA1162089,excluded,site_excluded,31,Che Y,Kong HH,1,0,1,National Institute of Arthritis and Musculoskeletal and Skin Diseases,True,True,True
PRJNA1168594,excluded,site_excluded,0,,,0,0,0,JACKSON LABORATORY,False,True,True
PRJNA1169661,included,,0,,,0,0,0,Teagasc,False,True,True
PRJNA1173239,excluded,age_unknown_no_evidence,17,Ren X,Palmer LD,1,1,0,Children's Hospital of Philadelphia,True,True,True
PRJNA1177601,excluded,site_excluded,0,,,0,0,0,Beihang University,False,True,True
PRJNA1179925,excluded,age_maternal_only,0,,,0,0,0,University of Maryland Baltimore,False,True,True
PRJNA1185420,excluded,site_excluded,0,,,0,0,0,"Children's Hospital, Zhejiang University School of Medicine",False,True,True
PRJNA1185841,excluded,site_excluded,6,Leech SM,Nitert MD,1,1,0,The University of Queensland,True,True,True
PRJNA1189459,included,,0,,,0,0,0,University college cork,False,True,True
PRJNA1189516,excluded,age_maternal_only,0,,,0,0,0,University college cork,False,True,True
PRJNA1191223,included,,13,Kiu R,Hall LJ,1,1,0,University of Birmingham,True,True,True
PRJNA1195013,included,,0,,,0,0,0,El Colegio de la Frontera Sur,False,True,True
PRJNA1195114,excluded,assay_other_nonshotgun,30,Bhamidipati SV,Doddapaneni H,1,0,1,Alkek Center for Metagenomics and Microbiome Research; Texas Medical Center Genomic Center for Infectious Diseases (TMC GCID),True,True,True
PRJNA1195144,excluded,site_excluded,37,Bhamidipati SV,Doddapaneni H,2,0,2,Alkek Center for Metagenomics and Microbiome Research; Texas Medical Center Genomic Center for Infectious Diseases (TMC GCID),True,True,True
PRJNA1197679,excluded,assay_isolate_genome,0,,,0,0,0,Zhejiang Provincial Peoples Hospital,False,True,True
PRJNA1198490,excluded,site_excluded,0,,,0,0,0,Great Ormond Street Hospital for Children NHS Foundation Trust,False,True,True
PRJNA1199756,excluded,age_adult_only,0,,,0,0,0,University of Groningen,False,True,True
PRJNA1203651,excluded,age_adult_only,0,,,0,0,0,Stanford University,False,True,True
PRJNA1206145,included,,13,Nieto PA,Sukhum KV,1,1,0,"Seeding Inc, doing business as Tiny Health",True,True,True
PRJNA1207520,excluded,assay_other_nonshotgun,0,,,0,0,0,KU Leuven,False,True,True
PRJNA1210785,excluded,age_adult_only,0,,,0,0,0,Lanzhou University,False,True,True
PRJNA1212336,excluded,age_adult_only,0,,,0,0,0,University of Naples Federico II,False,True,True
PRJNA1215817,excluded,age_adult_only,0,,,0,0,0,the first affiliated hospital of zhengzhou university,False,True,True
PRJNA1216061,excluded,site_excluded,0,,,0,0,0,Henri Mondor Hospital - APHP,False,True,True
PRJNA1217583,included,,10,Meiirmanova Z,Kozhakhmetov S,1,1,0,"Center for Life Sciences, National Laboratory Astana",True,True,True
PRJNA1218764,excluded,age_unknown_no_evidence,0,,,0,0,0,St. Olavs University Hospital,False,True,True
PRJNA1219095,excluded,site_excluded,0,,,0,0,0,University of Sao Paulo,False,True,True
PRJNA1219131,excluded,assay_other_nonshotgun,0,,,0,0,0,Unicamp,False,True,True
PRJNA1219209,excluded,age_unknown_no_evidence,0,,,0,0,0,"University of Nevada, Reno",False,True,True
PRJNA1219367,excluded,age_adult_only,0,,,0,0,0,IMIBIC,False,True,True
PRJNA1219628,excluded,age_adult_only,0,,,0,0,0,University of Toronto,False,True,True
PRJNA1220173,excluded,age_adult_only,0,,,0,0,0,McMaster University,False,True,True
PRJNA1221067,excluded,site_excluded,0,,,0,0,0,"Genskey Medical Technology Co., Ltd, Beijing, China",False,True,True
PRJNA1222100,excluded,assay_other_nonshotgun,0,,,0,0,0,"CapitalBio Technology Co., Ltd.",False,True,True
PRJNA1222148,excluded,age_adult_only,0,,,0,0,0,Dongguk University,False,True,True
PRJNA1222487,included,,9,Nunez H,Sukhum KV,1,1,0,"Seeding Inc, doing business as Tiny Health",True,True,True
PRJNA1223483,excluded,site_excluded,0,,,0,0,0,McMaster University,False,True,True
PRJNA1223632,excluded,site_excluded,0,,,0,0,0,Xiamen University,False,True,True
PRJNA1224245,excluded,site_excluded,0,,,0,0,0,Institute of Tropical Medicine of Faculdade de Medicina of Universidade de Sao Paulo,False,True,True
PRJNA1224409,excluded,host_nonhuman,0,,,0,0,0,Northwest A&F University,False,True,True
PRJNA1224417,excluded,site_unknown,0,,,0,0,0,"School of Medicine, The Chinese University of Hong Kong, Shenzhen",False,True,True
PRJNA1224438,excluded,site_excluded,0,,,0,0,0,University of Maryland Baltimore; Vaginal Microbiome Research Consortium,False,True,True
PRJNA1224737,excluded,assay_amplicon,0,,,0,0,0,Wenzhou Medical University,False,True,True
PRJNA1224809,excluded,age_unknown_no_evidence,0,,,0,0,0,Stanford University,False,True,True
PRJNA1225188,excluded,age_adult_only,0,,,0,0,0,DSM-Firmenich,False,True,True
PRJNA1225217,excluded,age_adult_only,0,,,0,0,0,The Second Hospital of Jilin University,False,True,True
PRJNA1226527,excluded,assay_other_nonshotgun,0,,,0,0,0,Uppsala University,False,True,True
PRJNA1226574,excluded,age_child_over_36m,0,,,0,0,0,University of Bologna,False,True,True
PRJNA1226738,excluded,age_adult_only,0,,,0,0,0,Yonsei University,False,True,True
PRJNA1226748,excluded,age_child_over_36m,0,,,0,0,0,Xi'an Jiaotong University Health Science Center,False,True,True
PRJNA1227282,excluded,site_excluded,0,,,0,0,0,Anhui Provincial Children Hospital,False,True,True
PRJNA1227883,included,,20,Samarra A,Collado MC,2,1,1,"Institute of Agrochemistry and Food Technology, National Spanish Research Council",True,True,True
PRJNA1227979,excluded,age_child_over_36m,0,,,0,0,0,Shanghai Sixth Peoples Hospital Affiliated to Shanghai Jiao Tong University School of Medicine,False,True,True
PRJNA1228522,excluded,site_unknown,0,,,0,0,0,The First People's Hospital of Yunnan Province,False,True,True
PRJNA1229669,excluded,age_adult_only,0,,,0,0,0,CJ Bioscience.inc,False,True,True
PRJNA1233922,included,,0,,,0,0,0,The Second Nanning People's Hospital,False,True,True
PRJNA1235679,excluded,age_adult_only,0,,,0,0,0,Harvard Microbiome Analysis Core,False,True,True
PRJNA1237910,excluded,age_maternal_only,0,,,0,0,0,Nanjing Medical University,False,True,True
PRJNA1238458,excluded,assay_amplicon_misfiled,9,Xiang Y,Hong L,1,1,0,Children's Hospital of Fudan University,True,True,True
PRJNA1247940,excluded,age_maternal_only,0,,,0,0,0,Indiana University Bloomington,False,True,True
PRJNA1249224,excluded,age_adult_only,0,,,0,0,0,Swiss Tropical and Public Health Institute,False,True,True
PRJNA1249463,excluded,assay_other_nonshotgun,0,,,0,0,0,Redeemers University,False,True,True
PRJNA1256207,excluded,site_excluded,0,,,0,0,0,The First Affiliated Hospital of Chengdu Medical College,False,True,True
PRJNA1260751,included,,13,Corona-Cervantes K,Licona-Cassani C,1,1,0,TECNOLOGICO DE MONTERREY,True,True,True
PRJNA1261487,excluded,assay_other_nonshotgun,0,,,0,0,0,Jiangnan university,False,True,True
PRJNA1261967,excluded,age_child_over_36m,0,,,0,0,0,University of California San Francisco,False,True,True
PRJNA1265906,excluded,age_unknown_no_evidence,0,,,0,0,0,The Hebrew University of Jerusalem,False,True,True
PRJNA1268178,excluded,age_adult_only,0,,,0,0,0,University of Auckland,False,True,True
PRJNA1271068,excluded,assay_isolate_genome,0,,,0,0,0,Children's Hospital of Philadelphia,False,True,True
PRJNA1274164,excluded,age_child_over_36m,0,,,0,0,0,The Chinese University of Hong Kong,False,True,True
PRJNA1274175,excluded,age_adult_only,0,,,0,0,0,Fudan University,False,True,True
PRJNA1275869,excluded,age_child_over_36m,6,Kirsche L,Müller A,1,1,0,University Zurich,True,True,True
PRJNA1276709,excluded,site_excluded,0,,,0,0,0,Zhejiang University,False,True,True
PRJNA1281554,excluded,age_adult_only,0,,,0,0,0,University of South Florida,False,True,True
PRJNA1288153,excluded,assay_other_nonshotgun,0,,,0,0,0,"Institute of Biology, Vietnam Academy of Science and",False,True,True
PRJNA1288376,excluded,site_excluded,0,,,0,0,0,CNRS,False,True,True
PRJNA1289159,excluded,site_excluded,0,,,0,0,0,Georgia Institute of Technology,False,True,True
PRJNA1289847,excluded,age_adult_only,0,,,0,0,0,Centre de recherche du Centre Hospitalier de l'Universite de Montreal (CRCHUM),False,True,True
PRJNA1290379,included,,8,Perdue TJ,Monaco CL,1,1,1,University of Rochester,True,True,True
PRJNA1294861,excluded,assay_isolate_genome,0,,,0,0,0,Alkek Center for Metagenomics and Microbiome Research; Texas Medical Center Genomic Center for Infectious Diseases (TMC GCID),False,True,True
PRJNA1299746,excluded,site_excluded,0,,,0,0,0,Henry Ford Health System,False,True,True
PRJNA1301847,excluded,site_excluded,0,,,0,0,0,University of Minnesota,False,True,True
PRJNA1304237,included,,5,Devarajalu P,Kabeerdoss J,1,1,0,Postgraduate Institute of Medical Education and Research (PGIMER),True,True,True
PRJNA1305341,included,,10,Bargheet A,Pettersen VK,1,1,0,The Arctic University of Norway,True,True,True
PRJNA1305663,excluded,age_unknown_no_evidence,0,,,0,0,0,"Zhejiang University,The First Affiliated Hospital, College of Medicine",False,True,True
PRJNA1306676,excluded,assay_amplicon,0,,,0,0,0,University of Massachusetts Medical School,False,True,True
PRJNA1309855,excluded,age_adult_only,0,,,0,0,0,Huazhong University of Science and Technology,False,True,True
PRJNA1312123,included,,8,Moriel N,Yassour M,1,1,0,Hebrew University of Jerusalem,True,True,True
PRJNA1312828,excluded,age_maternal_only,0,,,0,0,0,University of Maryland Baltimore,False,True,True
PRJNA1314419,excluded,assay_isolate_genome,0,,,0,0,0,The Second Affiliated Hospital of Nanjing Medical University,False,True,True
PRJNA1314731,excluded,assay_other_nonshotgun,0,,,0,0,0,KCMC University,False,True,True
PRJNA1320699,included,,14,Bu K,Clemente JC,1,1,1,Icahn School of Medicine at Mount Sinai,True,True,True
PRJNA1322369,excluded,assay_other_nonshotgun,0,,,0,0,0,The Affiliated Hospital of Jiangsu University,False,True,True
PRJNA1328163,excluded,assay_amplicon,0,,,0,0,0,Xinhua Hospital Affiliated to Shanghai Jiao Tong University School of Medicine,False,True,True
PRJNA1328405,excluded,site_excluded,0,,,0,0,0,"Shenzhen Stomatology Hospital (Pingshan), Southern Medical University",False,True,True
PRJNA1337172,included,,0,,,0,0,0,University of Oslo,False,True,True
PRJNA1338211,excluded,site_excluded,0,,,0,0,0,Karolinska Institutet,False,True,True
PRJNA1344899,excluded,age_child_over_36m,0,,,0,0,0,Inner Mongolia Agricultural University,False,True,True
PRJNA1345363,excluded,site_excluded,0,,,0,0,0,Emory University,False,True,True
PRJNA1345963,excluded,age_child_over_36m,6,Kirsche L,Müller A,1,1,0,University Zurich,True,True,True
PRJNA1348516,included,,0,,,0,0,0,North Carolina A&T State University; Children's Hospital Los Angeles,False,True,True
PRJNA1355199,excluded,site_excluded,0,,,0,0,0,Henri Mondor Hospital - APHP,False,True,True
PRJNA1356513,excluded,age_adult_only,0,,,0,0,0,UMass Chan Medical School,False,True,True
PRJNA1358388,excluded,host_nonhuman,0,,,0,0,0,China Agricultural University,False,True,True
PRJNA1364313,included,,6,Xu Y,Haslam DB,1,0,1,Cincinnati Childrens Hospital,True,True,True
PRJNA1370643,human_review,,0,,,0,0,0,Lanzhou University Second Hospital,False,True,True
PRJNA1370667,excluded,age_unknown_no_evidence,0,,,0,0,0,University of British Columbia Okanagan,False,True,True
PRJNA1374062,excluded,age_unknown_no_evidence,0,,,0,0,0,University of Trento,False,True,True
PRJNA1378533,excluded,age_adult_only,0,,,0,0,0,SANPROBI sp. z o.o. sp. k.,False,True,True
PRJNA1378986,included,,0,,,0,0,0,NHGRI/NIH,False,True,True
PRJNA1379526,excluded,site_excluded,0,,,0,0,0,Southern University of Science and Technology,False,True,True
PRJNA1390888,excluded,age_adult_only,24,Babdor J,Spitzer MH,1,0,1,"Fragiadakis lab, CoLabs, University of California San Francisco",True,True,True
PRJNA1391352,excluded,assay_other_nonshotgun,0,,,0,0,0,Henri Mondor University Hospital - APHP,False,True,True
PRJNA1391538,excluded,age_child_over_36m,0,,,0,0,0,St. Jude Children's Research Hospital,False,True,True
PRJNA1392013,excluded,site_excluded,0,,,0,0,0,"Inselspital, Bern University Hospital",False,True,True
PRJNA1395144,excluded,site_excluded,0,,,0,0,0,University of Rochester,False,True,True
PRJNA1404669,excluded,age_adult_only,0,,,0,0,0,University of Colorado Anschutz,False,True,True
PRJNA1413407,included,,0,,,0,0,0,Baylor College of Medicine,False,True,True
PRJNA1414141,included,,0,,,0,0,0,Children's Hospital of Soochow University,False,True,True
PRJNA1424541,excluded,assay_rna,25,Ibañez-Lligoña M,Quer J,1,1,0,Vall d'Hebron Institute of Research,True,True,True
PRJNA1428929,included,,16,Tian YP,Lv ZH,1,1,0,Shenzhen Longgang District Maternity & Child Healthcare Hospital,True,True,True
PRJNA1429309,excluded,age_adult_only,0,,,0,0,0,University of Minnesota,False,True,True
PRJNA1430400,excluded,age_unknown_no_evidence,0,,,0,0,0,Hajirasouliha Laboratory,False,True,True
PRJNA1452547,included,,8,Parkin K,Martino D,1,1,0,The Kids Research Institute Australia,True,True,True
PRJNA1452619,included,,0,,,0,0,0,All India Institute of Medical Sciences-Bhubaneswar,False,True,True
PRJNA1453162,excluded,site_excluded,0,,,0,0,0,Johns Hopkins University School of Medicine,False,True,True
PRJNA1455169,excluded,age_child_over_36m,0,,,0,0,0,UNER,False,True,True
PRJNA1455986,excluded,site_excluded,0,,,0,0,0,University of Kwazulu-Natal,False,True,True
PRJNA1457452,excluded,site_excluded,0,,,0,0,0,Southeast University,False,True,True
PRJNA1460434,excluded,assay_other_nonshotgun,0,,,0,0,0,The Rockefeller University,False,True,True
PRJNA1462495,excluded,site_excluded,0,,,0,0,0,Dian Diagnostics Group Co.,False,True,True
PRJNA1464958,excluded,site_excluded,0,,,0,0,0,GDPU,False,True,True
PRJNA1468588,excluded,age_adult_only,4,Sommer AJ,Aby ES,1,0,1,University of Minnesota,True,True,True
PRJNA1472545,excluded,site_excluded,0,,,0,0,0,Greater Romagna Hub Laboratory,False,True,True
PRJNA1473608,excluded,site_excluded,0,,,0,0,0,"Central India Institute of Medical Sciences, Nagpur",False,True,True
PRJNA1476247,included,,0,,,0,0,0,University of California Berkeley,False,True,True
PRJNA1477482,excluded,age_unknown_no_evidence,4,Liu L,Firrman J,1,0,1,United States Department of Agriculture - ARS,True,True,True
PRJNA1478085,excluded,site_excluded,0,,,0,0,0,Inner Mongolia Normal University,False,True,True
PRJNA1478410,excluded,site_excluded,0,,,0,0,0,CSIR-National Environmental Engineering Research Institute,False,True,True
PRJNA1479973,excluded,age_maternal_only,0,,,0,0,0,University of Tennessee-Knoxville,False,True,True
PRJNA1481258,excluded,site_excluded,0,,,0,0,0,MIT,False,True,True
PRJNA1484494,excluded,age_child_over_36m,0,,,0,0,0,Qilu Hospital of Shandong University,False,True,True
PRJNA1490646,included,,0,,,0,0,0,Michigan State University,False,True,True
PRJNA1497706,excluded,assay_isolate_genome,0,,,0,0,0,Jiaxing Maternity and Child Health Care Hospital,False,True,True
PRJNA1511179,excluded,site_excluded,0,,,0,0,0,All India Institute of Medical Sciences,False,True,True
PRJNA215102,included,,6,Brown CT,Banfield JF,1,1,0,"University of California, Berkeley",True,True,True
PRJNA221644,excluded,assay_other_nonshotgun,0,,,0,0,0,The Genome Institute,False,True,True
PRJNA221723,included,,36,Brooks B,Banfield JF,3,3,1,"University of California, Berkeley",True,True,True
PRJNA231909,included,,82,Pasolli E,Segata N,7,7,1,Broad Institute,True,True,True
PRJNA266569,excluded,assay_isolate_genome,0,,,0,0,0,"University of California, San Francisco",False,True,True
PRJNA272371,included,,60,Oh S,Lee BW,11,11,0,National University of Singapore,True,True,True
PRJNA273761,included,,116,Brooks B,Banfield JF,13,13,0,"Banfield Lab, University of California, Berkeley",True,True,True
PRJNA273884,excluded,assay_other_nonshotgun,0,,,0,0,0,The Genome Institute,False,True,True
PRJNA278085,excluded,site_unknown,0,,,0,0,0,University of Colorado School of Medicine,False,True,True
PRJNA284162,included,,9,Shamash M,Maurice CF,2,2,0,Washington University,True,True,True
PRJNA288562,excluded,age_maternal_only,21,Koo H,Morrow CD,2,1,1,Stanford University School of Medicine,True,True,True
PRJNA290380,included,,156,Majta J,Milanowska K,22,21,1,The Broad Institute,True,True,True
PRJNA292042,excluded,age_maternal_only,0,,,0,0,0,University of South Carolina,False,True,True
PRJNA294119,excluded,age_maternal_only,0,,,0,0,0,"McDonnell Genome Institute, Washington University School of Medicine",False,True,True
PRJNA294605,included,,88,Brooks B,Banfield JF,12,12,1,"Banfield Lab, University of California, Berkeley",True,True,True
PRJNA296814,included,,89,Lundgren SN,Hoen AG,17,17,0,Marine Biological Laboratory,True,True,True
PRJNA298217,excluded,site_excluded,0,,,0,0,0,"University of California, San Francisco",False,True,True
PRJNA301903,included,,119,Thänert R,Warner BW,13,12,1,Washington University in St. Louis,True,True,True
PRJNA30563,excluded,age_unknown_no_evidence,13,Nakamura S,Iida T,1,0,1,Osaka Univ.; Genome Information Research Center,True,True,True
PRJNA309322,excluded,age_child_over_36m,0,,,0,0,0,University of Ottawa,False,True,True
PRJNA312041,included,,12,Guo Y,Qiu X,1,1,0,Guangzhou Women and Children's Medical Center,True,True,True
PRJNA320081,excluded,site_excluded,0,,,0,0,0,Los Alamos National Laboratory,False,True,True
PRJNA322188,included,,142,Wang S,Stanton C,16,16,0,Baylor College of Medicine,True,True,True
PRJNA322324,excluded,age_unknown_no_evidence,68,Ng TF,Nix WA,9,0,10,Centers for Disease Control and Prevention; CDC Division of Viral Diseases - Advanced Molecular Detection,True,True,True
PRJNA322666,excluded,site_excluded,0,,,0,0,0,BSRI,False,True,True
PRJNA324581,excluded,assay_other_nonshotgun,0,,,0,0,0,McDonnell Genome Institute - Washington University School of Medicine,False,True,True
PRJNA327106,included,,108,Olm MR,Banfield JF,12,11,1,,True,False,True
PRJNA328258,excluded,age_unknown_no_evidence,0,,,0,0,0,University of Connecticut Graf Lab,False,True,True
PRJNA339914,included,,127,Asnicar F,Segata N,16,16,0,University of Trento,True,True,True
PRJNA342328,excluded,site_excluded,0,,,0,0,0,Emory University,False,True,True
PRJNA344504,excluded,assay_other_nonshotgun,65,Metsky HC,Sabeti PC,1,0,1,Broad Institute,True,True,True
PRJNA345144,included,,69,Fontana F,Milani C,12,12,0,University of Otago,True,True,True
PRJNA345531,excluded,assay_other_nonshotgun,0,,,0,0,0,"National Institute for Viral Disease Control and Prevention, China CDC",False,True,True
PRJNA345564,excluded,assay_other_nonshotgun,0,,,0,0,0,"National Institute for Viral Disease Control and Prevention, China CDC",False,True,True
PRJNA345587,excluded,assay_other_nonshotgun,0,,,0,0,0,"National Institute for Viral Disease Control and Prevention, China CDC",False,True,True
PRJNA345646,excluded,assay_other_nonshotgun,0,,,0,0,0,"National Institute for Viral Disease Control and Prevention, China CDC",False,True,True
PRJNA345647,excluded,assay_other_nonshotgun,0,,,0,0,0,"National Institute for Viral Disease Control and Prevention, China CDC",False,True,True
PRJNA345648,excluded,assay_other_nonshotgun,0,,,0,0,0,"National Institute for Viral Disease Control and Prevention, China CDC",False,True,True
PRJNA345650,excluded,assay_other_nonshotgun,0,,,0,0,0,"National Institute for Viral Disease Control and Prevention, China CDC",False,True,True
PRJNA345651,excluded,assay_other_nonshotgun,0,,,0,0,0,"National Institute for Viral Disease Control and Prevention, China CDC",False,True,True
PRJNA345652,excluded,assay_other_nonshotgun,0,,,0,0,0,"National Institute for Viral Disease Control and Prevention, China CDC",False,True,True
PRJNA345653,excluded,assay_isolate_genome,0,,,0,0,0,"National Institute for Viral Disease Control and Prevention, China CDC",False,True,True
PRJNA345654,excluded,assay_other_nonshotgun,0,,,0,0,0,"National Institute for Viral Disease Control and Prevention, China CDC",False,True,True
PRJNA345659,excluded,assay_other_nonshotgun,0,,,0,0,0,"National Institute for Viral Disease Control and Prevention, China CDC",False,True,True
PRJNA345660,excluded,assay_other_nonshotgun,0,,,0,0,0,"National Institute for Viral Disease Control and Prevention, China CDC",False,True,True
PRJNA345661,excluded,assay_isolate_genome,0,,,0,0,0,"National Institute for Viral Disease Control and Prevention, China CDC",False,True,True
PRJNA345663,excluded,assay_other_nonshotgun,0,,,0,0,0,"National Institute for Viral Disease Control and Prevention, China CDC",False,True,True
PRJNA345664,excluded,assay_other_nonshotgun,0,,,0,0,0,"National Institute for Viral Disease Control and Prevention, China CDC",False,True,True
PRJNA347260,excluded,assay_other_nonshotgun,0,,,0,0,0,"National Institute for Viral Disease Control and Prevention, China CDC",False,True,True
PRJNA347261,excluded,assay_other_nonshotgun,0,,,0,0,0,"National Institute for Viral Disease Control and Prevention, China CDC",False,True,True
PRJNA347262,excluded,assay_other_nonshotgun,0,,,0,0,0,"National Institute for Viral Disease Control and Prevention, China CDC",False,True,True
PRJNA347263,excluded,assay_other_nonshotgun,0,,,0,0,0,"National Institute for Viral Disease Control and Prevention, China CDC",False,True,True
PRJNA347264,excluded,assay_other_nonshotgun,0,,,0,0,0,"National Institute for Viral Disease Control and Prevention, China CDC",False,True,True
PRJNA347265,excluded,assay_other_nonshotgun,0,,,0,0,0,"National Institute for Viral Disease Control and Prevention, China CDC",False,True,True
PRJNA347266,excluded,assay_other_nonshotgun,0,,,0,0,0,"National Institute for Viral Disease Control and Prevention, China CDC",False,True,True
PRJNA347267,excluded,assay_other_nonshotgun,0,,,0,0,0,"National Institute for Viral Disease Control and Prevention, China CDC",False,True,True
PRJNA347268,excluded,assay_amplicon_misfiled,0,,,0,0,0,"National Institute for Viral Disease Control and Prevention, China CDC",False,True,True
PRJNA347269,excluded,assay_other_nonshotgun,0,,,0,0,0,"National Institute for Viral Disease Control and Prevention, China CDC",False,True,True
PRJNA347270,excluded,assay_other_nonshotgun,0,,,0,0,0,"National Institute for Viral Disease Control and Prevention, China CDC",False,True,True
PRJNA347271,excluded,assay_other_nonshotgun,0,,,0,0,0,"National Institute for Viral Disease Control and Prevention, China CDC",False,True,True
PRJNA347272,excluded,assay_other_nonshotgun,0,,,0,0,0,"National Institute for Viral Disease Control and Prevention, China CDC",False,True,True
PRJNA347273,excluded,assay_other_nonshotgun,0,,,0,0,0,"National Institute for Viral Disease Control and Prevention, China CDC",False,True,True
PRJNA347274,excluded,assay_other_nonshotgun,0,,,0,0,0,"National Institute for Viral Disease Control and Prevention, China CDC",False,True,True
PRJNA347275,excluded,assay_other_nonshotgun,0,,,0,0,0,"National Institute for Viral Disease Control and Prevention, China CDC",False,True,True
PRJNA347276,excluded,assay_other_nonshotgun,0,,,0,0,0,"National Institute for Viral Disease Control and Prevention, China CDC",False,True,True
PRJNA347277,excluded,assay_other_nonshotgun,0,,,0,0,0,"National Institute for Viral Disease Control and Prevention, China CDC",False,True,True
PRJNA347278,excluded,assay_other_nonshotgun,0,,,0,0,0,"National Institute for Viral Disease Control and Prevention, China CDC",False,True,True
PRJNA347279,excluded,assay_other_nonshotgun,0,,,0,0,0,"National Institute for Viral Disease Control and Prevention, China CDC",False,True,True
PRJNA349463,excluded,age_adult_only,8,Winglee K,Gordon-Larsen P,1,0,1,University of North Carolina at Charlotte,True,True,True
PRJNA353598,excluded,assay_other_nonshotgun,14,Zuo T,Ng SC,1,0,1,The chinese university of china,True,True,True
PRJNA353655,excluded,age_adult_only,0,,,0,0,0,University of Chicago,False,True,True
PRJNA362245,excluded,site_excluded,7,Costello EK,Relman DA,2,0,2,"Relman Lab, Stanford University School of Medicine",True,True,True
PRJNA363003,included,,0,,,0,0,0,Nestle Research center,False,True,True
PRJNA376566,included,,118,Brooks B,Banfield JF,14,14,0,,True,False,True
PRJNA379120,included,,124,Wampach L,Wilmes P,17,17,0,Luxembourg Centre for Systems Biomedicine,True,True,True
PRJNA380031,included,,37,Duranti S,Ventura M,2,2,0,University of Parma,True,True,True
PRJNA380159,excluded,age_child_over_36m,0,,,0,0,0,"UNIVERSITY OF CALIFORNIA, SAN FRANCISCO",False,True,True
PRJNA380727,excluded,site_excluded,0,,,0,0,0,Peking University School of Stomatology,False,True,True
PRJNA382011,excluded,age_adult_only,17,Argentini C,Ventura M,1,1,0,"J. CRAIG VENTER INSTITUTE, INC.",True,True,True
PRJNA383868,excluded,site_excluded,21,Gomez A,Nelson KE,3,0,3,J. Craig Venter Institute,True,True,True
PRJNA384716,included,,77,Pärnänen K,Virta M,9,9,0,University of Helsinki,True,True,True
PRJNA385009,excluded,site_excluded,0,,,0,0,0,Stanford University,False,True,True
PRJNA390646,included,,79,Frese SA,Underwood MA,9,9,0,"Evolve Biosystems, Inc",True,True,True
PRJNA396064,excluded,site_excluded,32,Pastrana DV,Buck CB,1,0,1,National Cancer Institute,True,True,True
PRJNA396794,included,,88,Rahman SF,Banfield JF,10,10,0,Jill Banfield's Lab at Berkeley,True,True,True
PRJNA396840,excluded,site_excluded,10,Belstrøm D,Givskov M,1,0,1,NTU,True,True,True
PRJNA400259,excluded,site_excluded,15,Seferovic MD,Aagaard KM,2,2,0,Baylor College of Medicine,True,True,True
PRJNA415207,excluded,assay_other_nonshotgun,0,,,0,0,0,Blood Systems Research Institute,False,True,True
PRJNA415710,excluded,site_excluded,0,,,0,0,0,"Indian Institute of Science Education and Research, Bhopal",False,True,True
PRJNA417343,included,,16,Lugli GA,Ventura M,2,1,1,Jill Banfield's Lab at Berkeley,True,True,True
PRJNA417939,excluded,assay_amplicon,0,,,0,0,0,JCVI,False,True,True
PRJNA421352,excluded,age_child_over_36m,0,,,0,0,0,JCVI,False,True,True
PRJNA421549,excluded,site_excluded,0,,,0,0,0,UMCG,False,True,True
PRJNA422569,included,,33,Milani C,Ventura M,5,5,0,University of Parma,True,True,True
PRJNA431306,excluded,site_excluded,0,,,0,0,0,Broad Institute,False,True,True
PRJNA433393,included,,0,,,0,0,0,Jill Banfield's Lab at Berkeley,False,True,True
PRJNA434331,excluded,age_unknown_no_evidence,0,,,0,0,0,University of Minnesota,False,True,True
PRJNA436562,included,,60,Taft DH,Mills DA,9,9,0,"University of California, Davis",True,True,True
PRJNA438164,excluded,age_child_over_36m,0,,,0,0,0,Keck School of Medicine of the University of Southern California,False,True,True
PRJNA445348,excluded,site_excluded,0,,,0,0,0,CORNELL UNIVERSITY,False,True,True
PRJNA445932,excluded,assay_amplicon,23,Huang S,Yadav H,3,1,2,Charles University in Prague,True,True,True
PRJNA446042,excluded,site_excluded,4,Ramos-Tapia I,Castro-Nallar E,1,0,1,Andres Bello University,True,True,True
PRJNA448135,excluded,site_excluded,0,,,0,0,0,,False,False,True
PRJNA448876,excluded,age_adult_only,0,,,0,0,0,,False,False,False
PRJNA451186,excluded,site_excluded,14,Leiby JS,Bushman FD,1,1,0,University of Pennsylvania,True,True,True
PRJNA451212,excluded,age_maternal_only,0,,,0,0,0,Baylor College of Medicine,False,True,True
PRJNA46337,included,,36,Pammi M,Neu J,2,2,0,Washington University,True,True,True
PRJNA470402,excluded,site_excluded,0,,,0,0,0,Peking University School of Stomatology,False,True,True
PRJNA471730,excluded,age_adult_only,0,,,0,0,0,Jill Banfield's Lab at Berkeley,False,True,True
PRJNA471749,excluded,assay_other_nonshotgun,0,,,0,0,0,Jiangsu University,False,True,True
PRJNA471751,excluded,assay_other_nonshotgun,0,,,0,0,0,Jiangsu University,False,True,True
PRJNA471938,excluded,site_excluded,0,,,0,0,0,Chung-Ang University,False,True,True
PRJNA471988,excluded,assay_other_nonshotgun,0,,,0,0,0,Jiangsu University,False,True,True
PRJNA472006,excluded,site_excluded,0,,,0,0,0,Karolinska Institutet,False,True,True
PRJNA472963,excluded,assay_other_nonshotgun,0,,,0,0,0,Imperial College London,False,True,True
PRJNA473126,included,,195,Baumann-Dudenhoeffer AM,Dantas G,23,23,0,Washington University in St Louis,True,True,True
PRJNA473348,excluded,age_adult_only,13,Penney NC,Holmes E,1,0,1,Imperial College London,True,True,True
PRJNA474932,excluded,site_excluded,0,,,0,0,0,TGen North,False,True,True
PRJNA475246,included,,150,Wang S,Stanton C,22,22,0,Broad Institute of MIT and Harvard,True,True,True
PRJNA480674,excluded,age_child_over_36m,0,,,0,0,0,University of Alberta,False,True,True
PRJNA480711,excluded,age_child_over_36m,0,,,0,0,0,University of California Los Angeles,False,True,True
PRJNA483035,excluded,site_excluded,0,,,0,0,0,University of Washington,False,True,True
PRJNA484080,excluded,host_nonhuman,0,,,0,0,0,The University of Hong Kong,False,True,True
PRJNA486782,included,,47,Leonard MM,CD-GEMM Team,6,6,0,CosmosID,True,True,True
PRJNA489090,included,,137,Thänert R,Warner BW,14,14,0,Washington University in St. Louis,True,True,True
PRJNA497734,included,,105,Vatanen T,Xavier RJ,12,12,1,Broad Institute,True,True,True
PRJNA506262,excluded,assay_other_nonshotgun,0,,,0,0,0,University of Alberta,False,True,True
PRJNA508395,included,,3,Moss EL,Bhatt AS,1,0,1,Stanford University,True,True,True
PRJNA511633,excluded,age_child_over_36m,0,,,0,0,0,"WeHealthGene Co., Ltd.",False,True,True
PRJNA511899,excluded,age_maternal_only,0,,,0,0,0,"Key Laboratory of Dairy Biotechnology and Engineering, Education Ministry of P. R. China",False,True,True
PRJNA514966,excluded,site_excluded,0,,,0,0,0,Igenomix,False,True,True
PRJNA521455,excluded,age_child_over_36m,0,,,0,0,0,University of Edinburgh,False,True,True
PRJNA524703,included,,63,Fontana F,Milani C,14,13,1,UNIVERSITY OF PENNSYLVANIA,True,True,True
PRJNA525982,excluded,age_child_over_36m,14,D'Amico F,Candela M,1,0,1,National Research Council (CNR),True,True,True
PRJNA528511,excluded,age_adult_only,0,,,0,0,0,Broad Institute,False,True,True
PRJNA529230,excluded,age_adult_only,8,Tarracchini C,Milani C,1,1,0,Rush University Medical Center,True,True,True
PRJNA529487,excluded,age_adult_only,0,,,0,0,0,"University of California, San Francisco",False,True,True
PRJNA529586,excluded,age_adult_only,0,,,0,0,0,UMass Medical School,False,True,True
PRJNA530270,excluded,site_excluded,0,,,0,0,0,Blood Systems Research Institute,False,True,True
PRJNA530620,excluded,age_child_over_36m,0,,,0,0,0,Peking Union Medical College Hospital,False,True,True
PRJNA532310,included,,19,Pärnänen KMM,Virta MP,2,2,0,University of Helsinki,True,True,True
PRJNA532645,excluded,age_child_over_36m,0,,,0,0,0,Broad Institute,False,True,True
PRJNA542703,included,,75,Di Guglielmo MD,Crowgey EL,14,14,0,Nemours/AI duPont Hospital for Children,True,True,True
PRJNA542938,excluded,site_excluded,0,,,0,0,0,Baylor College of Medicine,False,True,True
PRJNA543520,included,,56,Tapiainen T,Tejesvi MV,9,9,0,J Craig Venter Institute,True,True,True
PRJNA545633,excluded,site_excluded,0,,,0,0,0,Igenomix,False,True,True
PRJNA549787,included,,59,D'Souza AW,Dantas G,12,12,1,Washington University in St. Louis School of Medicine,True,True,True
PRJNA550105,excluded,assay_other_nonshotgun,0,,,0,0,0,Centers for Disease Control and Prevention,False,True,True
PRJNA551026,excluded,site_excluded,13,Williams MR,Gallo RL,1,0,1,J Craig Venter Institute,True,True,True
PRJNA553028,excluded,assay_other_nonshotgun,0,,,0,0,0,Taizhou People's Hospital,False,True,True
PRJNA555020,included,,49,Reyman M,Bogaert D,7,7,0,"Wilhelmina Childrens Hospital, University Medical Center Utrecht",True,True,True
PRJNA557226,excluded,assay_other_nonshotgun,23,Aykut B,Miller G,1,0,1,"New York University College of Dentistry, School of Medicine",True,True,True
PRJNA557323,excluded,age_unknown_no_evidence,0,,,0,0,0,Chinese University of Hong Kong,False,True,True
PRJNA557731,included,,100,Bittinger K,Wu GD,11,10,1,Children's Hospital of Philadelphia,True,True,True
PRJNA559557,excluded,assay_amplicon,0,,,0,0,0,china agricultural university,False,True,True
PRJNA560243,excluded,site_excluded,0,,,0,0,0,Leiden University Medical Center,False,True,True
PRJNA562998,excluded,assay_other_nonshotgun,0,,,0,0,0,,False,False,True
PRJNA563976,excluded,site_excluded,0,,,0,0,0,The University of Sydney,False,True,True
PRJNA565161,excluded,site_excluded,0,,,0,0,0,APHP,False,True,True
PRJNA565627,excluded,age_adult_only,0,,,0,0,0,Guangdong University of Technology,False,True,True
PRJNA565681,excluded,site_excluded,0,,,0,0,0,ArcBio,False,True,True
PRJNA572371,excluded,site_excluded,0,,,0,0,0,Shenzhen Children's Hospital,False,True,True
PRJNA573045,excluded,assay_other_nonshotgun,0,,,0,0,0,CDC Pathogen Discovery Team,False,True,True
PRJNA573416,excluded,age_unknown_no_evidence,0,,,0,0,0,Hong Kong Baptist University,False,True,True
PRJNA573821,excluded,age_adult_only,18,Seelbinder B,Panagiotou G,1,0,1,Leibniz Institute for Natural Product Research and Infection Biology - Hans Knoell Institute (HKI),True,True,True
PRJNA575186,excluded,age_adult_only,0,,,0,0,0,Helmholtz Centre for Environmental Research,False,True,True
PRJNA576033,excluded,site_excluded,0,,,0,0,0,Sidra Medicine,False,True,True
PRJNA576566,excluded,site_excluded,0,,,0,0,0,"Women's Hospital, School of Medicine, Zhejiang University",False,True,True
PRJNA578008,excluded,host_nonhuman,0,,,0,0,0,Sichuan agricultural university,False,True,True
PRJNA578889,excluded,assay_other_nonshotgun,0,,,0,0,0,Jiangsu University,False,True,True
PRJNA588627,excluded,age_unknown_no_evidence,0,,,0,0,0,Chinese Human Genome Center at Shanghai,False,True,True
PRJNA588650,excluded,site_excluded,0,,,0,0,0,"Oxford University Clinical Research Unit; University Clinical Research Unit, Ho Chi Minh City, Vietnam",False,True,True
PRJNA589017,excluded,site_excluded,0,,,0,0,0,University of Geneva Medical School,False,True,True
PRJNA589343,excluded,assay_other_nonshotgun,11,Ding X,Zhu C,1,0,1,Gothenburg University,True,True,True
PRJNA590135,excluded,site_excluded,0,,,0,0,0,Centers for Disease Control and Prevention,False,True,True
PRJNA590575,excluded,site_excluded,8,Blanco-Picazo P,Navarro F,1,0,1,Hospital de la Santa Creu i Sant Pau,True,True,True
PRJNA592843,excluded,age_unknown_no_evidence,10,Chen K,Fang B,1,0,1,Xiamen University,True,True,True
PRJNA595749,included,,22,Busi SB,Wilmes P,3,3,0,University of Luxembourg,True,True,True
PRJNA596624,excluded,age_adult_only,0,,,0,0,0,Kasetsart University,False,True,True
PRJNA601757,excluded,site_excluded,0,,,0,0,0,Icahn School of Medicine at Mount Sinai,False,True,True
PRJNA604850,excluded,age_maternal_only,0,,,0,0,0,The Walter and Eliza Hall Institute of medical resarch; ENDIA,False,True,True
PRJNA60717,included,,15,Olm MR,Banfield JF,3,2,1,Univ. of Calif. Berkeley,True,True,True
PRJNA608678,excluded,age_unknown_no_evidence,0,,,0,0,0,University of Montreal,False,True,True
PRJNA609394,excluded,host_nonhuman,0,,,0,0,0,Children Hospital of Chongqing Medical University,False,True,True
PRJNA612291,excluded,age_adult_only,0,,,0,0,0,Baylor College Of Medicine,False,True,True
PRJNA613032,included,,12,Reyman M,Bogaert D,1,1,0,"Wilhelmina Childrens Hospital, University Medical Center Utrecht",True,True,True
PRJNA613054,included,,12,Reyman M,Bogaert D,1,1,0,"Wilhelmina Childrens Hospital, University Medical Center Utrecht",True,True,True
PRJNA624185,excluded,site_excluded,7,Baker JL,Edlund A,3,0,3,J. Craig Venter Institute,True,True,True
PRJNA625611,excluded,age_maternal_only,0,,,0,0,0,Scientific Centre for Family Health and Human Reproduction Problems,False,True,True
PRJNA629392,included,,54,Lugli GA,Ventura M,2,1,1,Marmara University; NIAID Microbiome Program Sequencing Platform,True,True,True
PRJNA630999,included,,62,Nguyen M,Henrick BM,4,4,0,Evolve Biosystems Inc.,True,True,True
PRJNA633381,excluded,age_unknown_no_evidence,17,Moll JM,Hammarström L,1,0,1,Technical University of Denmark,True,True,True
PRJNA633576,included,,68,Casaburi G,Freeman SL,8,8,0,Evolve Biosystems Inc.,True,True,True
PRJNA63661,included,,79,Taft DH,Morrow AL,10,9,1,Broad Institute,True,True,True
PRJNA637785,excluded,age_child_over_36m,15,Leong KSW,Cutfield WS,2,0,2,The University Of Auckland,True,True,True
PRJNA638938,excluded,site_excluded,0,,,0,0,0,Loma Linda University,False,True,True
PRJNA642373,excluded,site_excluded,0,,,0,0,0,Sun Yat-sen University,False,True,True
PRJNA642723,included,,28,Ta LDH,Lee BW,1,1,0,Nanyang Technological University,True,True,True
PRJNA645402,excluded,age_adult_only,0,,,0,0,0,Georgia Institute of Technology,False,True,True
PRJNA648487,included,,18,Chong CYL,O'Sullivan JM,3,3,0,The University Of Auckland,True,True,True
PRJNA656436,excluded,assay_other_nonshotgun,0,,,0,0,0,University Medical Center Utrecht,False,True,True
PRJNA657818,included,,28,Mitchell CM,Yassour M,3,3,0,Xavier,True,True,True
PRJNA659754,excluded,age_unknown_no_evidence,0,,,0,0,0,Evandro Chagas Institute,False,True,True
PRJNA660207,excluded,site_excluded,0,,,0,0,0,Beijing Tiantan Hospital,False,True,True
PRJNA660305,excluded,host_nonhuman,13,Zhang K,Chen Y,1,1,0,Northwest A&F University,True,True,True
PRJNA660443,excluded,age_unknown_no_evidence,10,Hansen ZA,Manning SD,1,0,1,Michigan State University,True,True,True
PRJNA660883,excluded,age_unknown_no_evidence,0,,,0,0,0,Icahn School of Medicine at Mount Sinai,False,True,True
PRJNA660966,excluded,host_nonhuman,13,Zhang K,Chen Y,1,1,0,Northwest A&F University,True,True,True
PRJNA662107,excluded,age_unknown_no_evidence,0,,,0,0,0,Vanderbilt University,False,True,True
PRJNA663926,excluded,site_excluded,0,,,0,0,0,National University of Singapore,False,True,True
PRJNA664544,excluded,age_unknown_no_evidence,17,Argentini C,Ventura M,1,1,0,Xiamen Treatgut Biotechnology Co. LTD,True,True,True
PRJNA664754,excluded,age_adult_only,0,,,0,0,0,Washington University in St. Louis School of Medicine,False,True,True
PRJNA665071,excluded,site_excluded,0,,,0,0,0,Institut des agents infectieux,False,True,True
PRJNA666005,excluded,age_child_over_36m,0,,,0,0,0,Jiangsu University,False,True,True
PRJNA667647,excluded,site_unknown,0,,,0,0,0,LMVR NIAID NIH,False,True,True
PRJNA668202,excluded,age_adult_only,0,,,0,0,0,Children's Hospital of Fudan University,False,True,True
PRJNA668392,excluded,site_excluded,0,,,0,0,0,Broad Institute,False,True,True
PRJNA669199,excluded,assay_amplicon,0,,,0,0,0,Children's Hospital of Fudan University,False,True,True
PRJNA670157,excluded,assay_other_nonshotgun,0,,,0,0,0,University Medical Center Groningen,False,True,True
PRJNA671299,excluded,age_child_over_36m,0,,,0,0,0,UNIV OF NORTH CAROLINA CHAPEL HILL,False,True,True
PRJNA672125,excluded,age_adult_only,0,,,0,0,0,AgResearch,False,True,True
PRJNA675704,excluded,age_adult_only,0,,,0,0,0,"Research Laboratories, Ildong Pharmaceutical",False,True,True
PRJNA681566,excluded,assay_other_nonshotgun,0,,,0,0,0,Characterization of febrile disease landscape in Cambodia via metagenomic pathogen sequencing,False,True,True
PRJNA685797,excluded,age_adult_only,17,Argentini C,Ventura M,1,1,0,Xavier,True,True,True
PRJNA688164,included,,24,Tarracchini C,Milani C,3,3,0,Umea Univerisity,True,True,True
PRJNA690543,excluded,age_unknown_no_evidence,0,,,0,0,0,University of Oklahoma,False,True,True
PRJNA694773,excluded,host_nonhuman,9,Xu H,Hirano K,1,1,0,Inner Mongolia Agricultural University,True,True,True
PRJNA698366,excluded,site_excluded,21,Kelly MS,Seed PC,1,0,1,Duke University,True,True,True
PRJNA698986,included,,73,Lou YC,Banfield JF,7,6,1,"University of California, Berkeley",True,True,True
PRJNA701480,included,,14,Wilson BC,Cutfield WS,2,2,0,The University Of Auckland,True,True,True
PRJNA705895,excluded,age_adult_only,22,Argentini C,Ventura M,2,2,0,Sinai Hospital of Baltimore,True,True,True
PRJNA707065,included,,9,Vatanen T,O'Sullivan JM,1,1,0,University of Auckland; NiPPeR study group,True,True,True
PRJNA715601,included,,58,Li X,Sørensen SJ,6,6,0,university of copenhagen,True,True,True
PRJNA717139,included,,12,West PT,Banfield JF,1,1,1,Jill Banfield's Lab at Berkeley,True,True,True
PRJNA721692,excluded,age_child_over_36m,12,Murga-Garrido SM,Lagunas-Martínez A,1,1,0,INSTITUTO NACIONAL DE SALUD PUBLICA,True,True,True
PRJNA721830,excluded,site_excluded,0,,,0,0,0,The First Affiliated Hospital of Guangxi Medical University,False,True,True
PRJNA725047,excluded,age_unknown_no_evidence,0,,,0,0,0,QuantiHealth,False,True,True
PRJNA725597,included,,0,,,0,0,0,BAYLOR COLLEGE OF MEDICINE,False,True,True
PRJNA726032,included,,26,Lay C,Knol J,1,1,0,Danone Nutricia Research,True,True,True
PRJNA726546,excluded,site_excluded,0,,,0,0,0,University of Rochester School of Medicine and Dentistry,False,True,True
PRJNA727021,excluded,site_excluded,0,,,0,0,0,J. Craig Venter Institute,False,True,True
PRJNA728888,excluded,age_child_over_36m,0,,,0,0,0,Columbia University Medical Center,False,True,True
PRJNA733860,included,,21,Tarracchini C,Ventura M,1,1,0,University of Parma,True,True,True
PRJNA738659,excluded,site_excluded,0,,,0,0,0,Shenzhen children's hospital,False,True,True
PRJNA745160,excluded,site_excluded,0,,,0,0,0,Pettigrew Lab Yale School of Public Health,False,True,True
PRJNA745170,excluded,age_child_over_36m,0,,,0,0,0,Pettigrew Lab Yale School of Public Health,False,True,True
PRJNA746094,excluded,age_child_over_36m,0,,,0,0,0,Children's Cancer Hospital - Egypt 57357 (CCHE57357),False,True,True
PRJNA746509,included,,11,Bordugo A,Felis GE,1,1,0,University of Verona,True,True,True
PRJNA748448,included,,5,Hellmann KT,Robinson DA,1,1,1,University of Mississippi Medical Center,True,True,True
PRJNA750063,excluded,host_nonhuman,0,,,0,0,0,Children's Hospital of Philadelphia,False,True,True
PRJNA751712,included,,8,Westaway JAF,Rudd D,2,2,0,James Cook University,True,True,True
PRJNA752686,included,,5,Schroer HW,Bosch DE,1,1,0,University of Illinois Urbana-Champaign,True,True,True
PRJNA752888,excluded,site_excluded,4,Wang M,Li G,1,1,0,University of Michigan,True,True,True
PRJNA755812,excluded,site_excluded,0,,,0,0,0,"Haihe Hospital, Tianjin University",False,True,True
PRJNA756530,excluded,site_excluded,0,,,0,0,0,THE CHINESE UNIVERSITY OF HONG KONG,False,True,True
PRJNA758416,excluded,site_excluded,0,,,0,0,0,Karolinska Institutet,False,True,True
PRJNA759642,excluded,age_adult_only,0,,,0,0,0,University of Southern California,False,True,True
PRJNA760299,excluded,assay_amplicon,0,,,0,0,0,King Abdulaziz university,False,True,True
PRJNA762089,excluded,age_maternal_only,0,,,0,0,0,University of Maryland Baltimore,False,True,True
PRJNA762668,included,,12,Hanachi M,Souiai O,1,1,0,Institute Pasteur of Tunis; H3ABioNet,True,True,True
PRJNA763343,excluded,site_excluded,0,,,0,0,0,Children's hospital of Fudan university,False,True,True
PRJNA765566,excluded,age_unknown_no_evidence,0,,,0,0,0,Shanghai Jiao Tong University School of Medicine,False,True,True
PRJNA766067,excluded,age_adult_only,0,,,0,0,0,Children's Hospital of Philadelphia,False,True,True
PRJNA766590,excluded,site_excluded,0,,,0,0,0,University of British Columbia,False,True,True
PRJNA770101,included,,0,,,0,0,0,Inner Mongolia Agricultural University,False,True,True
PRJNA772730,included,,12,Bajorek S,Perez J,1,1,0,Evolve BioSystems Inc,True,True,True
PRJNA773237,excluded,age_adult_only,0,,,0,0,0,Southern Medical University,False,True,True
PRJNA774819,included,,18,Ma B,Viscardi RM,1,1,0,University of Maryland,True,True,True
PRJNA776332,included,,9,Lemme-Dumit JM,Ma B,1,1,0,University of Maryland,True,True,True
PRJNA779483,excluded,site_excluded,0,,,0,0,0,Jiangsu University,False,True,True
PRJNA780912,excluded,assay_isolate_genome,0,,,0,0,0,Instituto evandro Chagas,False,True,True
PRJNA781781,excluded,host_nonhuman,8,Yu J,Chen Y,1,1,0,Inner Mongolia Agricultural University,True,True,True
PRJNA782533,excluded,age_child_over_36m,0,,,0,0,0,Arizona State University Tempe,False,True,True
PRJNA782606,excluded,age_adult_only,0,,,0,0,0,University of Washington,False,True,True
PRJNA782857,excluded,site_excluded,0,,,0,0,0,the first affiliated hospital of Zhengzhou university,False,True,True
PRJNA783792,excluded,assay_isolate_genome,0,,,0,0,0,University Medical Center Groningen,False,True,True
PRJNA783956,excluded,site_excluded,0,,,0,0,0,Shanghai Jiaotong University Afffiliated Six People's hospital,False,True,True
PRJNA784638,excluded,site_excluded,0,,,0,0,0,The Second Hospital of Nanjing,False,True,True
PRJNA785820,excluded,site_excluded,0,,,0,0,0,the Second Xiangya Hospital,False,True,True
PRJNA786259,excluded,age_adult_only,0,,,0,0,0,Institution of Digestive Diseases,False,True,True
PRJNA787665,excluded,age_unknown_no_evidence,0,,,0,0,0,Chinese University of Hong Kong,False,True,True
PRJNA787952,excluded,age_child_over_36m,21,Severyn CJ,Whangbo JS,2,0,2,Stanford University,True,True,True
PRJNA788196,excluded,site_excluded,0,,,0,0,0,Children's Cancer Hospital Egypt 57357,False,True,True
PRJNA788217,excluded,assay_other_nonshotgun,0,,,0,0,0,China-Japan friendship hospital,False,True,True
PRJNA788383,excluded,age_child_over_36m,0,,,0,0,0,University of Naples Federico II,False,True,True
PRJNA789106,excluded,age_adult_only,0,,,0,0,0,University of Malaya,False,True,True
PRJNA789273,excluded,site_excluded,6,Berg MG,Cloherty GA,1,0,1,Abbott Laboratories,True,True,True
PRJNA791464,excluded,site_excluded,0,,,0,0,0,"Department of Preventive Dentistry, Peking University School and Hospital of Stomatology",False,True,True
PRJNA794318,excluded,site_excluded,0,,,0,0,0,Children's Hospital of Zhejiang University School of Medicine,False,True,True
PRJNA798191,included,,9,Looijesteijn E,Manios Y,1,1,0,Erasmus MC,True,True,True
PRJNA799199,excluded,site_excluded,9,Marquet M,Brandt C,1,1,0,Jena University Hospital,True,True,True
PRJNA799247,included,,30,Zeng S,Wang S,2,2,0,Washington University School of Medicine,True,True,True
PRJNA800792,excluded,age_adult_only,0,,,0,0,0,Kaleido Biosciences,False,True,True
PRJNA801067,excluded,age_adult_only,0,,,0,0,0,Henan Provincial Peoples Hospital,False,True,True
PRJNA801914,excluded,host_nonhuman,7,Yao G,Zhang H,1,1,0,Inner Mongolia Agricultural University,True,True,True
PRJNA804384,excluded,age_adult_only,10,Jansen D,Matthijnssens J,1,0,1,Catholic University of Leuven,True,True,True
PRJNA804902,excluded,assay_other_nonshotgun,0,,,0,0,0,OARSA/CFSAN/FDA,False,True,True
PRJNA805248,excluded,assay_other_nonshotgun,8,Guitor AK,Stearns JC,1,1,0,McMaster University,True,True,True
PRJNA806679,excluded,site_excluded,0,,,0,0,0,Genoxor Medical Science and Technology Inc,False,True,True
PRJNA806955,excluded,age_adult_only,0,,,0,0,0,Xiangya Hospital; Hunan International Scientific and Technological Cooperation Base of Brain Tumor Research; Zujian Xiong,False,True,True
PRJNA806984,included,,23,Shao Y,Lawley TD,2,1,1,Broad Institute,True,True,True
PRJNA807448,included,,24,Ryan FJ,Lynn DJ,1,1,0,SAHMRI,True,True,True
PRJNA808198,excluded,site_excluded,0,,,0,0,0,Genoxor Medical Science and Technology Inc,False,True,True
PRJNA809514,excluded,age_adult_only,0,,,0,0,0,Xiamen Treatgut Biotechnology Co. LTD,False,True,True
PRJNA810198,excluded,site_excluded,0,,,0,0,0,"First Affiliated Hospital, Sun Yat-Sen University",False,True,True
PRJNA810436,excluded,site_excluded,0,,,0,0,0,Dana-Farber Cancer Institute,False,True,True
PRJNA811727,excluded,age_adult_only,0,,,0,0,0,Inner Mongolia Agricultural University,False,True,True
PRJNA811803,excluded,age_adult_only,0,,,0,0,0,Solarea Bio,False,True,True
PRJNA812583,included,,11,Wei S,Hvas CL,1,1,0,Technical University of Denmark,True,True,True
PRJNA813203,excluded,site_excluded,0,,,0,0,0,"Helmholtz Centre for Infection Research, HZI",False,True,True
PRJNA813338,excluded,site_excluded,0,,,0,0,0,The First Affiliated Hospital of Xiamen(Tongan Branch); The First Affiated Hosiptal of Xiamen (Tongan Branch),False,True,True
PRJNA813341,excluded,site_excluded,0,,,0,0,0,Sciences and Medicine University of Science and Technology of China,False,True,True
PRJNA813350,excluded,site_unknown,0,,,0,0,0,Matridx,False,True,True
PRJNA813705,excluded,age_adult_only,0,,,0,0,0,Universite catholique de Louvain,False,True,True
PRJNA814343,excluded,site_excluded,0,,,0,0,0,"Agency for Science, Technology and Research",False,True,True
PRJNA814613,excluded,site_excluded,0,,,0,0,0,"West China Hospital, Sichuan University",False,True,True
PRJNA814640,excluded,site_excluded,0,,,0,0,0,Southern Medical University,False,True,True
PRJNA814828,excluded,site_excluded,0,,,0,0,0,Peking University Third Hospital,False,True,True
PRJNA815485,excluded,site_excluded,0,,,0,0,0,Center for disease control and prevention,False,True,True
PRJNA815812,excluded,site_excluded,0,,,0,0,0,The Second Affiliated Hospital and Yuying Children's Hospital of Wenzhou Medical University,False,True,True
PRJNA815938,excluded,assay_isolate_genome,0,,,0,0,0,Institute of Tropical Medicine,False,True,True
PRJNA816258,excluded,site_excluded,0,,,0,0,0,China Simceredx Jiangsu,False,True,True
PRJNA816930,excluded,site_unknown,0,,,0,0,0,"West China Hospital of Sichuan University, Chengdu, China",False,True,True
PRJNA817195,excluded,site_excluded,0,,,0,0,0,Fred Hutchinson Cancer Research,False,True,True
PRJNA817257,excluded,assay_other_nonshotgun,0,,,0,0,0,OARSA/CFSAN/FDA,False,True,True
PRJNA817430,excluded,site_excluded,0,,,0,0,0,University hospital Heidelberg,False,True,True
PRJNA818062,excluded,age_adult_only,0,,,0,0,0,CAS,False,True,True
PRJNA819007,excluded,assay_other_nonshotgun,0,,,0,0,0,University of Helsinki,False,True,True
PRJNA820539,excluded,age_unknown_no_evidence,0,,,0,0,0,Norwegian University of Life Sciences,False,True,True
PRJNA821542,included,,15,Lalli MK,Vatanen T,2,2,0,Broad Institute,True,True,True
PRJNA821920,included,,11,Ligezka A,Romanowicz M,1,1,0,Mayo Clinic,True,True,True
PRJNA823736,excluded,assay_other_nonshotgun,0,,,0,0,0,University of Nebraska-Lincoln,False,True,True
PRJNA823758,excluded,site_excluded,0,,,0,0,0,IOC/Fiocruz,False,True,True
PRJNA826631,excluded,site_excluded,0,,,0,0,0,University of British Columbia,False,True,True
PRJNA830888,excluded,site_excluded,0,,,0,0,0,University of Wisconsin - Madison,False,True,True
PRJNA831236,excluded,age_adult_only,0,,,0,0,0,Sorbonne University,False,True,True
PRJNA835321,included,,0,,,0,0,0,RAJIV GANDHI CENTRE FOR BIOTECHNOLOGY,False,True,True
PRJNA838480,excluded,site_excluded,0,,,0,0,0,Amsterdam UMC,False,True,True
PRJNA838575,included,,34,Hoskinson C,Turvey SE,4,4,0,University of British Columbia; CHILD Study,True,True,True
PRJNA843091,excluded,site_excluded,0,,,0,0,0,University of North Carolina-Chapel Hill,False,True,True
PRJNA843121,excluded,host_nonhuman,0,,,0,0,0,University of South Carolina,False,True,True
PRJNA843963,included,,37,Mekuria Z,on behalf on the CAGED Research Team,5,1,5,The Ohio State University,True,True,True
PRJNA847183,excluded,host_nonhuman,0,,,0,0,0,University of Cambridge,False,True,True
PRJNA849374,excluded,site_excluded,0,,,0,0,0,Guangdong Academy of Medical Sciences,False,True,True
PRJNA851177,excluded,age_adult_only,0,,,0,0,0,SAHMRI,False,True,True
PRJNA853145,excluded,age_adult_only,0,,,0,0,0,"Nanchang University Co.,Ltd",False,True,True
PRJNA853174,included,,25,Cannon JL,Vinjé J,2,2,0,Centers for Disease Control,True,True,True
PRJNA853814,excluded,age_maternal_only,0,,,0,0,0,Guangdong Pharmaceutical University,False,True,True
PRJNA854064,excluded,site_excluded,0,,,0,0,0,Academy of Military Medical Sciences,False,True,True
PRJNA854811,excluded,site_excluded,0,,,0,0,0,National Institutes of Health,False,True,True
PRJNA855642,excluded,site_unknown,0,,,0,0,0,Peking University People's Hospital,False,True,True
PRJNA856347,excluded,site_excluded,0,,,0,0,0,Xi'an Chest Hospital,False,True,True
PRJNA856701,excluded,site_excluded,10,Schneider AM,Nelson AM,1,0,1,Penn State College of Medicine,True,True,True
PRJNA856848,excluded,site_excluded,0,,,0,0,0,The second xiangya hospital of central south university,False,True,True
PRJNA857715,excluded,site_excluded,0,,,0,0,0,Northern Arizona University,False,True,True
PRJNA858200,excluded,site_excluded,0,,,0,0,0,Matridx,False,True,True
PRJNA858626,excluded,age_child_over_36m,0,,,0,0,0,CUMC,False,True,True
PRJNA858822,excluded,host_nonhuman,0,,,0,0,0,Wyoming Public Health Laboratory,False,True,True
PRJNA860094,excluded,site_excluded,0,,,0,0,0,Children Hospital of Fudan University,False,True,True
PRJNA860728,excluded,assay_other_nonshotgun,12,Hayden HS,Salipante SJ,1,0,1,University of Washington,True,True,True
PRJNA860730,excluded,site_excluded,0,,,0,0,0,Stanford University,False,True,True
PRJNA861285,excluded,age_adult_only,0,,,0,0,0,University of Colorado,False,True,True
PRJNA861321,excluded,site_excluded,0,,,0,0,0,Massachusetts General Hospital,False,True,True
PRJNA862188,excluded,age_maternal_only,0,,,0,0,0,University of Virginia,False,True,True
PRJNA870588,included,,8,Lynch LE,Preidis GA,1,1,0,Baylor College of Medicine,True,True,True
PRJNA872399,included,,33,Mukhopadhyay S,Bittinger K,2,2,0,Children's Hospital of Philadelphia,True,True,True
PRJNA876769,excluded,site_excluded,0,,,0,0,0,Maternal and Child Health Hospital of Hubei Province,False,True,True
PRJNA881583,excluded,site_excluded,0,,,0,0,0,Children's Hospital of Nanjing Medical University,False,True,True
PRJNA882272,excluded,site_excluded,0,,,0,0,0,Children's Hospital of Nanjing Medical University,False,True,True
PRJNA884103,included,,20,Valguarnera E,Wardenburg JB,2,1,1,Washington University in St. Louis,True,True,True
PRJNA884149,excluded,assay_isolate_genome,0,,,0,0,0,Children's Hospital of Nanjing Medical University,False,True,True
PRJNA884688,included,,10,Tang M,Krebs NF,1,1,0,University of Colorado School of Medicine,True,True,True
PRJNA888339,excluded,site_excluded,0,,,0,0,0,"Genetic and Metabolic Central Laboratory, Guangxi Maternal and Child Health Hospital",False,True,True
PRJNA889771,included,,0,,,0,0,0,Jill Banfield's Lab at Berkeley,False,True,True
PRJNA890008,excluded,age_unknown_no_evidence,0,,,0,0,0,University of Luxembourg,False,True,True
PRJNA890666,excluded,age_child_over_36m,0,,,0,0,0,Duke University,False,True,True
PRJNA890867,excluded,age_child_over_36m,0,,,0,0,0,Shenzhen Children's Hospital,False,True,True
PRJNA891765,excluded,age_child_over_36m,0,,,0,0,0,St. Jude Children's Research Hospital,False,True,True
PRJNA892575,excluded,age_unknown_no_evidence,0,,,0,0,0,University of Manitoba,False,True,True
PRJNA893406,excluded,age_adult_only,0,,,0,0,0,"Second Xiangya Hospital, Central South University, China",False,True,True
PRJNA893901,excluded,assay_other_nonshotgun,0,,,0,0,0,Philip Morris International,False,True,True
PRJNA894152,included,,6,Mills M,Lee J,1,1,0,The Ohio State University,True,True,True
PRJNA894204,excluded,age_adult_only,0,,,0,0,0,"Insititute of Oral Biology, Univeristy of Oslo",False,True,True
PRJNA895415,excluded,age_adult_only,0,,,0,0,0,Translational Health Science and Technology Institute,False,True,True
PRJNA895487,excluded,age_child_over_36m,31,Chrisman BS,Wall DP,4,0,4,Oregon State University,True,True,True
PRJNA896917,excluded,age_adult_only,0,,,0,0,0,Instituto Nacional de Medicina Genomica,False,True,True
PRJNA898150,excluded,age_maternal_only,0,,,0,0,0,"Women's Hospital, Zhejiang University School of Medicine",False,True,True
PRJNA898628,included,,14,Bargheet A,Pettersen VK,2,2,0,The Arctic University of Norway,True,True,True
PRJNA898828,excluded,site_excluded,0,,,0,0,0,Fourth Military Medical University,False,True,True
PRJNA899863,excluded,assay_amplicon_misfiled,0,,,0,0,0,Evelo Biosciences,False,True,True
PRJNA900041,included,,0,,,0,0,0,University of Parma,False,True,True
PRJNA900180,included,,0,,,0,0,0,University of Parma,False,True,True
PRJNA900555,excluded,age_adult_only,0,,,0,0,0,"Xiangya Hospital, Central South University",False,True,True
PRJNA901203,excluded,site_excluded,0,,,0,0,0,"Hangzhou Matridx Biotechnology CO., Ltd",False,True,True
PRJNA904419,excluded,age_adult_only,0,,,0,0,0,"The First Medical Center, Chinese PLA General Hospital",False,True,True
PRJNA904560,excluded,age_adult_only,0,,,0,0,0,The First Affiliated Hospital of Guangdong Pharmaceutical University,False,True,True
PRJNA906107,included,,0,,,0,0,0,George Washington University,False,True,True
PRJNA906500,excluded,site_excluded,0,,,0,0,0,Indiana University School of Medicine,False,True,True
PRJNA911048,excluded,site_excluded,0,,,0,0,0,suez canal university,False,True,True
PRJNA911205,included,,19,Warner BB,Mitreva M,1,1,0,McDonnell Genome Institute,True,True,True
PRJNA913442,excluded,site_excluded,0,,,0,0,0,Peking University School and Hospital of Stomatology,False,True,True
PRJNA915128,excluded,site_excluded,0,,,0,0,0,University of Massachusetts Medical School,False,True,True
PRJNA917645,excluded,age_unknown_no_evidence,0,,,0,0,0,Diversigen,False,True,True
PRJNA919082,excluded,age_adult_only,0,,,0,0,0,Inner Mongolia Agricultural University,False,True,True
PRJNA925700,excluded,age_unknown_no_evidence,0,,,0,0,0,VHIR; FunHoMic; Manichanh Lab,False,True,True
PRJNA927010,included,,0,,,0,0,0,University of Cincinnati,False,True,True
PRJNA928744,excluded,age_adult_only,0,,,0,0,0,University of Western Ontario,False,True,True
PRJNA929986,excluded,age_child_over_36m,0,,,0,0,0,Children's Hospital of Philadelphia,False,True,True
PRJNA934596,excluded,site_excluded,0,,,0,0,0,University of Michigan,False,True,True
PRJNA935276,excluded,age_adult_only,0,,,0,0,0,Shanghai Changzheng Hospital,False,True,True
PRJNA935688,excluded,site_excluded,0,,,0,0,0,Penn State College of Medicine,False,True,True
PRJNA936783,excluded,assay_isolate_genome,8,Zhou Y,Chiu CH,1,0,1,Chang Gung Memorial Hospital,True,True,True
PRJNA937013,excluded,assay_amplicon,0,,,0,0,0,Seoul National University Bundang Hospi,False,True,True
PRJNA938144,included,,9,Zhang A,,1,1,0,Washington University in St. Louis,True,True,True
PRJNA939268,excluded,age_unknown_no_evidence,0,,,0,0,0,AMILI Pte Ltd,False,True,True
PRJNA940472,excluded,age_child_over_36m,0,,,0,0,0,Baylor College of Medicine,False,True,True
PRJNA940581,excluded,age_unknown_no_evidence,0,,,0,0,0,Jiangsu university,False,True,True
PRJNA941151,excluded,age_adult_only,0,,,0,0,0,The second Hospital of Hebei Medical University,False,True,True
PRJNA943380,excluded,age_adult_only,0,,,0,0,0,University of Bern,False,True,True
PRJNA946631,excluded,assay_isolate_genome,0,,,0,0,0,University of Waterloo,False,True,True
PRJNA947616,included,,6,Heston SM,Yeo KT,1,1,0,Duke University,True,True,True
PRJNA948840,excluded,age_child_over_36m,0,,,0,0,0,Duke University,False,True,True
PRJNA949443,included,,9,Kazakova P,Torrell H,1,1,0,Eurecat,True,True,True
PRJNA949528,included,,14,Kozhakhmetov S,Kushugulova A,3,3,0,"Center for Life Sciences, National Laboratory Astana",True,True,True
PRJNA954397,excluded,age_unknown_no_evidence,0,,,0,0,0,NIH,False,True,True
PRJNA961698,included,,19,Shaffer M,Pichichero ME,1,1,0,Merck,True,True,True
PRJNA970820,excluded,age_adult_only,0,,,0,0,0,University of Illinois at Urbana Champaign,False,True,True
PRJNA971474,excluded,age_child_over_36m,0,,,0,0,0,Baylor College of Medicine,False,True,True
PRJNA971895,included,,7,Patangia DV,Ross RP,1,1,0,Teagasc,True,True,True
PRJNA976190,excluded,age_maternal_only,0,,,0,0,0,The fourth Clinical Medical College of Guangzhou University of Chinese Medicine,False,True,True
PRJNA978345,included,,0,,,0,0,0,Monash University,False,True,True
PRJNA979106,excluded,site_excluded,0,,,0,0,0,Redeemer's University,False,True,True
PRJNA979336,excluded,site_excluded,0,,,0,0,0,"Universite de Lille, CHU de Lille",False,True,True
PRJNA979436,included,,12,Seong HJ,Hong SJ,1,1,0,"Macrogen, Inc.",True,True,True
PRJNA980291,excluded,assay_other_nonshotgun,8,Guitor AK,Pernica JM,1,0,1,McMaster University,True,True,True
PRJNA981221,excluded,age_unknown_no_evidence,0,,,0,0,0,University of Arizona,False,True,True
PRJNA982400,excluded,site_excluded,0,,,0,0,0,"University of California, San Francisco",False,True,True
PRJNA983093,excluded,age_adult_only,0,,,0,0,0,Inner Mongolia Agricultural University,False,True,True
PRJNA984213,excluded,age_adult_only,0,,,0,0,0,University of Parma,False,True,True
PRJNA988496,included,,13,Bacorn M,Hourigan SK,3,3,0,CMU infant microbiome project; CHOP Microbiome Center,True,True,True
PRJNA991269,included,,32,Barker-Tejeda TC,Villaseñor A,2,2,0,san pablo CEU,True,True,True
PRJNA991560,excluded,assay_other_nonshotgun,0,,,0,0,0,Insirut Pasteur de Dakar,False,True,True
PRJNA994433,included,,18,Ennis D,Yassour M,2,2,0,Hebrew University,True,True,True
PRJEB40424,excluded,host_nonhuman,0,,,0,0,0,Wellcome Sanger Institute,False,True,True
PRJEB81427,excluded,host_nonhuman,0,,,0,0,0,University of Bologna,False,True,True
PRJEB50505,excluded,host_nonhuman,0,,,0,0,0,NIZO food research,False,True,True
PRJNA675102,excluded,host_synthetic,0,,,0,0,0,Combat Capabilities Development Command - Army Research Laboratory,False,True,True
PRJNA454495,excluded,host_synthetic,0,,,0,0,0,ETH Zurich,False,True,True
PRJNA491522,excluded,host_nonhuman,0,,,0,0,0,University of Wisconsin Madison; University of Wisconsin Madison Biotechnology Center,False,True,True
PRJEB47736,excluded,host_nonhuman,0,,,0,0,0,FISABIO,False,True,True
PRJNA1321166,excluded,host_synthetic,0,,,0,0,0,University of Naples Federico II,False,True,True
PRJNA1336467,excluded,host_synthetic,0,,,0,0,0,University of Naples Federico II,False,True,True
PRJNA1203439,excluded,host_synthetic,0,,,0,0,0,University of Naples Federico II,False,True,True
PRJNA506325,excluded,host_nonhuman,12,Sarker SA,Brüssow H,1,0,1,Nestle Research,True,True,True
PRJNA308867,excluded,host_nonhuman,0,,,0,0,0,Montana State University,False,True,True
PRJEB66907,excluded,host_nonhuman,0,,,0,0,0,max-planck institute for biology; Max-Planck Institute for Biology,False,True,True
PRJNA644474,excluded,host_nonhuman,0,,,0,0,0,South China Agricultural University,False,True,True
PRJDB35070,excluded,host_nonhuman,0,,,0,0,0,The First Affiliated Hospital of Guangxi Medical University; NGDC,False,True,True
PRJEB58786,excluded,host_nonhuman,0,,,0,0,0,"UNIVERSITY OF COPENHAGEN, SECTION OF MICROBIOLOGY",False,True,True
PRJEB59610,excluded,host_nonhuman,0,,,0,0,0,UNIVERSITY OF SZEGED,False,True,True
PRJEB75763,excluded,host_nonhuman,0,,,0,0,0,"Key Laboratory of Environmental and Applied Microbiology, CAS",False,True,True
PRJEB77930,excluded,host_nonhuman,0,,,0,0,0,"Key Laboratory of Environmental and Applied Microbiology, CAS",False,True,True
PRJEB81717,excluded,host_nonhuman,0,,,0,0,0,"University of Notre Dame, Department of Biological Sciences; University of Notre Dame",False,True,True
PRJEB86258,excluded,host_nonhuman,0,,,0,0,0,3D'omics,False,True,True
PRJEB100724,excluded,host_nonhuman,0,,,0,0,0,3D'omics,False,True,True
PRJEB86261,excluded,host_nonhuman,0,,,0,0,0,3D'omics,False,True,True
PRJEB86262,excluded,host_nonhuman,0,,,0,0,0,3D'omics,False,True,True
PRJEB103317,excluded,host_nonhuman,0,,,0,0,0,Cologne Excellence Cluster on Aging and Aging-Associated Diseases,False,True,True
PRJEB86255,excluded,host_nonhuman,0,,,0,0,0,3D'omics,False,True,True
PRJEB86260,excluded,host_nonhuman,0,,,0,0,0,3D'omics,False,True,True
PRJEB86259,excluded,host_nonhuman,0,,,0,0,0,3D'omics,False,True,True
PRJEB9092,excluded,host_nonhuman,0,,,0,0,0,Food safety laboratory,False,True,True
PRJEB52388,excluded,host_nonhuman,0,,,0,0,0,"UNIVERSITY OF COPENHAGEN, SECTION OF MICROBIOLOGY",False,True,True
PRJEB54026,excluded,host_nonhuman,0,,,0,0,0,"Key Laboratory of Environmental and Applied Microbiology, CAS",False,True,True
PRJNA49515,excluded,host_nonhuman,0,,,0,0,0,MBRI; Research and Testing Laboratory,False,True,True
PRJNA590979,excluded,host_nonhuman,0,,,0,0,0,University of Pennslvania,False,True,True
PRJNA590085,excluded,host_nonhuman,0,,,0,0,0,South China Agricultural University,False,True,True
PRJNA601807,excluded,host_nonhuman,0,,,0,0,0,Nanjing Normal University,False,True,True
PRJNA601318,excluded,host_nonhuman,0,,,0,0,0,Nanjing agricultural university,False,True,True
PRJNA613381,excluded,host_nonhuman,7,Lavrinienko A,Watts PC,1,0,1,University of Jyvaskyla,True,True,True
PRJNA624740,excluded,host_nonhuman,5,Gong G,Suolang S,1,0,1,Tibet Agricultural and Animal Husbandry College,True,True,True
PRJNA631602,excluded,host_nonhuman,4,Li Z,Zhu W,1,0,1,North West A&F University,True,True,True
PRJNA620697,excluded,host_nonhuman,0,,,0,0,0,DOE Joint Genome Institute,False,True,True
PRJNA620701,excluded,host_nonhuman,0,,,0,0,0,DOE Joint Genome Institute,False,True,True
PRJNA620706,excluded,host_nonhuman,0,,,0,0,0,DOE Joint Genome Institute,False,True,True
PRJNA620711,excluded,host_nonhuman,0,,,0,0,0,DOE Joint Genome Institute,False,True,True
PRJNA563062,excluded,host_nonhuman,6,Kavanova K,Crhanova M,1,1,0,Brazilian Center for Research in Energy and Materials (CNPEM),True,True,True
PRJNA630144,excluded,host_nonhuman,0,,,0,0,0,Qufu Normal University,False,True,True
PRJNA629007,excluded,host_nonhuman,0,,,0,0,0,University of Pittsburgh,False,True,True
PRJNA634355,excluded,host_nonhuman,0,,,0,0,0,Universidade Federal do Vale do Sao Frnacisco,False,True,True
PRJNA202380,excluded,host_nonhuman,23,Shi W,Rubin EM,1,0,1,Joint Genome Institute,True,True,True
PRJNA645414,excluded,host_nonhuman,0,,,0,0,0,USDA,False,True,True
PRJNA647157,excluded,host_nonhuman,0,,,0,0,0,Tibet Agricultural and Animal Husbandry College,False,True,True
PRJNA648777,excluded,host_nonhuman,0,,,0,0,0,"South China Sea Fisheries Research Institute, Chinese Academy of Fishery Sciences",False,True,True
PRJNA650166,excluded,host_nonhuman,0,,,0,0,0,Shenyang Agricultural University,False,True,True
PRJNA657455,excluded,host_nonhuman,28,Jiao J,Wang M,2,1,1,Nanjing Agricultural University,True,True,True
PRJNA656389,excluded,host_nonhuman,6,Jiao J,Wang M,1,1,0,"State Key Laboratory for Conservation and Utilization of Subtropical Agro-Bioresources, Guangxi University",True,True,True
PRJNA666241,excluded,host_nonhuman,0,,,0,0,0,Jiangsu University,False,True,True
PRJNA666510,excluded,host_nonhuman,0,,,0,0,0,King Mongkut's University of Technology Thonburi,False,True,True
PRJNA667550,excluded,host_nonhuman,0,,,0,0,0,AgResearch NZ Limited,False,True,True
PRJNA603266,excluded,host_nonhuman,0,,,0,0,0,Anand Agricultural University,False,True,True
PRJNA674340,excluded,host_nonhuman,0,,,0,0,0,Florida State University,False,True,True
PRJNA693524,excluded,host_nonhuman,0,,,0,0,0,University of Wisconsin-Madison,False,True,True
PRJNA695108,excluded,host_nonhuman,0,,,0,0,0,"Gembloux Agro-Bio Tech, University of Liege",False,True,True
PRJNA700685,excluded,host_nonhuman,0,,,0,0,0,Chinese Academy of Fishery Sciences,False,True,True
PRJNA702231,excluded,host_nonhuman,0,,,0,0,0,Nanjing Agricultural University,False,True,True
PRJNA714112,excluded,host_nonhuman,0,,,0,0,0,NomNomNow,False,True,True
PRJNA718160,excluded,host_nonhuman,0,,,0,0,0,Chinese Academy of Sciences,False,True,True
PRJNA49397,excluded,host_nonhuman,13,Swanson KS,Fahey GC,1,0,1,MBRI,True,True,True
PRJNA665590,excluded,host_nonhuman,0,,,0,0,0,Korea Polar Research Institute,False,True,True
PRJNA539906,excluded,host_nonhuman,4,Tang KY,Fang SG,1,0,1,Zhejiang University,True,True,True
PRJNA242707,excluded,host_nonhuman,0,,,0,0,0,Virology,False,True,True
PRJNA725899,excluded,host_nonhuman,7,Bowerman KL,Hugenholtz P,1,0,2,University of Queensland,True,True,True
PRJNA586865,excluded,host_nonhuman,0,,,0,0,0,University of Vienna,False,True,True
PRJNA613851,excluded,host_nonhuman,8,Cardia Caserta L,Weis Arns C,1,0,1,Cornell University,True,True,True
PRJNA729051,excluded,host_nonhuman,9,Rhoades NS,Messaoudi I,1,1,0,"University of California, Irvine",True,True,True
PRJNA723218,excluded,host_nonhuman,0,,,0,0,0,Nanjing Agricultural University,False,True,True
PRJNA622867,excluded,host_nonhuman,0,,,0,0,0,Northwest A&F University,False,True,True
PRJNA620694,excluded,host_nonhuman,0,,,0,0,0,DOE Joint Genome Institute,False,True,True
PRJNA620695,excluded,host_nonhuman,0,,,0,0,0,DOE Joint Genome Institute,False,True,True
PRJNA620698,excluded,host_nonhuman,0,,,0,0,0,DOE Joint Genome Institute,False,True,True
PRJNA723432,excluded,host_nonhuman,0,,,0,0,0,Guangxi University,False,True,True
PRJNA620703,excluded,host_nonhuman,0,,,0,0,0,DOE Joint Genome Institute,False,True,True
PRJNA620717,excluded,host_nonhuman,0,,,0,0,0,DOE Joint Genome Institute,False,True,True
PRJNA620718,excluded,host_nonhuman,0,,,0,0,0,DOE Joint Genome Institute,False,True,True
PRJNA240141,excluded,host_nonhuman,29,Ilmberger N,Streit WR,2,1,2,University Hamburg,True,True,True
PRJNA730691,excluded,host_nonhuman,0,,,0,0,0,Northwest A&F University,False,True,True
PRJNA730942,excluded,host_nonhuman,0,,,0,0,0,Northwest A&F University,False,True,True
PRJNA733458,excluded,host_nonhuman,0,,,0,0,0,Huazhong Agricultural University,False,True,True
PRJNA730805,excluded,host_nonhuman,0,,,0,0,0,Auburn University,False,True,True
PRJNA715658,excluded,host_nonhuman,10,Zhang M,Hu Y,1,1,0,Biomin Research Center,True,True,True
PRJNA738608,excluded,host_nonhuman,0,,,0,0,0,University of Illinois Urbana-Champaign,False,True,True
PRJNA739024,excluded,host_nonhuman,0,,,0,0,0,University of Illinois Urbana-Champaign,False,True,True
PRJNA741606,excluded,host_nonhuman,5,Chai J,Zhang N,1,1,0,Chinese Academy of Agricultural Sciences,True,True,True
PRJNA746430,excluded,host_nonhuman,5,Gharechahi J,Salekdeh GH,1,0,1,Baqiyatallah University of Medical Sciences; Agricultural Biotechnology Research institute of Iran,True,True,True
PRJNA749124,excluded,host_nonhuman,0,,,0,0,0,University of Queensland,False,True,True
PRJNA749141,excluded,host_nonhuman,0,,,0,0,0,University of Queensland,False,True,True
PRJNA737307,excluded,host_nonhuman,0,,,0,0,0,Universiti Sains Malaysia,False,True,True
PRJNA750776,excluded,host_nonhuman,0,,,0,0,0,Nanjing Normal University,False,True,True
PRJNA746242,excluded,host_nonhuman,0,,,0,0,0,UMR7245 MNHN CNRS,False,True,True
PRJNA755346,excluded,host_nonhuman,0,,,0,0,0,South China Agricultural University,False,True,True
PRJNA730196,excluded,host_nonhuman,0,,,0,0,0,Jiangsu University,False,True,True
PRJNA259179,excluded,host_nonhuman,19,Buffie CG,Pamer EG,1,0,1,Memorial Sloan Kettering Cancer Center,True,True,True
PRJNA655841,excluded,host_nonhuman,0,,,0,0,0,North-west University,False,True,True
PRJNA260105,excluded,host_nonhuman,0,,,0,0,0,The University of Hong Kong,False,True,True
PRJNA758357,excluded,host_nonhuman,0,,,0,0,0,JHU,False,True,True
PRJNA760651,excluded,host_nonhuman,0,,,0,0,0,Zhejiang Academy of Agricultural Sciences,False,True,True
PRJNA764443,excluded,host_nonhuman,0,,,0,0,0,University of Auckland,False,True,True
PRJNA765392,excluded,host_nonhuman,0,,,0,0,0,Institute of Animal Science and Veterinary,False,True,True
PRJNA259274,excluded,host_nonhuman,10,Zhang Q,Borecki IB,1,0,1,The Genome Institute at Washington University School of Medicine,True,True,True
PRJNA777380,excluded,host_nonhuman,0,,,0,0,0,Zhejiang A & F University,False,True,True
PRJNA781418,excluded,host_nonhuman,0,,,0,0,0,"Department of Pediatrics Infectious Diseases, Xinhua Hospital",False,True,True
PRJNA723283,excluded,host_nonhuman,0,,,0,0,0,Hunan Agriculture University,False,True,True
PRJNA779578,excluded,host_nonhuman,10,Yan X,Li Z,1,1,0,Jilin Agricultural University,True,True,True
PRJNA782213,excluded,host_nonhuman,0,,,0,0,0,Chinese Academy of Sciences,False,True,True
PRJNA665129,excluded,host_nonhuman,0,,,0,0,0,Massey University,False,True,True
PRJNA784340,excluded,host_nonhuman,0,,,0,0,0,National Museum of Natural History,False,True,True
PRJNA788491,excluded,host_nonhuman,0,,,0,0,0,USGS,False,True,True
PRJNA787384,excluded,host_nonhuman,0,,,0,0,0,Nanjing Normal University,False,True,True
PRJNA788958,excluded,host_nonhuman,0,,,0,0,0,Cargill,False,True,True
PRJNA781098,excluded,host_nonhuman,0,,,0,0,0,Chinese Center for Disease Control and Prevention,False,True,True
PRJNA793748,excluded,host_nonhuman,0,,,0,0,0,"Institute of zoology, Chinese Academy of Sciences",False,True,True
PRJNA794207,excluded,host_nonhuman,0,,,0,0,0,University of Missouri-St. Louis,False,True,True
PRJNA438436,excluded,host_nonhuman,13,Plancade S,Mach N,2,0,2,INRA,True,True,True
PRJNA799478,excluded,host_nonhuman,0,,,0,0,0,Beijing Forestry University,False,True,True
PRJNA779845,excluded,host_nonhuman,0,,,0,0,0,Northeast Agricultural University,False,True,True
PRJNA692773,excluded,host_nonhuman,0,,,0,0,0,ChinaCDC,False,True,True
PRJNA801755,excluded,host_nonhuman,0,,,0,0,0,Beijing Fisheries Research Institute,False,True,True
PRJNA814825,excluded,host_nonhuman,0,,,0,0,0,Beijing Forestry University,False,True,True
PRJNA821230,excluded,host_nonhuman,0,,,0,0,0,Auburn University,False,True,True
PRJNA821923,excluded,host_nonhuman,0,,,0,0,0,Central Queensland University,False,True,True
PRJNA823519,excluded,host_nonhuman,0,,,0,0,0,Hungarian University of Agriculture and Life Sciences,False,True,True
PRJNA774076,excluded,host_nonhuman,13,Xiao K,Shen Y,1,1,1,South China Agricultural University,True,True,True
PRJNA825364,excluded,host_nonhuman,4,Meng Y,Zheng H,1,0,1,China Agricultural University,True,True,True
PRJNA824056,excluded,host_nonhuman,0,,,0,0,0,University of Utah,False,True,True
PRJNA827108,excluded,host_nonhuman,0,,,0,0,0,Vrije Universiteit Amsterdam,False,True,True
PRJNA833654,excluded,host_nonhuman,0,,,0,0,0,Central South University of Forestry and Technology,False,True,True
PRJNA834577,excluded,host_nonhuman,0,,,0,0,0,Central Queensland University,False,True,True
PRJNA835154,excluded,host_nonhuman,0,,,0,0,0,University of Queensland,False,True,True
PRJNA784453,excluded,host_nonhuman,0,,,0,0,0,Beijing Forestry University,False,True,True
PRJNA819194,excluded,host_nonhuman,10,Sparagon WJ,Nelson CE,1,0,1,University of Hawai'i at Manoa,True,True,True
PRJNA836960,excluded,host_nonhuman,0,,,0,0,0,University of Massachusetts Boston,False,True,True
PRJNA841246,excluded,host_nonhuman,9,Van Brussel K,Barrs VR,1,0,1,The University of Sydney,True,True,True
PRJNA842839,excluded,host_nonhuman,0,,,0,0,0,"Changchun Veterinary Research Institute, Chinese Academy of Agricultural Sciences",False,True,True
PRJNA820543,excluded,host_nonhuman,0,,,0,0,0,Yangzhou University,False,True,True
PRJNA843204,excluded,host_nonhuman,0,,,0,0,0,Qingdao Agricultural University,False,True,True
PRJNA844237,excluded,host_nonhuman,0,,,0,0,0,University of Saskatchewan,False,True,True
PRJNA851287,excluded,host_environmental,0,,,0,0,0,Institute of Urban Environment,False,True,True
PRJNA831632,excluded,host_nonhuman,0,,,0,0,0,Sun Yat-sen University,False,True,True
PRJNA854590,excluded,host_nonhuman,0,,,0,0,0,UMass Medical School,False,True,True
PRJNA853948,excluded,host_nonhuman,0,,,0,0,0,Guangxi Normal University,False,True,True
PRJNA852525,excluded,host_nonhuman,0,,,0,0,0,Massachusetts General Hospital,False,True,True
PRJNA853287,excluded,host_nonhuman,0,,,0,0,0,University of Pittsburgh,False,True,True
PRJNA861719,excluded,host_nonhuman,0,,,0,0,0,Nanchang Normal University,False,True,True
PRJNA874189,excluded,host_nonhuman,0,,,0,0,0,Huazhong University of Science and Technology,False,True,True
PRJNA875203,excluded,host_nonhuman,0,,,0,0,0,Pearl River Fisheries Research Institute,False,True,True
PRJNA683921,excluded,host_environmental,0,,,0,0,0,Washington University in St. Louis,False,True,True
PRJNA876767,excluded,host_nonhuman,0,,,0,0,0,Jiangsu University,False,True,True
PRJNA877100,excluded,host_nonhuman,0,,,0,0,0,South China Agricultural University,False,True,True
PRJNA876956,excluded,host_nonhuman,0,,,0,0,0,Lanzhou University,False,True,True
PRJNA875970,excluded,host_nonhuman,0,,,0,0,0,Nanjing Forestry University,False,True,True
PRJNA733006,excluded,host_nonhuman,0,,,0,0,0,The Institute of Microbiology of the Chinese Academy of Sciences,False,True,True
PRJNA255683,excluded,host_nonhuman,6,Zhang W,Delwart E,1,0,1,Blood Systems Research Institute,True,True,True
PRJNA752224,excluded,host_nonhuman,0,,,0,0,0,Ningxia University,False,True,True
PRJNA753312,excluded,host_nonhuman,0,,,0,0,0,Bangabandhu Sheikh Mujibur Rahman Agricultural University,False,True,True
PRJNA785864,excluded,host_environmental,0,,,0,0,0,"Institute of Bioengineering, Research Center of Biotechnology of RAS",False,True,True
PRJNA847017,excluded,host_nonhuman,10,Li J,Tao S,1,1,0,Huazhong Agricultural University,True,True,True
PRJNA847753,excluded,host_nonhuman,0,,,0,0,0,Yunnan Provincial Centre for Disease Control and Prevention,False,True,True
PRJNA848403,excluded,host_nonhuman,0,,,0,0,0,Yunnan Provincial Centre for Disease Control and Prevention,False,True,True
PRJNA847006,excluded,host_nonhuman,21,Wang Z,Tao S,3,3,0,Huazhong Agricultural University,True,True,True
PRJNA849257,excluded,host_nonhuman,0,,,0,0,0,Diversigen,False,True,True
PRJNA849401,excluded,host_nonhuman,0,,,0,0,0,Yunnan Provincial Centre for Disease Control and Prevention,False,True,True
PRJNA849338,excluded,host_nonhuman,0,,,0,0,0,"Wuxi School of Medicine, Jiangnan University",False,True,True
PRJNA701711,excluded,host_nonhuman,0,,,0,0,0,Beijing Forestry Universty,False,True,True
PRJNA854693,excluded,host_nonhuman,0,,,0,0,0,Jiangsu University,False,True,True
PRJEB29323,excluded,host_nonhuman,0,,,0,0,0,Wellcome Sanger Institute,False,True,True
PRJNA620693,excluded,host_nonhuman,0,,,0,0,0,DOE Joint Genome Institute,False,True,True
PRJNA620702,excluded,host_nonhuman,0,,,0,0,0,DOE Joint Genome Institute,False,True,True
PRJNA620708,excluded,host_nonhuman,0,,,0,0,0,DOE Joint Genome Institute,False,True,True
PRJNA620716,excluded,host_nonhuman,0,,,0,0,0,DOE Joint Genome Institute,False,True,True
PRJEB9426,excluded,host_environmental,0,,,0,0,0,"University of Tromso, NORWAY; University of Tromso",False,True,True
PRJNA860353,excluded,host_nonhuman,0,,,0,0,0,Chinese Academy of Agricultural Sciences,False,True,True
PRJEB10538,excluded,host_nonhuman,0,,,0,0,0,"Key Laboratory of Environmental and Applied Microbiology, CAS",False,True,True
PRJNA588263,excluded,host_nonhuman,0,,,0,0,0,University of Pennslvania,False,True,True
PRJNA232620,excluded,host_nonhuman,0,,,0,0,0,Virology,False,True,True
PRJNA596855,excluded,host_nonhuman,8,Sutherland M,Raidal SR,1,0,1,University of Melbourne,True,True,True
PRJNA593618,excluded,host_nonhuman,0,,,0,0,0,UCI,False,True,True
PRJNA599206,excluded,host_nonhuman,0,,,0,0,0,Nigerian Institute of Medical Research,False,True,True
PRJNA609587,excluded,host_nonhuman,2,Thongbunrod N,Chaiprasert P,1,0,1,King Mongkut's University of Technology Thonburi,True,True,True
PRJNA612982,excluded,host_nonhuman,0,,,0,0,0,Jiangsu University,False,True,True
PRJNA888570,excluded,host_nonhuman,0,,,0,0,0,Zhejiang University of Technology,False,True,True
PRJNA620696,excluded,host_nonhuman,0,,,0,0,0,DOE Joint Genome Institute,False,True,True
PRJNA620700,excluded,host_nonhuman,0,,,0,0,0,DOE Joint Genome Institute,False,True,True
PRJNA620704,excluded,host_nonhuman,0,,,0,0,0,DOE Joint Genome Institute,False,True,True
PRJNA620705,excluded,host_nonhuman,0,,,0,0,0,DOE Joint Genome Institute,False,True,True
PRJNA620710,excluded,host_nonhuman,0,,,0,0,0,DOE Joint Genome Institute,False,True,True
PRJNA620713,excluded,host_nonhuman,0,,,0,0,0,DOE Joint Genome Institute,False,True,True
PRJNA620715,excluded,host_nonhuman,0,,,0,0,0,DOE Joint Genome Institute,False,True,True
PRJNA620719,excluded,host_nonhuman,0,,,0,0,0,DOE Joint Genome Institute,False,True,True
PRJNA158313,excluded,host_nonhuman,12,Alcaide M,Ferrer M,1,0,1,CSIC,True,True,True
PRJNA620692,excluded,host_nonhuman,0,,,0,0,0,DOE Joint Genome Institute,False,True,True
PRJNA620699,excluded,host_nonhuman,0,,,0,0,0,DOE Joint Genome Institute,False,True,True
PRJNA620707,excluded,host_nonhuman,0,,,0,0,0,DOE Joint Genome Institute,False,True,True
PRJNA620709,excluded,host_nonhuman,0,,,0,0,0,DOE Joint Genome Institute,False,True,True
PRJNA620712,excluded,host_nonhuman,0,,,0,0,0,DOE Joint Genome Institute,False,True,True
PRJNA620714,excluded,host_nonhuman,0,,,0,0,0,DOE Joint Genome Institute,False,True,True
PRJNA620720,excluded,host_nonhuman,0,,,0,0,0,DOE Joint Genome Institute,False,True,True
PRJNA760967,excluded,host_nonhuman,3,Du Y,Zhou X,1,0,1,China Agricultural university,True,True,True
PRJNA758898,excluded,host_nonhuman,0,,,0,0,0,Auburn University,False,True,True
PRJNA816315,excluded,host_nonhuman,0,,,0,0,0,University of North Bengal,False,True,True
PRJNA851189,excluded,host_nonhuman,0,,,0,0,0,Jiangsu University,False,True,True
PRJNA816680,excluded,host_nonhuman,0,,,0,0,0,University of North Bengal,False,True,True
PRJNA279302,excluded,host_nonhuman,0,,,0,0,0,Embrapa Environment,False,True,True
PRJNA930555,excluded,host_nonhuman,0,,,0,0,0,Foshan Univ.,False,True,True
PRJNA930999,excluded,host_nonhuman,0,,,0,0,0,Leiden University Medical Center,False,True,True
PRJNA931654,excluded,host_nonhuman,0,,,0,0,0,Shan dong university,False,True,True
PRJNA931729,excluded,host_nonhuman,0,,,0,0,0,Institue of Deep-sea Science and Engineering,False,True,True
PRJNA932532,excluded,host_nonhuman,0,,,0,0,0,Xiamen University,False,True,True
PRJNA933244,excluded,host_nonhuman,0,,,0,0,0,China Agricultural University,False,True,True
PRJNA934742,excluded,host_nonhuman,0,,,0,0,0,Shenyang Agricultural University,False,True,True
PRJNA936782,excluded,host_nonhuman,0,,,0,0,0,Auburn University,False,True,True
PRJNA936938,excluded,host_nonhuman,10,Chen Z,Liu WJ,1,0,1,"Institute for Viral Disease Control and Prevention,China CDC",True,True,True
PRJNA942432,excluded,host_nonhuman,0,,,0,0,0,China Agricultural University,False,True,True
PRJNA941130,excluded,host_nonhuman,0,,,0,0,0,ICMR-National Institute of Virology,False,True,True
PRJNA945347,excluded,host_nonhuman,0,,,0,0,0,"Institute of Feed Research, Chinese Acad; National Natural Science Foundation of China",False,True,True
PRJNA946320,excluded,host_nonhuman,0,,,0,0,0,Insititute of subtropical agriculture,False,True,True
PRJNA942254,excluded,host_nonhuman,12,Teullet S,Delsuc F,1,0,1,CNRS - Universite de Montpellier,True,True,True
PRJNA947216,excluded,host_nonhuman,0,,,0,0,0,Stanford University,False,True,True
PRJNA947933,excluded,host_nonhuman,0,,,0,0,0,Center for Bioinformatics,False,True,True
PRJNA946794,excluded,host_nonhuman,0,,,0,0,0,Hainan Medical University,False,True,True
PRJNA951460,excluded,host_nonhuman,0,,,0,0,0,Nanjing Agricultural University,False,True,True
PRJNA955400,excluded,host_nonhuman,0,,,0,0,0,Norwegian Veterinary Institute,False,True,True
PRJNA955930,excluded,host_nonhuman,0,,,0,0,0,Nanjing Agricultural University,False,True,True
PRJNA970731,excluded,host_synthetic,0,,,0,0,0,NIH,False,True,True
PRJNA971188,excluded,host_nonhuman,0,,,0,0,0,Cornell University,False,True,True
PRJNA972968,excluded,host_nonhuman,0,,,0,0,0,Jomo Kenyatta University of Agriculture and Technology,False,True,True
PRJNA977671,excluded,host_nonhuman,11,Lyte JM,Lyte M,1,1,0,United States Department of Agriculture,True,True,True
PRJNA976898,excluded,host_nonhuman,0,,,0,0,0,Jomo Kenyatta University of Agriculture and Technology,False,True,True
PRJNA892774,excluded,host_nonhuman,0,,,0,0,0,"Lanzhou Veterinary Research Institute, Chinese Academy of Agricultural Sciences",False,True,True
PRJNA983435,excluded,host_nonhuman,0,,,0,0,0,Beijing Children Hospital,False,True,True
PRJNA901926,excluded,host_nonhuman,0,,,0,0,0,University of Minnesota,False,True,True
PRJNA986701,excluded,host_nonhuman,0,,,0,0,0,Sun Yat-sen University,False,True,True
PRJNA987743,excluded,host_nonhuman,13,Conteville LC,Regitano LCA,2,0,2,Embrapa Pecuaria Sudeste,True,True,True
PRJNA988023,excluded,host_nonhuman,0,,,0,0,0,USDA-ARS,False,True,True
PRJNA993601,excluded,host_nonhuman,0,,,0,0,0,Federico II University,False,True,True
PRJNA996750,excluded,host_nonhuman,0,,,0,0,0,"University of California, Irvine",False,True,True
PRJNA997075,excluded,host_nonhuman,0,,,0,0,0,Nanjing University of Chinese Medicine,False,True,True
PRJNA997718,excluded,host_nonhuman,0,,,0,0,0,"Guizhou Education University,",False,True,True
PRJNA998092,excluded,host_nonhuman,0,,,0,0,0,Tulane University,False,True,True
PRJNA999692,excluded,host_nonhuman,0,,,0,0,0,University of Illinois Chicago,False,True,True
PRJNA1004900,excluded,host_nonhuman,0,,,0,0,0,Chengdu Research Base of Giant Panda Breeding,False,True,True
PRJNA1006674,excluded,host_nonhuman,0,,,0,0,0,Diversigen,False,True,True
PRJNA1008992,excluded,host_nonhuman,0,,,0,0,0,Anhui Agricultural University,False,True,True
PRJNA1005433,excluded,host_nonhuman,0,,,0,0,0,China Agricultural University,False,True,True
PRJNA1011256,excluded,host_nonhuman,0,,,0,0,0,Lanzhou University,False,True,True
PRJNA1012006,excluded,host_nonhuman,0,,,0,0,0,UCSD School of Medicine,False,True,True
PRJNA1012811,excluded,host_nonhuman,0,,,0,0,0,Guangxi University,False,True,True
PRJNA826610,excluded,host_nonhuman,0,,,0,0,0,,False,False,True
PRJNA1015378,excluded,host_nonhuman,0,,,0,0,0,Anhui Medical University,False,True,True
PRJNA1015652,excluded,host_nonhuman,0,,,0,0,0,National Institute of Animal Nutrition and Physiology,False,True,True
PRJNA1017905,excluded,host_nonhuman,0,,,0,0,0,Foshan Univ.,False,True,True
PRJNA1017832,excluded,host_nonhuman,0,,,0,0,0,University of Oxford,False,True,True
PRJNA1020399,excluded,host_nonhuman,0,,,0,0,0,Jomo Kenyatta University of Agriculture and Technology,False,True,True
PRJNA1018682,excluded,host_nonhuman,0,,,0,0,0,Tsinglan School,False,True,True
PRJNA883659,excluded,host_nonhuman,0,,,0,0,0,University of Pennslvania,False,True,True
PRJNA1029994,excluded,host_nonhuman,0,,,0,0,0,McGill University,False,True,True
PRJNA1029728,excluded,host_nonhuman,0,,,0,0,0,China Agricultural University,False,True,True
PRJNA1032714,excluded,host_nonhuman,0,,,0,0,0,Auburn University,False,True,True
PRJNA1029896,excluded,host_nonhuman,12,Zhang K,Chen Y,1,1,0,Northwest A&F University,True,True,True
PRJNA785979,excluded,host_nonhuman,0,,,0,0,0,"Institute of Bioengineering, Research Center of Biotechnology of RAS",False,True,True
PRJNA734104,excluded,host_nonhuman,0,,,0,0,0,KMHD,False,True,True
PRJNA214227,excluded,host_nonhuman,0,,,0,0,0,University of Missouri,False,True,True
PRJNA196750,excluded,host_nonhuman,0,,,0,0,0,BSRI,False,True,True
PRJNA1045361,excluded,host_nonhuman,0,,,0,0,0,"National Institute for Communicable Disease Control and Prevention, Chinese Center for Disease Contr",False,True,True
PRJNA1050852,excluded,host_nonhuman,0,,,0,0,0,Shanghai General Hospital,False,True,True
PRJNA1052964,excluded,host_nonhuman,24,Zhuang Y,Cao Z,2,2,0,China Agricultural University,True,True,True
PRJNA1054354,excluded,host_nonhuman,0,,,0,0,0,Northwest A&F University,False,True,True
PRJNA1056341,excluded,host_nonhuman,0,,,0,0,0,"Institute of Subtropical Agriculture, Chinese Academy of Sciences",False,True,True
PRJNA997754,excluded,host_nonhuman,7,Yu SJ,Stanley D,1,1,0,Central Queensland University,True,True,True
PRJNA1095634,excluded,host_nonhuman,0,,,0,0,0,Chinese Academy of Sciences,False,True,True
PRJNA1262367,excluded,host_nonhuman,0,,,0,0,0,"Department of Veterinary and Animal Sciences, University of Copenhagen, Denmark",False,True,True
PRJNA1257558,excluded,host_nonhuman,0,,,0,0,0,Qingdao Agricultural University,False,True,True
PRJNA1264679,excluded,host_nonhuman,0,,,0,0,0,Nanjing agricultural university,False,True,True
PRJNA1232438,excluded,host_nonhuman,0,,,0,0,0,Central & Clinical Laboratory of Sanya People's Hospital,False,True,True
PRJNA1268751,excluded,host_nonhuman,0,,,0,0,0,"Honghui Hospital, Xi'an Jiaotong University",False,True,True
PRJNA1269239,excluded,host_nonhuman,0,,,0,0,0,Xianghu Laboratory,False,True,True
PRJNA1279039,excluded,host_nonhuman,0,,,0,0,0,Nwafu,False,True,True
PRJNA1279825,excluded,host_nonhuman,0,,,0,0,0,Lanzhou Institute of Husbandry and Pharmaceutical Sciences of Chinese Academy of Agricultural Scienc,False,True,True
PRJNA1280286,excluded,host_nonhuman,0,,,0,0,0,Shanxi Agricultural University,False,True,True
PRJNA1281323,excluded,host_nonhuman,0,,,0,0,0,Dalian Ocean University,False,True,True
PRJNA1283623,excluded,host_nonhuman,0,,,0,0,0,Nanjing Agricultural University,False,True,True
PRJNA1199154,excluded,host_nonhuman,0,,,0,0,0,Xinjiang Academy of Agricultural Sciences,False,True,True
PRJNA1338065,excluded,host_nonhuman,0,,,0,0,0,Northwest A&F University,False,True,True
PRJNA1131137,excluded,host_nonhuman,0,,,0,0,0,Oklahoma State University,False,True,True
PRJNA1273701,excluded,host_nonhuman,0,,,0,0,0,Qingdao Agricultural University,False,True,True
PRJNA1335397,excluded,host_nonhuman,0,,,0,0,0,Jiangsu University,False,True,True
PRJNA1343825,excluded,host_nonhuman,0,,,0,0,0,LanZhou University,False,True,True
PRJNA1353574,excluded,host_environmental,0,,,0,0,0,Peking University,False,True,True
PRJNA1356721,excluded,host_nonhuman,0,,,0,0,0,Anhui Normal University,False,True,True
PRJNA1365025,excluded,host_nonhuman,0,,,0,0,0,Indian Council of Agricultural research_Directorate of Poultry Reseach,False,True,True
PRJNA1337482,excluded,host_nonhuman,0,,,0,0,0,University of Georgia,False,True,True
PRJNA1366117,excluded,host_nonhuman,7,Felicianna,El-Nezami H,2,0,2,University of Hong Kong,True,True,True
PRJNA1353588,excluded,host_nonhuman,0,,,0,0,0,Texas Tech University,False,True,True
PRJNA1367284,excluded,host_nonhuman,10,Zhang F,El-Nezami H,1,0,1,University of Hong Kong,True,True,True
PRJNA1367934,excluded,host_nonhuman,0,,,0,0,0,Tianjin medical university,False,True,True
PRJNA1227706,excluded,host_nonhuman,0,,,0,0,0,Seoul National University,False,True,True
PRJNA1358819,excluded,host_nonhuman,0,,,0,0,0,University of Chinese Academy of Sciences,False,True,True
PRJNA1397327,excluded,host_nonhuman,0,,,0,0,0,Institute of Grassland Research of Chinese Academy of Agricultural Sciences,False,True,True
PRJNA1404839,excluded,host_nonhuman,0,,,0,0,0,South China Normal University,False,True,True
PRJNA1405902,excluded,host_nonhuman,0,,,0,0,0,"The Graduate University for Advanced Studies, SOKENDAI",False,True,True
PRJNA1405957,excluded,host_nonhuman,0,,,0,0,0,Foshan University,False,True,True
PRJNA1417311,excluded,host_nonhuman,0,,,0,0,0,University of California Davis,False,True,True
PRJNA1418985,excluded,host_nonhuman,0,,,0,0,0,"Lanzhou Veterinary Research Institute, Chinese Academy of Agricultural Sciences",False,True,True
PRJNA1419991,excluded,host_nonhuman,0,,,0,0,0,China Medical University,False,True,True
PRJNA1423007,excluded,host_nonhuman,0,,,0,0,0,"Lanzhou Veterinary Research Institute, Chinese Academy of Agricultural Sciences",False,True,True
PRJNA1397531,excluded,host_nonhuman,0,,,0,0,0,"Beijing Obstetrics and Gynecology Hospital, Capital Medical University",False,True,True
PRJNA1428757,excluded,host_nonhuman,0,,,0,0,0,University of Texas at Austin,False,True,True
PRJNA1431104,excluded,host_nonhuman,0,,,0,0,0,Nanjing University of Chinese Medicine,False,True,True
PRJNA1431660,excluded,host_nonhuman,0,,,0,0,0,Guangxi Normal University,False,True,True
PRJNA1419542,excluded,host_nonhuman,0,,,0,0,0,Qingdao Agricultural University,False,True,True
PRJNA1062615,excluded,host_nonhuman,0,,,0,0,0,JNTUH,False,True,True
PRJNA1447779,excluded,host_nonhuman,0,,,0,0,0,"Diprobio (Shanghai) Co., Limited, Shanghai 200050, China.",False,True,True
PRJNA356809,excluded,host_nonhuman,13,Xiao K,Shen Y,1,1,0,Sichuan Agricultural University,True,True,True
PRJNA340523,excluded,host_nonhuman,0,,,0,0,0,DOE Joint Genome Institute,False,True,True
PRJNA340487,excluded,host_nonhuman,0,,,0,0,0,DOE Joint Genome Institute,False,True,True
PRJNA896755,excluded,host_nonhuman,0,,,0,0,0,Yibin University,False,True,True
PRJNA899808,excluded,host_nonhuman,16,Chioma OS,Drake WP,1,0,1,Washington University in St. Louis,True,True,True
PRJNA904667,excluded,host_nonhuman,0,,,0,0,0,University of Lausanne,False,True,True
PRJNA906124,excluded,host_nonhuman,0,,,0,0,0,Nom Nom,False,True,True
PRJNA911298,excluded,host_nonhuman,0,,,0,0,0,INIA,False,True,True
PRJNA915351,excluded,host_nonhuman,0,,,0,0,0,Universidad del Rosario,False,True,True
PRJNA916383,excluded,host_nonhuman,0,,,0,0,0,Nanjing University of Chinese Medicine,False,True,True
PRJNA901256,excluded,host_nonhuman,3,Wilson PH,Felix DH,1,0,1,,True,False,True
PRJNA923753,excluded,host_nonhuman,0,,,0,0,0,Joint Genome Institute,False,True,True
PRJNA924535,excluded,host_nonhuman,0,,,0,0,0,Korea Maritime & Ocean University,False,True,True
PRJNA924548,excluded,host_nonhuman,0,,,0,0,0,Henan Agricultural University,False,True,True
PRJNA925857,excluded,host_nonhuman,0,,,0,0,0,Hill's Pet Nutrition Inc.,False,True,True
PRJNA977813,excluded,host_nonhuman,0,,,0,0,0,Shaanxi Institute of Zoology,False,True,True
PRJNA1065468,excluded,host_nonhuman,0,,,0,0,0,The National University of San Marcos,False,True,True
PRJNA1066875,excluded,host_nonhuman,0,,,0,0,0,Slovak Academy of Sciences,False,True,True
PRJNA1068753,excluded,host_nonhuman,0,,,0,0,0,Jiangnan University,False,True,True
PRJNA1065020,excluded,host_nonhuman,0,,,0,0,0,Jiangsu Academy of Agricultural Sciences,False,True,True
PRJNA1068280,excluded,host_nonhuman,0,,,0,0,0,Jiangsu Academy of Agricultural Sciences,False,True,True
PRJNA1069780,excluded,host_nonhuman,0,,,0,0,0,Sichuan University,False,True,True
PRJNA1071073,excluded,host_nonhuman,10,Pal S,Pacifici R,1,0,1,Harvard T.H. Chan School of Public Health,True,True,True
PRJNA1070069,excluded,host_nonhuman,0,,,0,0,0,Huazhong University of Science and Technology,False,True,True
PRJNA1071596,excluded,host_nonhuman,0,,,0,0,0,Helmholtz Institut fuer RNA basierte Infektionsforschung,False,True,True
PRJNA1071736,excluded,host_nonhuman,0,,,0,0,0,"Institute of Subtropical Agriculture, Chinese Academy of Sciences",False,True,True
PRJNA1073739,excluded,host_nonhuman,0,,,0,0,0,"Institute of Subtropical Agriculture, Chinese Academy of Sciences",False,True,True
PRJNA1073587,excluded,host_nonhuman,0,,,0,0,0,Foshan University,False,True,True
PRJNA1076899,excluded,host_nonhuman,0,,,0,0,0,CAS Center for Excellence in Molecular Plant Sciences,False,True,True
PRJNA1080049,excluded,host_nonhuman,0,,,0,0,0,Peking University,False,True,True
PRJNA1080255,excluded,host_nonhuman,0,,,0,0,0,Beijing Academy of Agriculture and Forestry Sciences,False,True,True
PRJNA1080887,excluded,host_nonhuman,0,,,0,0,0,"Shanghai Institute of Immunity and Infection, CAS",False,True,True
PRJNA1081682,excluded,host_nonhuman,0,,,0,0,0,University of South Africa,False,True,True
PRJNA1084102,excluded,host_nonhuman,0,,,0,0,0,The Second Affiliated Hospital of Xi'an Jiaotong University,False,True,True
PRJNA1086397,excluded,host_nonhuman,0,,,0,0,0,The Uniformed Services University of the Health Sciences,False,True,True
PRJNA1088274,excluded,host_nonhuman,0,,,0,0,0,Foshan Univ.,False,True,True
PRJNA1088277,excluded,host_nonhuman,0,,,0,0,0,"Shanghai Institute of Immunity and Infection, CAS",False,True,True
PRJNA1088536,excluded,host_nonhuman,9,Drake MJ,Redding LE,1,1,0,Children's Hospital of Philadelphia,True,True,True
PRJNA1088764,excluded,host_nonhuman,0,,,0,0,0,Dalian Ocean University,False,True,True
PRJNA1090098,excluded,host_nonhuman,0,,,0,0,0,University of Pittsburgh,False,True,True
PRJNA1090319,excluded,host_nonhuman,0,,,0,0,0,Shangqiu Normal University,False,True,True
PRJNA1092791,excluded,host_nonhuman,0,,,0,0,0,Huazhong Agricultural University,False,True,True
PRJNA1077890,excluded,host_nonhuman,0,,,0,0,0,South China Agricultural University,False,True,True
PRJNA1102664,excluded,host_nonhuman,0,,,0,0,0,South China Agricultural University,False,True,True
PRJNA1107788,excluded,host_nonhuman,0,,,0,0,0,Agriculture and Agri-Food Canada,False,True,True
PRJNA1110296,excluded,host_synthetic,0,,,0,0,0,PacBio,False,True,True
PRJNA994902,excluded,host_nonhuman,0,,,0,0,0,University of Georgia,False,True,True
PRJNA1113545,excluded,host_nonhuman,0,,,0,0,0,The Francis Crick Institute,False,True,True
PRJNA300600,excluded,host_nonhuman,0,,,0,0,0,ABLife,False,True,True
PRJNA1116614,excluded,host_nonhuman,0,,,0,0,0,China agricultural university,False,True,True
PRJNA1118103,excluded,host_nonhuman,0,,,0,0,0,Institute of Animal Science,False,True,True
PRJNA1119051,excluded,host_nonhuman,0,,,0,0,0,University of Tabuk,False,True,True
PRJNA1117419,excluded,host_nonhuman,0,,,0,0,0,Cold Spring Harbor Laboratory,False,True,True
PRJNA1121382,excluded,host_nonhuman,0,,,0,0,0,Institut pasteur de Lille (INSERM U1019 - CNRS UMR9017),False,True,True
PRJNA1120402,excluded,host_nonhuman,0,,,0,0,0,"West China School of Basic Medical Sciences & Forensic Medicine, Sichuan University",False,True,True
PRJNA1123313,excluded,host_nonhuman,0,,,0,0,0,China Agricultural University,False,True,True
PRJNA1123838,excluded,host_nonhuman,0,,,0,0,0,China Agricultural University,False,True,True
PRJNA1125523,excluded,host_nonhuman,0,,,0,0,0,China Agricultural University,False,True,True
PRJNA1127265,excluded,host_nonhuman,0,,,0,0,0,AgResearch NZ Limited,False,True,True
PRJNA1131156,excluded,host_nonhuman,0,,,0,0,0,Anhui Science and Technology University,False,True,True
PRJNA1132180,excluded,host_nonhuman,0,,,0,0,0,Northeast Forestry University,False,True,True
PRJNA1134278,excluded,host_nonhuman,0,,,0,0,0,northwestern agriculture and forestry university,False,True,True
PRJNA1137132,excluded,host_nonhuman,0,,,0,0,0,Piemonte Orientale University,False,True,True
PRJNA1137056,excluded,host_nonhuman,0,,,0,0,0,Nanjing Agricultural University,False,True,True
PRJNA685791,excluded,host_nonhuman,0,,,0,0,0,University of Oxford,False,True,True
PRJNA1025834,excluded,host_nonhuman,0,,,0,0,0,University of Chinese Academy of Sciences Institut Pasteur of Shanghai,False,True,True
PRJNA1062024,excluded,host_nonhuman,0,,,0,0,0,Ludong University,False,True,True
PRJNA1068936,excluded,host_nonhuman,0,,,0,0,0,South China University of Technology,False,True,True
PRJNA1076814,excluded,host_nonhuman,0,,,0,0,0,University of the Free State,False,True,True
PRJNA894804,excluded,host_nonhuman,0,,,0,0,0,Zhejiang Gongshang University,False,True,True
PRJNA904823,excluded,host_nonhuman,0,,,0,0,0,Jiangsu University,False,True,True
PRJNA912083,excluded,host_nonhuman,0,,,0,0,0,Jiangsu University of Science and Technology,False,True,True
PRJNA922625,excluded,host_nonhuman,0,,,0,0,0,,False,False,True
PRJNA1114660,excluded,host_nonhuman,0,,,0,0,0,"Univeristy of Warmia and Mazury, Faculty of Veterinary Medicine; Pathosense",False,True,True
PRJNA1125500,excluded,host_nonhuman,0,,,0,0,0,Jiangsu University,False,True,True
PRJNA1133089,excluded,host_nonhuman,0,,,0,0,0,Zhejiang Agriculture and Forestry University,False,True,True
PRJNA1141481,excluded,host_nonhuman,0,,,0,0,0,Land Crab Microbiome Project Submissions,False,True,True
PRJNA1145091,excluded,host_nonhuman,0,,,0,0,0,"Tongji University, School of Medicine, Shanghai First Maternity and Infant Hospital",False,True,True
PRJNA1145617,excluded,host_nonhuman,0,,,0,0,0,Norwegian Veterinary Institute,False,True,True
PRJNA1149051,excluded,host_nonhuman,0,,,0,0,0,University of Georgia,False,True,True
PRJNA1091216,excluded,host_nonhuman,0,,,0,0,0,Qingdao Agricultural University,False,True,True
PRJNA1162000,excluded,host_nonhuman,0,,,0,0,0,China Agricultural University,False,True,True
PRJNA1162843,excluded,host_nonhuman,0,,,0,0,0,CSKHPKV Palampur,False,True,True
PRJNA1164039,excluded,host_nonhuman,0,,,0,0,0,Ravi Mani's Polychaete Gut Metagenome Group,False,True,True
PRJNA1161368,excluded,host_nonhuman,0,,,0,0,0,China Agricultural University,False,True,True
PRJNA307458,excluded,host_nonhuman,0,,,0,0,0,Sichuan Agricultural University,False,True,True
PRJNA1166898,excluded,host_nonhuman,0,,,0,0,0,Cochin University of Science and Technology,False,True,True
PRJNA1158499,excluded,host_nonhuman,0,,,0,0,0,Sun Yat-sen University,False,True,True
PRJNA1177826,excluded,host_nonhuman,0,,,0,0,0,Laboratory Animal Center,False,True,True
PRJNA1177199,excluded,host_nonhuman,0,,,0,0,0,Indian Council of Agricultural research_Directorate of Poultry Research,False,True,True
PRJNA1182811,excluded,host_nonhuman,0,,,0,0,0,Veterinary Faculty,False,True,True
PRJNA1156913,excluded,host_nonhuman,0,,,0,0,0,Lanzhou Institute of Husbandry and Pharmaceutical Sciences of Chinese Academy of Agricultural Scienc,False,True,True
PRJNA1185313,excluded,host_nonhuman,0,,,0,0,0,the First Affiliated Hospital to Changchun University of Chinese Medicine.,False,True,True
PRJNA1187854,excluded,host_nonhuman,0,,,0,0,0,China Agricultural University,False,True,True
PRJNA1246132,excluded,host_nonhuman,0,,,0,0,0,Northeast Forestry University,False,True,True
PRJNA1084846,excluded,host_nonhuman,0,,,0,0,0,University of Pennslvania,False,True,True
PRJNA1247447,excluded,host_nonhuman,0,,,0,0,0,Children's Hospital of Philadelphia,False,True,True
PRJNA1248985,excluded,host_nonhuman,0,,,0,0,0,Institute of Plant Protection,False,True,True
PRJNA1215972,excluded,host_nonhuman,0,,,0,0,0,University of Pennslvania,False,True,True
PRJNA1251691,excluded,host_nonhuman,0,,,0,0,0,Hebei Agricultural university,False,True,True
PRJNA1252077,excluded,host_nonhuman,0,,,0,0,0,Hebei Agricultural university,False,True,True
PRJNA1253317,excluded,host_nonhuman,0,,,0,0,0,Hebei Agricultural university,False,True,True
PRJNA1245445,excluded,host_nonhuman,0,,,0,0,0,Bart C Weimer,False,True,True
PRJNA1252780,excluded,host_nonhuman,7,Muringattu Prabhakaran D,Reed KM,1,0,1,University of Minnesota,True,True,True
PRJNA1255169,excluded,host_nonhuman,0,,,0,0,0,USDA-ARS,False,True,True
PRJNA1256668,excluded,host_nonhuman,0,,,0,0,0,Huazhong Agricultural University,False,True,True
PRJNA1256929,excluded,host_nonhuman,6,Hou X,Xu K,1,1,0,"Institute of Subtropical Agriculture, the Chinese Academy of Sciences",True,True,True
PRJNA1203944,excluded,host_nonhuman,0,,,0,0,0,Qingdao Agricultural University,False,True,True
PRJNA1256213,excluded,host_nonhuman,0,,,0,0,0,Nanjing Agricultural University,False,True,True
PRJNA1258551,excluded,host_nonhuman,0,,,0,0,0,Fudan University,False,True,True
PRJNA1175865,excluded,host_nonhuman,0,,,0,0,0,Qingdao Agricultural University,False,True,True
PRJNA1288570,excluded,host_nonhuman,0,,,0,0,0,"Guizhou Education University,",False,True,True
PRJNA1283621,excluded,host_nonhuman,0,,,0,0,0,Nanjing Agricultural University,False,True,True
PRJNA688310,excluded,host_nonhuman,0,,,0,0,0,Jill Banfield's Lab at Berkeley,False,True,True
PRJNA1033805,excluded,host_nonhuman,0,,,0,0,0,Nanjing Forestry University,False,True,True
PRJNA1078543,excluded,host_nonhuman,0,,,0,0,0,Sun Yat-sen University,False,True,True
PRJNA1088317,excluded,host_nonhuman,0,,,0,0,0,Zhejiang University of Technology,False,True,True
PRJNA1106546,excluded,host_nonhuman,0,,,0,0,0,Universidad Autonoma de Tlaxcala,False,True,True
PRJNA1151597,excluded,host_nonhuman,9,Zhang F,El-Nezami H,1,0,1,University of Hong Kong,True,True,True
PRJNA305465,excluded,host_nonhuman,0,,,0,0,0,"Institute of Hydrobiology, Chinese Academy of Sciences",False,True,True
PRJNA1169316,excluded,host_nonhuman,0,,,0,0,0,University of Puerto Rico,False,True,True
PRJNA1191532,excluded,host_nonhuman,0,,,0,0,0,The First Affiliated Hospital of Chongqing Medical University,False,True,True
PRJNA1192750,excluded,host_nonhuman,0,,,0,0,0,Hebei University of Traditional Chinese Medicine,False,True,True
PRJNA1196516,excluded,host_nonhuman,0,,,0,0,0,Shanghai Jiao Tong University,False,True,True
PRJNA1198342,excluded,host_nonhuman,0,,,0,0,0,,False,False,True
PRJNA1198096,excluded,host_nonhuman,0,,,0,0,0,Washington University in St. Louis,False,True,True
PRJNA1200237,excluded,host_nonhuman,0,,,0,0,0,"Institute of Microbiology, Guangdong Academy of Science",False,True,True
PRJNA1201756,excluded,host_nonhuman,13,Valentino TR,McCarthy JJ,2,0,2,University of Kentucky,True,True,True
PRJNA297579,excluded,host_nonhuman,0,,,0,0,0,Los Alamos National Laboratory,False,True,True
PRJNA1198851,excluded,host_nonhuman,0,,,0,0,0,Nanjing Agricultural University,False,True,True
PRJNA1217999,excluded,host_nonhuman,0,,,0,0,0,"University of California, Davis",False,True,True
PRJNA1221223,excluded,host_nonhuman,0,,,0,0,0,"Tongji University, School of Medicine, Shanghai First Maternity and Infant Hospital",False,True,True
PRJNA1222601,excluded,host_nonhuman,0,,,0,0,0,ADM-Biopolis,False,True,True
PRJNA1223167,excluded,host_nonhuman,0,,,0,0,0,Chinese University of Hong Kong,False,True,True
PRJNA1225023,excluded,host_nonhuman,0,,,0,0,0,China Agricultural University,False,True,True
PRJNA1226922,excluded,host_nonhuman,0,,,0,0,0,University of Ulm,False,True,True
PRJNA1227270,excluded,host_nonhuman,0,,,0,0,0,Saarland University,False,True,True
PRJNA1224064,excluded,host_nonhuman,0,,,0,0,0,"Institute of Urban Environment, Chinese Academy of Sciences",False,True,True
PRJNA1228539,excluded,host_nonhuman,0,,,0,0,0,Guangxi Normal University,False,True,True
PRJNA1229795,excluded,host_nonhuman,7,Leung HKM,El-Nezami H,1,0,1,University of Hong Kong,True,True,True
PRJNA1229141,excluded,host_nonhuman,0,,,0,0,0,Qingdao Agricultural University,False,True,True
PRJNA1232994,excluded,host_nonhuman,0,,,0,0,0,Bengbu University,False,True,True
PRJNA1233886,excluded,host_nonhuman,0,,,0,0,0,University of Puerto Rico,False,True,True
PRJNA1235453,excluded,host_nonhuman,0,,,0,0,0,Queensland University of Technology- Translational Research Institute,False,True,True
PRJNA1235319,excluded,host_nonhuman,0,,,0,0,0,Shanghai Zoo,False,True,True
PRJNA1246564,excluded,host_nonhuman,0,,,0,0,0,Northeast Forestry University,False,True,True
PRJNA1418581,excluded,host_nonhuman,0,,,0,0,0,The University of Toledo,False,True,True
PRJNA237795,excluded,host_nonhuman,14,Luo Y,Chen D,1,1,0,USDA; FSEP; NCAH genomic facility,True,True,True
PRJNA381379,excluded,host_nonhuman,5,Waite DW,Taylor MW,1,0,1,University of Auckland,True,True,True
PRJNA390542,excluded,host_nonhuman,0,,,0,0,0,Icahn School of Medicine at Mount Sinai,False,True,True
PRJNA396669,excluded,host_nonhuman,0,,,0,0,0,University of Parma,False,True,True
PRJNA397854,excluded,host_nonhuman,0,,,0,0,0,Northwest A & F University; Personalbio,False,True,True
PRJNA366471,excluded,host_nonhuman,0,,,0,0,0,DOE Joint Genome Institute,False,True,True
PRJNA366487,excluded,host_nonhuman,0,,,0,0,0,DOE Joint Genome Institute,False,True,True
PRJNA366681,excluded,host_nonhuman,0,,,0,0,0,DOE Joint Genome Institute,False,True,True
PRJNA366463,excluded,host_nonhuman,0,,,0,0,0,DOE Joint Genome Institute,False,True,True
PRJNA366591,excluded,host_nonhuman,0,,,0,0,0,DOE Joint Genome Institute,False,True,True
PRJNA417197,excluded,host_nonhuman,0,,,0,0,0,COLLEGE OF VETERINARY SCIENCES AND ANIMAL HUSBANDRY,False,True,True
PRJNA419744,excluded,host_nonhuman,0,,,0,0,0,LVH,False,True,True
PRJNA433183,excluded,host_nonhuman,0,,,0,0,0,CUSAT,False,True,True
PRJNA436633,excluded,host_nonhuman,0,,,0,0,0,Chinese Academy of Agricultural Sciences,False,True,True
PRJNA450906,excluded,host_nonhuman,0,,,0,0,0,UiT The Arctic University of Norway,False,True,True
PRJNA430956,excluded,host_nonhuman,0,,,0,0,0,Washington University in St. Louis,False,True,True
PRJNA419041,excluded,host_nonhuman,0,,,0,0,0,Shanghai Institute of Plant Physiology and Ecology,False,True,True
PRJNA478556,excluded,host_nonhuman,0,,,0,0,0,University of Minnesota,False,True,True
PRJNA477424,excluded,host_nonhuman,10,Guo M,Lee SM,1,1,0,BGI-Qingdao,True,True,True
PRJNA492173,excluded,host_nonhuman,0,,,0,0,0,Nanjing Agriculture University,False,True,True
PRJNA512570,excluded,host_nonhuman,0,,,0,0,0,NJAU,False,True,True
PRJNA1131836,excluded,host_nonhuman,0,,,0,0,0,University of Auckland,False,True,True
PRJNA524271,excluded,host_nonhuman,0,,,0,0,0,Inner Mongolia Agricultural University,False,True,True
PRJNA533038,excluded,host_nonhuman,0,,,0,0,0,Nanyang Technological University,False,True,True
PRJNA541010,excluded,host_nonhuman,0,,,0,0,0,NIAID Bioinformatics and Computational Biosciences Branch,False,True,True
PRJNA544171,excluded,host_nonhuman,0,,,0,0,0,"School of Medicine, Shanghai Jiao Tong University",False,True,True
PRJNA449069,excluded,host_nonhuman,0,,,0,0,0,Florida State University,False,True,True
PRJNA545603,excluded,host_nonhuman,0,,,0,0,0,Yunnan Institute of Microbiology,False,True,True
PRJNA545605,excluded,host_nonhuman,0,,,0,0,0,Yunnan Institute of Microbiology,False,True,True
PRJNA546004,excluded,host_nonhuman,10,Rhoades N,Messaoudi I,1,1,0,"University of California, Irvine",True,True,True
PRJNA494875,excluded,host_nonhuman,5,Wang W,Gänzle MG,1,0,1,University of Alberta; Weilan Wang; Michael Gaenzle,True,True,True
PRJNA546135,excluded,host_nonhuman,0,,,0,0,0,University of Applied Sciences and Arts Western Switzerland hepia,False,True,True
PRJNA550106,excluded,host_nonhuman,0,,,0,0,0,Wroclaw University of Environmental and Life Sciencel,False,True,True
PRJNA312164,excluded,host_nonhuman,0,,,0,0,0,UFRGS,False,True,True
PRJNA1206451,excluded,host_nonhuman,0,,,0,0,0,Indiana University,False,True,True
PRJNA1202519,excluded,host_nonhuman,0,,,0,0,0,Chinese Academy of Fishery Sciences,False,True,True
PRJNA1209098,excluded,host_nonhuman,6,Drake MJ,Redding LE,1,1,1,Children's Hospital of Philadelphia,True,True,True
PRJNA1201345,excluded,host_nonhuman,0,,,0,0,0,Institute of Experimental Medicine,False,True,True
PRJNA1231781,excluded,host_nonhuman,0,,,0,0,0,China West Normal University,False,True,True
PRJNA1289876,excluded,host_nonhuman,0,,,0,0,0,Northern Michigan University,False,True,True
PRJNA1295103,excluded,host_nonhuman,0,,,0,0,0,University of Hong Kong,False,True,True
PRJNA1283622,excluded,host_nonhuman,0,,,0,0,0,Nanjing Agricultural University,False,True,True
PRJNA1296868,excluded,host_nonhuman,0,,,0,0,0,East China Normal University,False,True,True
PRJNA1297045,excluded,host_nonhuman,0,,,0,0,0,East China Normal University,False,True,True
PRJNA1298781,excluded,host_nonhuman,0,,,0,0,0,Northeast Normal University,False,True,True
PRJNA1302405,excluded,host_nonhuman,0,,,0,0,0,"University of California, Los Angeles",False,True,True
PRJNA1293089,excluded,host_nonhuman,0,,,0,0,0,Huazhong Agricultural University,False,True,True
PRJNA1303868,excluded,host_nonhuman,0,,,0,0,0,Hunan Normal University,False,True,True
PRJNA1307054,excluded,host_nonhuman,0,,,0,0,0,Northwest A&F University,False,True,True
PRJNA1307627,excluded,host_nonhuman,0,,,0,0,0,Northeast Normal University,False,True,True
PRJNA1308267,excluded,host_nonhuman,0,,,0,0,0,University of Wollongong,False,True,True
PRJNA1096154,excluded,host_nonhuman,0,,,0,0,0,Federal Research Center of Fundamental and Translational Medicine,False,True,True
PRJNA1311730,excluded,host_nonhuman,0,,,0,0,0,Xinjiang Agricultural University,False,True,True
PRJNA1311556,excluded,host_nonhuman,0,,,0,0,0,Agriculture and Agri-Food Canada,False,True,True
PRJNA1320959,excluded,host_nonhuman,0,,,0,0,0,Foshan University,False,True,True
PRJNA1313103,excluded,host_nonhuman,0,,,0,0,0,AS Center for Excellence in Molecular Plant Sciences,False,True,True
PRJNA1327632,excluded,host_nonhuman,0,,,0,0,0,Southwest Forestry University,False,True,True
PRJNA1330262,excluded,host_nonhuman,0,,,0,0,0,Kallyope,False,True,True
PRJNA1333596,excluded,host_nonhuman,0,,,0,0,0,Shanghai Sixth People's Hospital Affiliated to Shanghai Jiao Tong University School of Medicine,False,True,True
PRJNA1222911,excluded,host_nonhuman,0,,,0,0,0,Lanzhou Veterinary Research Institute,False,True,True
PRJNA1335193,excluded,host_nonhuman,0,,,0,0,0,Chengdu University,False,True,True
PRJNA1424986,excluded,host_nonhuman,0,,,0,0,0,Technical University of Munich,False,True,True
PRJNA1455681,excluded,host_nonhuman,0,,,0,0,0,Cornell University,False,True,True
PRJNA1457569,excluded,host_nonhuman,0,,,0,0,0,University of Kentucky,False,True,True
PRJNA316560,excluded,host_nonhuman,0,,,0,0,0,"Northwest Institute of Plateau Biology, Chinese Academy of Sciences",False,True,True
PRJNA1467345,excluded,host_nonhuman,0,,,0,0,0,Jiangnan University,False,True,True
PRJNA1470050,excluded,host_nonhuman,0,,,0,0,0,Huazhong University of Science and Technology,False,True,True
PRJNA1478476,excluded,host_nonhuman,0,,,0,0,0,China Agricultural University,False,True,True
PRJNA1480521,excluded,host_nonhuman,0,,,0,0,0,IHB,False,True,True
PRJNA1489321,excluded,host_nonhuman,0,,,0,0,0,Xinjiang Agricultural University,False,True,True
PRJNA1493127,excluded,host_nonhuman,0,,,0,0,0,East China Normal University,False,True,True
PRJNA336354,excluded,host_nonhuman,0,,,0,0,0,University of Utah,False,True,True
PRJNA1508086,excluded,host_nonhuman,0,,,0,0,0,Shihezi University,False,True,True
PRJNA1439317,excluded,host_nonhuman,0,,,0,0,0,Broad Institute Genomic Center for Infectious Diseases,False,True,True
PRJNA303107,excluded,host_nonhuman,0,,,0,0,0,Washington University in St. Louis,False,True,True
PRJNA1328924,excluded,host_nonhuman,0,,,0,0,0,Shaanxi Normal University,False,True,True
PRJNA1479919,excluded,host_nonhuman,0,,,0,0,0,South China Agricultural University,False,True,True
PRJNA545202,excluded,host_nonhuman,0,,,0,0,0,Yunnan Institute of Microbiology,False,True,True
PRJNA545604,excluded,host_nonhuman,0,,,0,0,0,Yunnan Institute of Microbiology,False,True,True
PRJNA545356,excluded,host_nonhuman,0,,,0,0,0,Yunnan Institute of Microbiology,False,True,True
PRJNA545615,excluded,host_nonhuman,0,,,0,0,0,Yunnan Institute of Microbiology,False,True,True
PRJNA540280,excluded,host_nonhuman,0,,,0,0,0,National Autonomous University of Mexico,False,True,True
PRJDB41632,excluded,host_nonhuman,0,,,0,0,0,Anhui Normal University,False,True,True
PRJDB41829,excluded,host_nonhuman,0,,,0,0,0,Sichuan University; NGDC,False,True,True
PRJNA545606,excluded,host_nonhuman,0,,,0,0,0,Yunnan Institute of Microbiology,False,True,True
PRJDB36191,excluded,host_nonhuman,0,,,0,0,0,Sun Yat-sen University; NGDC,False,True,True
PRJDB36375,excluded,host_nonhuman,0,,,0,0,0,"Institute of Radiation Medicine, Chinese Academy of Medical Sciences",False,True,True
PRJDB34988,excluded,host_nonhuman,0,,,0,0,0,Jiangxi Agricultural University,False,True,True
PRJDB31830,excluded,host_nonhuman,0,,,0,0,0,University of Chinese Academy of Sciences; NGDC,False,True,True
PRJDB38794,excluded,host_nonhuman,0,,,0,0,0,Chinese Academy of Agricultural Sciences,False,True,True
PRJDB38623,excluded,host_nonhuman,0,,,0,0,0,"Chengdu Institute of Biology, Chinese Academy of Sciences",False,True,True
PRJDB34615,excluded,host_nonhuman,0,,,0,0,0,Peking University; NGDC,False,True,True
PRJDB39307,excluded,host_nonhuman,0,,,0,0,0,"First Institute of Oceanography, Ministry of Natural Resources Address",False,True,True
PRJDB39401,excluded,host_nonhuman,0,,,0,0,0,Yangzhou University; NGDC,False,True,True
PRJEB42019,excluded,host_nonhuman,0,,,0,0,0,University of California San Diego Microbiome Initiative,False,True,True
PRJDB41463,excluded,host_nonhuman,0,,,0,0,0,Northwest Agriculture and Forestry University; NGDC,False,True,True
PRJDB41135,excluded,host_nonhuman,0,,,0,0,0,Sichuan University; NGDC,False,True,True
PRJEB18805,excluded,host_nonhuman,0,,,0,0,0,Wellcome Sanger Institute,False,True,True
PRJEB22765,excluded,host_nonhuman,0,,,0,0,0,Beijing Genome Institute,False,True,True
PRJEB22973,excluded,host_nonhuman,0,,,0,0,0,Beijing Genome Institute,False,True,True
PRJEB26961,excluded,host_nonhuman,0,,,0,0,0,"Centre for Genomic Epidemiology, National Food Institute, Technical University of Denmark (DTU), Denmark; Centre for Genomic Epidemiology",False,True,True
PRJEB43337,excluded,host_nonhuman,0,,,0,0,0,European Bioinformatics Institute,False,True,True
PRJDB4733,excluded,host_nonhuman,0,,,0,0,0,"Research and Education Center for Prevention of Global Infectious Diseases of Animals, Tokyo University of Agriculture and Technology; TOKYO_AGRITECH",False,True,True
PRJDB40905,excluded,host_nonhuman,0,,,0,0,0,"Northwest Institute of Plateau Biology, Chinese Academy of Sciences; NGDC",False,True,True
PRJNA1278887,excluded,host_nonhuman,0,,,0,0,0,Shanghai Jiao Tong University School of Medicine,False,True,True
PRJEB22491,excluded,host_nonhuman,0,,,0,0,0,Wellcome Sanger Institute,False,True,True
PRJNA319903,excluded,host_nonhuman,0,,,0,0,0,Sun Yat-sen Univerisity,False,True,True
PRJNA1314803,excluded,host_nonhuman,0,,,0,0,0,Agriculture and Agri-Food Canada,False,True,True
PRJEB32560,excluded,host_nonhuman,0,,,0,0,0,"UNIVERSITY OF COPENHAGEN, SECTION OF MICROBIOLOGY",False,True,True
PRJNA1328634,excluded,host_nonhuman,0,,,0,0,0,Foshan University,False,True,True
PRJEB32231,excluded,host_nonhuman,0,,,0,0,0,"UNIVERSITY OF COPENHAGEN, SECTION OF MICROBIOLOGY",False,True,True
PRJEB34231,excluded,host_nonhuman,0,,,0,0,0,the chinese university of hong kong,False,True,True
PRJNA267179,excluded,host_nonhuman,0,,,0,0,0,National Taiwan University,False,True,True
PRJNA345227,excluded,host_nonhuman,0,,,0,0,0,Tennessee State University,False,True,True
PRJEB31742,excluded,host_nonhuman,0,,,0,0,0,Shenzhen Puensum Genetech Institute,False,True,True
PRJNA366667,excluded,host_nonhuman,0,,,0,0,0,DOE Joint Genome Institute,False,True,True
PRJNA427478,excluded,host_nonhuman,18,Zhou X,Chen L,2,0,2,"Agricultural Genomics Institute at Shenzhen, Chinese Academy of Agricultural Sciences",True,True,True
PRJEB38606,excluded,host_nonhuman,0,,,0,0,0,HANYANG UNIVERSITY,False,True,True
PRJNA545601,excluded,host_nonhuman,0,,,0,0,0,Yunnan Institute of Microbiology,False,True,True
PRJNA545614,excluded,host_nonhuman,0,,,0,0,0,Yunnan Institute of Microbiology,False,True,True
PRJDB4366,excluded,host_nonhuman,0,,,0,0,0,"Laboratory of Microbiology, Division of Marine Life Science, Faculty of Fisheries Sciences, Hokkaido University; HOKU_FS",False,True,True
PRJNA400849,excluded,host_nonhuman,0,,,0,0,0,Henan University of Animal Husbandry and Economy,False,True,True
PRJNA1338053,excluded,host_nonhuman,0,,,0,0,0,Northwest A&F University,False,True,True
PRJNA316570,excluded,host_nonhuman,0,,,0,0,0,"Northwest Institute of Plateau Biology, Chinese Academy of Sciences",False,True,True
PRJNA1347419,excluded,host_nonhuman,0,,,0,0,0,Jiangxi Agricultural University,False,True,True
PRJNA340485,excluded,host_nonhuman,0,,,0,0,0,DOE Joint Genome Institute,False,True,True
PRJNA340486,excluded,host_nonhuman,0,,,0,0,0,DOE Joint Genome Institute,False,True,True
PRJNA376489,excluded,host_nonhuman,0,,,0,0,0,University of Turin,False,True,True
PRJNA340524,excluded,host_nonhuman,0,,,0,0,0,DOE Joint Genome Institute,False,True,True
PRJNA203532,excluded,host_nonhuman,0,,,0,0,0,University of Turku,False,True,True
PRJNA273695,excluded,host_nonhuman,0,,,0,0,0,Shandong Agricultural University,False,True,True
PRJNA366460,excluded,host_nonhuman,0,,,0,0,0,DOE Joint Genome Institute,False,True,True
PRJNA453126,excluded,host_nonhuman,0,,,0,0,0,Jiangsu University,False,True,True
PRJNA451425,excluded,host_nonhuman,0,,,0,0,0,Jiangsu University,False,True,True
PRJNA545600,excluded,host_nonhuman,0,,,0,0,0,Yunnan Institute of Microbiology,False,True,True
PRJNA552190,excluded,host_nonhuman,0,,,0,0,0,Academy of Military Sciences,False,True,True
PRJNA433020,excluded,host_nonhuman,0,,,0,0,0,Ocean University of China,False,True,True
PRJNA1311840,excluded,host_nonhuman,0,,,0,0,0,RAMAKRISHNA MISSION VIVEKANANDA CENTENARY COLLEGE,False,True,True
PRJNA729487,excluded,host_nonhuman,0,,,0,0,0,Unicamp,False,True,True
PRJNA751763,excluded,host_nonhuman,0,,,0,0,0,Unicamp,False,True,True
PRJNA956974,excluded,host_nonhuman,0,,,0,0,0,Unicamp,False,True,True
PRJNA803452,excluded,host_nonhuman,0,,,0,0,0,Texas A&M University,False,True,True
PRJNA943595,excluded,host_nonhuman,0,,,0,0,0,University of Melbourne; Beating Buruli,False,True,True
PRJEB10057,excluded,host_nonhuman,9,Juliano JJ,Huang L,1,0,1,"Colorado Center for Microbial Ecology, University of Colorado at Boulder; Colorado Center for Microbial Ecology",True,True,True
PRJEB10073,excluded,host_nonhuman,9,Juliano JJ,Huang L,1,0,1,"Colorado Center for Microbial Ecology, University of Colorado at Boulder; Colorado Center for Microbial Ecology",True,True,True
PRJNA565751,excluded,host_nonhuman,0,,,0,0,0,Shantou University,False,True,True
PRJNA573044,excluded,host_nonhuman,0,,,0,0,0,Agriculture and Agri-Food Canada,False,True,True
PRJNA238843,excluded,host_nonhuman,0,,,0,0,0,"Yellow Sea Fisheries Research Institute, Chinese Academy of Fishery Sciences",False,True,True
PRJNA644746,excluded,host_nonhuman,0,,,0,0,0,Northwest Institue of Plateau Biology Chinese Academy of Sciences,False,True,True
PRJNA373898,excluded,host_nonhuman,0,,,0,0,0,AgResearch,False,True,True
PRJNA565775,excluded,host_nonhuman,0,,,0,0,0,Vitalant Research Institute,False,True,True
PRJNA669430,excluded,host_nonhuman,0,,,0,0,0,Complutense University of Madrid,False,True,True
PRJNA706869,excluded,host_nonhuman,0,,,0,0,0,Northwest Agriculture and Forestry University,False,True,True
PRJNA721957,excluded,host_nonhuman,0,,,0,0,0,UTMB,False,True,True
PRJNA628021,excluded,host_nonhuman,0,,,0,0,0,Shanghai Jiao Tong University School of Medicine,False,True,True
PRJNA744356,excluded,host_nonhuman,0,,,0,0,0,Southwest Minzu University,False,True,True
PRJNA750299,excluded,host_nonhuman,0,,,0,0,0,Jilin Agricultural University,False,True,True
PRJNA751149,excluded,host_environmental,0,,,0,0,0,Northwest A&F University,False,True,True
PRJNA775062,excluded,host_nonhuman,17,Tao S,Wei H,3,3,0,China Agricultural University,True,True,True
PRJNA778179,excluded,host_nonhuman,0,,,0,0,0,"Istituto Zooprofilattico Sperimentale dell'Abruzzo e del Molise ""G. Caporale""",False,True,True
PRJNA783483,excluded,host_nonhuman,0,,,0,0,0,Kyung Hee University,False,True,True
PRJNA271243,excluded,host_nonhuman,0,,,0,0,0,The Chinese University of Hong Kong,False,True,True
PRJNA797577,excluded,host_nonhuman,0,,,0,0,0,Shaanxi Normal University,False,True,True
PRJNA771242,excluded,host_nonhuman,0,,,0,0,0,China Agricultural University,False,True,True
PRJNA808648,excluded,host_nonhuman,0,,,0,0,0,Tongji University,False,True,True
PRJNA818367,excluded,host_nonhuman,0,,,0,0,0,Huazhong Agricultural University,False,True,True
PRJNA826309,excluded,host_nonhuman,0,,,0,0,0,Zhejiang A&F University,False,True,True
PRJNA847605,excluded,host_nonhuman,19,Miranda TDS,Santos AFA,1,0,1,Lddv,True,True,True
PRJNA854757,excluded,host_nonhuman,0,,,0,0,0,Gansu Agricultural University,False,True,True
PRJNA286059,excluded,host_nonhuman,0,,,0,0,0,SOOCHOW UNIVERSITY,False,True,True
PRJNA874102,excluded,host_nonhuman,0,,,0,0,0,Agriculture and Agri-Food Canada,False,True,True
PRJNA874103,excluded,host_nonhuman,0,,,0,0,0,Agriculture and Agri-Food Canada,False,True,True
PRJNA935534,excluded,host_nonhuman,9,Hares MF,Coombes JL,1,1,0,Centre for Genomic Research,True,True,True
PRJNA953596,excluded,host_nonhuman,0,,,0,0,0,Southwest Minzu University,False,True,True
PRJNA954609,excluded,host_nonhuman,0,,,0,0,0,University of Bologna,False,True,True
PRJNA937456,excluded,host_nonhuman,0,,,0,0,0,University of Oxford,False,True,True
PRJNA982168,excluded,host_nonhuman,0,,,0,0,0,New York University,False,True,True
PRJNA980912,excluded,host_nonhuman,0,,,0,0,0,Tongji,False,True,True
PRJNA999371,excluded,host_nonhuman,0,,,0,0,0,"Yangtze River Fisheries Research Institute, Chinese Academy of Fishery Sciences.",False,True,True
PRJNA1001520,excluded,host_nonhuman,0,,,0,0,0,National Institute of Animal Science,False,True,True
PRJNA897832,excluded,host_nonhuman,0,,,0,0,0,Institute of Oceanology Chinese Academy of Sciences; XueXia Jin,False,True,True
PRJNA906278,excluded,host_nonhuman,0,,,0,0,0,China Agricultural university,False,True,True
PRJNA989070,excluded,host_nonhuman,0,,,0,0,0,Hangzhou Normal University,False,True,True
PRJNA995887,excluded,host_nonhuman,0,,,0,0,0,Ocean University of China,False,True,True
PRJNA1060903,excluded,host_nonhuman,0,,,0,0,0,Harbin Medical University,False,True,True
PRJNA1062620,excluded,host_environmental,0,,,0,0,0,College of Animal Science and Technology,False,True,True
PRJNA231886,excluded,host_nonhuman,0,,,0,0,0,ETH Zurich,False,True,True
PRJNA1064443,excluded,host_nonhuman,0,,,0,0,0,Zhejiang Academy of Agricultural Sciences,False,True,True
PRJNA592280,excluded,host_nonhuman,0,,,0,0,0,Northwest A&F University,False,True,True
PRJNA600999,excluded,host_nonhuman,0,,,0,0,0,Northwest A&F University,False,True,True
PRJNA1072244,excluded,host_nonhuman,0,,,0,0,0,Chinese Academy of Agricultural Sciences,False,True,True
PRJNA1078275,excluded,host_nonhuman,0,,,0,0,0,China Agriculture University,False,True,True
PRJNA613969,excluded,host_nonhuman,0,,,0,0,0,Jiangsu University,False,True,True
PRJNA910155,excluded,host_nonhuman,0,,,0,0,0,"INRAE, UR0143 UR ASSET",False,True,True
PRJNA915328,excluded,host_nonhuman,0,,,0,0,0,"The First Medical Center, Chinese PLA General Hospital",False,True,True
PRJNA715607,excluded,host_nonhuman,0,,,0,0,0,"Institutes of Biomedical Sciences, Fudan University",False,True,True
PRJNA926638,excluded,host_nonhuman,0,,,0,0,0,UC San Diego,False,True,True
PRJNA1037748,excluded,host_environmental,0,,,0,0,0,Tongji University,False,True,True
PRJNA1046575,excluded,host_nonhuman,0,,,0,0,0,"Institute of Medical biology, Chinese Academy of Medical Sciences and Peking Union Medical School",False,True,True
PRJNA1096758,excluded,host_nonhuman,0,,,0,0,0,Agriculture and Agri-Food Canada,False,True,True
PRJNA1063875,excluded,host_nonhuman,0,,,0,0,0,Harbin Medical University,False,True,True
PRJNA665641,excluded,host_nonhuman,0,,,0,0,0,China Agricultural University,False,True,True
PRJNA795171,excluded,host_nonhuman,0,,,0,0,0,Arizona State University,False,True,True
PRJNA1069976,excluded,host_nonhuman,0,,,0,0,0,Kansas State University College of Veterinary Medicine,False,True,True
PRJNA1132486,excluded,host_nonhuman,0,,,0,0,0,China Agricultural University,False,True,True
PRJNA1135340,excluded,host_nonhuman,0,,,0,0,0,China Agricultural University,False,True,True
PRJNA1084222,excluded,host_nonhuman,0,,,0,0,0,Hangzhou Normal University,False,True,True
PRJNA1084884,excluded,host_environmental,0,,,0,0,0,University of Calgary,False,True,True
PRJNA1135888,excluded,host_nonhuman,0,,,0,0,0,Hainan Normal University,False,True,True
PRJNA1142447,excluded,host_nonhuman,0,,,0,0,0,Central South University of Forestry and Technology,False,True,True
PRJNA1146758,excluded,host_nonhuman,0,,,0,0,0,"South China Sea Institute of Oceanology, Chinese Academy of Sciences",False,True,True
PRJNA1100280,excluded,host_nonhuman,0,,,0,0,0,Beijing Forestry University,False,True,True
PRJNA669438,excluded,host_nonhuman,0,,,0,0,0,Complutense University of Madrid,False,True,True
PRJNA1162457,excluded,host_nonhuman,0,,,0,0,0,China West Normal University,False,True,True
PRJNA1170330,excluded,host_nonhuman,0,,,0,0,0,King Abdullah University of Science and Technology,False,True,True
PRJNA1171144,excluded,host_nonhuman,0,,,0,0,0,Hunan Academy of Forestry,False,True,True
PRJNA1238482,excluded,host_nonhuman,0,,,0,0,0,Sun Yat-sen University,False,True,True
PRJNA1245492,excluded,host_nonhuman,0,,,0,0,0,University of Washington,False,True,True
PRJNA783011,excluded,host_nonhuman,0,,,0,0,0,Vitalant Research Institute,False,True,True
PRJNA1304724,excluded,host_nonhuman,0,,,0,0,0,Hunan Agricultural University,False,True,True
PRJNA1312527,excluded,host_nonhuman,0,,,0,0,0,Northeast Agricultural University,False,True,True
PRJNA1451384,excluded,host_nonhuman,0,,,0,0,0,Shanghai Jiaotong University,False,True,True
PRJDB41497,excluded,host_nonhuman,0,,,0,0,0,", Fujian Agriculture and Forestry University",False,True,True
PRJNA1454590,excluded,host_nonhuman,0,,,0,0,0,Shanghai Jiaotong University,False,True,True
PRJDB29787,excluded,host_nonhuman,0,,,0,0,0,Sichuan University; NGDC,False,True,True
PRJNA1480385,excluded,host_nonhuman,0,,,0,0,0,Kunming University of Science and Technology,False,True,True
PRJNA1481878,excluded,host_nonhuman,0,,,0,0,0,China Agricultural University,False,True,True
PRJNA330662,excluded,host_nonhuman,0,,,0,0,0,Ohio Northern University,False,True,True
PRJDB36611,excluded,host_nonhuman,0,,,0,0,0,South China Agricultural University; NGDC,False,True,True
PRJDB38951,excluded,host_nonhuman,0,,,0,0,0,Northwest Agriculture and Forestry University; NGDC,False,True,True
PRJNA330952,excluded,host_nonhuman,0,,,0,0,0,Ohio Northern University,False,True,True
PRJDB41341,excluded,host_nonhuman,0,,,0,0,0,"Feed Research Institute, Chinese Academy of Agricultural Sciences",False,True,True
PRJEB13362,excluded,host_nonhuman,0,,,0,0,0,University of California San Diego Microbiome Initiative,False,True,True
PRJNA330953,excluded,host_nonhuman,0,,,0,0,0,Ohio Northern University,False,True,True
PRJNA861874,excluded,host_nonhuman,0,,,0,0,0,Department of Science and Technology-Industrial Technology Development Institute,False,True,True
PRJNA325412,excluded,host_nonhuman,0,,,0,0,0,Jimei university,False,True,True
PRJNA338068,excluded,host_nonhuman,0,,,0,0,0,Jimei university,False,True,True
PRJNA341072,excluded,host_nonhuman,0,,,0,0,0,"University of California, Riverside",False,True,True
PRJNA1192566,excluded,host_nonhuman,0,,,0,0,0,"West China Hospital, Sichuan University, Chengdu, Sichua",False,True,True
PRJNA1194394,excluded,host_nonhuman,0,,,0,0,0,Shandong Provincial Third Hospital,False,True,True
PRJNA1197155,excluded,host_nonhuman,0,,,0,0,0,Chongqing,False,True,True
PRJNA1204523,excluded,host_nonhuman,0,,,0,0,0,University of Turku,False,True,True
PRJEB22679,excluded,host_nonhuman,0,,,0,0,0,University of California San Diego Microbiome Initiative,False,True,True
PRJNA1218236,excluded,host_nonhuman,9,Wang J,Yao X,1,1,0,Xinjiang Agricultural University,True,True,True
PRJNA1244918,excluded,host_nonhuman,0,,,0,0,0,University of Canberra,False,True,True
PRJNA1423040,excluded,host_nonhuman,0,,,0,0,0,University of Chinese Academy of Sciences,False,True,True
PRJNA1278821,excluded,host_nonhuman,0,,,0,0,0,"Institute of Apicultural Research, Chinese Academy of Agricultual Sciences",False,True,True
PRJNA1287118,excluded,host_nonhuman,0,,,0,0,0,Chinese Academy of Agricultural Sciences,False,True,True
PRJEB30491,excluded,host_nonhuman,0,,,0,0,0,University of California San Diego Microbiome Initiative,False,True,True
PRJNA1438409,excluded,host_nonhuman,0,,,0,0,0,Gansu Agricultural University,False,True,True
PRJNA1440338,excluded,host_nonhuman,0,,,0,0,0,Nanjing Agricuture University,False,True,True
PRJNA1443048,excluded,host_nonhuman,0,,,0,0,0,Harbin Medical University,False,True,True
PRJNA1447720,excluded,host_nonhuman,0,,,0,0,0,China Agricultural University,False,True,True
PRJNA484928,excluded,host_nonhuman,0,,,0,0,0,Sichuan Agricultural University,False,True,True
PRJNA493540,excluded,host_nonhuman,0,,,0,0,0,"Yellow Sea Fisheries Research Institute, Chinese Academy of Fishery Sciences",False,True,True
PRJNA503539,excluded,host_nonhuman,0,,,0,0,0,Guangdong University of Technology,False,True,True
PRJNA505716,excluded,host_nonhuman,0,,,0,0,0,CAS,False,True,True
PRJNA1502471,excluded,host_nonhuman,0,,,0,0,0,Nanjing Agricultural University,False,True,True
PRJNA548968,excluded,host_nonhuman,8,Sawaswong V,Delwart E,1,0,1,Vitalant Research Institute,True,True,True
PRJNA560277,excluded,host_nonhuman,0,,,0,0,0,"Department of Neurology, The First Affiliated Hospital of Chongqing Medical University, Chongqing",False,True,True
PRJNA382701,excluded,host_nonhuman,0,,,0,0,0,Columbia University,False,True,True
PRJNA386095,excluded,host_nonhuman,0,,,0,0,0,Gansu Agricultural University,False,True,True
PRJNA388253,excluded,host_nonhuman,0,,,0,0,0,Huazhong Agricultural University,False,True,True
PRJNA398716,excluded,host_nonhuman,0,,,0,0,0,Shanxi Agricultural University,False,True,True
PRJNA353872,excluded,host_nonhuman,0,,,0,0,0,Washington University in St Louis,False,True,True
PRJNA400790,excluded,host_nonhuman,0,,,0,0,0,Kazan (Volga Region) Federal University,False,True,True
PRJNA422739,excluded,host_nonhuman,0,,,0,0,0,Southwest University,False,True,True
PRJNA428831,excluded,host_nonhuman,0,,,0,0,0,Sichuan Agricultural University,False,True,True
PRJNA1356298,excluded,host_nonhuman,0,,,0,0,0,Northwest A&F University,False,True,True
PRJNA1362669,excluded,host_nonhuman,0,,,0,0,0,Zhongkai University of Agriculture and Engineering,False,True,True
PRJNA1376267,excluded,host_nonhuman,0,,,0,0,0,Shanghai Veterinary Research,False,True,True
PRJNA1205530,excluded,host_nonhuman,0,,,0,0,0,China Agricultural University,False,True,True
PRJEB14530,excluded,host_nonhuman,0,,,0,0,0,University of California San Diego Microbiome Initiative,False,True,True
PRJNA393759,excluded,host_nonhuman,0,,,0,0,0,Sichuan Agrculture University,False,True,True
PRJNA1245595,excluded,host_nonhuman,0,,,0,0,0,Gansu Agricultural University,False,True,True
PRJEB14602,excluded,host_nonhuman,0,,,0,0,0,University of California San Diego Microbiome Initiative,False,True,True
PRJEB14631,excluded,host_nonhuman,0,,,0,0,0,University of California San Diego Microbiome Initiative,False,True,True
PRJEB14632,excluded,host_nonhuman,0,,,0,0,0,University of California San Diego Microbiome Initiative,False,True,True
PRJEB14671,excluded,host_nonhuman,0,,,0,0,0,University of California San Diego Microbiome Initiative,False,True,True
PRJNA374720,excluded,host_nonhuman,0,,,0,0,0,Cleveland Clinic,False,True,True
PRJEB14697,excluded,host_nonhuman,0,,,0,0,0,University of California San Diego Microbiome Initiative,False,True,True
PRJEB14720,excluded,host_nonhuman,0,,,0,0,0,University of California San Diego Microbiome Initiative,False,True,True
PRJEB14739,excluded,host_nonhuman,0,,,0,0,0,University of California San Diego Microbiome Initiative,False,True,True
PRJNA1243089,excluded,host_nonhuman,0,,,0,0,0,Hainan University,False,True,True
PRJNA309939,excluded,host_nonhuman,0,,,0,0,0,Jimei University,False,True,True
PRJNA145005,excluded,host_nonhuman,20,McNulty NP,Gordon JI,1,0,1,"Gordon, Center for Genome Sciences and Systems Biology, Washington University School of Medicine",True,True,True
PRJNA301235,excluded,host_nonhuman,0,,,0,0,0,The Ohio State University,False,True,True
PRJNA541523,excluded,host_nonhuman,0,,,0,0,0,Vitalant Reseach Institute,False,True,True
PRJEB14747,excluded,host_nonhuman,0,,,0,0,0,University of California San Diego Microbiome Initiative,False,True,True
PRJEB14836,excluded,host_nonhuman,0,,,0,0,0,University of California San Diego Microbiome Initiative,False,True,True
PRJEB15058,excluded,host_nonhuman,0,,,0,0,0,University of California San Diego Microbiome Initiative,False,True,True
PRJEB15191,excluded,host_nonhuman,0,,,0,0,0,University of California San Diego Microbiome Initiative,False,True,True
PRJEB41747,excluded,host_nonhuman,0,,,0,0,0,"Department of Endocrine and Metabolic Diseases, Shanghai Institute of Endocrine and Metabolic Diseases, Ruijin Hospital, Shanghai Jiao Tong University School of Medicine, Shanghai, China",False,True,True
PRJNA195555,excluded,host_nonhuman,0,,,0,0,0,"Aarhus University, Denmark",False,True,True
PRJNA315636,excluded,host_nonhuman,4,Miller AW,Dearing MD,1,0,1,University of Utah,True,True,True
PRJNA218570,excluded,host_nonhuman,0,,,0,0,0,"Institute of Military Veterinary, Academy of Military Medical Sciences China",False,True,True
PRJEB7983,excluded,host_environmental,0,,,0,0,0,MGRAST,False,True,True
PRJNA278302,excluded,host_environmental,8,Hu P,Banfield JF,1,0,1,Lawrence Berkeley National Lab,True,True,True
PRJNA379303,excluded,host_nonhuman,0,,,0,0,0,Colorado State University,False,True,True
PRJNA406061,excluded,host_environmental,0,,,0,0,0,DOE Joint Genome Institute,False,True,True
PRJNA406063,excluded,host_environmental,0,,,0,0,0,DOE Joint Genome Institute,False,True,True
PRJNA406065,excluded,host_environmental,0,,,0,0,0,DOE Joint Genome Institute,False,True,True
PRJNA406070,excluded,host_environmental,0,,,0,0,0,DOE Joint Genome Institute,False,True,True
PRJNA405379,excluded,host_environmental,0,,,0,0,0,DOE Joint Genome Institute,False,True,True
PRJNA229525,excluded,host_environmental,0,,,0,0,0,University of Pretoria,False,True,True
PRJNA405381,excluded,host_environmental,0,,,0,0,0,DOE Joint Genome Institute,False,True,True
PRJNA251580,excluded,host_environmental,0,,,0,0,0,Peking University,False,True,True
PRJNA364682,excluded,host_environmental,0,,,0,0,0,DOE Joint Genome Institute,False,True,True
PRJNA406054,excluded,host_environmental,0,,,0,0,0,DOE Joint Genome Institute,False,True,True
PRJNA406057,excluded,host_environmental,0,,,0,0,0,DOE Joint Genome Institute,False,True,True
PRJNA406069,excluded,host_environmental,0,,,0,0,0,DOE Joint Genome Institute,False,True,True
PRJNA405377,excluded,host_environmental,0,,,0,0,0,DOE Joint Genome Institute,False,True,True
PRJEB11634,excluded,host_environmental,0,,,0,0,0,UNIVERSITY OF WARWICK,False,True,True
PRJNA406053,excluded,host_environmental,0,,,0,0,0,DOE Joint Genome Institute,False,True,True
PRJNA406055,excluded,host_environmental,0,,,0,0,0,DOE Joint Genome Institute,False,True,True
PRJNA406067,excluded,host_environmental,0,,,0,0,0,DOE Joint Genome Institute,False,True,True
PRJNA406068,excluded,host_environmental,0,,,0,0,0,DOE Joint Genome Institute,False,True,True
PRJNA405376,excluded,host_environmental,0,,,0,0,0,DOE Joint Genome Institute,False,True,True
PRJNA364681,excluded,host_environmental,0,,,0,0,0,DOE Joint Genome Institute,False,True,True
PRJNA405378,excluded,host_environmental,0,,,0,0,0,DOE Joint Genome Institute,False,True,True
PRJNA364680,excluded,host_environmental,0,,,0,0,0,DOE Joint Genome Institute,False,True,True
PRJNA406052,excluded,host_environmental,0,,,0,0,0,DOE Joint Genome Institute,False,True,True
PRJNA406051,excluded,host_environmental,0,,,0,0,0,DOE Joint Genome Institute,False,True,True
PRJNA406058,excluded,host_environmental,0,,,0,0,0,DOE Joint Genome Institute,False,True,True
PRJNA406060,excluded,host_environmental,0,,,0,0,0,DOE Joint Genome Institute,False,True,True
PRJNA406059,excluded,host_environmental,0,,,0,0,0,DOE Joint Genome Institute,False,True,True
PRJNA406064,excluded,host_environmental,0,,,0,0,0,DOE Joint Genome Institute,False,True,True
PRJNA406062,excluded,host_environmental,0,,,0,0,0,DOE Joint Genome Institute,False,True,True
PRJNA406066,excluded,host_environmental,0,,,0,0,0,DOE Joint Genome Institute,False,True,True
PRJEB5849,excluded,host_environmental,0,,,0,0,0,HELMHOLTZ ZENTRUM MUENCHEN,False,True,True
PRJNA364679,excluded,host_environmental,0,,,0,0,0,DOE Joint Genome Institute,False,True,True
PRJNA406050,excluded,host_environmental,0,,,0,0,0,DOE Joint Genome Institute,False,True,True
PRJNA406056,excluded,host_environmental,0,,,0,0,0,DOE Joint Genome Institute,False,True,True
PRJNA405380,excluded,host_environmental,0,,,0,0,0,DOE Joint Genome Institute,False,True,True
PRJNA271013,excluded,host_environmental,46,Afshinnekoo E,Mason CE,1,0,1,Weill Cornell Medical College,True,True,True
PRJNA230411,excluded,host_environmental,0,,,0,0,0,University of Hawaii at Manoa,False,True,True
PRJEB62607,excluded,host_nonhuman,0,,,0,0,0,"AARHUS UNIVERSITY, DENMARK",False,True,True
PRJEB76898,excluded,host_nonhuman,3,Leonard A,Alberdi A,1,0,1,earth hologenome iniatiative; Earth Hologenome Iniatiative,True,True,True
PRJEB106128,excluded,host_nonhuman,0,,,0,0,0,Weill Cornell Medicine Department of Systems and Computational Biomedicine,False,True,True
PRJNA563204,excluded,host_nonhuman,0,,,0,0,0,Inner Mongolia Agricultural University,False,True,True
PRJNA564888,excluded,host_nonhuman,0,,,0,0,0,National University of Singapore,False,True,True
PRJNA598414,excluded,host_nonhuman,0,,,0,0,0,Northwest A&F University,False,True,True
PRJNA601052,excluded,host_nonhuman,0,,,0,0,0,The Ohio State University,False,True,True
PRJNA606765,excluded,host_nonhuman,0,,,0,0,0,Duke University,False,True,True
PRJNA613182,excluded,host_nonhuman,0,,,0,0,0,Florey Institute of Neuroscience and Mental Health,False,True,True
PRJNA622417,excluded,host_nonhuman,0,,,0,0,0,Vellore Institute of Technology,False,True,True
PRJNA631724,excluded,host_nonhuman,0,,,0,0,0,James Cook University,False,True,True
PRJNA657304,excluded,host_nonhuman,11,Witt KE,Malhi RS,1,0,1,Brown University; Roy J. Carver Biotechnology Center,True,True,True
PRJNA661076,excluded,host_nonhuman,0,,,0,0,0,North-west University,False,True,True
PRJNA684050,excluded,host_nonhuman,0,,,0,0,0,Duke Lemur Center,False,True,True
PRJNA690892,excluded,host_nonhuman,0,,,0,0,0,Beijing Forestry Universty,False,True,True
PRJNA723631,excluded,host_nonhuman,0,,,0,0,0,Agriculture and Agri-Food Canada,False,True,True
PRJNA728379,excluded,host_nonhuman,0,,,0,0,0,Jinan university,False,True,True
PRJNA728091,excluded,host_nonhuman,0,,,0,0,0,Visva-Bharati,False,True,True
PRJNA734100,excluded,host_nonhuman,0,,,0,0,0,Huazhong Agricultural University,False,True,True
PRJNA741607,excluded,host_nonhuman,8,Zhao F,Kurahara LH,1,1,0,Inner Mongolia Agricultural University,True,True,True
PRJNA750156,excluded,host_nonhuman,0,,,0,0,0,South China Agricultural University,False,True,True
PRJNA772888,excluded,host_nonhuman,0,,,0,0,0,Seoul National University,False,True,True
PRJNA773861,excluded,host_nonhuman,0,,,0,0,0,Northeast Forestry University,False,True,True
PRJNA777737,excluded,host_nonhuman,0,,,0,0,0,CAS,False,True,True
PRJNA777422,excluded,host_nonhuman,0,,,0,0,0,Nanjing University of Chinese Medicine,False,True,True
PRJNA778431,excluded,host_nonhuman,0,,,0,0,0,institute of animal husbandry and veterinary medicine,False,True,True
PRJNA796172,excluded,host_nonhuman,0,,,0,0,0,Vocational Animal Science and Veterinary College,False,True,True
PRJNA801645,excluded,host_nonhuman,0,,,0,0,0,Universite Laval,False,True,True
PRJNA806482,excluded,host_nonhuman,0,,,0,0,0,Catholic University,False,True,True
PRJNA825132,excluded,host_nonhuman,0,,,0,0,0,shandong first medical unvirsity,False,True,True
PRJNA825133,excluded,host_nonhuman,0,,,0,0,0,Shandong First Medical University,False,True,True
PRJNA835973,excluded,host_nonhuman,8,Zhao F,Kurahara LH,1,1,0,Inner Mongolia Agricultural University,True,True,True
PRJNA861020,excluded,host_nonhuman,0,,,0,0,0,AgResearch,False,True,True
PRJNA863566,excluded,host_nonhuman,0,,,0,0,0,Catholic University,False,True,True
PRJNA865396,excluded,host_nonhuman,0,,,0,0,0,Shenyang Agricultural University,False,True,True
PRJNA872265,excluded,host_nonhuman,0,,,0,0,0,Foshan University,False,True,True
PRJNA878467,excluded,host_nonhuman,0,,,0,0,0,South China Agricultural University,False,True,True
PRJNA880353,excluded,host_nonhuman,0,,,0,0,0,University of Calgary,False,True,True
PRJNA877780,excluded,host_nonhuman,0,,,0,0,0,The First Affiliated Hospital of Henan University of Science and Technology,False,True,True
PRJNA883557,excluded,host_nonhuman,0,,,0,0,0,Zunyi Medical University,False,True,True
PRJNA946412,excluded,host_nonhuman,0,,,0,0,0,AgResearch,False,True,True
PRJNA947387,excluded,host_nonhuman,0,,,0,0,0,Jiangnan University,False,True,True
PRJNA887424,excluded,host_nonhuman,0,,,0,0,0,Oklahoma State University,False,True,True
PRJNA951897,excluded,host_nonhuman,0,,,0,0,0,Beijing Academy of Agriculture and Forestry Sciences,False,True,True
PRJNA974556,excluded,host_nonhuman,0,,,0,0,0,City University of Hong Kong,False,True,True
PRJNA983076,excluded,host_nonhuman,0,,,0,0,0,Center for Bioinformatics,False,True,True
PRJNA983744,excluded,host_nonhuman,0,,,0,0,0,The First Affiliated Hospital,False,True,True
PRJNA986525,excluded,host_nonhuman,12,Schalich KM,Yan F,1,1,0,Vanderbilt University Medical Center,True,True,True
PRJNA991623,excluded,host_nonhuman,0,,,0,0,0,Nanjing Normal University,False,True,True
PRJNA996880,excluded,host_nonhuman,0,,,0,0,0,Inner Mongolia Agricultural University,False,True,True
PRJNA1014131,excluded,host_nonhuman,0,,,0,0,0,Guangdong academy of sciences,False,True,True
PRJNA1017798,excluded,host_nonhuman,0,,,0,0,0,CAS,False,True,True
PRJNA1028770,excluded,host_nonhuman,0,,,0,0,0,Hubei University of Chinese Medicine,False,True,True
PRJNA1030210,excluded,host_nonhuman,0,,,0,0,0,University of Nottingham,False,True,True
PRJNA1030894,excluded,host_nonhuman,0,,,0,0,0,CAS,False,True,True
PRJNA789782,excluded,host_nonhuman,10,Shapiro JT,Hansen AJ,1,0,1,University of Florida,True,True,True
PRJNA351736,excluded,host_nonhuman,0,,,0,0,0,College of Animal Science,False,True,True
PRJNA820553,excluded,host_nonhuman,0,,,0,0,0,Tehran Unversity of Medical Sciences,False,True,True
PRJNA821272,excluded,host_nonhuman,0,,,0,0,0,Inner Mongolia Agricultural University,False,True,True
PRJNA1046219,excluded,host_nonhuman,0,,,0,0,0,Zhejiang Gongshang University,False,True,True
PRJNA1047964,excluded,host_nonhuman,0,,,0,0,0,Huazhong University of Science and Technology,False,True,True
PRJNA1265408,excluded,host_nonhuman,0,,,0,0,0,National Marine Environmental Monitoring Center,False,True,True
PRJNA1271441,excluded,host_nonhuman,0,,,0,0,0,Jilin Agricultural University,False,True,True
PRJNA1356469,excluded,host_nonhuman,0,,,0,0,0,Yangzhou University,False,True,True
PRJNA1367777,excluded,host_nonhuman,0,,,0,0,0,Guizhou University,False,True,True
PRJNA1337465,excluded,host_nonhuman,0,,,0,0,0,Center for Conservation Genomics,False,True,True
PRJNA1377454,excluded,host_nonhuman,0,,,0,0,0,Macau University of Science and Technology,False,True,True
PRJNA1373188,excluded,host_nonhuman,0,,,0,0,0,sichuan agricultural university,False,True,True
PRJNA1404639,excluded,host_nonhuman,0,,,0,0,0,North Carolina State University,False,True,True
PRJNA1429535,excluded,host_nonhuman,0,,,0,0,0,Guizhou Medical University,False,True,True
PRJNA344863,excluded,host_nonhuman,10,Yinda CK,Matthijnssens J,1,0,1,KULeuven-Viral Metagenomics,True,True,True
PRJNA589661,excluded,host_nonhuman,0,,,0,0,0,Sichuan University,False,True,True
PRJNA628114,excluded,host_nonhuman,0,,,0,0,0,"The Second Affiliated Hospital of Nanjing Medical University, Nanjing,, China",False,True,True
PRJNA903767,excluded,host_nonhuman,0,,,0,0,0,CAS,False,True,True
PRJNA907943,excluded,host_nonhuman,9,Volmer JG,Morrison M,1,0,1,University of Queensland,True,True,True
PRJNA1002411,excluded,host_nonhuman,0,,,0,0,0,Michigan State University,False,True,True
PRJNA1072233,excluded,host_nonhuman,0,,,0,0,0,Beijing Academy of Agriculture and Forestry Sciences,False,True,True
PRJNA1055599,excluded,host_nonhuman,0,,,0,0,0,Jiangxi Agricultural University,False,True,True
PRJNA1078280,excluded,host_nonhuman,17,Sudo K,Sundrud MS,1,0,1,"Sundrud Lab, Microbiology and Immunology, Dartmouth Hitchcock Medical center",True,True,True
PRJNA1102860,excluded,host_nonhuman,0,,,0,0,0,University of Calgary,False,True,True
PRJNA1131093,excluded,host_nonhuman,0,,,0,0,0,City University of Hong Kong,False,True,True
PRJNA1135953,excluded,host_nonhuman,0,,,0,0,0,The Chinese University of Hong Kong,False,True,True
PRJNA1139332,excluded,host_nonhuman,0,,,0,0,0,Seoul National University,False,True,True
PRJNA1151203,excluded,host_nonhuman,0,,,0,0,0,Nanjing University of Chinese Medicine,False,True,True
PRJNA1158207,excluded,host_nonhuman,0,,,0,0,0,Jilin Agricultural University,False,True,True
PRJNA1159900,excluded,host_nonhuman,0,,,0,0,0,AgResearch Ltd,False,True,True
PRJNA1166984,excluded,host_nonhuman,0,,,0,0,0,The University of Hong Kong,False,True,True
PRJNA1163957,excluded,host_nonhuman,0,,,0,0,0,South China Agricultura University,False,True,True
PRJNA1184197,excluded,host_nonhuman,10,Özcan E,Hsiao EY,1,1,0,University of California Los Angeles,True,True,True
PRJNA1198898,excluded,host_nonhuman,0,,,0,0,0,University of Toronto,False,True,True
PRJNA1199800,excluded,host_nonhuman,0,,,0,0,0,Nano1Health-SL,False,True,True
PRJNA1202207,excluded,host_nonhuman,0,,,0,0,0,Xinxiang Medical University,False,True,True
PRJNA1206810,excluded,host_nonhuman,0,,,0,0,0,"Shandong Institute of Parasitic Diseases, Shandong First Medical University & Shandong Academy of Me",False,True,True
PRJNA1211045,excluded,host_nonhuman,13,O'Ferrall AM,Roberts AP,1,0,2,Liverpool School of Tropical Medicine,True,True,True
PRJNA1208073,excluded,host_nonhuman,0,,,0,0,0,Johns Hopkins University,False,True,True
PRJNA1260587,excluded,host_nonhuman,0,,,0,0,0,Sichuan Agricultural University,False,True,True
PRJNA1293113,excluded,host_nonhuman,0,,,0,0,0,Sun Yat-Sen University,False,True,True
PRJNA1300603,excluded,host_nonhuman,0,,,0,0,0,Hainan University,False,True,True
PRJNA1301358,excluded,host_nonhuman,0,,,0,0,0,Cardiff University,False,True,True
PRJNA1301845,excluded,host_nonhuman,0,,,0,0,0,Goethe University Frankfurt,False,True,True
PRJNA1322284,excluded,host_nonhuman,0,,,0,0,0,Natural History Museum,False,True,True
PRJNA1328827,excluded,host_nonhuman,0,,,0,0,0,University of Oregon,False,True,True
PRJNA1335288,excluded,host_nonhuman,0,,,0,0,0,Guangdong Academy of Agricultural Sciences,False,True,True
PRJNA1454703,excluded,host_nonhuman,0,,,0,0,0,Northeast Forestry University,False,True,True
PRJNA1475213,excluded,host_nonhuman,0,,,0,0,0,INRAE,False,True,True
PRJNA1478156,excluded,host_nonhuman,0,,,0,0,0,University of Genoa,False,True,True
PRJNA1506122,excluded,host_nonhuman,0,,,0,0,0,Soochow University,False,True,True
PRJNA1511569,excluded,host_nonhuman,0,,,0,0,0,Beijing Academy of Agriculture and Forestry Sciences,False,True,True
PRJNA488954,excluded,host_nonhuman,0,,,0,0,0,Sun Yat-sen University,False,True,True
PRJNA848116,excluded,host_nonhuman,0,,,0,0,0,South China Agricultural University,False,True,True
PRJNA407772,excluded,host_nonhuman,0,,,0,0,0,University of Pennsylvania School of Veterinary Medicine; Center for Host-Microbe Interactions,False,True,True
PRJNA406191,excluded,host_nonhuman,0,,,0,0,0,DOE Joint Genome Institute,False,True,True
PRJNA406194,excluded,host_nonhuman,0,,,0,0,0,DOE Joint Genome Institute,False,True,True
PRJNA444895,excluded,host_nonhuman,0,,,0,0,0,DOE Joint Genome Institute,False,True,True
PRJNA444897,excluded,host_nonhuman,0,,,0,0,0,DOE Joint Genome Institute,False,True,True
PRJNA444900,excluded,host_nonhuman,0,,,0,0,0,DOE Joint Genome Institute,False,True,True
PRJNA441061,excluded,host_nonhuman,0,,,0,0,0,DOE Joint Genome Institute,False,True,True
PRJNA471937,excluded,host_nonhuman,0,,,0,0,0,National Engineering Research Center for Breeding Swine Industry,False,True,True
PRJNA475184,excluded,host_nonhuman,0,,,0,0,0,Nanjing Normal University,False,True,True
PRJNA468190,excluded,host_nonhuman,0,,,0,0,0,DOE Joint Genome Institute,False,True,True
PRJNA468203,excluded,host_nonhuman,0,,,0,0,0,DOE Joint Genome Institute,False,True,True
PRJNA493817,excluded,host_nonhuman,0,,,0,0,0,IGA Technology Services Srl,False,True,True
PRJNA502434,excluded,host_nonhuman,0,,,0,0,0,DOE Joint Genome Institute,False,True,True
PRJNA502436,excluded,host_nonhuman,0,,,0,0,0,DOE Joint Genome Institute,False,True,True
PRJNA502438,excluded,host_nonhuman,0,,,0,0,0,DOE Joint Genome Institute,False,True,True
PRJNA574851,excluded,host_nonhuman,0,,,0,0,0,Kunming University of Science and Technology,False,True,True
PRJNA466982,excluded,host_nonhuman,0,,,0,0,0,DOE Joint Genome Institute,False,True,True
PRJNA545247,excluded,host_nonhuman,0,,,0,0,0,University College Cork,False,True,True
PRJNA542998,excluded,host_nonhuman,0,,,0,0,0,Inner Mongolia Agricultural University,False,True,True
PRJNA544874,excluded,host_nonhuman,6,Bowerman KL,Hugenholtz P,1,0,2,University of Queensland,True,True,True
PRJNA658643,excluded,host_nonhuman,0,,,0,0,0,Chinese Academy of agriculture Science,False,True,True
PRJNA721235,excluded,host_nonhuman,0,,,0,0,0,Universidad Autonoma del Estado de Morelos,False,True,True
PRJEB42464,excluded,host_nonhuman,0,,,0,0,0,"Centre for Genomic Epidemiology, National Food Institute, Technical University of Denmark (DTU), Denmark; Centre for Genomic Epidemiology",False,True,True
PRJDB5383,excluded,host_nonhuman,13,Tsuchiaka S,Mizutani T,1,0,1,"Research and Education Center for Prevention of Global Infectious Diseases of Animals, Agriculture, Tokyo University of Agriculture and Technology; TOKYO_AGRITECH",True,True,True
PRJDB41576,excluded,host_nonhuman,0,,,0,0,0,Xinqiao Hospital of Army Medical University; NGDC,False,True,True
PRJDB41802,excluded,host_nonhuman,0,,,0,0,0,Sichuan University; NGDC,False,True,True
PRJDB6640,excluded,host_nonhuman,0,,,0,0,0,Tokyo institute of Technology; TITECH,False,True,True
PRJDB8987,excluded,host_nonhuman,0,,,0,0,0,"Ecology and Conservation, Primate Research Institute, Kyoto University; KYOTO_PRI",False,True,True
PRJDB11394,excluded,host_nonhuman,0,,,0,0,0,"Department of Molecular Life Science, Tokai University School of Medicine; TOKAI",False,True,True
PRJDB16637,excluded,host_nonhuman,0,,,0,0,0,AIST,False,True,True
PRJDB36556,excluded,host_nonhuman,0,,,0,0,0,Qinghai University; NGDC,False,True,True
PRJDB36557,excluded,host_nonhuman,0,,,0,0,0,Qinghai University; NGDC,False,True,True
PRJDB36534,excluded,host_nonhuman,0,,,0,0,0,Chengdu Research Base of Giant Panda Breedin; Chengdu Research Base of Giant Panda Breeding,False,True,True
PRJDB36334,excluded,host_nonhuman,0,,,0,0,0,"Northwest lnstitute of Pateau Biology, CAS; NGDC",False,True,True
PRJDB37067,excluded,host_nonhuman,0,,,0,0,0,Northwest Agriculture and Forestry University; NGDC,False,True,True
PRJDB32644,excluded,host_nonhuman,0,,,0,0,0,"Institute of Food and Nutrition Development , Ministry of Agriculture and Rural Affairs",False,True,True
PRJDB38848,excluded,host_nonhuman,0,,,0,0,0,Qinghai University; NGDC,False,True,True
PRJDB38851,excluded,host_nonhuman,0,,,0,0,0,Qinghai University; NGDC,False,True,True
PRJDB39230,excluded,host_nonhuman,0,,,0,0,0,"Northwest Institute of Plateau Biology, Chinese Academy of Sciences; NGDC",False,True,True
PRJDB39414,excluded,host_nonhuman,0,,,0,0,0,Qinghai University; NGDC,False,True,True
PRJDB39423,excluded,host_nonhuman,0,,,0,0,0,"Xinjiang Institute of Ecology and Geography, Chinese Academy of Sciences; NGDC",False,True,True
PRJDB39464,excluded,host_nonhuman,0,,,0,0,0,"Xinjiang Institute of Ecology and Geography, Chinese Academy of Sciences; NGDC",False,True,True
PRJDB40947,excluded,host_nonhuman,12,Zhang QZ,Wang XM,1,0,1,YanTai university; NGDC,True,True,True
PRJEB28161,excluded,host_nonhuman,0,,,0,0,0,CNGB,False,True,True
PRJEB39685,excluded,host_nonhuman,0,,,0,0,0,"Centre for Genomic Epidemiology, National Food Institute, Technical University of Denmark (DTU), Denmark; Centre for Genomic Epidemiology",False,True,True
PRJNA825121,excluded,host_nonhuman,0,,,0,0,0,shandong first medical unvirsity,False,True,True
PRJNA884830,excluded,host_nonhuman,0,,,0,0,0,Yunnan University,False,True,True
PRJNA755866,excluded,host_nonhuman,8,Budkina AY,Akimkin VG,1,0,1,Central Research Institute of Epidemiology,True,True,True
PRJNA1050657,excluded,host_nonhuman,0,,,0,0,0,Kunming University,False,True,True
PRJNA1023249,excluded,host_nonhuman,5,Blair EM,O'Malley MA,1,0,1,"University of California, Santa Barbara",True,True,True
PRJNA1045870,excluded,host_nonhuman,0,,,0,0,0,Zhejiang Gongshang University,False,True,True
PRJNA812273,excluded,host_nonhuman,0,,,0,0,0,Beijing forestry university,False,True,True
PRJNA1095217,excluded,host_nonhuman,0,,,0,0,0,Federal Research Center of Fundamental and Translational Medicine,False,True,True
PRJNA405524,excluded,host_nonhuman,0,,,0,0,0,DOE Joint Genome Institute,False,True,True
PRJNA406192,excluded,host_nonhuman,0,,,0,0,0,DOE Joint Genome Institute,False,True,True
PRJNA406193,excluded,host_nonhuman,0,,,0,0,0,DOE Joint Genome Institute,False,True,True
PRJNA444899,excluded,host_nonhuman,0,,,0,0,0,DOE Joint Genome Institute,False,True,True
PRJNA444898,excluded,host_nonhuman,0,,,0,0,0,DOE Joint Genome Institute,False,True,True
PRJNA441060,excluded,host_nonhuman,0,,,0,0,0,DOE Joint Genome Institute,False,True,True
PRJNA441062,excluded,host_nonhuman,0,,,0,0,0,DOE Joint Genome Institute,False,True,True
PRJNA441063,excluded,host_nonhuman,0,,,0,0,0,DOE Joint Genome Institute,False,True,True
PRJNA441072,excluded,host_nonhuman,0,,,0,0,0,DOE Joint Genome Institute,False,True,True
PRJNA468193,excluded,host_nonhuman,0,,,0,0,0,DOE Joint Genome Institute,False,True,True
PRJNA468194,excluded,host_nonhuman,0,,,0,0,0,DOE Joint Genome Institute,False,True,True
PRJNA468198,excluded,host_nonhuman,0,,,0,0,0,DOE Joint Genome Institute,False,True,True
PRJNA494387,excluded,host_nonhuman,0,,,0,0,0,University of Parma,False,True,True
PRJNA504009,excluded,host_nonhuman,0,,,0,0,0,University of Parma,False,True,True
PRJNA502431,excluded,host_nonhuman,0,,,0,0,0,DOE Joint Genome Institute,False,True,True
PRJNA502439,excluded,host_nonhuman,0,,,0,0,0,DOE Joint Genome Institute,False,True,True
PRJNA1092107,excluded,host_nonhuman,0,,,0,0,0,Georgia Institute of Technology,False,True,True
PRJNA1230848,excluded,host_nonhuman,0,,,0,0,0,Shanghai Jiao Tong University,False,True,True
PRJNA1292972,excluded,host_nonhuman,0,,,0,0,0,Universidad Nacional Autonoma de Mexico,False,True,True
PRJNA444892,excluded,host_nonhuman,0,,,0,0,0,DOE Joint Genome Institute,False,True,True
PRJNA444893,excluded,host_nonhuman,0,,,0,0,0,DOE Joint Genome Institute,False,True,True
PRJNA444901,excluded,host_nonhuman,0,,,0,0,0,DOE Joint Genome Institute,False,True,True
PRJNA441065,excluded,host_nonhuman,0,,,0,0,0,DOE Joint Genome Institute,False,True,True
PRJNA441067,excluded,host_nonhuman,0,,,0,0,0,DOE Joint Genome Institute,False,True,True
PRJNA441069,excluded,host_nonhuman,0,,,0,0,0,DOE Joint Genome Institute,False,True,True
PRJNA441071,excluded,host_nonhuman,0,,,0,0,0,DOE Joint Genome Institute,False,True,True
PRJNA468189,excluded,host_nonhuman,0,,,0,0,0,DOE Joint Genome Institute,False,True,True
PRJNA468196,excluded,host_nonhuman,0,,,0,0,0,DOE Joint Genome Institute,False,True,True
PRJNA468200,excluded,host_nonhuman,0,,,0,0,0,DOE Joint Genome Institute,False,True,True
PRJNA502429,excluded,host_nonhuman,0,,,0,0,0,DOE Joint Genome Institute,False,True,True
PRJNA502430,excluded,host_nonhuman,0,,,0,0,0,DOE Joint Genome Institute,False,True,True
PRJNA502433,excluded,host_nonhuman,0,,,0,0,0,DOE Joint Genome Institute,False,True,True
PRJNA502435,excluded,host_nonhuman,0,,,0,0,0,DOE Joint Genome Institute,False,True,True
PRJNA502432,excluded,host_nonhuman,0,,,0,0,0,DOE Joint Genome Institute,False,True,True
PRJNA527983,excluded,host_nonhuman,0,,,0,0,0,"Vetgenomics, SL",False,True,True
PRJNA466981,excluded,host_nonhuman,0,,,0,0,0,DOE Joint Genome Institute,False,True,True
PRJNA466986,excluded,host_nonhuman,0,,,0,0,0,DOE Joint Genome Institute,False,True,True
PRJNA444894,excluded,host_nonhuman,0,,,0,0,0,DOE Joint Genome Institute,False,True,True
PRJNA444902,excluded,host_nonhuman,0,,,0,0,0,DOE Joint Genome Institute,False,True,True
PRJNA444904,excluded,host_nonhuman,0,,,0,0,0,DOE Joint Genome Institute,False,True,True
PRJNA444908,excluded,host_nonhuman,0,,,0,0,0,DOE Joint Genome Institute,False,True,True
PRJNA444907,excluded,host_nonhuman,0,,,0,0,0,DOE Joint Genome Institute,False,True,True
PRJNA441070,excluded,host_nonhuman,0,,,0,0,0,DOE Joint Genome Institute,False,True,True
PRJNA441073,excluded,host_nonhuman,0,,,0,0,0,DOE Joint Genome Institute,False,True,True
PRJNA468192,excluded,host_nonhuman,0,,,0,0,0,DOE Joint Genome Institute,False,True,True
PRJNA468195,excluded,host_nonhuman,0,,,0,0,0,DOE Joint Genome Institute,False,True,True
PRJNA468199,excluded,host_nonhuman,0,,,0,0,0,DOE Joint Genome Institute,False,True,True
PRJNA497801,excluded,host_nonhuman,6,Tang R,Bai F,1,0,1,Shanghai Jiao Tong University,True,True,True
PRJNA502437,excluded,host_nonhuman,0,,,0,0,0,DOE Joint Genome Institute,False,True,True
PRJNA405527,excluded,host_nonhuman,0,,,0,0,0,DOE Joint Genome Institute,False,True,True
PRJNA405526,excluded,host_nonhuman,0,,,0,0,0,DOE Joint Genome Institute,False,True,True
PRJNA406187,excluded,host_nonhuman,0,,,0,0,0,DOE Joint Genome Institute,False,True,True
PRJNA406190,excluded,host_nonhuman,0,,,0,0,0,DOE Joint Genome Institute,False,True,True
PRJNA1347992,excluded,host_nonhuman,0,,,0,0,0,Sri Ramachandra Institute of Higher Education and Research,False,True,True
PRJNA369683,excluded,host_nonhuman,0,,,0,0,0,"Facultad de Medicina Veterinaria y Zootecnia, Universidad Nacional Autonoma de Mexico",False,True,True
PRJNA1512224,excluded,host_nonhuman,0,,,0,0,0,South China Agriculture University,False,True,True
PRJNA405525,excluded,host_nonhuman,0,,,0,0,0,DOE Joint Genome Institute,False,True,True
PRJNA406188,excluded,host_nonhuman,0,,,0,0,0,DOE Joint Genome Institute,False,True,True
PRJNA406189,excluded,host_nonhuman,0,,,0,0,0,DOE Joint Genome Institute,False,True,True
PRJNA444891,excluded,host_nonhuman,0,,,0,0,0,DOE Joint Genome Institute,False,True,True
PRJNA444896,excluded,host_nonhuman,0,,,0,0,0,DOE Joint Genome Institute,False,True,True
PRJNA444903,excluded,host_nonhuman,0,,,0,0,0,DOE Joint Genome Institute,False,True,True
PRJNA444906,excluded,host_nonhuman,0,,,0,0,0,DOE Joint Genome Institute,False,True,True
PRJNA444905,excluded,host_nonhuman,0,,,0,0,0,DOE Joint Genome Institute,False,True,True
PRJNA441064,excluded,host_nonhuman,0,,,0,0,0,DOE Joint Genome Institute,False,True,True
PRJNA441066,excluded,host_nonhuman,0,,,0,0,0,DOE Joint Genome Institute,False,True,True
PRJNA441068,excluded,host_nonhuman,0,,,0,0,0,DOE Joint Genome Institute,False,True,True
PRJNA468191,excluded,host_nonhuman,0,,,0,0,0,DOE Joint Genome Institute,False,True,True
PRJNA468197,excluded,host_nonhuman,0,,,0,0,0,DOE Joint Genome Institute,False,True,True
PRJNA468201,excluded,host_nonhuman,0,,,0,0,0,DOE Joint Genome Institute,False,True,True
PRJNA468202,excluded,host_nonhuman,0,,,0,0,0,DOE Joint Genome Institute,False,True,True
PRJNA481090,excluded,host_nonhuman,0,,,0,0,0,Queensland University of Technology,False,True,True
PRJNA466987,excluded,host_nonhuman,0,,,0,0,0,DOE Joint Genome Institute,False,True,True
PRJNA933177,excluded,host_nonhuman,0,,,0,0,0,University of Georgia,False,True,True
PRJNA1196953,excluded,host_nonhuman,0,,,0,0,0,Instituto Nacional de Innovacion Agraria,False,True,True
PRJNA1300861,excluded,host_nonhuman,0,,,0,0,0,"Faculty of Veterinary Medicine, Kasetsart University",False,True,True
PRJNA589664,excluded,host_nonhuman,0,,,0,0,0,Central South University,False,True,True
PRJNA613571,excluded,host_environmental,0,,,0,0,0,"Institute of Urban Environment,Chinese Academy of Sciences,Xiamen,361021,China",False,True,True
PRJNA735412,excluded,host_nonhuman,0,,,0,0,0,Nanjing Agricultural University,False,True,True
PRJNA791414,excluded,host_nonhuman,0,,,0,0,0,Deakin University,False,True,True
PRJNA793876,excluded,host_nonhuman,0,,,0,0,0,Keio University,False,True,True
PRJNA821627,excluded,host_nonhuman,0,,,0,0,0,Air force Medical University,False,True,True
PRJNA826902,excluded,host_nonhuman,0,,,0,0,0,Inner Mongolia Agricultura University,False,True,True
PRJNA819202,excluded,host_nonhuman,0,,,0,0,0,Hainan University,False,True,True
PRJNA812272,excluded,host_nonhuman,0,,,0,0,0,Hainan University,False,True,True
PRJNA854758,excluded,host_nonhuman,0,,,0,0,0,Institute of animal sciences of CAAS,False,True,True
PRJNA866381,excluded,host_nonhuman,0,,,0,0,0,Air force medical university,False,True,True
PRJNA880985,excluded,host_nonhuman,0,,,0,0,0,Charles Sturt University,False,True,True
PRJNA954692,excluded,host_nonhuman,0,,,0,0,0,Tianjin University of Science & Technology,False,True,True
PRJNA1019894,excluded,host_nonhuman,6,Maslen BN,Pant SD,1,1,0,Charles Sturt University,True,True,True
PRJNA1274127,excluded,host_nonhuman,8,Xu J,Xu D,1,0,1,Shanghai Ocean University,True,True,True
PRJNA1279376,excluded,host_nonhuman,0,,,0,0,0,Voronezh State University of Engineering Technologies,False,True,True
PRJNA1345513,excluded,host_nonhuman,0,,,0,0,0,"Department of Gastroenterology, Guangdong Provincial Key Laboratory of Gastroenterology",False,True,True
PRJNA1347563,excluded,host_nonhuman,0,,,0,0,0,Hubei University of Chinese Medicine,False,True,True
PRJNA1230546,excluded,host_nonhuman,0,,,0,0,0,Voronezh State University of Engineering Technologies,False,True,True
PRJNA1373254,excluded,host_nonhuman,0,,,0,0,0,Baylor College of Medicine,False,True,True
PRJNA1354573,excluded,host_nonhuman,0,,,0,0,0,Kunming Medical University,False,True,True
PRJNA1392634,excluded,host_nonhuman,0,,,0,0,0,Voronezh State University of Engineering Technologies,False,True,True
PRJNA1358802,excluded,host_nonhuman,0,,,0,0,0,Southwest University,False,True,True
PRJNA1363115,excluded,host_nonhuman,0,,,0,0,0,Voronezh State University of Engineering Technologies,False,True,True
PRJNA1363772,excluded,host_nonhuman,0,,,0,0,0,China Agricultural university,False,True,True
PRJNA387552,excluded,host_nonhuman,0,,,0,0,0,Dalhousie iGEM,False,True,True
PRJNA430178,excluded,host_nonhuman,0,,,0,0,0,Sichuan Agricultural University,False,True,True
PRJNA1368674,excluded,host_nonhuman,0,,,0,0,0,Sichuan University,False,True,True
PRJNA529463,excluded,host_nonhuman,0,,,0,0,0,University of North Carolina at Chapel Hill,False,True,True
PRJNA893407,excluded,host_nonhuman,0,,,0,0,0,Agricultural Genomics Institute at Shenzhen,False,True,True
PRJNA907967,excluded,host_nonhuman,0,,,0,0,0,Lanzhou university,False,True,True
PRJNA921725,excluded,host_nonhuman,0,,,0,0,0,Huazhong University of Science and Technology,False,True,True
PRJNA544409,excluded,host_nonhuman,0,,,0,0,0,Jiangxi Agricultural University,False,True,True
PRJNA738686,excluded,host_nonhuman,0,,,0,0,0,Korea University,False,True,True
PRJNA1093002,excluded,host_nonhuman,0,,,0,0,0,Northeast Normal University,False,True,True
PRJNA738706,excluded,host_nonhuman,0,,,0,0,0,Korea University,False,True,True
PRJNA1105391,excluded,host_nonhuman,0,,,0,0,0,Lanzhou University,False,True,True
PRJNA1093369,excluded,host_nonhuman,0,,,0,0,0,General Hospital of Northern Theater Command,False,True,True
PRJNA1132696,excluded,host_environmental,0,,,0,0,0,Guangxi University,False,True,True
PRJNA555120,excluded,host_nonhuman,0,,,0,0,0,"Institute of Medical Biology, Chinese Academy of Medical Sciences",False,True,True
PRJEB18065,excluded,host_nonhuman,0,,,0,0,0,FRIEDRICH-LOEFFLER-INSTITUT (FLI),False,True,True
PRJNA864748,excluded,host_nonhuman,0,,,0,0,0,Chongqing Medical University,False,True,True
PRJEB47618,excluded,host_nonhuman,0,,,0,0,0,"Institute of Dermatology, Chinese Academy of Medical Sciences and Peking Union Medical College",False,True,True
PRJNA1150979,excluded,host_nonhuman,0,,,0,0,0,China Agricultural University,False,True,True
PRJNA907074,excluded,host_nonhuman,0,,,0,0,0,Capital Medical University School of Stomatology,False,True,True
PRJNA910078,excluded,host_nonhuman,0,,,0,0,0,Yunnan Normal University,False,True,True
PRJNA1154995,excluded,host_nonhuman,0,,,0,0,0,Sichuan university,False,True,True
PRJNA1029888,excluded,host_nonhuman,0,,,0,0,0,Zhejiang Gongshang University,False,True,True
PRJNA1157396,excluded,host_nonhuman,0,,,0,0,0,Huazhong Agricultural University,False,True,True
PRJNA1168161,excluded,host_nonhuman,2,Loughrin JH,Agga GE,1,0,1,USDA-Agricultural Research Service,True,True,True
PRJNA1191386,excluded,host_nonhuman,0,,,0,0,0,"University of Chinese Academy of Sciences, Chinese Academy of Sciences, Shanghai, China",False,True,True
PRJNA1201811,excluded,host_nonhuman,0,,,0,0,0,Institute of Feed Research,False,True,True
PRJNA1292815,excluded,host_nonhuman,0,,,0,0,0,Voronezh State University of Engineering Technologies,False,True,True
PRJNA1327080,excluded,host_nonhuman,0,,,0,0,0,Chongqing Medical University,False,True,True
PRJNA1306338,excluded,host_nonhuman,0,,,0,0,0,Southern medical university,False,True,True
PRJNA1336769,excluded,host_nonhuman,0,,,0,0,0,China Agricultural University,False,True,True
PRJNA1454993,excluded,host_nonhuman,0,,,0,0,0,China Agricultural University,False,True,True
PRJNA1466853,excluded,host_nonhuman,0,,,0,0,0,Voronezh State University of Engineering Technologies,False,True,True
PRJDB8125,excluded,host_nonhuman,11,Mukai Y,Horie M,1,0,1,Kyoto University; KYOTO_IFLMS,True,True,True
PRJDB33692,excluded,host_nonhuman,0,,,0,0,0,Guangxi University,False,True,True
PRJDB39016,excluded,host_nonhuman,0,,,0,0,0,Yunnan Agricultural University; NGDC,False,True,True
PRJDB39315,excluded,host_nonhuman,0,,,0,0,0,Kunming University of Science and Technology,False,True,True
PRJDB41438,excluded,host_nonhuman,0,,,0,0,0,Xinjiang Agricultural University; NGDC,False,True,True
PRJEB22579,excluded,host_nonhuman,0,,,0,0,0,University of California San Diego Microbiome Initiative,False,True,True
PRJEB36873,excluded,host_nonhuman,0,,,0,0,0,University of California San Diego Microbiome Initiative,False,True,True
PRJNA344803,excluded,host_nonhuman,0,,,0,0,0,Inner Mongolia Agricultural University,False,True,True
PRJNA476660,excluded,host_nonhuman,0,,,0,0,0,Guangdong Institute of Applied Biological Resources,False,True,True
PRJNA290408,excluded,host_synthetic,0,,,0,0,0,Yonsei University,False,True,True
PRJNA1254333,excluded,host_synthetic,0,,,0,0,0,Yonsei University,False,True,True
PRJNA1224781,excluded,host_synthetic,0,,,0,0,0,St. Jude Children's Research Hospital,False,True,True
PRJEB32767,excluded,host_nonhuman,0,,,0,0,0,WEIZMANN INSTITUE OF SCIENCE,False,True,True
PRJEB72800,excluded,assay_other_nonshotgun,0,,,0,0,0,Ewha Womans University,False,True,True
PRJNA973721,excluded,age_adult_only,0,,,0,0,0,Xi'an Jiaotong University,False,True,True
PRJNA1190698,excluded,age_adult_only,0,,,0,0,0,Selcuk University Faculty Of Medicine; Selcuk University,False,True,True
PRJNA391511,excluded,age_adult_only,0,,,0,0,0,Blood Systems Research Institute,False,True,True
PRJEB37062,excluded,age_unknown_no_evidence,0,,,0,0,0,European Molecular Biology Laboratory,False,True,True
PRJEB55366,excluded,age_adult_only,0,,,0,0,0,kaohsiung medical university hospital; Kaohsiung Medical University Hospital,False,True,True
PRJEB50555,excluded,age_adult_only,0,,,0,0,0,WEIZMANN INSTITUE OF SCIENCE,False,True,True
PRJEB55534,excluded,age_adult_only,0,,,0,0,0,sorbonne universite; Sorbonne Universite,False,True,True
PRJEB55462,excluded,age_adult_only,0,,,0,0,0,the chinese university of hong kong,False,True,True
PRJEB49262,excluded,age_adult_only,0,,,0,0,0,European Molecular Biology Laboratory,False,True,True
PRJEB56669,excluded,age_adult_only,0,,,0,0,0,Leibniz Institute for Natural Product Research and Infection Biology,False,True,True
PRJEB56784,excluded,age_unknown_no_evidence,0,,,0,0,0,University of California San Diego Microbiome Initiative,False,True,True
PRJEB56919,excluded,age_adult_only,0,,,0,0,0,FISABIO - Public Health,False,True,True
PRJEB41787,excluded,age_unknown_no_evidence,0,,,0,0,0,Institut National pour la Recherche Agronomique (FRANCE),False,True,True
PRJEB51635,excluded,age_adult_only,20,Thirion F,Pedersen O,1,0,1,Institut National pour la Recherche Agronomique (FRANCE),True,True,True
PRJEB58106,excluded,age_unknown_no_evidence,0,,,0,0,0,FISABIO,False,True,True
PRJEB58157,excluded,age_adult_only,35,d'Humières C,PrediRes study group,1,0,1,Institut National pour la Recherche Agronomique (FRANCE),True,True,True
PRJEB43119,excluded,age_adult_only,0,,,0,0,0,University of Trento,False,True,True
PRJEB55711,excluded,age_adult_only,0,,,0,0,0,Shenzhen Puensum Genetech Institute,False,True,True
PRJEB54704,excluded,age_adult_only,49,Stein-Thoeringer CK,Elinav E,1,0,1,"German Cancer Research Center (DKFZ), Heidelberg, Germany; German Cancer Research Center (DKFZ)",True,True,True
PRJEB56741,excluded,age_unknown_no_evidence,0,,,0,0,0,The Washington University School of Medicine,False,True,True
PRJEB59450,excluded,age_adult_only,0,,,0,0,0,University of California San Diego Microbiome Initiative,False,True,True
PRJEB58222,excluded,age_adult_only,31,Tintelnot J,Gagliani N,1,0,1,University Medical Center Hamburg-Eppendorf,True,True,True
PRJEB51776,excluded,age_adult_only,26,Fan Y,Pedersen O,1,0,1,Institut National pour la Recherche Agronomique (FRANCE),True,True,True
PRJEB60398,excluded,age_unknown_no_evidence,0,,,0,0,0,center for synthetic microbiome; Center for Synthetic Microbiome,False,True,True
PRJEB36300,excluded,age_adult_only,0,,,0,0,0,Shenzhen Puensum Genetech Institute,False,True,True
PRJEB60097,excluded,age_unknown_no_evidence,0,,,0,0,0,Latvian Biomedical Research and Study Centre,False,True,True
PRJEB42155,excluded,age_adult_only,23,Mills RH,Gonzalez DJ,1,0,1,University of California San Diego Microbiome Initiative,True,True,True
PRJEB51353,excluded,age_adult_only,51,Bergström G,Rosengren A,2,0,2,"uppsala university, department of medical sciences, molecular epidemiology; Uppsala University, Department of Medical Sciences, Molecular Epidemiology",True,True,True
PRJEB62783,excluded,age_adult_only,0,,,0,0,0,HELMHOLTZ CENTRE FOR INFECTION RESEARCH,False,True,True
PRJEB61882,excluded,age_adult_only,0,,,0,0,0,centre of host microbiome interaction; Centre of Host Microbiome Interaction,False,True,True
PRJEB58696,excluded,age_adult_only,0,,,0,0,0,Shenzhen Puensum Genetech Institute,False,True,True
PRJEB63360,excluded,age_adult_only,0,,,0,0,0,UNIVERSITY OF BOLOGNA,False,True,True
PRJEB56830,excluded,age_unknown_no_evidence,0,,,0,0,0,sorbonne universite; Sorbonne Universite,False,True,True
PRJEB57770,excluded,age_adult_only,0,,,0,0,0,National Taiwan University Hospital,False,True,True
PRJEB64515,excluded,age_adult_only,0,,,0,0,0,Malopolska Centre of Biotechnology,False,True,True
PRJEB65297,excluded,age_adult_only,0,,,0,0,0,Shenzhen Puensum Genetech Institute,False,True,True
PRJEB60773,excluded,age_adult_only,0,,,0,0,0,the chinese university of hong kong,False,True,True
PRJEB60243,excluded,age_adult_only,0,,,0,0,0,Institut de Recherche pour le Developpement,False,True,True
PRJEB68381,excluded,age_adult_only,0,,,0,0,0,University of California San Diego Microbiome Initiative,False,True,True
PRJEB66493,excluded,age_adult_only,0,,,0,0,0,AALBORG UNIVERSITY,False,True,True
PRJEB69217,excluded,age_adult_only,0,,,0,0,0,Institut de Recherche pour le Developpement,False,True,True
PRJEB67456,excluded,age_unknown_no_evidence,0,,,0,0,0,Shenzhen Puensum Genetech Institute,False,True,True
PRJEB66719,excluded,age_adult_only,0,,,0,0,0,National Taiwan University Hospital,False,True,True
PRJEB70966,excluded,age_adult_only,0,,,0,0,0,University of Trento,False,True,True
PRJEB70723,excluded,assay_other_nonshotgun,0,,,0,0,0,FISABIO,False,True,True
PRJEB66197,excluded,age_adult_only,0,,,0,0,0,University of Trento,False,True,True
PRJEB68363,excluded,age_adult_only,0,,,0,0,0,University of Copenhagen,False,True,True
PRJEB38909,excluded,age_adult_only,0,,,0,0,0,University of California San Diego Microbiome Initiative,False,True,True
PRJEB68317,excluded,age_adult_only,0,,,0,0,0,HUS Neurocenter,False,True,True
PRJEB46778,excluded,age_adult_only,39,Li SS,Bork P,2,0,2,European Molecular Biology Laboratory,True,True,True
PRJEB65440,excluded,age_adult_only,0,,,0,0,0,sothern medical university; Sothern Medical University,False,True,True
PRJEB72371,excluded,age_unknown_no_evidence,0,,,0,0,0,Centre for Translational Microbiome Research (CTMR),False,True,True
PRJEB51945,excluded,age_adult_only,0,,,0,0,0,sothern medical university; Sothern Medical University,False,True,True
PRJEB74144,excluded,age_unknown_no_evidence,0,,,0,0,0,Teagasc Food Research Centre Ireland,False,True,True
PRJEB72385,excluded,age_adult_only,0,,,0,0,0,"State Key Laboratory of Cardiovascular Disease, National Center for Cardiovascular Diseases, Fuwai Hospital, Chinese Academy of Medical Sciences and Peking Union Medical College",False,True,True
PRJEB74343,excluded,age_unknown_no_evidence,0,,,0,0,0,AALBORG UNIVERSITY,False,True,True
PRJEB75462,excluded,age_unknown_no_evidence,0,,,0,0,0,ZOE Limited,False,True,True
PRJEB76307,excluded,age_adult_only,0,,,0,0,0,LAVAL UNIVERSITY,False,True,True
PRJEB75460,excluded,age_adult_only,0,,,0,0,0,ZOE Limited,False,True,True
PRJEB76677,excluded,age_unknown_no_evidence,8,Knoll RL,Gehring S,1,0,1,European Molecular Biology Laboratory,True,True,True
PRJEB76849,excluded,age_adult_only,0,,,0,0,0,University of California San Diego Microbiome Initiative,False,True,True
PRJEB76665,excluded,age_adult_only,0,,,0,0,0,European Molecular Biology Laboratory,False,True,True
PRJEB76661,excluded,age_adult_only,0,,,0,0,0,European Molecular Biology Laboratory; KU Leuven | European Molecular Biology Laboratory,False,True,True
PRJEB76664,excluded,age_unknown_no_evidence,0,,,0,0,0,European Molecular Biology Laboratory; KU Leuven | European Molecular Biology Laboratory,False,True,True
PRJEB73511,excluded,age_child_over_36m,0,,,0,0,0,UNIVERSITY OF BOLOGNA,False,True,True
PRJEB80379,excluded,age_adult_only,0,,,0,0,0,Latvian Biomedical Research and Study Centre,False,True,True
PRJEB58035,excluded,age_adult_only,0,,,0,0,0,UNIVERSITY OF NEW SOUTH WALES,False,True,True
PRJEB79379,excluded,age_maternal_only,0,,,0,0,0,"Department of Clinical Sciences Lund, Lund University; Department of Clinical Sciences Lund",False,True,True
PRJEB80699,excluded,age_adult_only,0,,,0,0,0,Max Planck Institute of Molecular Cell Biology and Genetics,False,True,True
PRJEB76662,excluded,age_unknown_no_evidence,0,,,0,0,0,European Molecular Biology Laboratory,False,True,True
PRJEB76794,excluded,age_adult_only,24,Hornero-Ramirez H,Nazare JA,1,0,1,Institut National pour la Recherche Agronomique (FRANCE),True,True,True
PRJEB61942,excluded,age_adult_only,0,,,0,0,0,istituto europeo di oncologia; Istituto Europeo di Oncologia,False,True,True
PRJEB81804,excluded,age_unknown_no_evidence,0,,,0,0,0,University of California San Diego Microbiome Initiative,False,True,True
PRJEB75463,excluded,age_adult_only,0,,,0,0,0,ZOE Limited,False,True,True
PRJEB75465,excluded,age_unknown_no_evidence,0,,,0,0,0,ZOE Limited,False,True,True
PRJEB81519,excluded,age_adult_only,0,,,0,0,0,TNO (Netherlands Organisation for Applied Scientific Research),False,True,True
PRJEB75464,excluded,age_adult_only,0,,,0,0,0,ZOE Limited,False,True,True
PRJEB81106,excluded,age_unknown_no_evidence,0,,,0,0,0,WEIZMANN INSTITUE OF SCIENCE,False,True,True
PRJEB83322,excluded,age_adult_only,0,,,0,0,0,FISABIO - Public Health,False,True,True
PRJEB83637,excluded,age_unknown_no_evidence,0,,,0,0,0,University of California San Diego Microbiome Initiative,False,True,True
PRJEB83730,excluded,age_unknown_no_evidence,0,,,0,0,0,Institut National pour la Recherche Agronomique (FRANCE),False,True,True
PRJEB81434,excluded,age_adult_only,24,Laiola M,CKD-REIN Study collaborators,1,0,1,Institut National pour la Recherche Agronomique (FRANCE),True,True,True
PRJEB83971,excluded,age_adult_only,0,,,0,0,0,The Geneva University Hospitals,False,True,True
PRJEB84188,excluded,age_adult_only,0,,,0,0,0,University of luxembourg,False,True,True
PRJEB84244,excluded,age_adult_only,0,,,0,0,0,gdansk university of physical education and sport; Gdansk University of Physical Education and Sport,False,True,True
PRJEB72523,excluded,age_adult_only,0,,,0,0,0,University of Trento,False,True,True
PRJEB72524,excluded,age_adult_only,0,,,0,0,0,University of Trento,False,True,True
PRJEB72525,excluded,age_adult_only,0,,,0,0,0,University of Trento,False,True,True
PRJEB72526,excluded,age_adult_only,0,,,0,0,0,University of Trento,False,True,True
PRJEB85676,excluded,age_adult_only,61,Chen J,Deutsch E,1,0,1,Institut National pour la Recherche Agronomique (FRANCE),True,True,True
PRJEB79317,excluded,age_adult_only,0,,,0,0,0,"Life science institute, Zhejiang university; Life science institute",False,True,True
PRJEB80556,excluded,age_adult_only,0,,,0,0,0,AALBORG UNIVERSITY,False,True,True
PRJEB86846,excluded,age_unknown_no_evidence,0,,,0,0,0,Washington University in St Louis School of Medicin,False,True,True
PRJEB86834,excluded,age_unknown_no_evidence,0,,,0,0,0,institute of gene biology of the russian academy of sciences; Institute of Gene Biology of the Russian Academy of Sciences,False,True,True
PRJEB88320,excluded,age_unknown_no_evidence,0,,,0,0,0,Stanford University School of Medicine,False,True,True
PRJEB87701,excluded,age_unknown_no_evidence,20,Romero-Tapiador S,Carrillo de Santa Pau E,1,0,1,IMDEA Food Institute,True,True,True
PRJEB61523,excluded,host_environmental,0,,,0,0,0,Institut National pour la Recherche Agronomique (FRANCE),False,True,True
PRJEB79944,excluded,age_adult_only,0,,,0,0,0,centre of host microbiome interaction; Centre of Host Microbiome Interaction,False,True,True
PRJEB89837,excluded,age_child_over_36m,0,,,0,0,0,FORSCHUNGSZENTRUM BORSTEL,False,True,True
PRJEB87608,excluded,age_unknown_no_evidence,0,,,0,0,0,Saint-Antoine Research Center,False,True,True
PRJEB91658,excluded,age_adult_only,0,,,0,0,0,Newcastle University,False,True,True
PRJEB91718,excluded,age_adult_only,20,Kopera K,Kosciolek T,1,0,1,Malopolska Centre of Biotechnology,True,True,True
PRJEB91542,excluded,age_adult_only,0,,,0,0,0,Netherlands Cancer Institute,False,True,True
PRJEB89898,excluded,age_adult_only,0,,,0,0,0,MICROB-PREDICT consortium,False,True,True
PRJEB89899,excluded,age_adult_only,0,,,0,0,0,MICROB-PREDICT consortium,False,True,True
PRJEB90666,excluded,age_unknown_no_evidence,0,,,0,0,0,Quadram Institute Bioscience,False,True,True
PRJEB94043,excluded,age_adult_only,0,,,0,0,0,University of Trento,False,True,True
PRJEB97162,excluded,age_unknown_no_evidence,0,,,0,0,0,University Hospital Center and University of Lausanne,False,True,True
PRJEB97759,excluded,age_adult_only,0,,,0,0,0,Shenzhen Puensum Genetech Institute,False,True,True
PRJEB80526,excluded,age_adult_only,0,,,0,0,0,Policlinico Hospital Milan,False,True,True
PRJEB101484,excluded,age_adult_only,0,,,0,0,0,Policlinico Hospital Milan,False,True,True
PRJEB82904,excluded,age_adult_only,0,,,0,0,0,Shenzhen Puensum Genetech Institute,False,True,True
PRJEB102033,excluded,age_unknown_no_evidence,14,Cole CG,Pamer EG,1,0,1,Duchiossois Family Institute,True,True,True
PRJEB103086,excluded,age_unknown_no_evidence,0,,,0,0,0,Policlinico Hospital Milan,False,True,True
PRJEB103000,excluded,age_adult_only,0,,,0,0,0,UNIVERSITY OF KIEL,False,True,True
PRJEB97686,excluded,age_adult_only,0,,,0,0,0,Stanford University School of Medicine,False,True,True
PRJEB102130,excluded,age_adult_only,0,,,0,0,0,Hallym University Medical-Bio Convergence Research Institute,False,True,True
PRJEB105208,excluded,age_unknown_no_evidence,0,,,0,0,0,Wageningen University and Research,False,True,True
PRJEB105368,excluded,age_adult_only,0,,,0,0,0,Quadram Institute,False,True,True
PRJEB104496,excluded,age_adult_only,0,,,0,0,0,The Girona Biomedical Research Institute Dr. Josep Trueta,False,True,True
PRJEB64409,excluded,host_environmental,0,,,0,0,0,Cryptobiotix,False,True,True
PRJEB108118,excluded,age_unknown_no_evidence,0,,,0,0,0,Biofortis,False,True,True
PRJEB108563,excluded,age_unknown_no_evidence,0,,,0,0,0,University of California San Diego Microbiome Initiative,False,True,True
PRJEB45397,excluded,age_child_over_36m,0,,,0,0,0,MONASH INSTITUTE OF MEDICAL RESEARCH - MONASH UNIVERSITY,False,True,True
PRJEB102113,excluded,age_adult_only,0,,,0,0,0,Biotechnology Institute,False,True,True
PRJEB108545,excluded,age_adult_only,0,,,0,0,0,Alimentary Pharmabiotic Centre,False,True,True
PRJEB97797,excluded,age_unknown_no_evidence,0,,,0,0,0,LUXEMBOURG CENTRE FOR SYSTEMS BIOMEDICINE,False,True,True
PRJEB109296,excluded,age_adult_only,0,,,0,0,0,Technical University of Munich,False,True,True
PRJEB109087,excluded,age_unknown_no_evidence,0,,,0,0,0,Quadram Institute Bioscience,False,True,True
PRJEB108281,excluded,age_unknown_no_evidence,0,,,0,0,0,Shenzhen Puensum Genetech Institute,False,True,True
PRJEB110936,excluded,age_adult_only,0,,,0,0,0,Gwangju Institute of Science and Technology,False,True,True
PRJEB110888,excluded,age_adult_only,0,,,0,0,0,Centre de Recherche scientifique Saint-Antoine,False,True,True
PRJEB110927,excluded,age_adult_only,7,Bredon M,Sokol H,1,0,1,Centre de Recherche scientifique Saint-Antoine,True,True,True
PRJEB111470,excluded,host_environmental,0,,,0,0,0,Technical University of Cartagena,False,True,True
PRJEB76464,excluded,host_environmental,0,,,0,0,0,Universite de Sherbrooke,False,True,True
PRJEB81733,excluded,age_adult_only,0,,,0,0,0,WEIZMANN INSTITUE OF SCIENCE,False,True,True
PRJEB112777,excluded,age_adult_only,0,,,0,0,0,Quadram Institute,False,True,True
PRJEB113070,excluded,age_adult_only,0,,,0,0,0,GENOME INSTITUTE OF SINGAPORE,False,True,True
PRJEB113194,excluded,age_unknown_no_evidence,0,,,0,0,0,Netherlands Organisation for Applied Scientific Research,False,True,True
PRJEB115184,excluded,age_adult_only,0,,,0,0,0,Indraprastha Institute of Information Technology,False,True,True
PRJEB114255,excluded,age_adult_only,0,,,0,0,0,Centre de Recherche scientifique Saint-Antoine,False,True,True
PRJEB115441,excluded,age_adult_only,0,,,0,0,0,GENOME INSTITUTE OF SINGAPORE,False,True,True
PRJEB115008,excluded,age_adult_only,0,,,0,0,0,University of California San Diego Microbiome Initiative,False,True,True
PRJEB115010,excluded,age_adult_only,0,,,0,0,0,University of California San Diego Microbiome Initiative,False,True,True
PRJEB115009,excluded,age_adult_only,0,,,0,0,0,University of California San Diego Microbiome Initiative,False,True,True
PRJEB121516,excluded,age_adult_only,0,,,0,0,0,university of florence; University of Florence,False,True,True
PRJEB121526,excluded,age_adult_only,0,,,0,0,0,Institut de Recherche pour le Developpement,False,True,True
PRJEB122858,excluded,age_unknown_no_evidence,0,,,0,0,0,WEIZMANN INSTITUE OF SCIENCE,False,True,True
PRJEB108124,excluded,age_unknown_no_evidence,0,,,0,0,0,"Centre for Genomic Epidemiology, National Food Institute, Technical University of Denmark (DTU), Denmark; Centre for Genomic Epidemiology",False,True,True
PRJEB123871,excluded,age_adult_only,0,,,0,0,0,European Bioinformatics Institute,False,True,True
PRJEB72522,excluded,age_adult_only,0,,,0,0,0,University of Trento,False,True,True
PRJEB48605,excluded,age_unknown_no_evidence,0,,,0,0,0,UNIVERSITY OF KIEL,False,True,True
PRJEB48983,excluded,age_adult_only,0,,,0,0,0,Latvian Biomedical Research and Study Centre,False,True,True
PRJEB8347,excluded,age_unknown_no_evidence,24,Argentini C,Ventura M,2,2,0,EMBL - Germany,True,True,True
PRJEB49215,excluded,site_excluded,0,,,0,0,0,MEDICAL UNIVERSITY GRAZ,False,True,True
PRJEB32762,excluded,age_adult_only,0,,,0,0,0,University of California San Diego Microbiome Initiative,False,True,True
PRJEB49206,included,,24,Smits SA,Sonnenburg JL,3,0,3,stanford university school of medicine; Stanford University School of Medicine,True,True,True
PRJEB49147,excluded,age_adult_only,0,,,0,0,0,ben gurion university of the negev; Ben Gurion University of the Negev,False,True,True
PRJEB50260,excluded,age_adult_only,0,,,0,0,0,University of California San Diego Microbiome Initiative,False,True,True
PRJEB48663,excluded,age_adult_only,19,Ranaivo H,Nazare JA,1,0,1,Institut National pour la Recherche Agronomique (FRANCE),True,True,True
PRJEB50408,excluded,age_unknown_no_evidence,0,,,0,0,0,University of California San Diego Microbiome Initiative,False,True,True
PRJEB50473,excluded,age_unknown_no_evidence,3,Plaza Oñate F,Almeida M,1,0,1,Institut National pour la Recherche Agronomique (FRANCE),True,True,True
PRJEB43454,excluded,age_adult_only,12,Da Silva K,Doré J,1,0,1,Institut National pour la Recherche Agronomique (FRANCE),True,True,True
PRJEB48814,excluded,age_child_over_36m,0,,,0,0,0,University of California San Diego Microbiome Initiative,False,True,True
PRJEB50761,excluded,age_adult_only,0,,,0,0,0,tulane university; Tulane University,False,True,True
PRJEB8354,excluded,age_unknown_no_evidence,0,,,0,0,0,UNIVERSITY OF COPENHAGEN,False,True,True
PRJEB35524,excluded,age_adult_only,0,,,0,0,0,INSERM,False,True,True
PRJEB51122,excluded,host_nonhuman,0,,,0,0,0,arcadia science,False,True,True
PRJEB38625,excluded,age_adult_only,0,,,0,0,0,European Molecular Biology Laboratory,False,True,True
PRJEB51713,excluded,age_child_over_36m,0,,,0,0,0,the chinese university of hong kong,False,True,True
PRJEB51894,excluded,assay_rna,0,,,0,0,0,adm biopolis,False,True,True
PRJEB21612,excluded,age_adult_only,0,,,0,0,0,Shenzhen Puensum Genetech Institute,False,True,True
PRJEB52380,excluded,age_adult_only,0,,,0,0,0,centre of host microbiome interaction; Centre of Host Microbiome Interaction,False,True,True
PRJEB52189,excluded,age_maternal_only,0,,,0,0,0,Shenzhen Puensum Genetech Institute,False,True,True
PRJEB52732,excluded,age_adult_only,0,,,0,0,0,SHANGHAI JIAO TONG UNIVERSITY,False,True,True
PRJEB52891,excluded,age_adult_only,0,,,0,0,0,centre of host microbiome interaction; Centre of Host Microbiome Interaction,False,True,True
PRJEB53209,excluded,age_maternal_only,0,,,0,0,0,Shenzhen Puensum Genetech Institute,False,True,True
PRJEB53401,excluded,age_adult_only,0,,,0,0,0,University of California San Diego Microbiome Initiative,False,True,True
PRJEB53403,excluded,age_adult_only,0,,,0,0,0,University of California San Diego Microbiome Initiative,False,True,True
PRJEB53551,excluded,age_adult_only,0,,,0,0,0,SHANGHAI JIAO TONG UNIVERSITY,False,True,True
PRJEB42906,excluded,age_adult_only,0,,,0,0,0,Institut National pour la Recherche Agronomique (FRANCE),False,True,True
PRJEB7166,excluded,age_adult_only,0,,,0,0,0,FISABIO,False,True,True
PRJNA39859,excluded,host_nonhuman,6,Turnbaugh PJ,Gordon JI,1,0,1,Genome Sequencing Center (GSC) at Washington University (WashU) School of Medicine; Washington University Center for Genome Sciences,True,True,True
PRJNA32089,excluded,age_adult_only,25,Huang S,Yadav H,2,1,1,Washington University (WashU); Washington University Center for Genome Sciences,True,True,True
PRJNA561398,excluded,age_adult_only,0,,,0,0,0,Yale School of Public Health,False,True,True
PRJNA565546,excluded,age_adult_only,10,Huang S,Yadav H,1,1,0,Honghui Hospital,True,True,True
PRJNA222611,excluded,age_adult_only,0,,,0,0,0,JCVI,False,True,True
PRJNA579180,excluded,age_adult_only,0,,,0,0,0,Universidad Nacional Autonoma de Mexico; Consorcio Mexicano para el Estudio del Microbioma Humano,False,True,True
PRJNA516054,excluded,age_child_over_36m,9,Wang M,Zhou W,1,1,0,Vavilov Institute of General Genetics,True,True,True
PRJNA588035,excluded,age_adult_only,0,,,0,0,0,Hubei University,False,True,True
PRJNA607004,excluded,age_unknown_no_evidence,3,Maity C,Gupta AK,2,0,2,Advanced Enzyme technologies Ltd.,True,True,True
PRJNA612367,excluded,age_unknown_no_evidence,0,,,0,0,0,Inner Mongolia Agricultural University,False,True,True
PRJEB52499,excluded,age_adult_only,0,,,0,0,0,Shenzhen Puensum Genetech Institute,False,True,True
PRJNA612780,excluded,age_unknown_no_evidence,0,,,0,0,0,Rehman Medical Institute,False,True,True
PRJNA615842,excluded,age_adult_only,34,Argentini C,Ventura M,2,1,1,National Research Council (CNR),True,True,True
PRJNA559861,excluded,age_unknown_no_evidence,11,Kenny DJ,Xavier RJ,1,0,1,Broad Institute,True,True,True
PRJNA628604,excluded,age_adult_only,30,Argentini C,Ventura M,2,1,1,Technion - Israel Institute of Technology,True,True,True
PRJNA629755,excluded,age_unknown_no_evidence,0,,,0,0,0,The University of Chicago,False,True,True
PRJNA629464,excluded,age_adult_only,0,,,0,0,0,Inner Mongolia Agricultural University,False,True,True
PRJNA622386,excluded,age_unknown_no_evidence,0,,,0,0,0,"J. Craig Venter Institute; Dr. Sonja Lang, UCSD; Dr. Bernd Schnabl, UCSD",False,True,True
PRJNA240307,excluded,age_unknown_no_evidence,0,,,0,0,0,Broad Institute,False,True,True
PRJNA641593,excluded,age_unknown_no_evidence,2,Shamash M,Maurice CF,1,1,0,Inner Mongolia Agricultural University,True,True,True
PRJNA641975,excluded,age_adult_only,0,,,0,0,0,Chinese Universtiy of Hong Kong,False,True,True
PRJNA642308,excluded,age_adult_only,0,,,0,0,0,UMass Medical School,False,True,True
PRJNA643802,excluded,age_adult_only,18,Ianiro G,Cammarota G,1,0,1,University of Trento,True,True,True
PRJNA643353,excluded,age_adult_only,0,,,0,0,0,BGI,False,True,True
PRJNA588313,excluded,age_unknown_no_evidence,0,,,0,0,0,Hans Knoll Institute,False,True,True
PRJNA588805,excluded,age_adult_only,0,,,0,0,0,University of Auckland,False,True,True
PRJNA588783,excluded,age_adult_only,0,,,0,0,0,UMass Medical School,False,True,True
PRJNA540382,excluded,age_unknown_no_evidence,0,,,0,0,0,Ponce Research Institute,False,True,True
PRJNA589637,excluded,age_adult_only,0,,,0,0,0,Ponce Research Institute,False,True,True
PRJNA579147,excluded,age_adult_only,0,,,0,0,0,NYU School of Medicine,False,True,True
PRJNA591064,excluded,age_adult_only,0,,,0,0,0,Xiangya Hospital Central South University,False,True,True
PRJNA232961,excluded,age_unknown_no_evidence,0,,,0,0,0,Translational Health Science and Technology Institute,False,True,True
PRJNA637175,excluded,age_adult_only,24,Argentini C,Ventura M,2,1,1,Kasetsart University,True,True,True
PRJNA598452,excluded,age_adult_only,0,,,0,0,0,"Orebro University, Sweden",False,True,True
PRJNA600008,excluded,age_unknown_no_evidence,0,,,0,0,0,Stanford Medical School,False,True,True
PRJNA600269,excluded,age_unknown_no_evidence,0,,,0,0,0,Stanford University,False,True,True
PRJNA647221,excluded,age_adult_only,0,,,0,0,0,Kyungpook National University,False,True,True
PRJNA648297,excluded,age_adult_only,0,,,0,0,0,"Rajiv Gandhi Centre for Biotechnology; Data generated by us (Microbiome laboratory, RGCB)",False,True,True
PRJNA649316,excluded,age_adult_only,17,Argentini C,Ventura M,1,1,0,Cornell University,True,True,True
PRJNA243036,excluded,age_unknown_no_evidence,0,,,0,0,0,Technical University of Denmark,False,True,True
PRJNA655185,excluded,age_unknown_no_evidence,0,,,0,0,0,Johns Hopkins University,False,True,True
PRJNA561510,excluded,age_unknown_no_evidence,0,,,0,0,0,Joslin Diabetes Center,False,True,True
PRJNA662682,excluded,site_excluded,0,,,0,0,0,Children's hospital of Fudan university,False,True,True
PRJNA665854,excluded,age_adult_only,17,Argentini C,Ventura M,1,1,0,Kanazawa University,True,True,True
PRJNA669585,excluded,age_adult_only,0,,,0,0,0,University of Parma,False,True,True
PRJNA668607,excluded,age_unknown_no_evidence,0,,,0,0,0,University of Montreal,False,True,True
PRJNA668745,excluded,age_adult_only,0,,,0,0,0,Leibniz Institute for Natural Product Research and Infection Biology - Hans Knoll Institute,False,True,True
PRJNA666684,excluded,age_adult_only,0,,,0,0,0,Masaryk University,False,True,True
PRJNA670323,excluded,age_adult_only,0,,,0,0,0,Leibniz Institute for Natural Product Research and Infection Biology - Hans Knoll Institute,False,True,True
PRJNA673918,excluded,age_adult_only,0,,,0,0,0,Xiamen Treatgut Biotechnology Co. LTD,False,True,True
PRJNA675301,excluded,age_unknown_no_evidence,0,,,0,0,0,Children's Hospital of Philadelphia,False,True,True
PRJNA674716,excluded,age_child_over_36m,0,,,0,0,0,Nankai University,False,True,True
PRJNA678365,excluded,age_unknown_no_evidence,0,,,0,0,0,Tufts University,False,True,True
PRJNA674880,excluded,age_unknown_no_evidence,5,Schroer HW,Bosch DE,1,1,0,Washington University in St. Louis,True,True,True
PRJNA678426,excluded,age_unknown_no_evidence,17,Argentini C,Ventura M,1,1,0,Yonsei University,True,True,True
PRJNA678582,excluded,age_adult_only,0,,,0,0,0,Virginia Commonwealth University,False,True,True
PRJNA676159,excluded,age_unknown_no_evidence,0,,,0,0,0,Diversigen,False,True,True
PRJNA679352,excluded,age_unknown_no_evidence,0,,,0,0,0,The University of Queensland,False,True,True
PRJNA680692,excluded,age_unknown_no_evidence,0,,,0,0,0,Helmholtz Zentrum Muenchen -German Research Center for Environmental Health,False,True,True
PRJNA681337,excluded,age_unknown_no_evidence,0,,,0,0,0,Nottingham Trent University,False,True,True
PRJNA491657,excluded,age_adult_only,0,,,0,0,0,Memorial Sloan Kettering,False,True,True
PRJNA684000,excluded,age_unknown_no_evidence,0,,,0,0,0,University Of British Columbia,False,True,True
PRJNA645218,excluded,age_unknown_no_evidence,0,,,0,0,0,University of Ottawa,False,True,True
PRJNA688881,excluded,age_child_over_36m,8,Tarracchini C,Milani C,1,1,0,People's Hospital of Shijiazhuang affiliated to Hebei Medical University,True,True,True
PRJNA687957,excluded,age_adult_only,0,,,0,0,0,Mayo Clinic,False,True,True
PRJNA689476,excluded,age_adult_only,0,,,0,0,0,University of Colorado School of Medicine,False,True,True
PRJNA688065,excluded,site_excluded,6,Farrer AG,Weyrich LS,1,0,1,Penn State University,True,True,True
PRJNA689204,excluded,assay_other_nonshotgun,0,,,0,0,0,Chinese Academy of Sciences,False,True,True
PRJNA602101,excluded,age_unknown_no_evidence,0,,,0,0,0,Inner Mongolia Agricultural University,False,True,True
PRJNA685581,excluded,age_adult_only,0,,,0,0,0,Beijing Institute of Heart Lung and Blood Vessel Diseases,False,True,True
PRJNA690735,excluded,age_unknown_no_evidence,33,Armstrong HK,Wine E,1,0,1,University of Alberta,True,True,True
PRJNA682730,excluded,age_unknown_no_evidence,0,,,0,0,0,FISABIO,False,True,True
PRJNA692334,excluded,age_unknown_no_evidence,9,Arikawa K,Hosokawa M,1,0,1,"bioBiome, Inc.",True,True,True
PRJNA692325,excluded,age_adult_only,0,,,0,0,0,Institute Of Microbiology Chinese Academy of Sciences,False,True,True
PRJNA693850,excluded,age_unknown_no_evidence,0,,,0,0,0,University of North Carolina at Charlotte,False,True,True
PRJNA510123,excluded,age_unknown_no_evidence,0,,,0,0,0,Stanford University,False,True,True
PRJNA593787,excluded,age_unknown_no_evidence,0,,,0,0,0,"University of Vienna; Division of Microbial Ecology, University of Vienna, Austria",False,True,True
PRJNA603756,excluded,host_synthetic,0,,,0,0,0,McMaster University,False,True,True
PRJNA605251,excluded,age_unknown_no_evidence,0,,,0,0,0,"Mizrahi lab, Ben-Gurion University",False,True,True
PRJNA593062,excluded,age_unknown_no_evidence,0,,,0,0,0,Princeton University,False,True,True
PRJNA698223,excluded,age_adult_only,13,Boolchandani M,Dantas G,1,0,1,Washington University School of Medicine,True,True,True
PRJNA701497,excluded,age_adult_only,0,,,0,0,0,The University Of Auckland,False,True,True
PRJNA701961,excluded,age_unknown_no_evidence,21,Watson AR,Eren AM,2,0,2,University of Chicago,True,True,True
PRJNA685914,excluded,age_unknown_no_evidence,13,Berkell M,ANTICIPATE study group,1,0,1,University of Antwerp,True,True,True
PRJNA702617,excluded,age_adult_only,45,Colbert LE,Klopp AH,1,0,1,The University of Texas MD Anderson Cancer Center,True,True,True
PRJNA705217,excluded,age_adult_only,0,,,0,0,0,Mayo Clinic,False,True,True
PRJNA705695,excluded,age_adult_only,0,,,0,0,0,MAYO CLINIC,False,True,True
PRJNA650228,excluded,age_unknown_no_evidence,0,,,0,0,0,"National Institute of Advanced Industrial Science and Technology, Biomedical Research Institute",False,True,True
PRJNA707487,excluded,age_adult_only,0,,,0,0,0,Stanford University,False,True,True
PRJNA713865,excluded,age_adult_only,0,,,0,0,0,Inner Mongolia Agricultural University,False,True,True
PRJNA715586,excluded,age_adult_only,0,,,0,0,0,MaaT Pharma,False,True,True
PRJNA717332,excluded,age_unknown_no_evidence,0,,,0,0,0,Tongji University,False,True,True
PRJNA715634,excluded,age_unknown_no_evidence,15,Teh JJ,Morrison M,1,0,1,University of Queensland,True,True,True
PRJNA545312,excluded,age_adult_only,53,Stein-Thoeringer CK,van den Brink MRM,1,0,1,Memorial Sloan Kettering Cancer Center,True,True,True
PRJNA720145,excluded,age_adult_only,0,,,0,0,0,University of California San Francisco,False,True,True
PRJNA722819,excluded,age_adult_only,0,,,0,0,0,KU Leuven - Rega Institute; MicrobLiver,False,True,True
PRJNA718195,excluded,age_adult_only,0,,,0,0,0,Institute of Gene Biology,False,True,True
PRJNA723467,excluded,age_unknown_no_evidence,0,,,0,0,0,KU Leuven - Rega Institute; MicrobLiver,False,True,True
PRJNA725223,excluded,age_unknown_no_evidence,0,,,0,0,0,Baylor College of Medicine,False,True,True
PRJNA691978,excluded,host_environmental,0,,,0,0,0,Georgia Institute of Technology,False,True,True
PRJNA730593,excluded,age_unknown_no_evidence,0,,,0,0,0,QuantiHealth,False,True,True
PRJNA731589,excluded,age_adult_only,0,,,0,0,0,Shanghai Jiao Tong University,False,True,True
PRJNA732769,excluded,age_unknown_no_evidence,0,,,0,0,0,McGill University,False,True,True
PRJNA734860,excluded,age_adult_only,18,Kwan SY,Beretta L,3,0,3,The University of Texas MD Anderson Cancer Center,True,True,True
PRJNA734321,excluded,host_nonhuman,0,,,0,0,0,University of South Carolina,False,True,True
PRJNA680579,excluded,age_unknown_no_evidence,0,,,0,0,0,Stanford University,False,True,True
PRJNA722408,excluded,host_environmental,16,Ravi A,Warren FJ,2,0,2,Quadram Institute Bioscience,True,True,True
PRJNA737472,excluded,age_adult_only,27,Zhang B,Lynch SV,4,1,3,The Gladstone Institutes,True,True,True
PRJNA400628,excluded,assay_isolate_genome,13,Kim Y,Gibson TE,1,1,0,Broad Institute,True,True,True
PRJNA725020,excluded,age_unknown_no_evidence,0,,,0,0,0,Colorado State University,False,True,True
PRJNA742740,excluded,age_adult_only,17,Argentini C,Ventura M,1,1,0,Cleveland Clinic,True,True,True
PRJNA743361,excluded,age_adult_only,0,,,0,0,0,Sonnenburg Lab at Stanford University,False,True,True
PRJNA646512,excluded,age_child_over_36m,0,,,0,0,0,Biotechnology Institute,False,True,True
PRJNA747634,excluded,age_unknown_no_evidence,0,,,0,0,0,Monash University Malaysia,False,True,True
PRJNA748449,excluded,age_adult_only,0,,,0,0,0,Institute for Systems Biology,False,True,True
PRJNA748447,excluded,age_unknown_no_evidence,0,,,0,0,0,"Research Laboratories, Ildong Pharmaceutical",False,True,True
PRJNA740337,excluded,age_unknown_no_evidence,0,,,0,0,0,The Jackson Laboratory for Genomic Medicine,False,True,True
PRJNA749645,excluded,age_adult_only,0,,,0,0,0,Institute of Oncology Research,False,True,True
PRJNA749919,excluded,age_unknown_no_evidence,12,Szóstak N,Philips A,1,0,1,Ardigen; Polish Microbiome Map,True,True,True
PRJNA751792,excluded,age_adult_only,0,,,0,0,0,University of Trento,False,True,True
PRJNA746613,excluded,age_adult_only,0,,,0,0,0,Stanford University School of Medicine,False,True,True
PRJNA771491,excluded,assay_isolate_genome,0,,,0,0,0,QuantHealth,False,True,True
PRJNA776530,excluded,age_adult_only,0,,,0,0,0,Stanford University,False,True,True
PRJNA762199,excluded,age_adult_only,0,,,0,0,0,Vavilov Institute of General Genetics,False,True,True
PRJNA777429,excluded,age_adult_only,0,,,0,0,0,Copenhagen University Hospital Hvidovre,False,True,True
PRJNA781055,excluded,age_adult_only,0,,,0,0,0,Tenth People Hospital of Tongji University,False,True,True
PRJNA782207,excluded,site_excluded,0,,,0,0,0,Shanghai Jiaotong University Afffiliated Six People's hospital,False,True,True
PRJNA778267,excluded,age_unknown_no_evidence,0,,,0,0,0,School of Life Sciences,False,True,True
PRJNA788943,excluded,age_adult_only,0,,,0,0,0,Baylor College of Medicine,False,True,True
PRJNA750084,excluded,age_unknown_no_evidence,0,,,0,0,0,Pacific Biosciences,False,True,True
PRJNA754518,excluded,age_adult_only,0,,,0,0,0,Shantou University Medical College,False,True,True
PRJNA791751,excluded,age_adult_only,0,,,0,0,0,University of Trento,False,True,True
PRJNA792685,excluded,age_adult_only,0,,,0,0,0,Regional Centre for Biotechnology,False,True,True
PRJNA783624,excluded,host_nonhuman,0,,,0,0,0,CRCHUM,False,True,True
PRJNA755720,excluded,age_adult_only,0,,,0,0,0,University Hospital Vall d'Hebron,False,True,True
PRJNA759733,excluded,age_adult_only,0,,,0,0,0,Copenhagen University Hospital Hvidovre,False,True,True
PRJNA797994,excluded,age_unknown_no_evidence,0,,,0,0,0,"National Institute of Allergy and Infectious Diseases, National Institutes of Health",False,True,True
PRJNA764525,excluded,age_unknown_no_evidence,0,,,0,0,0,Migal - Galilee Research Institute; Bar-Ilan University,False,True,True
PRJNA766048,excluded,age_unknown_no_evidence,0,,,0,0,0,Illinois Institute of Technology,False,True,True
PRJNA771940,excluded,age_unknown_no_evidence,0,,,0,0,0,Yonsei University,False,True,True
PRJNA798058,excluded,age_adult_only,0,,,0,0,0,Washington University in St. Louis,False,True,True
PRJNA800419,excluded,age_unknown_no_evidence,0,,,0,0,0,Kaleido Biosciences,False,True,True
PRJNA800662,excluded,age_adult_only,0,,,0,0,0,Baylor College of Medicine,False,True,True
PRJNA800058,excluded,age_adult_only,0,,,0,0,0,CRCHUM,False,True,True
PRJNA800070,excluded,assay_other_nonshotgun,0,,,0,0,0,Cornell University,False,True,True
PRJNA799832,excluded,age_unknown_no_evidence,0,,,0,0,0,Shenzhen Second People's Hospital,False,True,True
PRJNA800831,excluded,age_unknown_no_evidence,0,,,0,0,0,"University of California, Irvine",False,True,True
PRJNA774620,excluded,assay_rna,0,,,0,0,0,Harbin Institute of Technology,False,True,True
PRJNA565566,excluded,assay_isolate_genome,0,,,0,0,0,"Shenzhen Centre for Disease Control and Prevention, Shenzhen, Guangdong, China",False,True,True
PRJNA806510,excluded,age_adult_only,17,Chen M,Zhang W,1,0,1,Central South University,True,True,True
PRJNA808649,excluded,age_unknown_no_evidence,0,,,0,0,0,Xinhua hospital,False,True,True
PRJNA811494,excluded,age_adult_only,0,,,0,0,0,Leibniz Institute for Natural Product Research and Infection Biology - Hans Knoell Institute (HKI),False,True,True
PRJNA820547,excluded,age_adult_only,0,,,0,0,0,Radboud university medical center,False,True,True
PRJNA822660,excluded,age_unknown_no_evidence,0,,,0,0,0,Stanford University,False,True,True
PRJNA822996,excluded,age_adult_only,0,,,0,0,0,UNSW,False,True,True
PRJNA824824,excluded,age_unknown_no_evidence,0,,,0,0,0,Kaleido Biosciences,False,True,True
PRJNA825167,excluded,age_adult_only,0,,,0,0,0,the First Affiliated of China Medical University,False,True,True
PRJNA826552,excluded,age_adult_only,0,,,0,0,0,Peking University People's Hospital,False,True,True
PRJNA832701,excluded,age_adult_only,0,,,0,0,0,University of Miami,False,True,True
PRJNA832737,excluded,age_unknown_no_evidence,0,,,0,0,0,University of Naples Federico II,False,True,True
PRJNA414688,excluded,age_unknown_no_evidence,0,,,0,0,0,The University of Hong Kong,False,True,True
PRJNA833152,excluded,age_adult_only,0,,,0,0,0,"Longhu Hospital, The First Affiliated Hospital of Medical College of Shantou University",False,True,True
PRJNA834801,excluded,age_adult_only,0,,,0,0,0,University of Alabama at Birmingham; NeuroGenetics Research Consortium (NGRC),False,True,True
PRJNA818303,excluded,age_unknown_no_evidence,5,Yan A,Stintzi A,1,0,1,University of Ottawa,True,True,True
PRJNA834885,excluded,age_adult_only,0,,,0,0,0,The Chinese University of Hong Kong,False,True,True
PRJNA836336,excluded,age_adult_only,12,Fulcher JA,Aldrovandi GM,1,0,1,University of California Los Angeles,True,True,True
PRJNA947684,excluded,age_adult_only,0,,,0,0,0,Huazhong University of Science & Technology,False,True,True
PRJNA767321,excluded,site_excluded,0,,,0,0,0,University of Chicago,False,True,True
PRJNA763023,excluded,age_adult_only,10,Huang S,Yadav H,1,1,0,LC-Bio Technology Co,True,True,True
PRJNA767648,excluded,age_unknown_no_evidence,0,,,0,0,0,Columbia University Medical Centre (CUMC),False,True,True
PRJNA767599,excluded,age_unknown_no_evidence,0,,,0,0,0,Swiss Tropical and Public Health Institute,False,True,True
PRJNA771999,excluded,age_adult_only,0,,,0,0,0,Virginia Commonwealth University,False,True,True
PRJNA847068,excluded,age_adult_only,0,,,0,0,0,University of Houston,False,True,True
PRJNA798244,excluded,age_adult_only,3,Kim CY,Lee I,1,0,1,Yonsei University,True,True,True
PRJNA851256,excluded,age_unknown_no_evidence,0,,,0,0,0,University College Cork,False,True,True
PRJNA851554,excluded,age_adult_only,12,Serrano-Gómez G,Manichanh C,1,0,1,VHIR,True,True,True
PRJNA854889,excluded,age_adult_only,0,,,0,0,0,Children's Hospital of Philadelphia,False,True,True
PRJNA765331,excluded,age_child_over_36m,0,,,0,0,0,Baylor College of Medicine,False,True,True
PRJNA858101,excluded,assay_amplicon_misfiled,59,Schwabkey ZI,Jenq RR,1,0,1,UT MD Anderson Cancer Center,True,True,True
PRJNA782492,excluded,age_adult_only,6,Villette R,Wilmes P,1,0,1,Luxembourg Centre for Systems Biomedicine,True,True,True
PRJNA861967,excluded,site_excluded,0,,,0,0,0,MIT,False,True,True
PRJNA864754,excluded,age_adult_only,0,,,0,0,0,University of Parma,False,True,True
PRJNA287878,excluded,assay_amplicon_misfiled,0,,,0,0,0,CNRS UMR 6236 IRD198,False,True,True
PRJNA866369,excluded,age_unknown_no_evidence,0,,,0,0,0,"Shenzhen Institutes of Advanced Technology, Chinese Academy of Sciences",False,True,True
PRJNA846495,excluded,age_adult_only,0,,,0,0,0,"National Institute of Advanced Industrial Science and Technology, Biomedical Research Institute",False,True,True
PRJNA290729,excluded,age_adult_only,0,,,0,0,0,University of Hohenheim,False,True,True
PRJNA924508,excluded,host_environmental,0,,,0,0,0,"Shenzhen Institutes of Advanced Technology, Chinese Academy of Sciences",False,True,True
PRJNA924526,excluded,host_environmental,0,,,0,0,0,"Shenzhen Institutes of Advanced Technology, Chinese Academy of Sciences",False,True,True
PRJNA928758,excluded,age_adult_only,0,,,0,0,0,University of Chicago,False,True,True
PRJNA914785,excluded,age_child_over_36m,0,,,0,0,0,"Institute of Microbiology, Chinese Academy of Sciences",False,True,True
PRJNA929328,excluded,age_adult_only,0,,,0,0,0,Heinrich-Heine University Duesseldorf,False,True,True
PRJNA682246,excluded,age_unknown_no_evidence,0,,,0,0,0,Washington University in St. Louis School of Medicine; CDC Prevention Epicenter Program,False,True,True
PRJNA929558,excluded,age_adult_only,0,,,0,0,0,Weill Cornell,False,True,True
PRJNA930767,excluded,age_child_over_36m,0,,,0,0,0,Children's Hospital of Philadelphia,False,True,True
PRJNA881055,excluded,age_unknown_no_evidence,31,Worm M,Beyer K,1,0,1,Max-Delbrueck-Center; KFO339,True,True,True
PRJNA282386,excluded,age_unknown_no_evidence,0,,,0,0,0,Los Alamos National Laboratory,False,True,True
PRJNA932948,excluded,age_adult_only,22,Pomyen Y,TIGER-LC Consortium,1,0,1,Chulabhorn Research Institute; Thailand Initiative in Genomics and Expression Research for Liver Cancer [TIGER-LC],True,True,True
PRJNA937304,excluded,age_unknown_no_evidence,0,,,0,0,0,Institute for Systems Biology,False,True,True
PRJNA928249,excluded,host_environmental,0,,,0,0,0,Quadram Institute Bioscience,False,True,True
PRJNA938820,excluded,site_excluded,0,,,0,0,0,CHU Henri Mondor,False,True,True
PRJNA940405,excluded,age_adult_only,0,,,0,0,0,University of Massachusetts Chan Medical School,False,True,True
PRJNA943232,excluded,age_adult_only,0,,,0,0,0,Renmin Hospital of Wuhan University,False,True,True
PRJNA941891,excluded,assay_amplicon,0,,,0,0,0,Baylor College of Medicine,False,True,True
PRJNA945504,excluded,age_unknown_no_evidence,0,,,0,0,0,Korea Research Institute of Bioscience and Biotechnology (KRIBB),False,True,True
PRJNA942264,excluded,age_unknown_no_evidence,0,,,0,0,0,"University of California San Diego; IGM Genomics Center, University of California San Diego",False,True,True
PRJNA947377,excluded,age_adult_only,15,Huang KD,Kehrmann J,1,0,1,Helmholtz Centre for Infection Research,True,True,True
PRJNA949391,excluded,age_unknown_no_evidence,0,,,0,0,0,Baylor College of Medicine,False,True,True
PRJNA946655,excluded,age_adult_only,0,,,0,0,0,Inner Mongolia Agricultural University,False,True,True
PRJNA950351,excluded,age_unknown_no_evidence,0,,,0,0,0,Shandong University,False,True,True
PRJNA486009,excluded,assay_isolate_genome,6,Meziti A,Konstantinidis KT,1,0,1,Georgia Institute of Technology,True,True,True
PRJNA604820,excluded,site_excluded,15,Jo JH,Kong HH,1,0,1,National Institute of Arthritis and Musculoskeletal and Skin Diseases,True,True,True
PRJNA893635,excluded,host_environmental,18,Mahalak KK,Liu L,2,0,2,United States Department of Agriculture - ARS,True,True,True
PRJNA972625,excluded,age_adult_only,0,,,0,0,0,Institute of Bioorganic Chemistry Polish Academy Sciences,False,True,True
PRJNA964705,excluded,age_unknown_no_evidence,0,,,0,0,0,Washington University School of Medicine,False,True,True
PRJNA973824,excluded,age_adult_only,6,Jarmukhanov Z,Kushugulova A,1,1,0,NLA,True,True,True
PRJNA976196,excluded,age_adult_only,0,,,0,0,0,"Department of Bacteriology, Noguchi Memorial Institute for Medical Research, University of Ghana",False,True,True
PRJNA961974,excluded,age_unknown_no_evidence,8,Narrowe AB,Van den Abbeele P,1,0,2,United States Department of Agriculture - ARS,True,True,True
PRJNA961076,excluded,age_adult_only,0,,,0,0,0,Federal University of Minas Gerais,False,True,True
PRJNA975983,excluded,age_adult_only,0,,,0,0,0,"FitBiomics, Inc",False,True,True
PRJNA976942,excluded,age_adult_only,0,,,0,0,0,Massachusetts General Hospital,False,True,True
PRJNA878603,excluded,age_adult_only,0,,,0,0,0,The Jackson Laboratory,False,True,True
PRJNA983946,excluded,age_adult_only,0,,,0,0,0,"Maharshi Dayanand University, Rohtak",False,True,True
PRJNA908301,excluded,age_adult_only,0,,,0,0,0,Changhai hospital,False,True,True
PRJNA983517,excluded,age_adult_only,0,,,0,0,0,The University of Hong Kong,False,True,True
PRJNA983760,excluded,age_adult_only,0,,,0,0,0,The University of Hong Kong,False,True,True
PRJNA986283,excluded,age_adult_only,0,,,0,0,0,Tulane University,False,True,True
PRJNA991320,excluded,age_adult_only,7,Magzal F,Tamir S,1,0,1,MIGAL - Galilee Research Institute,True,True,True
PRJNA991649,excluded,age_maternal_only,0,,,0,0,0,The University of Hong Kong,False,True,True
PRJNA995034,excluded,age_unknown_no_evidence,0,,,0,0,0,George Washington University,False,True,True
PRJNA981497,excluded,age_unknown_no_evidence,0,,,0,0,0,National Centre for Microbial Resource (NCMR),False,True,True
PRJNA995911,excluded,age_unknown_no_evidence,0,,,0,0,0,Dairy Research Institute of Asturias- Spanish National Research Council (IPLA-CSIC),False,True,True
PRJEB57228,excluded,age_adult_only,0,,,0,0,0,Quadram Institute Bioscience,False,True,True
PRJEB41217,excluded,age_adult_only,0,,,0,0,0,Institut National pour la Recherche Agronomique (FRANCE),False,True,True
PRJEB43611,excluded,age_adult_only,13,Thirion F,Seité S,1,0,1,Institut National pour la Recherche Agronomique (FRANCE),True,True,True
PRJNA999028,excluded,age_adult_only,0,,,0,0,0,Huadong Hospital,False,True,True
PRJNA999593,excluded,age_adult_only,0,,,0,0,0,University of Pennsylvania,False,True,True
PRJNA296946,excluded,age_unknown_no_evidence,0,,,0,0,0,Research Institute Of Physico-Chemical Medicine,False,True,True
PRJNA999651,excluded,age_unknown_no_evidence,0,,,0,0,0,Cornell University,False,True,True
PRJNA1002850,excluded,age_adult_only,0,,,0,0,0,ADM-Biopolis,False,True,True
PRJEB52093,excluded,age_adult_only,0,,,0,0,0,adm biopolis,False,True,True
PRJNA1004534,excluded,age_unknown_no_evidence,0,,,0,0,0,University of Cambridge,False,True,True
PRJEB46098,excluded,age_adult_only,64,Fromentin S,Pedersen O,1,0,1,Institut National pour la Recherche Agronomique (FRANCE),True,True,True
PRJNA297869,excluded,site_excluded,9,Zhang C,Betel D,1,0,1,Weill Cornell Medical College,True,True,True
PRJNA1011937,excluded,age_adult_only,0,,,0,0,0,Tulane,False,True,True
PRJNA922068,excluded,age_child_over_36m,0,,,0,0,0,University of Alberta,False,True,True
PRJNA1013076,excluded,age_adult_only,0,,,0,0,0,the Frist Affiliated Hospital of Xian Jiaotong University,False,True,True
PRJNA1033794,excluded,age_unknown_no_evidence,0,,,0,0,0,Institute for Systems Biology,False,True,True
PRJNA1033539,excluded,age_child_over_36m,0,,,0,0,0,"Department of Pediatric Intensive Care Medicine, Xinhua Hospital,Shanghai Jiao Tong University",False,True,True
PRJNA1027629,excluded,age_unknown_no_evidence,0,,,0,0,0,Institute of Chemical Biology and Fundamental Medicine,False,True,True
PRJNA1033532,excluded,age_unknown_no_evidence,14,Pereira FC,Wagner M,1,0,1,Joint Microbiome Facility,True,True,True
PRJNA1039781,excluded,age_adult_only,0,,,0,0,0,The University of Chicago,False,True,True
PRJNA1022308,excluded,age_adult_only,0,,,0,0,0,University of Alberta,False,True,True
PRJNA1043247,excluded,age_adult_only,0,,,0,0,0,CJ Bioscience.inc,False,True,True
PRJNA1043252,excluded,age_adult_only,0,,,0,0,0,CJ Bioscience.inc,False,True,True
PRJNA1031550,excluded,age_adult_only,0,,,0,0,0,Affiliated Hospital of Southwest Medical University,False,True,True
PRJNA1044118,excluded,age_adult_only,6,Sen P,Suvisaari J,1,0,1,Johns Hopkins,True,True,True
PRJNA298489,excluded,age_unknown_no_evidence,0,,,0,0,0,Human Longevity Inc,False,True,True
PRJNA1047900,excluded,age_adult_only,0,,,0,0,0,University Medical Centre Groningen,False,True,True
PRJNA993675,excluded,age_unknown_no_evidence,0,,,0,0,0,Massachusetts General Hospital,False,True,True
PRJNA1049470,excluded,age_unknown_no_evidence,0,,,0,0,0,Stanford University,False,True,True
PRJNA1049568,excluded,host_nonhuman,0,,,0,0,0,wenzhou medical university,False,True,True
PRJNA1045861,excluded,age_adult_only,0,,,0,0,0,The Chinese University of Hong Kong,False,True,True
PRJNA1053635,excluded,age_adult_only,0,,,0,0,0,"Institute of Microbiology, Chinese Academy of Sciences",False,True,True
PRJNA1052403,excluded,age_adult_only,0,,,0,0,0,"Institute of Microbiology, Chinese Academy of Sciences",False,True,True
PRJNA1056458,excluded,age_unknown_no_evidence,0,,,0,0,0,"Sheba Medical Center, Tel-Hashomer, Israel.",False,True,True
PRJNA1056769,excluded,age_adult_only,0,,,0,0,0,"Shanghai Pulmonary Hospital, School of Medicine, Tongji University",False,True,True
PRJNA1061168,excluded,age_unknown_no_evidence,9,Yunusbaeva M,Yunusbayev B,1,0,1,ITMO University,True,True,True
PRJNA1062109,excluded,age_adult_only,0,,,0,0,0,MaaT Pharma,False,True,True
PRJNA987980,excluded,age_unknown_no_evidence,0,,,0,0,0,GMT Science,False,True,True
PRJNA1167913,excluded,age_adult_only,0,,,0,0,0,Southern Medical University Nanfang Hospital,False,True,True
PRJNA1172418,excluded,age_adult_only,0,,,0,0,0,Universite de Picardie Jules Verne,False,True,True
PRJNA1216426,excluded,age_adult_only,0,,,0,0,0,Copenhagen University Hospital Hvidovre,False,True,True
PRJNA1365953,excluded,age_adult_only,0,,,0,0,0,Bengbu Medical University,False,True,True
PRJNA1371343,excluded,age_adult_only,0,,,0,0,0,Institute of Oncology Research (IOR),False,True,True
PRJNA1347413,excluded,age_adult_only,0,,,0,0,0,Harvard T.H. Chan School of Public Health,False,True,True
PRJNA1065816,excluded,host_nonhuman,0,,,0,0,0,University of Pennsylvania,False,True,True
PRJNA299440,excluded,assay_amplicon,0,,,0,0,0,"Guri Hospital, Hanyang University College of Medicine",False,True,True
PRJNA1066476,excluded,age_adult_only,0,,,0,0,0,Zhongshan Hospital Xiamen University,False,True,True
PRJNA1067536,excluded,age_adult_only,0,,,0,0,0,"Fujian Medical University, Fuzhou 350005, China",False,True,True
PRJNA1062586,excluded,age_adult_only,0,,,0,0,0,Sun Yat-Sen University,False,True,True
PRJNA1067529,excluded,age_adult_only,0,,,0,0,0,Lanzhou Unversity,False,True,True
PRJNA1067312,excluded,age_adult_only,0,,,0,0,0,Fuwai Hospital,False,True,True
PRJNA1070670,excluded,age_maternal_only,0,,,0,0,0,Harvard Medical School,False,True,True
PRJNA1071348,excluded,host_environmental,0,,,0,0,0,TNO (Netherlands Organisation for Applied Scientific Research),False,True,True
PRJNA1067082,excluded,site_excluded,0,,,0,0,0,Lanzhou University Second Hospital,False,True,True
PRJNA1072756,excluded,age_adult_only,0,,,0,0,0,University of Cambridge,False,True,True
PRJNA1074507,excluded,age_adult_only,0,,,0,0,0,Southern Medical University,False,True,True
PRJNA1075157,excluded,age_unknown_no_evidence,0,,,0,0,0,Air force health care center for special services,False,True,True
PRJNA1076083,excluded,age_adult_only,0,,,0,0,0,Lanzhou Unversity,False,True,True
PRJNA1056768,excluded,age_adult_only,0,,,0,0,0,Pettigrew Lab Yale School of Public Health,False,True,True
PRJNA852373,excluded,age_adult_only,0,,,0,0,0,Academia Sinica,False,True,True
PRJNA896226,excluded,age_adult_only,0,,,0,0,0,Univerisity of Cincinnati,False,True,True
PRJNA896336,excluded,age_adult_only,0,,,0,0,0,China Pharmaceutical University,False,True,True
PRJNA904651,excluded,age_adult_only,0,,,0,0,0,AstraZeneca,False,True,True
PRJNA905672,excluded,age_adult_only,0,,,0,0,0,Faculty of Sciences Sfax,False,True,True
PRJNA906167,excluded,age_unknown_no_evidence,0,,,0,0,0,Dairy Research Institute of Asturias- Spanish National Research Council (IPLA-CSIC),False,True,True
PRJNA909041,excluded,age_unknown_no_evidence,0,,,0,0,0,Microviable therapeutics SL,False,True,True
PRJNA909977,excluded,age_adult_only,0,,,0,0,0,Microviable Therapeutics SL,False,True,True
PRJNA821541,excluded,age_child_over_36m,0,,,0,0,0,Tecnologico de Monterrey,False,True,True
PRJNA936897,excluded,age_unknown_no_evidence,0,,,0,0,0,University of Illinois Chicago,False,True,True
PRJNA1009084,excluded,age_unknown_no_evidence,0,,,0,0,0,Children's Hospital of Philadelphia,False,True,True
PRJNA297269,excluded,age_adult_only,0,,,0,0,0,University of Parma,False,True,True
PRJNA892265,excluded,age_unknown_no_evidence,0,,,0,0,0,Dairy Research Institute of Asturias- Spanish National Research Council (IPLA-CSIC),False,True,True
PRJNA892050,excluded,age_unknown_no_evidence,0,,,0,0,0,Dairy Research Institute of Asturias- Spanish National Research Council (IPLA-CSIC),False,True,True
PRJEB15111,excluded,age_adult_only,20,Feng Q,Li G,1,0,1,Beijing Genome Institute,True,True,True
PRJNA910239,excluded,age_adult_only,0,,,0,0,0,Xbiome,False,True,True
PRJNA911046,excluded,age_unknown_no_evidence,0,,,0,0,0,INRAE,False,True,True
PRJNA912151,excluded,age_adult_only,0,,,0,0,0,University of New Hampshire,False,True,True
PRJNA914091,excluded,age_adult_only,0,,,0,0,0,Dairy Research Institute of Asturias- Spanish National Research Council (IPLA-CSIC),False,True,True
PRJEB3206,excluded,age_adult_only,7,Pérez-Brocal V,Moya A,1,0,1,European Bioinformatics Institute,True,True,True
PRJNA915098,excluded,age_adult_only,0,,,0,0,0,Clinical Hospital Center Rijeka; CosmosID,False,True,True
PRJEB3227,excluded,age_adult_only,0,,,0,0,0,European Bioinformatics Institute,False,True,True
PRJEB48269,excluded,age_adult_only,0,,,0,0,0,the chinese university of hong kong,False,True,True
PRJNA689961,excluded,age_unknown_no_evidence,0,,,0,0,0,The Chinese University of Hong Kong,False,True,True
PRJNA1135500,excluded,age_adult_only,0,,,0,0,0,West China Hospital of Sichuan University,False,True,True
PRJNA1133690,excluded,age_adult_only,0,,,0,0,0,Sequentia Biotech,False,True,True
PRJNA1135717,excluded,age_adult_only,0,,,0,0,0,West China Hospital of Sichuan University,False,True,True
PRJNA344941,excluded,site_excluded,0,,,0,0,0,Max-Planck Institute for Heart and Lung Research,False,True,True
PRJNA338184,excluded,age_adult_only,0,,,0,0,0,"Institute for Genome Sciences, University of Maryland, Baltimore",False,True,True
PRJNA349197,excluded,age_adult_only,0,,,0,0,0,Stanford University,False,True,True
PRJNA1377628,excluded,age_adult_only,0,,,0,0,0,University of Birmingham,False,True,True
PRJNA961998,excluded,age_adult_only,0,,,0,0,0,Huadong Hospital,False,True,True
PRJNA1381616,excluded,host_environmental,0,,,0,0,0,Lodz University of Technology; Wiktoria Liszkowska-Walisiak; Ilona Motyl; Joanna Berłowska,False,True,True
PRJNA1390647,excluded,age_adult_only,0,,,0,0,0,University of South Florida,False,True,True
PRJNA177201,excluded,age_adult_only,0,,,0,0,0,Chalmers University of Technology,False,True,True
PRJNA176385,excluded,age_unknown_no_evidence,0,,,0,0,0,Research Institute of Physico-Chemical Medicine,False,True,True
PRJNA1402699,excluded,age_unknown_no_evidence,0,,,0,0,0,Cornell University,False,True,True
PRJNA1403232,excluded,age_child_over_36m,0,,,0,0,0,Ningbo Municipal Center for Disease Control and Prevention,False,True,True
PRJNA1370810,excluded,age_unknown_no_evidence,0,,,0,0,0,,False,False,True
PRJNA1373358,excluded,age_unknown_no_evidence,0,,,0,0,0,St Johns Research Institute,False,True,True
PRJNA314903,excluded,age_unknown_no_evidence,13,Hoffman LR,Miller SI,1,0,1,University of Washington,True,True,True
PRJNA1425460,excluded,age_unknown_no_evidence,0,,,0,0,0,Mayo Clinic,False,True,True
PRJNA1425466,excluded,age_adult_only,0,,,0,0,0,Mayo Clinic,False,True,True
PRJNA975689,excluded,age_adult_only,0,,,0,0,0,Seoul National University,False,True,True
PRJNA1425773,excluded,age_adult_only,0,,,0,0,0,,False,False,True
PRJNA324129,excluded,age_unknown_no_evidence,17,Argentini C,Ventura M,1,1,0,University of Nebraska-Lincoln,True,True,True
PRJNA1429435,excluded,age_unknown_no_evidence,0,,,0,0,0,Centre de recherche du Centre Hospitalier de l'Universite de Montreal (CRCHUM),False,True,True
PRJNA1430171,excluded,age_adult_only,0,,,0,0,0,Kanazawa University,False,True,True
PRJNA1440449,excluded,age_adult_only,0,,,0,0,0,NCBI,False,True,True
PRJNA1268608,excluded,age_unknown_no_evidence,0,,,0,0,0,the Chinese University of Hong Kong,False,True,True
PRJNA1025976,excluded,age_unknown_no_evidence,0,,,0,0,0,Institute of Chemical Biology and Fundamental Medicine,False,True,True
PRJNA381333,excluded,age_unknown_no_evidence,0,,,0,0,0,Southwest University for Nationalities,False,True,True
PRJNA382746,excluded,age_unknown_no_evidence,0,,,0,0,0,Singapore Immunology Network,False,True,True
PRJNA361402,excluded,age_adult_only,0,,,0,0,0,University of Gothenburg,False,True,True
PRJNA385949,excluded,age_unknown_no_evidence,0,,,0,0,0,Broad Institute,False,True,True
PRJNA392494,excluded,age_unknown_no_evidence,0,,,0,0,0,ISGlobal,False,True,True
PRJNA388263,excluded,age_unknown_no_evidence,0,,,0,0,0,Stanford University,False,True,True
PRJDA72837,excluded,age_unknown_no_evidence,0,,,0,0,0,National Institute of Infectious Diseases; NIID,False,True,True
PRJDB10432,excluded,age_unknown_no_evidence,0,,,0,0,0,"Antimicrobial Resistance Research Center, National Institute of Infectious Diseases; NIID",False,True,True
PRJDB10484,excluded,age_unknown_no_evidence,0,,,0,0,0,National Institute of Genetics; NIG,False,True,True
PRJDB10605,excluded,age_unknown_no_evidence,0,,,0,0,0,"Antimicrobial Resistance Research Center, National Institute of Infectious Diseases; NIID",False,True,True
PRJDB10606,excluded,age_unknown_no_evidence,0,,,0,0,0,"Antimicrobial Resistance Research Center, National Institute of Infectious Diseases; NIID",False,True,True
PRJDB10711,excluded,age_unknown_no_evidence,13,Horiba K,Ito Y,1,0,1,"Department of Human Genetics and Molecular Biology, Nagoya University Graduate School of Medicine; NUGSM",True,True,True
PRJDB10829,excluded,age_unknown_no_evidence,0,,,0,0,0,Tokyo Institute of Technology; Japanese consortium for human microbiome; TITECH,False,True,True
PRJDB10967,excluded,age_unknown_no_evidence,0,,,0,0,0,Tokyo Medical and Dental University; TOKYO_MEDEN,False,True,True
PRJDB11203,excluded,age_unknown_no_evidence,9,Izawa K,Ishihara K,1,0,2,"Microbiology, Tokyo Dental College; TOKYO_DENTAL",True,True,True
PRJDB11444,excluded,age_unknown_no_evidence,25,Takeuchi T,Ohno H,1,0,1,"Laboratory for Microbiome Sciences, Center for Integrative Medical Sciences, RIKEN; RIKEN_IMS",True,True,True
PRJDB12371,excluded,age_unknown_no_evidence,0,,,0,0,0,"Genome Information Research Center, Osaka University; GIRC",False,True,True
PRJDB12607,excluded,age_unknown_no_evidence,0,,,0,0,0,Tokyo Institute of Technology; TIT-BB,False,True,True
PRJDB12721,excluded,age_unknown_no_evidence,0,,,0,0,0,"Gut Microbiota Department Next Generation Institute, MORINAGA MILK INDUSTRY CO.,LTD.; MORINAGA",False,True,True
PRJDB12894,excluded,age_unknown_no_evidence,0,,,0,0,0,"Genome Information Research Center, Osaka University; GIRC",False,True,True
PRJDB13214,excluded,age_unknown_no_evidence,0,,,0,0,0,"Laboratory for Microbiome Sciences, Center for Integrative Medical Sciences, RIKEN; RIKEN",False,True,True
PRJDB14273,excluded,age_unknown_no_evidence,0,,,0,0,0,"Laboratory for Microbiome Sciences, Center for Integrative Medical Sciences, RIKEN; RIKEN",False,True,True
PRJDB14457,excluded,age_unknown_no_evidence,12,Sawane K,Kunisawa J,1,0,1,"National Institutes of Biomedical Innovation, Health and Nutrition",True,True,True
PRJDB15258,excluded,age_unknown_no_evidence,12,Nishimura L,Inoue I,1,0,1,National Institution of Genetics; NIG,True,True,True
PRJDB15341,excluded,age_unknown_no_evidence,0,,,0,0,0,"Department of Microbiology, Graduate School of Medicine, Kyoto University; KYOTO_GM",False,True,True
PRJDB15798,excluded,age_unknown_no_evidence,0,,,0,0,0,"Metagen, Inc.; METAGEN",False,True,True
PRJDB15907,excluded,age_unknown_no_evidence,9,Niiya A,Yoshiura KI,1,0,2,"Human Genetics, Atomic Bomb Disease Institute; NAGASAKI",True,True,True
PRJDB15956,excluded,age_unknown_no_evidence,0,,,0,0,0,"Division of Neurogenetics, Center for Neurological Diseases and Cancer, Graduate school of medicine, Nagoya university; NUGSM",False,True,True
PRJDB16036,excluded,age_unknown_no_evidence,0,,,0,0,0,"Laboratory for Microbiome Sciences, Center for Integrative Medical Sciences, RIKEN; RIKEN_IMS",False,True,True
PRJDB16066,excluded,age_unknown_no_evidence,0,,,0,0,0,"Laboratory of Bacterial Genomics Pathogen Genomics Center, National Institute of Infectious Diseases; NIID",False,True,True
PRJDB16125,excluded,age_unknown_no_evidence,0,,,0,0,0,Teikyo University Institute of Medical Mycology; TEIKYO,False,True,True
PRJDB16260,excluded,age_unknown_no_evidence,0,,,0,0,0,"Yamada lab, School of Life Science and Technology, Tokyo Institute of Technology; TITECH",False,True,True
PRJDB16312,excluded,age_unknown_no_evidence,0,,,0,0,0,"Laboratory for Microbiome Sciences, Center for Integrative Medical Sciences, RIKEN; RIKEN_IMS",False,True,True
PRJDB16375,excluded,age_unknown_no_evidence,3,Yamaguchi M,Kawabata S,1,0,1,"Bioinformatics Research Unit, Osaka University; OSAKA-GD",True,True,True
PRJDB16443,excluded,age_unknown_no_evidence,0,,,0,0,0,"Antimicrobial Resistance Research Center, National Institute of Infectious Diseases; NIID",False,True,True
PRJDB16532,excluded,age_unknown_no_evidence,0,,,0,0,0,Tokyo institute of technology,False,True,True
PRJDB16790,excluded,age_unknown_no_evidence,0,,,0,0,0,Tokyo Institute of Technology; TITECH,False,True,True
PRJDB16992,excluded,age_unknown_no_evidence,0,,,0,0,0,REpository of Data and Biospecimen of INfectious Disease (REBIND),False,True,True
PRJDB17048,excluded,age_unknown_no_evidence,0,,,0,0,0,Tokyo Institute of Technology; TITECH,False,True,True
PRJDB17221,excluded,age_unknown_no_evidence,0,,,0,0,0,"Laboratory for Microbiome Sciences Center for Integrative Medical Sciences, RIKEN; RIKEN",False,True,True
PRJDB17227,excluded,age_unknown_no_evidence,0,,,0,0,0,"Graduate School of Biostudies, Kyoto University; Kyoto University",False,True,True
PRJDB17654,excluded,age_unknown_no_evidence,0,,,0,0,0,"Research Institute for Microbial Diseases, Osaka University; Osaka University",False,True,True
PRJDB1800,excluded,age_unknown_no_evidence,0,,,0,0,0,"Hattori Laboratory, Department of Center for Omics and Bioinformatics, Graduate School of Frontier Sciences, The University of Tokyo; UT_COB",False,True,True
PRJDB18003,excluded,age_unknown_no_evidence,0,,,0,0,0,"Department of Biological Sciences Graduate School of Science, University of Tokyo; The University of Tokyo",False,True,True
PRJDB18005,excluded,age_unknown_no_evidence,0,,,0,0,0,"Department of Biological Sciences Graduate School of Science, University of Tokyo; The University of Tokyo",False,True,True
PRJDB1825,excluded,age_unknown_no_evidence,0,,,0,0,0,"Microbial ecology Laboratory, Graduate School of Biology, Kyung Hee University; KYHEUBIO",False,True,True
PRJDB18292,excluded,age_unknown_no_evidence,0,,,0,0,0,"Dermatology Dermatology, University of California San Diego; University of California San Diego",False,True,True
PRJDB18316,excluded,age_unknown_no_evidence,0,,,0,0,0,"Urology, Osaka University Graduate School of Medicine; Osaka University Graduate School of Medicine",False,True,True
PRJDB18359,excluded,age_unknown_no_evidence,0,,,0,0,0,"National Institutes of Biomedical Innovation, Health and Nutrition",False,True,True
PRJDB18384,excluded,age_unknown_no_evidence,0,,,0,0,0,"National Institutes of Biomedical Innovation, Health and Nutrition",False,True,True
PRJDB18387,excluded,age_unknown_no_evidence,0,,,0,0,0,"National Institutes of Biomedical Innovation, Health and Nutrition",False,True,True
PRJDB18431,excluded,age_unknown_no_evidence,0,,,0,0,0,"Suzuki Lab Department of Computational Biology and Medical Sciences Graduate School of Frontier Sciences, The University of Tokyo; The University of Tokyo",False,True,True
PRJDB18646,excluded,age_unknown_no_evidence,0,,,0,0,0,"Division of Infectious Diseases, Advanced Clinical Research Center, Institute of medical science, The University of Tokyo; Institute of medical science, The University of Tokyo",False,True,True
PRJDB18654,excluded,age_unknown_no_evidence,0,,,0,0,0,"Laboratory for Symbiotic Microbiome Sciences Center for Integrative Medical Sciences, RIKEN; RIKEN, Integrative Medical Sciences",False,True,True
PRJDB1876,excluded,age_unknown_no_evidence,0,,,0,0,0,"Hattori Laboratory, Department of Center for Omics and Bioinformatics, Graduate School of Frontier Sciences, The University of Tokyo; UT_COB",False,True,True
PRJDB1882,excluded,age_unknown_no_evidence,0,,,0,0,0,"Hattori Laboratory, Department of Center for Omics and Bioinformatics, Graduate School of Frontier Sciences, The University of Tokyo; UT_COB",False,True,True
PRJDB18854,excluded,age_unknown_no_evidence,0,,,0,0,0,"National Institutes of Biomedical Innovation, Health and Nutrition",False,True,True
PRJDB19991,excluded,age_unknown_no_evidence,0,,,0,0,0,Institute of Science Tokyo; TITECH,False,True,True
PRJDB20343,excluded,age_unknown_no_evidence,0,,,0,0,0,"Antimicrobial Resistance Research Center, National Institute of Infectious Diseases; National Institute of Infectious Diseases",False,True,True
PRJDB20360,excluded,age_unknown_no_evidence,0,,,0,0,0,"DNA Chip Research Inc., DNA Chip Research Inc.; DNA Chip Research Inc",False,True,True
PRJDB2071,excluded,age_unknown_no_evidence,0,,,0,0,0,"Hattori Laboratory, Department of Center for Omics and Bioinformatics, Graduate School of Frontier Sciences, The University of Tokyo; UT_COB",False,True,True
PRJDB2088,excluded,age_unknown_no_evidence,0,,,0,0,0,"Hattori Laboratory, Department of Center for Omics and Bioinformatics, Graduate School of Frontier Sciences, The University of Tokyo; UT_COB",False,True,True
PRJDB2119,excluded,age_unknown_no_evidence,0,,,0,0,0,"Hattori Laboratory, Department of Center for Omics and Bioinformatics, Graduate School of Frontier Sciences, The University of Tokyo; UT_COB",False,True,True
PRJDB2181,excluded,age_unknown_no_evidence,0,,,0,0,0,"Hattori Laboratory, Department of Center for Omics and Bioinformatics, Graduate School of Frontier Sciences, The University of Tokyo; UT_COB",False,True,True
PRJDB2269,excluded,age_unknown_no_evidence,0,,,0,0,0,"Hattori Laboratory, Department of Center for Omics and Bioinformatics, Graduate School of Frontier Sciences, The University of Tokyo; UT_COB",False,True,True
PRJDB2364,excluded,age_unknown_no_evidence,0,,,0,0,0,"Hattori Laboratory, Department of Center for Omics and Bioinformatics, Graduate School of Frontier Sciences, The University of Tokyo; UT_COB",False,True,True
PRJDB2472,excluded,age_unknown_no_evidence,0,,,0,0,0,"Hattori Laboratory, Department of Center for Omics and Bioinformatics, Graduate School of Frontier Sciences, The University of Tokyo; UT_COB",False,True,True
PRJDB2510,excluded,age_unknown_no_evidence,0,,,0,0,0,"Hattori Laboratory, Department of Center for Omics and Bioinformatics, Graduate School of Frontier Sciences, The University of Tokyo; UT_COB",False,True,True
PRJDB2552,excluded,age_unknown_no_evidence,0,,,0,0,0,"Hattori Laboratory, Department of Center for Omics and Bioinformatics, Graduate School of Frontier Sciences, The University of Tokyo; UT_COB",False,True,True
PRJDB2687,excluded,age_unknown_no_evidence,0,,,0,0,0,"Laboratory of Bacterial Genomics, Pathogen Genomics Center, National Institute of Infectious Diseases; NIID",False,True,True
PRJDB2695,excluded,age_unknown_no_evidence,0,,,0,0,0,"Hattori Laboratory, Department of Center for Omics and Bioinformatics, Graduate School of Frontier Sciences, The University of Tokyo; UT_COB",False,True,True
PRJDB2800,excluded,age_unknown_no_evidence,0,,,0,0,0,"Laboratory of Bacterial Genomics, Pathogen Genomics Center, National Institute of Infectious Diseases; NIID",False,True,True
PRJDB28401,excluded,age_unknown_no_evidence,8,Shao Z,Huang Y,1,0,1,Eye Institute of Shandong First Medical University,True,True,True
PRJDB28938,excluded,age_unknown_no_evidence,22,Liu Q,Tang R,1,0,1,"Renji Hospital, School of Medicine, Shanghai Jiao Tong University; NGDC",True,True,True
PRJDB29370,excluded,age_unknown_no_evidence,0,,,0,0,0,Tianjin first Central Hospital; NGDC,False,True,True
PRJDB29373,excluded,age_unknown_no_evidence,0,,,0,0,0,Tianjin first Central Hospital; NGDC,False,True,True
PRJDB29433,excluded,age_unknown_no_evidence,12,Zha X,Zhang C,1,0,1,Capital Medical University,True,True,True
PRJDB29491,excluded,age_unknown_no_evidence,0,,,0,0,0,West China Second University Hospital; NGDC,False,True,True
PRJDB29523,excluded,age_unknown_no_evidence,24,Zhou J,Zeng Q,1,0,1,Henan Provincial People's Hospital,True,True,True
PRJDB29933,excluded,age_unknown_no_evidence,0,,,0,0,0,Beijing University of Chemical Technology,False,True,True
PRJDB3158,excluded,age_unknown_no_evidence,9,Sasaki M,Sawa H,1,0,1,"Research Center for Zoonosis Control, Hokkaido University; HU-RCZC",True,True,True
PRJDB34973,excluded,age_unknown_no_evidence,0,,,0,0,0,The First Affiliated Hospital of Chongqing Medical University; NGDC,False,True,True
PRJDB35189,excluded,age_unknown_no_evidence,0,,,0,0,0,Huazhong University of Science and Technology,False,True,True
PRJDB36123,excluded,age_unknown_no_evidence,0,,,0,0,0,First Hospital of Jilin University,False,True,True
PRJDB36283,excluded,age_unknown_no_evidence,0,,,0,0,0,Vision Medicals; NGDC,False,True,True
PRJDB36521,excluded,age_unknown_no_evidence,0,,,0,0,0,"Guangzhou Dian Diagnostics Group Co., Ltd.",False,True,True
PRJDB36524,excluded,age_unknown_no_evidence,0,,,0,0,0,Peking University People's Hospital; NGDC,False,True,True
PRJDB36775,excluded,age_unknown_no_evidence,0,,,0,0,0,Fudan University,False,True,True
PRJDB36789,excluded,age_unknown_no_evidence,0,,,0,0,0,Huazhong University of Science and Technology,False,True,True
PRJDB36826,excluded,age_unknown_no_evidence,0,,,0,0,0,Xiangya Hospital Central South University; NGDC,False,True,True
PRJDB36905,excluded,age_unknown_no_evidence,0,,,0,0,0,Sichuan Center for Disease Control and Prevention; NGDC,False,True,True
PRJDB36916,excluded,age_unknown_no_evidence,0,,,0,0,0,South China Normal University; NGDC,False,True,True
PRJDB36984,excluded,age_unknown_no_evidence,0,,,0,0,0,Shanghai Jiao Tong University; NGDC,False,True,True
PRJDB37086,excluded,age_unknown_no_evidence,0,,,0,0,0,The Second Hospital of Jilin University; NGDC,False,True,True
PRJDB37151,excluded,age_unknown_no_evidence,0,,,0,0,0,Beijing Jishuitan Hospital Affiliated to Capital Medical University,False,True,True
PRJDB37250,excluded,age_unknown_no_evidence,0,,,0,0,0,Zhejiang Xiaoshan Hospital; NGDC,False,True,True
PRJDB37437,excluded,age_unknown_no_evidence,0,,,0,0,0,Sichuan University; NGDC,False,True,True
PRJDB37496,excluded,age_unknown_no_evidence,0,,,0,0,0,"Laboratory for Symbiotic Microbiome Sciences Center for Integrative Medical Sciences, RIKEN; RIKEN",False,True,True
PRJDB37508,excluded,age_unknown_no_evidence,0,,,0,0,0,Institute of Science Tokyo,False,True,True
PRJDB38084,excluded,age_unknown_no_evidence,0,,,0,0,0,"Microbial Research Center for Health and Medicine, National Institutes of Biomedical Innovation, Health and Nutrition; National Institutes of Biomedical Innovation, Health and Nutrition",False,True,True
PRJDB38144,excluded,age_unknown_no_evidence,0,,,0,0,0,"Guangzhou KingCreate Biotechnology Co., Ltd.",False,True,True
PRJDB38192,excluded,age_unknown_no_evidence,17,Song J,Zhang W,1,0,1,Huashan Hospital Fudan University,True,True,True
PRJDB38277,excluded,age_unknown_no_evidence,0,,,0,0,0,Peking University People's Hospital; NGDC,False,True,True
PRJDB38329,excluded,age_unknown_no_evidence,0,,,0,0,0,Huazhong University of Science and Technology,False,True,True
PRJDB38434,excluded,age_unknown_no_evidence,0,,,0,0,0,Beijing Chest Hospital,False,True,True
PRJDB38504,excluded,age_unknown_no_evidence,0,,,0,0,0,Genskey,False,True,True
PRJDB38615,excluded,age_unknown_no_evidence,0,,,0,0,0,Sichuan Agricultural University; NGDC,False,True,True
PRJDB38635,excluded,age_unknown_no_evidence,0,,,0,0,0,Peking Union Medical College Hospital; NGDC,False,True,True
PRJDB38712,excluded,age_unknown_no_evidence,0,,,0,0,0,Guangdong Provincial Hospital of Chinese Medicine,False,True,True
PRJDB38865,excluded,age_unknown_no_evidence,0,,,0,0,0,China Agricultural University,False,True,True
PRJDB38921,excluded,age_unknown_no_evidence,0,,,0,0,0,Wuhan University; NGDC,False,True,True
PRJDB39021,excluded,age_unknown_no_evidence,0,,,0,0,0,"Beijing Children's Hospital, Capital Medical University",False,True,True
PRJDB39065,excluded,age_unknown_no_evidence,0,,,0,0,0,zhoushan hospital; NGDC,False,True,True
PRJDB39249,excluded,age_unknown_no_evidence,0,,,0,0,0,"Sanya Institute , Hainan Academy of Agricultural Sciences; NGDC",False,True,True
PRJDB39439,excluded,age_unknown_no_evidence,0,,,0,0,0,Liaocheng people`s hospital,False,True,True
PRJDB39536,excluded,age_unknown_no_evidence,16,Li M,Liu Y,1,0,1,ShanghaiTech University; NGDC,True,True,True
PRJDB39575,excluded,age_unknown_no_evidence,0,,,0,0,0,Third People's Hospital of Shenzhen; NGDC,False,True,True
PRJDB40848,excluded,age_unknown_no_evidence,0,,,0,0,0,Inner Mongolia Agricultural University,False,True,True
PRJDB40921,excluded,age_unknown_no_evidence,0,,,0,0,0,"Hugobiotech Beijing Co.,Ltd.",False,True,True
PRJDB40928,excluded,age_unknown_no_evidence,0,,,0,0,0,The First Affiliated Hospital of Jilin University; NGDC,False,True,True
PRJDB40975,excluded,age_unknown_no_evidence,0,,,0,0,0,"Maternal and Child Health Hospital of Hubei Province, Huazhong University of Science and Technology",False,True,True
PRJDB41006,excluded,age_unknown_no_evidence,0,,,0,0,0,Inner Mongolia Agricultural University,False,True,True
PRJDB41048,excluded,age_unknown_no_evidence,0,,,0,0,0,Huazhong University of Science and Technology,False,True,True
PRJDB4115,excluded,age_unknown_no_evidence,0,,,0,0,0,"Laboratory of Metagenomics, Graduate School of Frontier Sciences, The University of Tokyo; UT_COB",False,True,True
PRJDB41210,excluded,age_unknown_no_evidence,0,,,0,0,0,Southern Medical University; NGDC,False,True,True
PRJDB41212,excluded,age_unknown_no_evidence,0,,,0,0,0,Sichuan University; NGDC,False,True,True
PRJDB41229,excluded,age_unknown_no_evidence,0,,,0,0,0,"Beijing Institute of Genomics, Chinese Academy of Sciences",False,True,True
PRJDB41236,excluded,age_unknown_no_evidence,0,,,0,0,0,Shenzhen People's Hospital; NGDC,False,True,True
PRJDB41385,excluded,age_unknown_no_evidence,0,,,0,0,0,Beijing Chaoyang Sanhuan Cancer Hospital,False,True,True
PRJDB41581,excluded,age_unknown_no_evidence,0,,,0,0,0,"Vision MedicalsCo., Ltd.; NGDC",False,True,True
PRJDB41669,excluded,age_unknown_no_evidence,0,,,0,0,0,Second Affiliated Hospital of Naval Medical University; NGDC,False,True,True
PRJDB41738,excluded,age_unknown_no_evidence,0,,,0,0,0,Sun Yat-sen University; NGDC,False,True,True
PRJDB41743,excluded,age_unknown_no_evidence,0,,,0,0,0,Guangxi Medical University,False,True,True
PRJDB5121,excluded,age_unknown_no_evidence,0,,,0,0,0,"Oota Group for Genome Anthropology, Department of Anatomy, Kitasato University School of Medicine; KITASATO",False,True,True
PRJDB5153,excluded,age_unknown_no_evidence,0,,,0,0,0,"School of Medical Science, Griffith University; GRIF",False,True,True
PRJDB5180,excluded,age_unknown_no_evidence,0,,,0,0,0,"Laboratory of Bacterial Genomics, Pathogen Genomics Center, National Institute of Infectious Diseases; NIID",False,True,True
PRJDB5315,excluded,age_unknown_no_evidence,0,,,0,0,0,"Hattori Laboratory, Department of Center for Omics and Bioinformatics, Graduate School of Frontier Sciences, The University of Tokyo; UT_COB",False,True,True
PRJDB6503,excluded,age_unknown_no_evidence,0,,,0,0,0,"Hattori Laboratory, Department of Center for Omics and Bioinformatics, Graduate School of Frontier Sciences, The University of Tokyo; UT_COB",False,True,True
PRJDB6932,excluded,age_unknown_no_evidence,0,,,0,0,0,"Department of Anthropology, National Museum of Nature and Science; KAHAKU",False,True,True
PRJDB6966,excluded,age_unknown_no_evidence,0,,,0,0,0,Tokyo Medical and Dental University; TOKYO_MEDEN,False,True,True
PRJDB7378,excluded,age_unknown_no_evidence,0,,,0,0,0,Tokyo Institute of Technology; Japanese consortium for human microbiome; TITECH,False,True,True
PRJDB7462,excluded,age_unknown_no_evidence,9,Fukuda K,Taniguchi H,1,0,1,"Microbiology, Graduate School of Medical Sciences, Kyushu University; KYUSHU",True,True,True
PRJDB7630,excluded,age_unknown_no_evidence,0,,,0,0,0,"Division of Cardiovascular Medicine, Department of Internal Medicine, Kobe University Graduate School of Medicine; KOBE_U",False,True,True
PRJDB7649,excluded,age_unknown_no_evidence,0,,,0,0,0,"Genome Evolution Laboratory, Center for Information Biology, National Institute of Genetics; NIG",False,True,True
PRJDB7767,excluded,age_unknown_no_evidence,0,,,0,0,0,"Laboratory for Microbiome Sciences, Center for Integrative Medical Sciences, RIKEN; RIKEN_IMS",False,True,True
PRJDB8678,excluded,age_unknown_no_evidence,0,,,0,0,0,"Division of Cardiovascular Medicine, Department of Internal Medicine, Kobe University Graduate School of Medicine; KOBE_U",False,True,True
PRJDB8879,excluded,age_unknown_no_evidence,0,,,0,0,0,Korea Food Research Institute; KFRI,False,True,True
PRJDB8956,excluded,age_unknown_no_evidence,5,Kiguchi Y,Suda W,1,0,1,"Laboratory for Microbiome Sciences, Center for Integrative Medical Sciences, RIKEN; RIKEN_IMS",True,True,True
PRJDB9649,excluded,age_unknown_no_evidence,0,,,0,0,0,Shanghai Jiao Tong University; JIAOTONG_U,False,True,True
PRJEB100670,excluded,age_unknown_no_evidence,0,,,0,0,0,GOTHENBURG UNIVERISITY,False,True,True
PRJEB100700,excluded,age_unknown_no_evidence,0,,,0,0,0,FRAUNHOFER IGB,False,True,True
PRJEB101387,excluded,age_unknown_no_evidence,0,,,0,0,0,"Center for Public Health Research, University of Valencia; Center for Public Health Research",False,True,True
PRJEB101774,excluded,age_unknown_no_evidence,0,,,0,0,0,CHRISTIAN-ALBRECHTS UNIVERSITY OF KIEL,False,True,True
PRJEB102181,excluded,age_unknown_no_evidence,0,,,0,0,0,"University of Oxford, Oxford, England, UK; University of Oxford",False,True,True
PRJEB102780,excluded,age_unknown_no_evidence,0,,,0,0,0,"Microbiome Science and Biotechnology Unit, University of Bologna; Microbiome Science and Biotechnology Unit",False,True,True
PRJEB103845,excluded,age_unknown_no_evidence,0,,,0,0,0,Southern Medical University,False,True,True
PRJEB10391,excluded,age_unknown_no_evidence,7,Willmann M,Peter S,1,0,1,"University of Tuebingen, Germany; University of Tuebingen",True,True,True
PRJEB104317,excluded,age_unknown_no_evidence,0,,,0,0,0,University of Ljubljana Medicine Faculty Institute for Microbiology,False,True,True
PRJEB104645,excluded,age_unknown_no_evidence,0,,,0,0,0,Max Planck Institute for Evolutionary Anthropology,False,True,True
PRJEB104707,excluded,age_unknown_no_evidence,0,,,0,0,0,Albert Ludwig University of Freiburg,False,True,True
PRJEB104722,excluded,age_unknown_no_evidence,0,,,0,0,0,Max Planck Institute for Evolutionary Anthropology,False,True,True
PRJEB105465,excluded,age_unknown_no_evidence,0,,,0,0,0,Centre for Translational Microbiome Research (CTMR),False,True,True
PRJEB106071,excluded,age_unknown_no_evidence,0,,,0,0,0,University of Seville,False,True,True
PRJEB106075,excluded,age_unknown_no_evidence,0,,,0,0,0,University of West Bohemia,False,True,True
PRJEB106785,excluded,age_unknown_no_evidence,0,,,0,0,0,University of Edinburgh,False,True,True
PRJEB106795,excluded,age_unknown_no_evidence,0,,,0,0,0,"Bambino Gesu Paediatric Hospital, Rome; Bambino Gesu Paediatric Hospital",False,True,True
PRJEB106897,excluded,age_unknown_no_evidence,0,,,0,0,0,University of California San Diego Microbiome Initiative,False,True,True
PRJEB107170,excluded,age_unknown_no_evidence,0,,,0,0,0,Hologenomix,False,True,True
PRJEB108219,excluded,age_unknown_no_evidence,0,,,0,0,0,Institute for Research on Cancer and Aging in Nice,False,True,True
PRJEB108308,excluded,age_unknown_no_evidence,0,,,0,0,0,Uppsala University,False,True,True
PRJEB10865,excluded,age_unknown_no_evidence,0,,,0,0,0,VIRGINIA TECH,False,True,True
PRJEB109261,excluded,age_unknown_no_evidence,0,,,0,0,0,"Key Laboratory of Tropical Translational Medicine of Ministry of Education, School of Public Health, Hainan Academy of Medical Sciences, Hainan Medical University; Key Laboratory of Tropical Translational Medicine of Ministry of Education",False,True,True
PRJEB109268,excluded,age_unknown_no_evidence,0,,,0,0,0,The BioArte Limited,False,True,True
PRJEB109316,excluded,age_unknown_no_evidence,0,,,0,0,0,AMSTERDAM UMC,False,True,True
PRJEB110648,excluded,age_unknown_no_evidence,0,,,0,0,0,WASHINGTON UNIVERSITY SCHOOL OF MEDICINE,False,True,True
PRJEB110772,excluded,age_unknown_no_evidence,0,,,0,0,0,GOTHENBURG UNIVERISITY,False,True,True
PRJEB111121,excluded,age_unknown_no_evidence,0,,,0,0,0,"UMR 1078, Genetics, functional genomics and biotechnology",False,True,True
PRJEB11170,excluded,age_unknown_no_evidence,0,,,0,0,0,University of California San Diego Microbiome Initiative,False,True,True
PRJEB111943,excluded,age_unknown_no_evidence,0,,,0,0,0,"INSTITUTE OF GENOMICS, UNIVERSITY OF TARTU, ESTONIA; INSTITUTE OF GENOMICS",False,True,True
PRJEB112905,excluded,age_unknown_no_evidence,0,,,0,0,0,University of Colorado Anschutz,False,True,True
PRJEB114135,excluded,age_unknown_no_evidence,0,,,0,0,0,NATIONAL INSTITUTE OF HEALTH DR. RICARDO JORGE,False,True,True
PRJEB11425,excluded,age_unknown_no_evidence,0,,,0,0,0,University of California San Diego Microbiome Initiative,False,True,True
PRJEB11485,excluded,age_unknown_no_evidence,0,,,0,0,0,University of California San Diego Microbiome Initiative,False,True,True
PRJEB11486,excluded,age_unknown_no_evidence,0,,,0,0,0,University of California San Diego Microbiome Initiative,False,True,True
PRJEB115747,excluded,age_unknown_no_evidence,0,,,0,0,0,"Bambino Gesu Paediatric Hospital, Rome; Bambino Gesu Paediatric Hospital",False,True,True
PRJEB121228,excluded,age_unknown_no_evidence,18,Deiana M,Castilletti C,2,0,2,IRCCS Sacro Cuore Don Calabria Hospital,True,True,True
PRJEB12123,excluded,age_unknown_no_evidence,0,,,0,0,0,Beijing Genome Institute,False,True,True
PRJEB12124,excluded,age_unknown_no_evidence,6,Kavanova K,Crhanova M,1,1,0,Beijing Genome Institute,True,True,True
PRJEB12272,excluded,age_unknown_no_evidence,6,Huson DH,Willmann M,1,0,1,"University of Tuebingen, Germany; University of Tuebingen",True,True,True
PRJEB122810,excluded,age_unknown_no_evidence,0,,,0,0,0,Quadram Institute Bioscience,False,True,True
PRJEB12357,excluded,age_unknown_no_evidence,32,Vrieze A,Nieuwdorp M,2,0,2,EMBL HEIDELBERG,True,True,True
PRJEB124243,excluded,age_unknown_no_evidence,0,,,0,0,0,Saint-Antoine Research Center,False,True,True
PRJEB12449,excluded,age_unknown_no_evidence,5,Schroer HW,Bosch DE,1,1,0,European Molecular Biology Laboratory,True,True,True
PRJEB12466,excluded,age_unknown_no_evidence,11,Nordahl Petersen T,Aarestrup FM,1,0,1,"Centre for Genomic Epidemiology, National Food Institute, Technical University of Denmark (DTU), Denmark; Centre for Genomic Epidemiology",True,True,True
PRJEB12947,excluded,age_unknown_no_evidence,0,,,0,0,0,Beijing Genome Institute,False,True,True
PRJEB13051,excluded,age_unknown_no_evidence,20,Obregon-Tito AJ,Lewis CM,1,0,1,University of California San Diego Microbiome Initiative,True,True,True
PRJEB13141,excluded,age_unknown_no_evidence,0,,,0,0,0,RIVM,False,True,True
PRJEB13247,excluded,age_unknown_no_evidence,0,,,0,0,0,FRAUNHOFER IGB,False,True,True
PRJEB13595,excluded,age_unknown_no_evidence,0,,,0,0,0,University of California San Diego Microbiome Initiative,False,True,True
PRJEB13619,excluded,age_unknown_no_evidence,0,,,0,0,0,University of California San Diego Microbiome Initiative,False,True,True
PRJEB13835,excluded,age_unknown_no_evidence,0,,,0,0,0,UNIVERSITY OF BERN,False,True,True
PRJEB1391,excluded,age_unknown_no_evidence,0,,,0,0,0,"Seoul National University, Korea; Seoul National University",False,True,True
PRJEB13940,excluded,age_unknown_no_evidence,0,,,0,0,0,University of California San Diego Microbiome Initiative,False,True,True
PRJEB14149,excluded,age_unknown_no_evidence,0,,,0,0,0,academisch medisch centrum,False,True,True
PRJEB14180,excluded,age_unknown_no_evidence,0,,,0,0,0,JOHANNES GUTENBERG UNIVERSITY MAINZ,False,True,True
PRJEB1421,excluded,age_unknown_no_evidence,0,,,0,0,0,"University Hospital Zurich, Division of Gastroenterology and Hepatology; University Hospital Zurich",False,True,True
PRJEB14215,excluded,age_unknown_no_evidence,0,,,0,0,0,Imperial College London,False,True,True
PRJEB14301,excluded,age_unknown_no_evidence,0,,,0,0,0,Skoltech,False,True,True
PRJEB14474,excluded,age_unknown_no_evidence,20,Lax S,Gilbert JA,1,0,1,University of California San Diego Microbiome Initiative,True,True,True
PRJEB14782,excluded,age_unknown_no_evidence,0,,,0,0,0,University of California San Diego Microbiome Initiative,False,True,True
PRJEB14818,excluded,age_unknown_no_evidence,0,,,0,0,0,University of California San Diego Microbiome Initiative,False,True,True
PRJEB14847,excluded,age_unknown_no_evidence,0,,,0,0,0,Genoscope,False,True,True
PRJEB15057,excluded,age_unknown_no_evidence,0,,,0,0,0,University of California San Diego Microbiome Initiative,False,True,True
PRJEB15334,excluded,age_unknown_no_evidence,7,Nishimura L,Inoue I,1,0,1,"University of Oxford, Oxford, England, UK; University of Oxford",True,True,True
PRJEB16057,excluded,age_unknown_no_evidence,0,,,0,0,0,University of California San Diego Microbiome Initiative,False,True,True
PRJEB16344,excluded,age_unknown_no_evidence,0,,,0,0,0,Knomics LLC,False,True,True
PRJEB17694,excluded,age_unknown_no_evidence,17,Sampson TR,Mazmanian SK,1,0,1,University of California San Diego Microbiome Initiative,True,True,True
PRJEB17784,excluded,age_unknown_no_evidence,17,Argentini C,Ventura M,1,1,0,European Molecular Biology Laboratory,True,True,True
PRJEB17838,excluded,age_unknown_no_evidence,0,,,0,0,0,CMB,False,True,True
PRJEB17896,excluded,age_unknown_no_evidence,0,,,0,0,0,Korea Food Research Institute,False,True,True
PRJEB18471,excluded,age_unknown_no_evidence,7,Fu Y,Wu C,1,1,0,University of California San Diego Microbiome Initiative,True,True,True
PRJEB18686,excluded,age_unknown_no_evidence,0,,,0,0,0,JOHANNES GUTENBERG UNIVERSITY MAINZ,False,True,True
PRJEB18687,excluded,age_unknown_no_evidence,0,,,0,0,0,Wellcome Sanger Institute,False,True,True
PRJEB18755,excluded,age_unknown_no_evidence,8,Tarracchini C,Milani C,1,1,0,Guangzhou Women and Children Medical Center,True,True,True
PRJEB20308,excluded,age_unknown_no_evidence,13,Coelho LP,Bork P,1,0,1,European Molecular Biology Laboratory,True,True,True
PRJEB20471,excluded,age_unknown_no_evidence,6,Fierer N,Knight R,1,0,1,University of California San Diego Microbiome Initiative,True,True,True
PRJEB20500,excluded,age_unknown_no_evidence,6,Fierer N,Knight R,1,0,1,University of California San Diego Microbiome Initiative,True,True,True
PRJEB20658,excluded,age_unknown_no_evidence,0,,,0,0,0,"CENTRE FOR GEOGENETICS, NATURAL HISTORY MUSEUM OF DENMARK",False,True,True
PRJEB21166,excluded,age_unknown_no_evidence,0,,,0,0,0,National Food Institute,False,True,True
PRJEB21257,excluded,age_unknown_no_evidence,0,,,0,0,0,IHU - Mediterranee Infection,False,True,True
PRJEB21338,excluded,age_unknown_no_evidence,0,,,0,0,0,KAZAN (VOLGA REGION) FEDERAL UNIVERSITY,False,True,True
PRJEB21353,excluded,age_unknown_no_evidence,0,,,0,0,0,"Teagasc Food Research Centre, Ireland; Teagasc Food Research Centre",False,True,True
PRJEB21741,excluded,age_unknown_no_evidence,0,,,0,0,0,FISABIO,False,True,True
PRJEB21793,excluded,age_unknown_no_evidence,0,,,0,0,0,Wellcome Sanger Institute,False,True,True
PRJEB21827,excluded,age_unknown_no_evidence,0,,,0,0,0,Discuva,False,True,True
PRJEB21872,excluded,age_unknown_no_evidence,0,,,0,0,0,FRAUNHOFER IGB,False,True,True
PRJEB22095,excluded,age_unknown_no_evidence,0,,,0,0,0,UCL,False,True,True
PRJEB22175,excluded,age_unknown_no_evidence,0,,,0,0,0,Wellcome Sanger Institute,False,True,True
PRJEB22348,excluded,age_unknown_no_evidence,0,,,0,0,0,European Molecular Biology Laboratory,False,True,True
PRJEB22784,excluded,age_unknown_no_evidence,0,,,0,0,0,FISABIO,False,True,True
PRJEB22863,excluded,age_unknown_no_evidence,48,Routy B,Zitvogel L,1,0,1,Institut National pour la Recherche Agronomique (FRANCE),True,True,True
PRJEB22949,excluded,age_unknown_no_evidence,0,,,0,0,0,UNIVERSITY OF OXFORD; University of Oxford,False,True,True
PRJEB23010,excluded,age_unknown_no_evidence,0,,,0,0,0,Wellcome Sanger Institute,False,True,True
PRJEB23079,excluded,age_unknown_no_evidence,0,,,0,0,0,JOHANNES GUTENBERG UNIVERSITY MAINZ,False,True,True
PRJEB23147,excluded,age_unknown_no_evidence,0,,,0,0,0,Wellcome Sanger Institute,False,True,True
PRJEB23292,excluded,age_unknown_no_evidence,17,Aron-Wisnewsky J,Clément K,1,0,1,Institut National pour la Recherche Agronomique (FRANCE),True,True,True
PRJEB23460,excluded,age_unknown_no_evidence,0,,,0,0,0,"University of Oxford, Oxford, England, UK; University of Oxford",False,True,True
PRJEB23662,excluded,age_unknown_no_evidence,17,Argentini C,Ventura M,1,1,0,Beijing Genome Institute,True,True,True
PRJEB23689,excluded,age_unknown_no_evidence,0,,,0,0,0,Wellcome Sanger Institute,False,True,True
PRJEB23944,excluded,age_unknown_no_evidence,0,,,0,0,0,Wellcome Sanger Institute,False,True,True
PRJEB24003,excluded,age_unknown_no_evidence,0,,,0,0,0,University of California San Diego Microbiome Initiative,False,True,True
PRJEB24090,excluded,age_unknown_no_evidence,0,,,0,0,0,University of California San Diego Microbiome Initiative,False,True,True
PRJEB24147,excluded,age_unknown_no_evidence,0,,,0,0,0,CNGB,False,True,True
PRJEB24152,excluded,age_unknown_no_evidence,0,,,0,0,0,UNIVERSITY OF MINNESOTA,False,True,True
PRJEB24161,excluded,age_unknown_no_evidence,0,,,0,0,0,University of California San Diego Microbiome Initiative,False,True,True
PRJEB24501,excluded,age_unknown_no_evidence,0,,,0,0,0,CEES - Centre for Ecological and Evolutionary Synthesis,False,True,True
PRJEB24522,excluded,age_unknown_no_evidence,0,,,0,0,0,MGRAST,False,True,True
PRJEB24557,excluded,age_unknown_no_evidence,17,Argentini C,Ventura M,1,1,0,UNIVERSITY OF BERN,True,True,True
PRJEB25008,excluded,age_unknown_no_evidence,0,,,0,0,0,Wellcome Sanger Institute,False,True,True
PRJEB25186,excluded,age_unknown_no_evidence,0,,,0,0,0,Medical University of Vienna,False,True,True
PRJEB25264,excluded,age_unknown_no_evidence,0,,,0,0,0,DALHOUSIE UNIVERSITY,False,True,True
PRJEB25419,excluded,age_unknown_no_evidence,0,,,0,0,0,lundquist institute,False,True,True
PRJEB25514,excluded,age_unknown_no_evidence,17,Argentini C,Ventura M,1,1,0,,True,False,True
PRJEB25624,excluded,age_unknown_no_evidence,0,,,0,0,0,UNIVERSITY OF COPENHAGEN,False,True,True
PRJEB25727,excluded,age_unknown_no_evidence,15,Benítez-Páez A,Sanz Y,1,0,1,"Institute of Agrochemistry and Food Technology, Valencia, Spain; Institute of Agrochemistry and Food Technology",True,True,True
PRJEB25891,excluded,age_unknown_no_evidence,0,,,0,0,0,Technical University of Denmark,False,True,True
PRJEB26596,excluded,age_unknown_no_evidence,21,Brugiroux S,Stecher B,2,0,2,Max von Pettenkofer Institut,True,True,True
PRJEB27079,excluded,age_unknown_no_evidence,0,,,0,0,0,SAHMRI,False,True,True
PRJEB27308,excluded,age_unknown_no_evidence,14,Poole AC,Ley RE,1,0,1,MAX PLANCK INSTITUTE FOR DEVELOPMENTAL BIOLOGY,True,True,True
PRJEB27662,excluded,age_unknown_no_evidence,0,,,0,0,0,"Seoul National University, Korea; Seoul National University",False,True,True
PRJEB27799,excluded,age_unknown_no_evidence,36,Ruppé E,Ehrlich SD,1,0,1,Institut National pour la Recherche Agronomique (FRANCE),True,True,True
PRJEB27822,excluded,age_unknown_no_evidence,0,,,0,0,0,CEES - Centre for Ecological and Evolutionary Synthesis,False,True,True
PRJEB27914,excluded,age_unknown_no_evidence,10,Huang S,Yadav H,1,1,0,FISABIO - Public Health,True,True,True
PRJEB28058,excluded,age_unknown_no_evidence,0,,,0,0,0,"University of Tuebingen, Germany; University of Tuebingen",False,True,True
PRJEB28237,excluded,age_unknown_no_evidence,0,,,0,0,0,CENTRE DE RECHERCHE EN INFECTIOLOGIE DE L'UNIVERSITE LAVAL,False,True,True
PRJEB28338,excluded,age_unknown_no_evidence,17,Argentini C,Ventura M,1,1,0,"Teagasc Food Research Centre, Ireland; Teagasc Food Research Centre",True,True,True
PRJEB28340,excluded,age_unknown_no_evidence,0,,,0,0,0,FRAUNHOFER IGB,False,True,True
PRJEB28422,excluded,age_unknown_no_evidence,0,,,0,0,0,European Molecular Biology Laboratory,False,True,True
PRJEB28510,excluded,age_unknown_no_evidence,8,Rani A,Perkins DL,1,0,1,University of Illinois at Chicago,True,True,True
PRJEB28543,excluded,age_unknown_no_evidence,0,,,0,0,0,NEW YORK UNIVERSITY SCHOOL OF MEDICINE,False,True,True
PRJEB28712,excluded,age_unknown_no_evidence,0,,,0,0,0,University of California San Diego Microbiome Initiative,False,True,True
PRJEB28730,excluded,age_unknown_no_evidence,24,Hildebrand F,Bork P,1,0,1,European Molecular Biology Laboratory,True,True,True
PRJEB29060,excluded,age_unknown_no_evidence,0,,,0,0,0,San Sebastian University,False,True,True
PRJEB29065,excluded,age_unknown_no_evidence,14,Roche KE,Archie EA,1,1,0,UNIVERSITY OF MINNESOTA,True,True,True
PRJEB29152,excluded,age_unknown_no_evidence,0,,,0,0,0,GENOME INSTITUTE OF SINGAPORE,False,True,True
PRJEB29169,excluded,age_unknown_no_evidence,8,Morton JT,Knight R,1,0,1,University of California San Diego Microbiome Initiative,True,True,True
PRJEB2927,excluded,age_unknown_no_evidence,0,,,0,0,0,University of Bayreuth,False,True,True
PRJEB29373,excluded,age_unknown_no_evidence,0,,,0,0,0,CNGB,False,True,True
PRJEB30307,excluded,age_unknown_no_evidence,0,,,0,0,0,"NEWCASTLE UNIVERSITY, UK",False,True,True
PRJEB30611,excluded,age_unknown_no_evidence,0,,,0,0,0,01life,False,True,True
PRJEB30796,excluded,age_unknown_no_evidence,0,,,0,0,0,"Institut Pasteur, FRANCE; Institut Pasteur",False,True,True
PRJEB3085,excluded,age_unknown_no_evidence,20,Pérez-Cobas AE,Moya A,1,0,1,European Bioinformatics Institute,True,True,True
PRJEB30883,excluded,age_unknown_no_evidence,0,,,0,0,0,King Abdullah University of Science and Technology,False,True,True
PRJEB30924,excluded,age_unknown_no_evidence,17,Argentini C,Ventura M,1,1,0,Max-Planck-Institute for Evolutionary Biology,True,True,True
PRJEB30958,excluded,age_unknown_no_evidence,0,,,0,0,0,FRAUNHOFER IGB,False,True,True
PRJEB31009,excluded,age_unknown_no_evidence,0,,,0,0,0,HUAZHONG AGRICULTURAL UNIVERSITY,False,True,True
PRJEB31117,excluded,age_unknown_no_evidence,0,,,0,0,0,University of California San Diego Microbiome Initiative,False,True,True
PRJEB31740,excluded,age_unknown_no_evidence,0,,,0,0,0,King Abdullah University of Science and Technology,False,True,True
PRJEB31790,excluded,age_unknown_no_evidence,0,,,0,0,0,YALE SCHOOL OF MEDICINE,False,True,True
PRJEB31893,excluded,age_unknown_no_evidence,0,,,0,0,0,"INSTITUTE OF GENOMICS, UNIVERSITY OF TARTU, ESTONIA; INSTITUTE OF GENOMICS",False,True,True
PRJEB31971,excluded,age_unknown_no_evidence,0,,,0,0,0,EURAC Research,False,True,True
PRJEB32319,excluded,age_unknown_no_evidence,11,de-Dios T,Lalueza-Fox C,1,0,1,UPF-CSIC,True,True,True
PRJEB32411,excluded,age_unknown_no_evidence,0,,,0,0,0,FISABIO- Public Health Research,False,True,True
PRJEB32480,excluded,age_unknown_no_evidence,0,,,0,0,0,WELLCOME SANGER INSTITUTE,False,True,True
PRJEB32496,excluded,age_unknown_no_evidence,0,,,0,0,0,HANYANG UNIVERSITY,False,True,True
PRJEB32675,excluded,age_unknown_no_evidence,0,,,0,0,0,National University of Singapore,False,True,True
PRJEB32764,excluded,age_unknown_no_evidence,0,,,0,0,0,"INSTITUTE OF GENOMICS, UNIVERSITY OF TARTU, ESTONIA; INSTITUTE OF GENOMICS",False,True,True
PRJEB32834,excluded,age_unknown_no_evidence,0,,,0,0,0,Wellcome Sanger Institute,False,True,True
PRJEB32887,excluded,age_unknown_no_evidence,0,,,0,0,0,WELLCOME TRUST SANGER INSTITUTE,False,True,True
PRJEB33195,excluded,age_unknown_no_evidence,0,,,0,0,0,YALE SCHOOL OF MEDICINE,False,True,True
PRJEB33440,excluded,age_unknown_no_evidence,0,,,0,0,0,JINAN UNIVERSITY,False,True,True
PRJEB33500,excluded,age_unknown_no_evidence,5,Schroer HW,Bosch DE,1,1,0,Institut National pour la Recherche Agronomique (FRANCE),True,True,True
PRJEB33577,excluded,age_unknown_no_evidence,0,,,0,0,0,Max Planck Institute for Evolutionary Anthropology,False,True,True
PRJEB33848,excluded,age_unknown_no_evidence,0,,,0,0,0,UNIVERSITY OF ZURICH,False,True,True
PRJEB34029,excluded,age_unknown_no_evidence,0,,,0,0,0,LEIDEN UNIVERSITY MEDICAL CENTER,False,True,True
PRJEB34030,excluded,age_unknown_no_evidence,0,,,0,0,0,LEIDEN UNIVERSITY MEDICAL CENTER,False,True,True
PRJEB34103,excluded,age_unknown_no_evidence,0,,,0,0,0,"LINKOPING UNIVERSITY, LINKOPING, SWEDEN; LINKOPING UNIVERSITY",False,True,True
PRJEB34333,excluded,age_unknown_no_evidence,0,,,0,0,0,FISABIO,False,True,True
PRJEB34569,excluded,age_unknown_no_evidence,0,,,0,0,0,max planck institute for the evolutionary anthropology,False,True,True
PRJEB34799,excluded,age_unknown_no_evidence,0,,,0,0,0,Wellcome Sanger Institute,False,True,True
PRJEB34871,excluded,age_unknown_no_evidence,0,,,0,0,0,CENTRE FOR ECOLOGY AND HYDROLOGY,False,True,True
PRJEB34939,excluded,age_unknown_no_evidence,0,,,0,0,0,"SCIENCE FOR LIFE LABORATORY, KTH ROYAL INSTITUTE OF TECHNOLOGY",False,True,True
PRJEB34992,excluded,age_unknown_no_evidence,10,Tap J,Simrén M,1,0,1,Institut National pour la Recherche Agronomique (FRANCE),True,True,True
PRJEB35140,excluded,age_unknown_no_evidence,0,,,0,0,0,UNIVERSITY OF ZURICH,False,True,True
PRJEB35295,excluded,age_unknown_no_evidence,0,,,0,0,0,BGI-SHENZHEN,False,True,True
PRJEB35337,excluded,age_unknown_no_evidence,8,Haines A,Griffin M,1,0,1,Quadram Institute Bioscience,True,True,True
PRJEB35362,excluded,age_unknown_no_evidence,25,Borry M,Warinner C,1,0,1,Max Planck Institute for Evolutionary Anthropology,True,True,True
PRJEB35426,excluded,age_unknown_no_evidence,0,,,0,0,0,UNIVERSITY OF ZURICH,False,True,True
PRJEB35490,excluded,age_unknown_no_evidence,9,Muigg V,Neumayr A,1,0,1,University Hospital Basel,True,True,True
PRJEB35495,excluded,age_unknown_no_evidence,0,,,0,0,0,Macalester College,False,True,True
PRJEB35615,excluded,age_unknown_no_evidence,17,Argentini C,Ventura M,1,1,0,"Department of Ophthalmology, Inselspital",True,True,True
PRJEB35738,excluded,age_unknown_no_evidence,5,Schroer HW,Bosch DE,1,1,0,HANYANG UNIVERSITY,True,True,True
PRJEB35769,excluded,age_unknown_no_evidence,0,,,0,0,0,"LifeSequencing, Parc Cientific Universitat de Valencia, 46980 - Paterna (Valencia) SPAIN; LifeSequencing",False,True,True
PRJEB35855,excluded,age_unknown_no_evidence,0,,,0,0,0,UNIVERSITY OF ZURICH,False,True,True
PRJEB35961,excluded,age_unknown_no_evidence,0,,,0,0,0,Beijing Genome Institute,False,True,True
PRJEB36140,excluded,age_unknown_no_evidence,0,,,0,0,0,University of Tromso,False,True,True
PRJEB36291,excluded,age_unknown_no_evidence,0,,,0,0,0,UNIVERSITA' DEGLI STUDI DI FERRARA,False,True,True
PRJEB36406,excluded,age_unknown_no_evidence,0,,,0,0,0,University of California San Diego Microbiome Initiative,False,True,True
PRJEB36407,excluded,age_unknown_no_evidence,0,,,0,0,0,University of California San Diego Microbiome Initiative,False,True,True
PRJEB36408,excluded,age_unknown_no_evidence,0,,,0,0,0,University of California San Diego Microbiome Initiative,False,True,True
PRJEB36461,excluded,age_unknown_no_evidence,12,Farin W,Ehrlich SD,1,0,1,Institut National pour la Recherche Agronomique (FRANCE),True,True,True
PRJEB36610,excluded,age_unknown_no_evidence,0,,,0,0,0,University of California San Diego Microbiome Initiative,False,True,True
PRJEB36898,excluded,age_unknown_no_evidence,9,Benítez-Páez A,MyNewGut consortium,1,0,1,"Institute of Agrochemistry and Food Technology, Valencia, Spain; Institute of Agrochemistry and Food Technology",True,True,True
PRJEB36968,excluded,age_unknown_no_evidence,0,,,0,0,0,the chinese university of hong kong,False,True,True
PRJEB36983,excluded,age_unknown_no_evidence,0,,,0,0,0,Max Planck Institute for the Science of Human History,False,True,True
PRJEB37017,excluded,age_unknown_no_evidence,0,,,0,0,0,"department of computational biology, indraprastha institute of information technology delhi; department of computational biology",False,True,True
PRJEB37249,excluded,age_unknown_no_evidence,5,Schroer HW,Bosch DE,1,1,0,Institut National pour la Recherche Agronomique (FRANCE),True,True,True
PRJEB37490,excluded,age_unknown_no_evidence,0,,,0,0,0,Max Planck Institute for Evolutionary Anthropology,False,True,True
PRJEB37660,excluded,age_unknown_no_evidence,0,,,0,0,0,"INSTITUTE OF GENOMICS, UNIVERSITY OF TARTU, ESTONIA; INSTITUTE OF GENOMICS",False,True,True
PRJEB37898,excluded,age_unknown_no_evidence,0,,,0,0,0,Leiden University Medical Center,False,True,True
PRJEB37924,excluded,age_unknown_no_evidence,0,,,0,0,0,Mayo Clinic,False,True,True
PRJEB37995,excluded,age_unknown_no_evidence,0,,,0,0,0,"Section for Evolutionary Genomics, The GLOBE Institute, University of Copenhagen",False,True,True
PRJEB38036,excluded,age_unknown_no_evidence,0,,,0,0,0,CNGB,False,True,True
PRJEB38078,excluded,age_unknown_no_evidence,0,,,0,0,0,MAX PLANCK INSTITUTE FOR DEVELOPMENTAL BIOLOGY,False,True,True
PRJEB38089,excluded,age_unknown_no_evidence,5,Guan Q,Alasmari F,1,0,1,King Abdullah University of Science and Technology,True,True,True
PRJEB38148,excluded,age_unknown_no_evidence,0,,,0,0,0,WASHINGTON UNIVERSITY CENTER FOR GENOME SCIENCES,False,True,True
PRJEB38481,excluded,age_unknown_no_evidence,0,,,0,0,0,Institut National pour la Recherche Agronomique (FRANCE),False,True,True
PRJEB38483,excluded,age_unknown_no_evidence,0,,,0,0,0,Institut National pour la Recherche Agronomique (FRANCE),False,True,True
PRJEB38742,excluded,age_unknown_no_evidence,5,Schroer HW,Bosch DE,1,1,0,Institut National pour la Recherche Agronomique (FRANCE),True,True,True
PRJEB38833,excluded,age_unknown_no_evidence,0,,,0,0,0,Quadram Institute Bioscience,False,True,True
PRJEB38984,excluded,age_unknown_no_evidence,0,,,0,0,0,GOTHENBURG UNIVERISITY,False,True,True
PRJEB38989,excluded,age_unknown_no_evidence,0,,,0,0,0,"Department of Ophthalmology, Inselspital",False,True,True
PRJEB38997,excluded,age_unknown_no_evidence,0,,,0,0,0,"Department of Ophthalmology, Inselspital",False,True,True
PRJEB39023,excluded,age_unknown_no_evidence,11,Song Y,Fricke WF,2,0,2,UNIVERSITY OF HOHENHEIM,True,True,True
PRJEB39038,excluded,age_unknown_no_evidence,0,,,0,0,0,University of California San Diego Microbiome Initiative,False,True,True
PRJEB39247,excluded,age_unknown_no_evidence,0,,,0,0,0,SAHMRI,False,True,True
PRJEB39631,excluded,age_unknown_no_evidence,0,,,0,0,0,FISABIO,False,True,True
PRJEB39632,excluded,age_unknown_no_evidence,0,,,0,0,0,KAROLINSKA INSITUTET,False,True,True
PRJEB39813,excluded,age_unknown_no_evidence,17,Argentini C,Ventura M,1,1,0,NATIONAL UNIVERSITY OF SINGAPORE,True,True,True
PRJEB40094,excluded,age_unknown_no_evidence,0,,,0,0,0,4D Pharma Cork Limited,False,True,True
PRJEB40200,excluded,age_unknown_no_evidence,23,Solé C,Ginès P,1,0,1,Institut National pour la Recherche Agronomique (FRANCE),True,True,True
PRJEB40256,excluded,age_unknown_no_evidence,0,,,0,0,0,universitaetsklinikum tuebingen,False,True,True
PRJEB40590,excluded,age_unknown_no_evidence,0,,,0,0,0,WASHINGTON UNIVERSITY SCHOOL OF MEDICINE,False,True,True
PRJEB40628,excluded,age_unknown_no_evidence,0,,,0,0,0,Peking University Third Hospital,False,True,True
PRJEB40698,excluded,age_unknown_no_evidence,0,,,0,0,0,"INSTITUTE OF GENOMICS, UNIVERSITY OF TARTU, ESTONIA; INSTITUTE OF GENOMICS",False,True,True
PRJEB40960,excluded,age_unknown_no_evidence,0,,,0,0,0,Macalester College,False,True,True
PRJEB41223,excluded,age_unknown_no_evidence,37,de Castilhos J,Stein-Thoeringer CK,2,0,2,"German Cancer Research Center (DKFZ), Heidelberg, Germany; German Cancer Research Center (DKFZ)",True,True,True
PRJEB41240,excluded,age_unknown_no_evidence,13,Seguin-Orlando A,Orlando L,1,0,1,CNRS UMR 5288,True,True,True
PRJEB41311,excluded,age_unknown_no_evidence,57,Forslund SK,Bork P,1,0,1,Institut National pour la Recherche Agronomique (FRANCE),True,True,True
PRJEB41481,excluded,age_unknown_no_evidence,0,,,0,0,0,Microba,False,True,True
PRJEB41539,excluded,age_unknown_no_evidence,0,,,0,0,0,"State Key Laboratory of Cardiovascular Disease, National Center for Cardiovascular Diseases, Fuwai Hospital, Chinese Academy of Medical Sciences and Peking Union Medical College",False,True,True
PRJEB41644,excluded,age_unknown_no_evidence,0,,,0,0,0,Hannover Medical School,False,True,True
PRJEB42057,excluded,age_unknown_no_evidence,0,,,0,0,0,University of Bordeaux,False,True,True
PRJEB42151,excluded,age_unknown_no_evidence,0,,,0,0,0,University of California San Diego Microbiome Initiative,False,True,True
PRJEB42270,excluded,age_unknown_no_evidence,5,Cuscó A,Francino O,1,0,1,"Vetgenomics, S.L",True,True,True
PRJEB42282,excluded,age_unknown_no_evidence,0,,,0,0,0,Center for Advanced Biotechnology and Medicine,False,True,True
PRJEB42304,excluded,age_unknown_no_evidence,12,Jeffery IB,O'Toole PW,1,0,1,4D Pharma Cork Limited,True,True,True
PRJEB42420,excluded,age_unknown_no_evidence,0,,,0,0,0,4D Pharma Cork Limited,False,True,True
PRJEB42999,excluded,age_unknown_no_evidence,0,,,0,0,0,UNIVERSITA' DEGLI STUDI DI FERRARA,False,True,True
PRJEB43044,excluded,age_unknown_no_evidence,0,,,0,0,0,the chinese university of hong kong,False,True,True
PRJEB43167,excluded,age_unknown_no_evidence,0,,,0,0,0,Institute of Agrochemistry and Food Technology - National Research Council (IATA-CSIC),False,True,True
PRJEB43276,excluded,age_unknown_no_evidence,10,de-Dios T,Lalueza-Fox C,1,0,1,UPF-CSIC,True,True,True
PRJEB43291,excluded,age_unknown_no_evidence,0,,,0,0,0,CNRS UMR 5288,False,True,True
PRJEB43389,excluded,age_unknown_no_evidence,0,,,0,0,0,EURAC Research,False,True,True
PRJEB43410,excluded,age_unknown_no_evidence,0,,,0,0,0,Centrum Medyczne Ksztalcenia Podyplomowego,False,True,True
PRJEB43447,excluded,age_unknown_no_evidence,0,,,0,0,0,UNIVERSITY OF HELSINKI,False,True,True
PRJEB43604,excluded,age_unknown_no_evidence,0,,,0,0,0,University Clermont Auvergne,False,True,True
PRJEB43650,excluded,age_unknown_no_evidence,0,,,0,0,0,Centre de Recherche et de Formation en Infectiologie de Guinee,False,True,True
PRJEB4370,excluded,age_unknown_no_evidence,0,,,0,0,0,Washington University in Saint Louis,False,True,True
PRJEB43715,excluded,age_unknown_no_evidence,0,,,0,0,0,Max Planck Institute for Evolutionary Anthropology,False,True,True
PRJEB43969,excluded,age_unknown_no_evidence,0,,,0,0,0,EURAC Research,False,True,True
PRJEB44020,excluded,age_unknown_no_evidence,0,,,0,0,0,WASHINGTON UNIVERSITY CENTER FOR GENOME SCIENCES,False,True,True
PRJEB44119,excluded,age_unknown_no_evidence,12,Ducarmon QR,Kuijper EJ,1,0,1,Leiden University Medical Center,True,True,True
PRJEB44121,excluded,age_unknown_no_evidence,0,,,0,0,0,WASHINGTON UNIVERSITY SCHOOL OF MEDICINE,False,True,True
PRJEB4413,excluded,age_unknown_no_evidence,19,Cotillard A,Ehrlich SD,1,0,1,Institut National pour la Recherche Agronomique (FRANCE),True,True,True
PRJEB44237,excluded,age_unknown_no_evidence,0,,,0,0,0,APC Microbiome Institute,False,True,True
PRJEB44275,excluded,age_unknown_no_evidence,0,,,0,0,0,UMC Utrecht,False,True,True
PRJEB44507,excluded,age_unknown_no_evidence,0,,,0,0,0,EURAC Research,False,True,True
PRJEB44678,excluded,age_unknown_no_evidence,0,,,0,0,0,Western Carolina University,False,True,True
PRJEB44685,excluded,age_unknown_no_evidence,0,,,0,0,0,"Microbiome Science and Biotechnology Unit, University of Bologna; Microbiome Science and Biotechnology Unit",False,True,True
PRJEB44723,excluded,age_unknown_no_evidence,0,,,0,0,0,EURAC Research; EURAC Research | EURAC Research,False,True,True
PRJEB44907,excluded,age_unknown_no_evidence,0,,,0,0,0,fourth military medical university; Fourth Military Medical University,False,True,True
PRJEB45013,excluded,age_unknown_no_evidence,0,,,0,0,0,"INSTITUTE OF GENOMICS, UNIVERSITY OF TARTU, ESTONIA; INSTITUTE OF GENOMICS",False,True,True
PRJEB4530,excluded,age_unknown_no_evidence,0,,,0,0,0,UM; University of Malaya - Malaysia,False,True,True
PRJEB45653,excluded,age_unknown_no_evidence,0,,,0,0,0,Anaerobe Systems,False,True,True
PRJEB45845,excluded,age_unknown_no_evidence,2,Wilson WA,Wachtel H,1,0,1,CINVESTAV,True,True,True
PRJEB45904,excluded,age_unknown_no_evidence,0,,,0,0,0,Quadram Institute,False,True,True
PRJEB45944,excluded,age_unknown_no_evidence,0,,,0,0,0,National Institute for Public Health and the Environment,False,True,True
PRJEB45999,excluded,age_unknown_no_evidence,0,,,0,0,0,EURAC Research,False,True,True
PRJEB46022,excluded,age_unknown_no_evidence,0,,,0,0,0,Max Planck Institute for Evolutionary Anthropology,False,True,True
PRJEB46097,excluded,age_unknown_no_evidence,0,,,0,0,0,"INSTITUTE OF GENOMICS, UNIVERSITY OF TARTU, ESTONIA; INSTITUTE OF GENOMICS",False,True,True
PRJEB46155,excluded,age_unknown_no_evidence,0,,,0,0,0,"INSTITUTE OF GENOMICS, UNIVERSITY OF TARTU, ESTONIA; INSTITUTE OF GENOMICS",False,True,True
PRJEB46212,excluded,age_unknown_no_evidence,0,,,0,0,0,NEIKER-Instituto Vasco de Investigacion y Desarrollo Agrario,False,True,True
PRJEB46357,excluded,age_unknown_no_evidence,0,,,0,0,0,Max Planck Institute for the Science of Human History,False,True,True
PRJEB46374,excluded,age_unknown_no_evidence,0,,,0,0,0,521 Hospital,False,True,True
PRJEB46398,excluded,age_unknown_no_evidence,0,,,0,0,0,"Teagasc Food Research Centre, Ireland; Teagasc Food Research Centre",False,True,True
PRJEB46664,excluded,age_unknown_no_evidence,0,,,0,0,0,Novo Nordisk Foundation Center for Basic Metabolic Research,False,True,True
PRJEB46734,excluded,age_unknown_no_evidence,0,,,0,0,0,Max Planck Institute for Evolutionary Anthropology,False,True,True
PRJEB46777,excluded,age_unknown_no_evidence,13,Rossen NG,Ponsioen CY,1,0,1,European Molecular Biology Laboratory,True,True,True
PRJEB46779,excluded,age_unknown_no_evidence,9,Singh R,Nieuwdorp M,1,0,1,European Molecular Biology Laboratory,True,True,True
PRJEB46780,excluded,age_unknown_no_evidence,0,,,0,0,0,European Molecular Biology Laboratory,False,True,True
PRJEB46960,excluded,age_unknown_no_evidence,0,,,0,0,0,HANYANG UNIVERSITY,False,True,True
PRJEB47061,excluded,age_unknown_no_evidence,0,,,0,0,0,MEDICAL UNIVERSITY GRAZ,False,True,True
PRJEB4707,excluded,age_unknown_no_evidence,0,,,0,0,0,"University College Cork, Ireland; University College Cork",False,True,True
PRJEB47383,excluded,age_unknown_no_evidence,0,,,0,0,0,WEIZMANN INSTITUE OF SCIENCE,False,True,True
PRJEB47459,excluded,age_unknown_no_evidence,0,,,0,0,0,University of California San Diego Microbiome Initiative,False,True,True
PRJEB47532,excluded,age_unknown_no_evidence,0,,,0,0,0,MAX PLANCK INSTITUTE FOR DEVELOPMENTAL BIOLOGY,False,True,True
PRJEB47543,excluded,age_unknown_no_evidence,0,,,0,0,0,MAX PLANCK INSTITUTE FOR DEVELOPMENTAL BIOLOGY,False,True,True
PRJEB47632,excluded,age_unknown_no_evidence,0,,,0,0,0,universitaetsklinikum tuebingen,False,True,True
PRJEB47715,excluded,age_unknown_no_evidence,0,,,0,0,0,EURAC Research,False,True,True
PRJEB47831,excluded,age_unknown_no_evidence,0,,,0,0,0,"INSTITUTE OF GENOMICS, UNIVERSITY OF TARTU, ESTONIA; INSTITUTE OF GENOMICS",False,True,True
PRJEB47902,excluded,age_unknown_no_evidence,26,Van Olden CC,Gerdes VEA,1,0,1,GOTHENBURG UNIVERISITY,True,True,True
PRJEB47976,excluded,age_unknown_no_evidence,0,,,0,0,0,UNIVERSITY HOSPITAL TUEBINGEN,False,True,True
PRJEB48018,excluded,age_unknown_no_evidence,0,,,0,0,0,,False,False,True
PRJEB48166,excluded,age_unknown_no_evidence,0,,,0,0,0,Respiratory Department,False,True,True
PRJEB48656,excluded,age_unknown_no_evidence,0,,,0,0,0,ROBERT KOCH INSTITUT,False,True,True
PRJEB48713,excluded,age_unknown_no_evidence,0,,,0,0,0,European Molecular Biology Laboratory,False,True,True
PRJEB48725,excluded,age_unknown_no_evidence,0,,,0,0,0,XIANYA HOSPITAL,False,True,True
PRJEB48730,excluded,age_unknown_no_evidence,0,,,0,0,0,karolinska institutet; Karolinska Institutet,False,True,True
PRJEB4953,excluded,age_unknown_no_evidence,0,,,0,0,0,Second Genome Inc.,False,True,True
PRJEB49648,excluded,age_unknown_no_evidence,13,Susat J,Krause-Kyora B,1,0,1,Institute of Clinical Molecular Biology (IKMB),True,True,True
PRJEB49942,excluded,age_unknown_no_evidence,0,,,0,0,0,National Bioinformatics Structure of Sweden,False,True,True
PRJEB50306,excluded,age_unknown_no_evidence,0,,,0,0,0,University of California San Diego Microbiome Initiative,False,True,True
PRJEB50368,excluded,age_unknown_no_evidence,0,,,0,0,0,Max Planck Institute for Evolutionary Anthropology,False,True,True
PRJEB50699,excluded,age_unknown_no_evidence,0,,,0,0,0,UNIVERSITY OF NEW SOUTH WALES,False,True,True
PRJEB51099,excluded,age_unknown_no_evidence,0,,,0,0,0,Max Planck Institute for Evolutionary Anthropology,False,True,True
PRJEB51164,excluded,age_unknown_no_evidence,0,,,0,0,0,"University of Oxford, Oxford, England, UK; University of Oxford",False,True,True
PRJEB51408,excluded,age_unknown_no_evidence,0,,,0,0,0,SAHMRI,False,True,True
PRJEB5185,excluded,age_unknown_no_evidence,18,Vázquez-Castellanos JF,Moya A,1,0,1,"Center for Public Health Research, University of Valencia; Center for Public Health Research",True,True,True
PRJEB51879,excluded,age_unknown_no_evidence,0,,,0,0,0,MEDIZNISCHE HOCHSCHULE HANNOER,False,True,True
PRJEB52094,excluded,age_unknown_no_evidence,0,,,0,0,0,nanjing university of information science and technology; Nanjing University of Information Science and Technology,False,True,True
PRJEB52278,excluded,age_unknown_no_evidence,0,,,0,0,0,henan provincial people's hosipital; Henan Provincial People's Hosipital,False,True,True
PRJEB52494,excluded,age_unknown_no_evidence,0,,,0,0,0,Max Planck Institute for Evolutionary Anthropology,False,True,True
PRJEB52680,excluded,age_unknown_no_evidence,0,,,0,0,0,"Key Laboratory of Environmental and Applied Microbiology, CAS",False,True,True
PRJEB52707,excluded,age_unknown_no_evidence,0,,,0,0,0,"INSTITUTE OF GENOMICS, UNIVERSITY OF TARTU, ESTONIA; INSTITUTE OF GENOMICS",False,True,True
PRJEB52877,excluded,age_unknown_no_evidence,0,,,0,0,0,uit the arctic university; UiT The Arctic University,False,True,True
PRJEB52923,excluded,age_unknown_no_evidence,0,,,0,0,0,chalmers university of technology; Chalmers University of Technology,False,True,True
PRJEB52930,excluded,age_unknown_no_evidence,0,,,0,0,0,FRED HUTCHINSON CANCER RESEARCH CENTER,False,True,True
PRJEB53055,excluded,age_unknown_no_evidence,85,Isidro J,Gomes JP,4,0,4,NATIONAL INSTITUTE OF HEALTH DR. RICARDO JORGE,True,True,True
PRJEB53129,excluded,age_unknown_no_evidence,0,,,0,0,0,Public Health Agency of Sweden,False,True,True
PRJEB53198,excluded,age_unknown_no_evidence,0,,,0,0,0,Max Planck Institute for Evolutionary Anthropology,False,True,True
PRJEB53317,excluded,age_unknown_no_evidence,0,,,0,0,0,"ERASMUS MC, UNIVERSITY MEDICAL CENTER; ERASMUS MC",False,True,True
PRJEB53597,excluded,age_unknown_no_evidence,0,,,0,0,0,Wellcome Sanger Institute,False,True,True
PRJEB54031,excluded,age_unknown_no_evidence,0,,,0,0,0,"Key Laboratory of Environmental and Applied Microbiology, CAS",False,True,True
PRJEB5434,excluded,age_unknown_no_evidence,0,,,0,0,0,AARHUS UNIVERSITY,False,True,True
PRJEB54728,excluded,age_unknown_no_evidence,0,,,0,0,0,European Bioinformatics Institute,False,True,True
PRJEB54778,excluded,age_unknown_no_evidence,0,,,0,0,0,noscendo gmbh; Noscendo GmbH,False,True,True
PRJEB54899,excluded,age_unknown_no_evidence,0,,,0,0,0,Max Planck Institute for Evolutionary Anthropology,False,True,True
PRJEB55147,excluded,age_unknown_no_evidence,0,,,0,0,0,Inselspital,False,True,True
PRJEB55149,excluded,age_unknown_no_evidence,0,,,0,0,0,inselspital ophthalmology; Inselspital Ophthalmology,False,True,True
PRJEB55329,excluded,age_unknown_no_evidence,0,,,0,0,0,Korea Research Institute of Standards and Science; Kaohsiung Medical University Hospital,False,True,True
PRJEB55583,excluded,age_unknown_no_evidence,0,,,0,0,0,Max Planck Institute for Evolutionary Anthropology,False,True,True
PRJEB55787,excluded,age_unknown_no_evidence,0,,,0,0,0,inselspital ophthalmology; Inselspital Ophthalmology,False,True,True
PRJEB56081,excluded,age_unknown_no_evidence,0,,,0,0,0,,False,False,True
PRJEB56082,excluded,age_unknown_no_evidence,0,,,0,0,0,inselspital ophthalmology; Inselspital Ophthalmology,False,True,True
PRJEB56264,excluded,age_unknown_no_evidence,0,,,0,0,0,apc microbiome ireland; APC Microbiome Ireland,False,True,True
PRJEB56776,excluded,age_unknown_no_evidence,0,,,0,0,0,Latvian Biomedical Research and Study Centre,False,True,True
PRJEB57404,excluded,age_unknown_no_evidence,0,,,0,0,0,Ewha Womans University,False,True,True
PRJEB5771,excluded,age_unknown_no_evidence,0,,,0,0,0,"Center for Public Health Research, University of Valencia; Center for Public Health Research",False,True,True
PRJEB57952,excluded,age_unknown_no_evidence,0,,,0,0,0,Quadram Institute Bioscience,False,True,True
PRJEB57953,excluded,age_unknown_no_evidence,0,,,0,0,0,Quadram Institute Bioscience,False,True,True
PRJEB58436,excluded,age_unknown_no_evidence,0,,,0,0,0,universitaetsklinikum tuebingen,False,True,True
PRJEB58441,excluded,age_unknown_no_evidence,0,,,0,0,0,"Centre for Genomic Epidemiology, National Food Institute, Technical University of Denmark (DTU), Denmark; Centre for Genomic Epidemiology",False,True,True
PRJEB58815,excluded,age_unknown_no_evidence,0,,,0,0,0,UMR 1137 IAME,False,True,True
PRJEB58864,excluded,age_unknown_no_evidence,0,,,0,0,0,apc microbiome ireland; APC Microbiome Ireland,False,True,True
PRJEB59119,excluded,age_unknown_no_evidence,0,,,0,0,0,"Centre for Genomic Epidemiology, National Food Institute, Technical University of Denmark (DTU), Denmark; Centre for Genomic Epidemiology",False,True,True
PRJEB59233,excluded,age_unknown_no_evidence,0,,,0,0,0,CNRS UMR 5288,False,True,True
PRJEB59350,excluded,age_unknown_no_evidence,9,Duru IC,Auvinen P,2,0,2,"Institute of Biotechnology, University of Helsinki",True,True,True
PRJEB59976,excluded,age_unknown_no_evidence,0,,,0,0,0,"INSTITUTE OF GENOMICS, UNIVERSITY OF TARTU, ESTONIA; INSTITUTE OF GENOMICS",False,True,True
PRJEB60072,excluded,age_unknown_no_evidence,0,,,0,0,0,Latvian Biomedical Research and Study Centre,False,True,True
PRJEB60099,excluded,age_unknown_no_evidence,0,,,0,0,0,,False,False,True
PRJEB6045,excluded,age_unknown_no_evidence,0,,,0,0,0,WARWICK UNIVERSITY,False,True,True
PRJEB60692,excluded,age_unknown_no_evidence,0,,,0,0,0,gdansk university of physical education and sport; Gdansk University of Physical Education and Sport,False,True,True
PRJEB60914,excluded,age_unknown_no_evidence,15,Yip AYG,McDonald JAK,1,0,1,IMPERIAL COLLEGE LONDON,True,True,True
PRJEB6092,excluded,age_unknown_no_evidence,17,Argentini C,Ventura M,1,1,0,UNIVERSITY OF SYDNEY,True,True,True
PRJEB61070,excluded,age_unknown_no_evidence,0,,,0,0,0,Max Planck Institute for Evolutionary Anthropology,False,True,True
PRJEB61096,excluded,age_unknown_no_evidence,0,,,0,0,0,Max Planck Institute for Evolutionary Anthropology,False,True,True
PRJEB61251,excluded,age_unknown_no_evidence,0,,,0,0,0,GWANGJU INSTITUTE OF SCIENCE & TECHNOLOGY,False,True,True
PRJEB61276,excluded,age_unknown_no_evidence,0,,,0,0,0,Institute of Clinical Molecular Biology (IKMB),False,True,True
PRJEB61325,excluded,age_unknown_no_evidence,0,,,0,0,0,Leiden University Medical Center,False,True,True
PRJEB61887,excluded,age_unknown_no_evidence,0,,,0,0,0,Max Planck Institute for Evolutionary Anthropology,False,True,True
PRJEB62460,excluded,age_unknown_no_evidence,0,,,0,0,0,University of California San Diego Microbiome Initiative,False,True,True
PRJEB62463,excluded,age_unknown_no_evidence,0,,,0,0,0,GOTHENBURG UNIVERISITY,False,True,True
PRJEB62780,excluded,age_unknown_no_evidence,0,,,0,0,0,"University of Oxford, Oxford, England, UK; University of Oxford",False,True,True
PRJEB62879,excluded,age_unknown_no_evidence,32,Barquera R,Bos KI,1,0,1,Max Planck Institute for Evolutionary Anthropology,True,True,True
PRJEB63329,excluded,age_unknown_no_evidence,0,,,0,0,0,ihu mediterranee infection; IHU Mediterranee infection,False,True,True
PRJEB63546,excluded,age_unknown_no_evidence,0,,,0,0,0,Macalester College,False,True,True
PRJEB64019,excluded,age_unknown_no_evidence,0,,,0,0,0,The French Research Institute for Exploitation of the Sea,False,True,True
PRJEB64347,excluded,age_unknown_no_evidence,0,,,0,0,0,"University of Oxford, Oxford, England, UK; University of Oxford",False,True,True
PRJEB64401,excluded,age_unknown_no_evidence,0,,,0,0,0,FRAUNHOFER IGB,False,True,True
PRJEB64640,excluded,age_unknown_no_evidence,0,,,0,0,0,Francis Crick Institute,False,True,True
PRJEB64861,excluded,age_unknown_no_evidence,0,,,0,0,0,the weizmann institute of science; The Weizmann Institute of Science,False,True,True
PRJEB65368,excluded,age_unknown_no_evidence,0,,,0,0,0,Hannover Medical School,False,True,True
PRJEB65418,excluded,age_unknown_no_evidence,0,,,0,0,0,UNIVERSITY OF HELSINKI,False,True,True
PRJEB66169,excluded,age_unknown_no_evidence,16,Romeyer-Dherbey JH,Krause-Kyora B,1,0,1,Institute of Clinical Molecular Biology (IKMB),True,True,True
PRJEB67363,excluded,age_unknown_no_evidence,0,,,0,0,0,University of Rome Tor Vergata,False,True,True
PRJEB70768,excluded,age_unknown_no_evidence,0,,,0,0,0,"INSTITUTE OF GENOMICS, UNIVERSITY OF TARTU, ESTONIA; INSTITUTE OF GENOMICS",False,True,True
PRJEB70916,excluded,age_unknown_no_evidence,0,,,0,0,0,INSERM U955,False,True,True
PRJEB72212,excluded,age_unknown_no_evidence,0,,,0,0,0,Medicalu university of graz,False,True,True
PRJEB72433,excluded,age_unknown_no_evidence,0,,,0,0,0,University of Antwerp,False,True,True
PRJEB72531,excluded,age_unknown_no_evidence,18,Ni Lochlainn M,Steves CJ,1,0,1,Cmbio,True,True,True
PRJEB7369,excluded,age_unknown_no_evidence,0,,,0,0,0,UNIVERSITY OF GOTHENBURG,False,True,True
PRJEB74042,excluded,age_unknown_no_evidence,0,,,0,0,0,ZOE Limited,False,True,True
PRJEB74248,excluded,age_unknown_no_evidence,0,,,0,0,0,,False,False,True
PRJEB74426,excluded,age_unknown_no_evidence,0,,,0,0,0,01life,False,True,True
PRJEB74773,excluded,age_unknown_no_evidence,0,,,0,0,0,,False,False,True
PRJEB74775,excluded,age_unknown_no_evidence,0,,,0,0,0,,False,False,True
PRJEB74776,excluded,age_unknown_no_evidence,0,,,0,0,0,,False,False,True
PRJEB75353,excluded,age_unknown_no_evidence,0,,,0,0,0,Leiden University Medical Center,False,True,True
PRJEB75405,excluded,age_unknown_no_evidence,0,,,0,0,0,Lausanne University Hospital,False,True,True
PRJEB75433,excluded,age_unknown_no_evidence,0,,,0,0,0,"Institute of Human Genetics and Pathology, University Hospital Basel; Institute of Human Genetics and Pathology",False,True,True
PRJEB75683,excluded,age_unknown_no_evidence,0,,,0,0,0,European Bioinformatics Institute,False,True,True
PRJEB75807,excluded,age_unknown_no_evidence,0,,,0,0,0,University Medical Center Utrecht,False,True,True
PRJEB7604,excluded,age_unknown_no_evidence,0,,,0,0,0,"Colorado Center for Microbial Ecology, University of Colorado at Boulder; Colorado Center for Microbial Ecology",False,True,True
PRJEB7615,excluded,age_unknown_no_evidence,0,,,0,0,0,Wellcome Sanger Institute; WASHINGTON UNIVERSITY SCHOOL OF MEDICINE,False,True,True
PRJEB76262,excluded,age_unknown_no_evidence,0,,,0,0,0,"INSTITUTE OF GENOMICS, UNIVERSITY OF TARTU, ESTONIA; INSTITUTE OF GENOMICS",False,True,True
PRJEB76829,excluded,age_unknown_no_evidence,0,,,0,0,0,"INSTITUTE OF GENOMICS, UNIVERSITY OF TARTU, ESTONIA; INSTITUTE OF GENOMICS",False,True,True
PRJEB76994,excluded,age_unknown_no_evidence,0,,,0,0,0,Institute of Agrochemistry and Food Technology,False,True,True
PRJEB77105,excluded,age_unknown_no_evidence,0,,,0,0,0,Wallenberg Laboratory,False,True,True
PRJEB7744,excluded,age_unknown_no_evidence,0,,,0,0,0,"Colorado Center for Microbial Ecology, University of Colorado at Boulder; Colorado Center for Microbial Ecology",False,True,True
PRJEB7772,excluded,age_unknown_no_evidence,20,Norman JM,Virgin HW,1,0,1,WASHINGTON UNIVERSITY SCHOOL OF MEDICINE,True,True,True
PRJEB7825,excluded,age_unknown_no_evidence,0,,,0,0,0,"Colorado Center for Microbial Ecology, University of Colorado at Boulder; Colorado Center for Microbial Ecology",False,True,True
PRJEB7843,excluded,age_unknown_no_evidence,0,,,0,0,0,NUST,False,True,True
PRJEB78503,excluded,age_unknown_no_evidence,0,,,0,0,0,Paris Brain Institute,False,True,True
PRJEB78709,excluded,age_unknown_no_evidence,0,,,0,0,0,"University of Oxford, Oxford, England, UK; University of Oxford",False,True,True
PRJEB7899,excluded,age_unknown_no_evidence,0,,,0,0,0,"Cardiff University, School of Biosciences; Cardiff University",False,True,True
PRJEB79034,excluded,age_unknown_no_evidence,0,,,0,0,0,Latvian Biomedical Research and Study Centre,False,True,True
PRJEB79246,excluded,age_unknown_no_evidence,0,,,0,0,0,"Institute of Molecular Genetics and Genetic Engineering, University of Belgrade",False,True,True
PRJEB79468,excluded,age_unknown_no_evidence,0,,,0,0,0,"INSTITUTE OF GENOMICS, UNIVERSITY OF TARTU, ESTONIA; INSTITUTE OF GENOMICS",False,True,True
PRJEB79566,excluded,age_unknown_no_evidence,0,,,0,0,0,Latvian Biomedical Research and Study Centre,False,True,True
PRJEB79921,excluded,age_unknown_no_evidence,0,,,0,0,0,Max Planck Institute for Evolutionary Anthropology,False,True,True
PRJEB80512,excluded,age_unknown_no_evidence,0,,,0,0,0,"UNIVERSITY OF TECHNOLOGY, SYDNEY",False,True,True
PRJEB80740,excluded,age_unknown_no_evidence,0,,,0,0,0,"INSTITUTE OF GENOMICS, UNIVERSITY OF TARTU, ESTONIA; INSTITUTE OF GENOMICS",False,True,True
PRJEB81237,excluded,age_unknown_no_evidence,0,,,0,0,0,sothern medical university; Sothern Medical University,False,True,True
PRJEB81291,excluded,age_unknown_no_evidence,0,,,0,0,0,"University of Birmingham, UK; University of Birmingham",False,True,True
PRJEB81413,excluded,age_unknown_no_evidence,0,,,0,0,0,University of Oxford,False,True,True
PRJEB81970,excluded,age_unknown_no_evidence,0,,,0,0,0,Max Planck Institute for Evolutionary Anthropology,False,True,True
PRJEB8245,excluded,age_unknown_no_evidence,0,,,0,0,0,Chalmers University of Technology,False,True,True
PRJEB8249,excluded,age_unknown_no_evidence,0,,,0,0,0,Chalmers University of Technology,False,True,True
PRJEB8320,excluded,age_unknown_no_evidence,0,,,0,0,0,Fundacio Parc Tauli,False,True,True
PRJEB83283,excluded,age_unknown_no_evidence,0,,,0,0,0,imperial college london; Imperial College London,False,True,True
PRJEB84038,excluded,age_unknown_no_evidence,0,,,0,0,0,Max Planck Institute for Evolutionary Anthropology,False,True,True
PRJEB84128,excluded,age_unknown_no_evidence,0,,,0,0,0,Complexo Hospitalario Universitario de Vigo,False,True,True
PRJEB84914,excluded,age_unknown_no_evidence,0,,,0,0,0,Globe Institute,False,True,True
PRJEB85717,excluded,age_unknown_no_evidence,0,,,0,0,0,UNIVERSITY HOSPITAL TUEBINGEN,False,True,True
PRJEB85867,excluded,age_unknown_no_evidence,0,,,0,0,0,amsterdam university medical center - location amc; Amsterdam University Medical Center - Location AMC,False,True,True
PRJEB85985,excluded,age_unknown_no_evidence,0,,,0,0,0,MAX PLANCK INSTITUTE FOR BIOLOGY TUEBINGEN,False,True,True
PRJEB86263,excluded,age_unknown_no_evidence,18,Liwinski T,Fuss J,1,0,1,University Medical Center Hamburg-Eppendorf,True,True,True
PRJEB86785,excluded,age_unknown_no_evidence,0,,,0,0,0,OXFORD UNIVERSITY,False,True,True
PRJEB86841,excluded,age_unknown_no_evidence,0,,,0,0,0,Wellcome Sanger Institute,False,True,True
PRJEB86881,excluded,age_unknown_no_evidence,0,,,0,0,0,UNIVERSITY OF LIVERPOOL,False,True,True
PRJEB87348,excluded,age_unknown_no_evidence,7,Park JW,Kim MS,1,0,1,Chungnam National University,True,True,True
PRJEB87529,excluded,age_unknown_no_evidence,0,,,0,0,0,Globe Institute,False,True,True
PRJEB87602,excluded,age_unknown_no_evidence,14,Bruggeling CE,Boleij A,1,0,1,Radboud University Medical Center,True,True,True
PRJEB87615,excluded,age_unknown_no_evidence,0,,,0,0,0,Institute of Sience Tokyo,False,True,True
PRJEB87654,excluded,age_unknown_no_evidence,0,,,0,0,0,uit the arctic university; UiT The Arctic University,False,True,True
PRJEB87865,excluded,age_unknown_no_evidence,0,,,0,0,0,Cmbio,False,True,True
PRJEB88212,excluded,age_unknown_no_evidence,0,,,0,0,0,NORWEGIAN INSTITUTE OF PUBLIC HEALTH,False,True,True
PRJEB88222,excluded,age_unknown_no_evidence,0,,,0,0,0,"Trinity College Dublin, Republic of Ireland; Trinity College Dublin",False,True,True
PRJEB88674,excluded,age_unknown_no_evidence,0,,,0,0,0,Universite catholique de Louvain,False,True,True
PRJEB88970,excluded,age_unknown_no_evidence,0,,,0,0,0,Max Planck Institute for Evolutionary Anthropology,False,True,True
PRJEB88996,excluded,age_unknown_no_evidence,0,,,0,0,0,Max Planck Institute for Evolutionary Anthropology,False,True,True
PRJEB89174,excluded,age_unknown_no_evidence,0,,,0,0,0,"Institute of Human Genetics and Pathology, University Hospital Basel; Institute of Human Genetics and Pathology",False,True,True
PRJEB89526,excluded,age_unknown_no_evidence,0,,,0,0,0,"School of Science, Monash University Malaysia; School of Science",False,True,True
PRJEB89881,excluded,age_unknown_no_evidence,0,,,0,0,0,Assistance Publique Hopitaux de Paris,False,True,True
PRJEB90027,excluded,age_unknown_no_evidence,0,,,0,0,0,MEDICAL UNIVERSITY GRAZ,False,True,True
PRJEB9021,excluded,site_excluded,66,Allentoft ME,Willerslev E,1,0,1,Technical University of Denmark,True,True,True
PRJEB90858,excluded,age_unknown_no_evidence,0,,,0,0,0,"Institute for tropical medicine, university hospital tuebingen, tuebingen; Institute for Tropical Medicine, University Hospital Tuebingen, Tuebingen",False,True,True
PRJEB91208,excluded,age_unknown_no_evidence,0,,,0,0,0,NATIONAL INSTITUTE OF HEALTH DR. RICARDO JORGE,False,True,True
PRJEB91735,excluded,age_unknown_no_evidence,0,,,0,0,0,EURAC Research,False,True,True
PRJEB9386,excluded,age_unknown_no_evidence,0,,,0,0,0,"IKMB, UNIVERSITY OF KIEL",False,True,True
PRJEB93932,excluded,age_unknown_no_evidence,0,,,0,0,0,Korea Institute of Science and Technology,False,True,True
PRJEB95107,excluded,age_unknown_no_evidence,0,,,0,0,0,Sciensano,False,True,True
PRJEB95899,excluded,age_unknown_no_evidence,0,,,0,0,0,Universidad del Rosario,False,True,True
PRJEB96013,excluded,age_unknown_no_evidence,0,,,0,0,0,European Bioinformatics Institute,False,True,True
PRJEB96177,excluded,age_unknown_no_evidence,0,,,0,0,0,Hannover Medical School,False,True,True
PRJEB96399,excluded,age_unknown_no_evidence,0,,,0,0,0,Wallenberg laboratory,False,True,True
PRJEB96845,excluded,age_unknown_no_evidence,0,,,0,0,0,Moissl-Eichinger Lab Graz,False,True,True
PRJEB97400,excluded,age_unknown_no_evidence,0,,,0,0,0,"INSTITUTE OF GENOMICS, UNIVERSITY OF TARTU, ESTONIA; INSTITUTE OF GENOMICS",False,True,True
PRJEB97939,excluded,age_unknown_no_evidence,0,,,0,0,0,"Department of Ophthalmology, Inselspital",False,True,True
PRJEB98356,excluded,age_unknown_no_evidence,0,,,0,0,0,Guys & St Thomas' Hospital,False,True,True
PRJEB98467,excluded,age_unknown_no_evidence,0,,,0,0,0,"Department of Twin Research, Ageing and Genetic Epidemiology, King's College London; Department of Twin Research and Genetic Epidemiology",False,True,True
PRJEB98607,excluded,age_unknown_no_evidence,0,,,0,0,0,Wellcome Sanger Institute,False,True,True
PRJNA1000186,excluded,age_unknown_no_evidence,0,,,0,0,0,University of Alberta,False,True,True
PRJNA1000238,excluded,age_unknown_no_evidence,0,,,0,0,0,First Affiliated Hospital of Sun Yat-sen University,False,True,True
PRJNA1000261,excluded,age_unknown_no_evidence,0,,,0,0,0,ETH Zurich,False,True,True
PRJNA1000281,excluded,age_unknown_no_evidence,0,,,0,0,0,Karolinska Institutet,False,True,True
PRJNA1000648,excluded,age_unknown_no_evidence,0,,,0,0,0,"Vision Medicals Co., Ltd.",False,True,True
PRJNA1001934,excluded,age_unknown_no_evidence,0,,,0,0,0,Cornell University,False,True,True
PRJNA1001944,excluded,age_unknown_no_evidence,0,,,0,0,0,Centrum Onkologii-Instytut im. Marii Sklodowskiej-Curie,False,True,True
PRJNA1002114,excluded,age_unknown_no_evidence,12,Liu B,Zhou M,1,0,1,Ruijin Hospital,True,True,True
PRJNA1002235,excluded,age_unknown_no_evidence,0,,,0,0,0,SANPROBI sp. z o.o. sp. k.,False,True,True
PRJNA1002412,excluded,age_unknown_no_evidence,0,,,0,0,0,University of Chicago,False,True,True
PRJNA1002577,excluded,age_unknown_no_evidence,0,,,0,0,0,University of North Carolina at Charlotte,False,True,True
PRJNA1002887,excluded,age_unknown_no_evidence,0,,,0,0,0,Nanjing University,False,True,True
PRJNA1004259,excluded,age_unknown_no_evidence,12,Kwasiborski A,Caro V,1,0,1,Institut Pasteur,True,True,True
PRJNA1004743,excluded,age_unknown_no_evidence,0,,,0,0,0,Jilin Agricultural University,False,True,True
PRJNA1005597,excluded,age_unknown_no_evidence,11,Zhao Q,Zhang W,1,0,1,Jiangsu University,True,True,True
PRJNA1006039,excluded,age_unknown_no_evidence,0,,,0,0,0,Massachusetts Institute of Technology; MIT-BMC,False,True,True
PRJNA1006089,excluded,age_unknown_no_evidence,0,,,0,0,0,Jiangnan University,False,True,True
PRJNA1006738,excluded,age_unknown_no_evidence,0,,,0,0,0,University at Buffalo,False,True,True
PRJNA1007398,excluded,age_unknown_no_evidence,0,,,0,0,0,,False,False,True
PRJNA1007579,excluded,age_unknown_no_evidence,0,,,0,0,0,China Astronaut Research and Training Center,False,True,True
PRJNA1008138,excluded,age_unknown_no_evidence,0,,,0,0,0,Emory University,False,True,True
PRJNA1008639,excluded,age_unknown_no_evidence,0,,,0,0,0,Hubei University of Arts and Sciences,False,True,True
PRJNA1010193,excluded,age_unknown_no_evidence,0,,,0,0,0,University of Pennsylvania,False,True,True
PRJNA1010809,excluded,age_unknown_no_evidence,5,Wang Q,Xie H,2,0,2,Meharry Medical College,True,True,True
PRJNA1010993,excluded,age_unknown_no_evidence,0,,,0,0,0,"Insititute of Oral Biology, Univeristy of Oslo",False,True,True
PRJNA1011517,excluded,age_unknown_no_evidence,0,,,0,0,0,College of Animal Science and Technology,False,True,True
PRJNA1012329,excluded,age_unknown_no_evidence,0,,,0,0,0,Icahn School of Medicine at Mount Sinai,False,True,True
PRJNA1012892,excluded,age_unknown_no_evidence,0,,,0,0,0,Lanzhou Unversity,False,True,True
PRJNA1013128,excluded,age_unknown_no_evidence,0,,,0,0,0,Shanghai Jiao Tong University School of Medicine,False,True,True
PRJNA1013332,excluded,age_unknown_no_evidence,9,Nothias L-F,Ternes P,1,0,1,BASF Metabolome Solutions GmbH,True,True,True
PRJNA1013618,excluded,age_unknown_no_evidence,0,,,0,0,0,Shanghai Jiao Tong University School of Medicine,False,True,True
PRJNA1014500,excluded,age_unknown_no_evidence,0,,,0,0,0,"Xiangya Hospital, Central South University",False,True,True
PRJNA1016439,excluded,age_unknown_no_evidence,0,,,0,0,0,Mayo Clinic,False,True,True
PRJNA1017160,excluded,age_unknown_no_evidence,0,,,0,0,0,Genoxor Medicial&Science Technology,False,True,True
PRJNA1018099,excluded,age_unknown_no_evidence,5,Tansirichaiya S,Al-Haroni M,1,0,1,"Faculty of Medicine Siriraj Hospital, Mahidol University",True,True,True
PRJNA1018443,excluded,age_unknown_no_evidence,0,,,0,0,0,Tongji Hospital of Tongji Medical College,False,True,True
PRJNA1018588,excluded,age_unknown_no_evidence,0,,,0,0,0,Northern Arizona University,False,True,True
PRJNA1019122,excluded,age_unknown_no_evidence,0,,,0,0,0,University of California San Francisco,False,True,True
PRJNA1019394,excluded,age_unknown_no_evidence,0,,,0,0,0,Beijing macro&micro-test Bio-Tech Co.Ltd,False,True,True
PRJNA1019400,excluded,age_unknown_no_evidence,0,,,0,0,0,Massachusetts General Hospital,False,True,True
PRJNA1019506,excluded,age_unknown_no_evidence,0,,,0,0,0,University of Science and Technology Beijing,False,True,True
PRJNA1019507,excluded,age_unknown_no_evidence,0,,,0,0,0,Baoji Traditional Chinese Medicine Hospital,False,True,True
PRJNA1020393,excluded,age_unknown_no_evidence,0,,,0,0,0,Orebro University Hopsital,False,True,True
PRJNA1020557,excluded,age_unknown_no_evidence,0,,,0,0,0,Advanced Enzymes,False,True,True
PRJNA1020650,excluded,age_unknown_no_evidence,8,Kumari KS,Subudhi E,1,0,1,Siksha 'O' Anusandhan (Deemed to be University),True,True,True
PRJNA1021007,excluded,age_unknown_no_evidence,0,,,0,0,0,Genoxor Medicial&Science Technology,False,True,True
PRJNA1021328,excluded,age_unknown_no_evidence,0,,,0,0,0,GUANGDONG PROVINCIAL HOSPITAL OF CHINESE MEDICINE,False,True,True
PRJNA1021363,excluded,age_unknown_no_evidence,0,,,0,0,0,"Hangzhou Matridx Biotechnology Co., Ltd",False,True,True
PRJNA1021775,excluded,age_unknown_no_evidence,0,,,0,0,0,Harrison International Peace Hospital,False,True,True
PRJNA1022832,excluded,age_unknown_no_evidence,0,,,0,0,0,Department of Respiratory Medicine,False,True,True
PRJNA1023304,excluded,age_unknown_no_evidence,0,,,0,0,0,MD Anderson Cancer Center,False,True,True
PRJNA1023524,excluded,age_unknown_no_evidence,0,,,0,0,0,Pennsylvania State University,False,True,True
PRJNA1023559,excluded,age_unknown_no_evidence,0,,,0,0,0,Advanced Enzyme Technologies Ltd.,False,True,True
PRJNA1023737,excluded,age_unknown_no_evidence,0,,,0,0,0,Quadram Institute Bioscience,False,True,True
PRJNA1023797,excluded,age_unknown_no_evidence,0,,,0,0,0,University of Trieste,False,True,True
PRJNA1023929,excluded,age_unknown_no_evidence,0,,,0,0,0,Loyola University Chicago,False,True,True
PRJNA1024544,excluded,age_unknown_no_evidence,0,,,0,0,0,University Of British Columbia,False,True,True
PRJNA1024678,excluded,age_unknown_no_evidence,0,,,0,0,0,Central South University,False,True,True
PRJNA1024947,excluded,age_unknown_no_evidence,0,,,0,0,0,National Institute of Public Health Research INSPI-Ecuador,False,True,True
PRJNA1025870,excluded,age_unknown_no_evidence,8,Yan J,Yang Y,1,1,0,"The First Medical Center, Chinese PLA General Hospital",True,True,True
PRJNA1025963,excluded,age_unknown_no_evidence,0,,,0,0,0,First Affiliated Hospital of Xinjiang Medical University,False,True,True
PRJNA1026487,excluded,age_unknown_no_evidence,0,,,0,0,0,NIIMBL NGS study 1; NIIMBL HTS collaborative study group,False,True,True
PRJNA1026631,excluded,age_unknown_no_evidence,0,,,0,0,0,Loyola University Chicago,False,True,True
PRJNA1027101,excluded,age_unknown_no_evidence,0,,,0,0,0,Orebro University Hopsital,False,True,True
PRJNA1027136,excluded,age_unknown_no_evidence,0,,,0,0,0,Huzhou University,False,True,True
PRJNA1027357,excluded,age_unknown_no_evidence,0,,,0,0,0,Harvard T.H. Chan School of Public Health,False,True,True
PRJNA1027997,excluded,age_unknown_no_evidence,0,,,0,0,0,UNIVERSITY OF CAPE COAST,False,True,True
PRJNA1028158,excluded,age_unknown_no_evidence,0,,,0,0,0,Guangxi Medical University Cancer Hospital,False,True,True
PRJNA1028672,excluded,age_unknown_no_evidence,0,,,0,0,0,"Shanghai Jiao Tong University, School of Medicine",False,True,True
PRJNA1029540,excluded,age_unknown_no_evidence,0,,,0,0,0,Ruijin Hospital affiliated to Shanghai Jiao Tong University School of Medicine,False,True,True
PRJNA1030438,excluded,age_unknown_no_evidence,0,,,0,0,0,The Peter Doherty Institute,False,True,True
PRJNA1030928,excluded,age_unknown_no_evidence,0,,,0,0,0,Nanjing University,False,True,True
PRJNA1031000,excluded,age_unknown_no_evidence,0,,,0,0,0,Tianjin Nankai Hospital,False,True,True
PRJNA1031139,excluded,age_unknown_no_evidence,0,,,0,0,0,Pennsylvania State University,False,True,True
PRJNA1031801,excluded,age_unknown_no_evidence,0,,,0,0,0,shihezi university,False,True,True
PRJNA1032029,excluded,age_unknown_no_evidence,0,,,0,0,0,NIH,False,True,True
PRJNA1032163,excluded,age_unknown_no_evidence,0,,,0,0,0,Jiangsu Center for Disease Control and Prevention,False,True,True
PRJNA1032395,excluded,age_unknown_no_evidence,0,,,0,0,0,Vidya Herbs,False,True,True
PRJNA1032846,excluded,age_unknown_no_evidence,0,,,0,0,0,Jilin Agricultural University,False,True,True
PRJNA1033798,excluded,age_unknown_no_evidence,0,,,0,0,0,The First Affiliated Hospital of Guangzhou Medical University,False,True,True
PRJNA1034076,excluded,age_unknown_no_evidence,0,,,0,0,0,"West China School of Public Health and West China Fourth Hospital, Sichuan University",False,True,True
PRJNA1034233,excluded,age_unknown_no_evidence,0,,,0,0,0,Kagoshima University,False,True,True
PRJNA1034292,excluded,age_unknown_no_evidence,0,,,0,0,0,Systems Biology Laboratory,False,True,True
PRJNA1035431,excluded,age_unknown_no_evidence,0,,,0,0,0,University Medical Center Groningen (UMCG),False,True,True
PRJNA1035451,excluded,age_unknown_no_evidence,0,,,0,0,0,Vidya Herbs,False,True,True
PRJNA1035800,excluded,age_unknown_no_evidence,0,,,0,0,0,National Institute of Biotechnology,False,True,True
PRJNA1035987,excluded,age_unknown_no_evidence,0,,,0,0,0,Yangzhou University,False,True,True
PRJNA1035988,excluded,age_unknown_no_evidence,0,,,0,0,0,Faculty of Dentistry Universitas Indonesia,False,True,True
PRJNA1036216,excluded,age_unknown_no_evidence,0,,,0,0,0,Kyung Hee University Hospital,False,True,True
PRJNA1037706,excluded,age_unknown_no_evidence,0,,,0,0,0,"The Affiliated Changsha Central Hospital,Hengyang Medical School ,University of south China",False,True,True
PRJNA1039556,excluded,age_unknown_no_evidence,0,,,0,0,0,National Health Research Institutes,False,True,True
PRJNA1039990,excluded,age_unknown_no_evidence,0,,,0,0,0,Chinese Academy of Sciences,False,True,True
PRJNA1040852,excluded,age_unknown_no_evidence,8,Zhou W,Oh J,1,0,1,the Jackson Laboratory,True,True,True
PRJNA1042648,excluded,age_unknown_no_evidence,0,,,0,0,0,University of Trieste,False,True,True
PRJNA1042839,excluded,age_unknown_no_evidence,0,,,0,0,0,Tianjin Medical University General Hospital,False,True,True
PRJNA1042925,excluded,age_unknown_no_evidence,0,,,0,0,0,"Shenzhen XBiome Biotech Co., Ltd.",False,True,True
PRJNA1043599,excluded,age_unknown_no_evidence,0,,,0,0,0,Shanghai East Hospital,False,True,True
PRJNA1043691,excluded,age_unknown_no_evidence,0,,,0,0,0,CosmosID,False,True,True
PRJNA1043851,excluded,age_unknown_no_evidence,0,,,0,0,0,Zhengzhou University,False,True,True
PRJNA1045299,excluded,age_unknown_no_evidence,0,,,0,0,0,Anhui Medical University,False,True,True
PRJNA1045616,excluded,age_unknown_no_evidence,0,,,0,0,0,Faculty of Applied Science - University of Campinas,False,True,True
PRJNA1045629,excluded,age_unknown_no_evidence,0,,,0,0,0,Cargill,False,True,True
PRJNA1045726,excluded,age_unknown_no_evidence,0,,,0,0,0,The third people's hospital of Chengdu,False,True,True
PRJNA1045967,excluded,age_unknown_no_evidence,0,,,0,0,0,University of Science and Technology of China,False,True,True
PRJNA1046288,excluded,age_unknown_no_evidence,0,,,0,0,0,"Insititute of Oral Biology, Univeristy of Oslo",False,True,True
PRJNA1046298,excluded,age_unknown_no_evidence,0,,,0,0,0,Leucine Rich Bio Pvt Ltd,False,True,True
PRJNA1046665,excluded,age_unknown_no_evidence,0,,,0,0,0,Zhejiang Gongshang University,False,True,True
PRJNA1047028,excluded,age_unknown_no_evidence,0,,,0,0,0,University of Parma,False,True,True
PRJNA1048156,excluded,age_unknown_no_evidence,0,,,0,0,0,Tianjin Medical University General Hospital,False,True,True
PRJNA1048637,excluded,age_unknown_no_evidence,0,,,0,0,0,"Guangzhou Chest Hospital, Non-Tuberculous Mycobacterial Disease Diagnosis and Treatment Center, Guan",False,True,True
PRJNA1048723,excluded,age_unknown_no_evidence,0,,,0,0,0,South China University of Technology,False,True,True
PRJNA1049329,excluded,age_unknown_no_evidence,5,Cornu Hewitt B,Smit LAM,1,0,1,Utrecht University,True,True,True
PRJNA1049662,excluded,age_unknown_no_evidence,0,,,0,0,0,Capital medical university,False,True,True
PRJNA1050019,excluded,age_unknown_no_evidence,0,,,0,0,0,Shengjing Hospital of China Medical University,False,True,True
PRJNA1050270,excluded,age_unknown_no_evidence,0,,,0,0,0,Los Angeles County Public Health Lab microbial pathogen submission group,False,True,True
PRJNA1050658,excluded,age_unknown_no_evidence,0,,,0,0,0,Shantou University Medical College,False,True,True
PRJNA1050885,excluded,age_unknown_no_evidence,0,,,0,0,0,Tarbiat Modares University,False,True,True
PRJNA1050903,excluded,age_unknown_no_evidence,0,,,0,0,0,Quadram Institute Bioscience,False,True,True
PRJNA1051816,excluded,age_unknown_no_evidence,0,,,0,0,0,Tianjin Medical University General Hospital,False,True,True
PRJNA1052084,excluded,age_unknown_no_evidence,6,Baker JS,Lieberman TD,2,0,2,Massachusetts Institute of Technology,True,True,True
PRJNA1052360,excluded,age_unknown_no_evidence,0,,,0,0,0,"Hangzhou Matridx Biotechnology Co., Ltd.",False,True,True
PRJNA1053868,excluded,age_unknown_no_evidence,0,,,0,0,0,Guangdong Pharmaceutical University,False,True,True
PRJNA1054086,excluded,age_unknown_no_evidence,0,,,0,0,0,Centers for Disease Control and Prevention,False,True,True
PRJNA1054290,excluded,age_unknown_no_evidence,0,,,0,0,0,Capital medical university,False,True,True
PRJNA1054643,excluded,age_unknown_no_evidence,0,,,0,0,0,Kyungpook National University,False,True,True
PRJNA1055136,excluded,age_unknown_no_evidence,0,,,0,0,0,Cincinnati Children's Hospital Medical Center,False,True,True
PRJNA1055191,excluded,age_unknown_no_evidence,0,,,0,0,0,Ocean University of China,False,True,True
PRJNA1055300,excluded,age_unknown_no_evidence,0,,,0,0,0,"Guangdong Meilikang Bio-Science Ltd., China",False,True,True
PRJNA1055940,excluded,age_unknown_no_evidence,0,,,0,0,0,Universidade Federal do Rio Grande do Sul,False,True,True
PRJNA1056258,excluded,age_unknown_no_evidence,0,,,0,0,0,University Of British Columbia,False,True,True
PRJNA1056456,excluded,age_unknown_no_evidence,0,,,0,0,0,"Daping Hospital, Army Medical University (Third Military Medical University)",False,True,True
PRJNA1056765,excluded,age_unknown_no_evidence,0,,,0,0,0,"Vision Medicals Co., Ltd.",False,True,True
PRJNA1057503,excluded,age_unknown_no_evidence,0,,,0,0,0,Center for Bioinformatics; IMAGINE consortium,False,True,True
PRJNA1058700,excluded,age_unknown_no_evidence,0,,,0,0,0,Yunnan University,False,True,True
PRJNA1059137,excluded,age_unknown_no_evidence,0,,,0,0,0,Jinhua Central Hospital,False,True,True
PRJNA1059286,excluded,age_unknown_no_evidence,0,,,0,0,0,University of Copenhagen,False,True,True
PRJNA1061381,excluded,age_unknown_no_evidence,0,,,0,0,0,Emergency General Hospital,False,True,True
PRJNA1061468,excluded,age_unknown_no_evidence,0,,,0,0,0,"The Third Xiangya Hospital, Central South University",False,True,True
PRJNA1062163,excluded,age_unknown_no_evidence,0,,,0,0,0,,False,False,True
PRJNA1062170,excluded,age_unknown_no_evidence,0,,,0,0,0,,False,False,True
PRJNA1062559,excluded,age_unknown_no_evidence,0,,,0,0,0,The First Affiliated Hospital of Shantou University,False,True,True
PRJNA1062568,excluded,age_unknown_no_evidence,0,,,0,0,0,Qingdao Agricultural University,False,True,True
PRJNA1063177,excluded,age_unknown_no_evidence,0,,,0,0,0,University of Miami Miller School of Medicine,False,True,True
PRJNA1063243,excluded,age_unknown_no_evidence,0,,,0,0,0,University of Arizona,False,True,True
PRJNA1063508,excluded,age_unknown_no_evidence,0,,,0,0,0,Kazan Federal University,False,True,True
PRJNA1063543,excluded,age_unknown_no_evidence,0,,,0,0,0,National Hospital of Guangxi Zhuang Autonomous Region,False,True,True
PRJNA1064103,excluded,age_unknown_no_evidence,0,,,0,0,0,Case Western Reserve University,False,True,True
PRJNA1064442,excluded,age_unknown_no_evidence,0,,,0,0,0,Shanghai Fifth People's Hospital,False,True,True
PRJNA1064467,excluded,age_unknown_no_evidence,0,,,0,0,0,Charite,False,True,True
PRJNA1064912,excluded,age_unknown_no_evidence,0,,,0,0,0,CENTRE SUISSE DE RECHERCHES SCIENTIFIQUES EN COTE D'IVOIRE; Kanny Diallo; Missa Kouassi Firmin; Amoikon Tiemele Laurent-Simon; Tuo Kolotioloman Jeremie,False,True,True
PRJNA1065874,excluded,age_unknown_no_evidence,0,,,0,0,0,Hebrew Seniorlife,False,True,True
PRJNA1065951,excluded,age_unknown_no_evidence,0,,,0,0,0,"Shenzhen XBiome Biotech Co., Ltd.",False,True,True
PRJNA1066070,excluded,age_unknown_no_evidence,0,,,0,0,0,Huazhong Agricultural University,False,True,True
PRJNA1066963,excluded,age_unknown_no_evidence,0,,,0,0,0,UCSF; Bill & Melinda Gates Foundation,False,True,True
PRJNA1067311,excluded,age_unknown_no_evidence,0,,,0,0,0,Tianjin Normal University,False,True,True
PRJNA1067375,excluded,age_unknown_no_evidence,0,,,0,0,0,Korea university,False,True,True
PRJNA1067813,excluded,age_unknown_no_evidence,17,Fishbein SRS,Dantas G,1,0,1,Washington University in St. Louis,True,True,True
PRJNA1067975,excluded,age_unknown_no_evidence,0,,,0,0,0,Northwest A&F University,False,True,True
PRJNA1068338,excluded,age_unknown_no_evidence,0,,,0,0,0,University of Delhi,False,True,True
PRJNA1068493,excluded,age_unknown_no_evidence,0,,,0,0,0,National Veterinary Research Institute,False,True,True
PRJNA1069244,excluded,age_unknown_no_evidence,0,,,0,0,0,The Second Affiliated Hospital of Hainan Medical University,False,True,True
PRJNA1069349,excluded,age_unknown_no_evidence,0,,,0,0,0,Hunan University,False,True,True
PRJNA1070028,excluded,age_unknown_no_evidence,0,,,0,0,0,Marian University College,False,True,True
PRJNA1070654,excluded,age_unknown_no_evidence,6,Smith MF,Lim ES,1,0,1,Arizona State University,True,True,True
PRJNA1070846,excluded,age_unknown_no_evidence,10,Li Z,He Q,1,1,0,College of Food Science and Engineering,True,True,True
PRJNA1071517,excluded,age_unknown_no_evidence,0,,,0,0,0,Faculty of Public Health,False,True,True
PRJNA1071720,excluded,age_unknown_no_evidence,17,van Lingen E,Keller JJ,1,0,1,"Vedanta Biosciences, Inc.",True,True,True
PRJNA1072283,excluded,age_unknown_no_evidence,0,,,0,0,0,"Hangzhou Matridx Biotechnology Co., Ltd.",False,True,True
PRJNA1073177,excluded,age_unknown_no_evidence,0,,,0,0,0,Peking University People's Hospital,False,True,True
PRJNA1073678,excluded,age_unknown_no_evidence,0,,,0,0,0,Translational Health Science and Technology Institute,False,True,True
PRJNA1073697,excluded,age_unknown_no_evidence,0,,,0,0,0,Soonchunhyang University,False,True,True
PRJNA1074135,excluded,age_unknown_no_evidence,0,,,0,0,0,University of Antwerp,False,True,True
PRJNA1074258,excluded,age_unknown_no_evidence,0,,,0,0,0,ChongQing Medical University,False,True,True
PRJNA1074371,excluded,age_unknown_no_evidence,0,,,0,0,0,NYU Langone,False,True,True
PRJNA1075117,excluded,age_unknown_no_evidence,0,,,0,0,0,University of Parma,False,True,True
PRJNA1075677,excluded,age_unknown_no_evidence,0,,,0,0,0,"Bingham University, Karu",False,True,True
PRJNA1075769,excluded,age_unknown_no_evidence,0,,,0,0,0,University of Montana,False,True,True
PRJNA1075918,excluded,age_unknown_no_evidence,0,,,0,0,0,Hainan Medical University,False,True,True
PRJNA1076347,excluded,age_unknown_no_evidence,0,,,0,0,0,Nanjing University of Traditional Chinese Medicine,False,True,True
PRJNA1077400,excluded,age_unknown_no_evidence,0,,,0,0,0,"National Institute of Advanced Industrial Science and Technology, Biomedical Research Institute",False,True,True
PRJNA1077456,excluded,age_unknown_no_evidence,0,,,0,0,0,Guangxi KingMed Diagnostics,False,True,True
PRJNA1077691,excluded,age_unknown_no_evidence,0,,,0,0,0,DTU,False,True,True
PRJNA1077745,excluded,age_unknown_no_evidence,0,,,0,0,0,"Research Institute for Microbial Diseases, Osaka University",False,True,True
PRJNA1077752,excluded,age_unknown_no_evidence,0,,,0,0,0,xi'an jiaotong university,False,True,True
PRJNA1077924,excluded,site_excluded,0,,,0,0,0,CHULALONGKORN UNIVERSITY,False,True,True
PRJNA1078070,excluded,age_unknown_no_evidence,0,,,0,0,0,CHULALONGKORN UNIVERSITY,False,True,True
PRJNA1078071,excluded,age_unknown_no_evidence,0,,,0,0,0,CHULALONGKORN UNIVERSITY,False,True,True
PRJNA1078115,excluded,age_unknown_no_evidence,0,,,0,0,0,"Vision Medicals Co., Ltd.",False,True,True
PRJNA1078345,excluded,age_unknown_no_evidence,0,,,0,0,0,University of Dhaka,False,True,True
PRJNA1078731,excluded,age_unknown_no_evidence,0,,,0,0,0,University of Tuebingen,False,True,True
PRJNA1078869,excluded,age_unknown_no_evidence,0,,,0,0,0,Massachusetts General Hospital,False,True,True
PRJNA1079416,excluded,age_unknown_no_evidence,0,,,0,0,0,Wenzhou Central Hospital,False,True,True
PRJNA1079728,excluded,age_unknown_no_evidence,12,Orf GS,Mboup S,1,0,1,"Abbott Diagnostics Division, Abbott Laboratories",True,True,True
PRJNA1080226,excluded,age_unknown_no_evidence,0,,,0,0,0,Northern Arizona University,False,True,True
PRJNA1080251,excluded,age_unknown_no_evidence,0,,,0,0,0,hua shan hospital,False,True,True
PRJNA1081394,excluded,age_unknown_no_evidence,12,Armbruster CR,Bomberger JM,1,0,1,Carnegie Mellon University,True,True,True
PRJNA1081608,excluded,age_unknown_no_evidence,0,,,0,0,0,Genoxor Medicial&Science Technology,False,True,True
PRJNA1081754,excluded,age_unknown_no_evidence,0,,,0,0,0,Gansu Agricultural University,False,True,True
PRJNA1081843,excluded,age_unknown_no_evidence,0,,,0,0,0,University of Minnesota,False,True,True
PRJNA1082341,excluded,age_unknown_no_evidence,0,,,0,0,0,University of Michigan,False,True,True
PRJNA1082417,excluded,age_unknown_no_evidence,0,,,0,0,0,Xiyuan hospital,False,True,True
PRJNA1082520,excluded,age_unknown_no_evidence,0,,,0,0,0,Department of Respiratory and Critical Care Medicine,False,True,True
PRJNA1082632,excluded,age_unknown_no_evidence,0,,,0,0,0,University of British Columbia Okanagan,False,True,True
PRJNA1082665,excluded,age_unknown_no_evidence,0,,,0,0,0,Harvard T.H. Chan School of Public Health,False,True,True
PRJNA1083321,excluded,age_unknown_no_evidence,0,,,0,0,0,The First Affiliated Hospital of Xi'an Jiao Tong University,False,True,True
PRJNA1083602,excluded,age_unknown_no_evidence,0,,,0,0,0,Biomedical Research Institute of Girona (IDIBGI),False,True,True
PRJNA1083631,excluded,age_unknown_no_evidence,0,,,0,0,0,Tianjin Medical University General Hospital,False,True,True
PRJNA1083728,excluded,age_unknown_no_evidence,0,,,0,0,0,"Beijing Institute of Infectious Diseases, Beijing, China.",False,True,True
PRJNA1083779,excluded,age_unknown_no_evidence,0,,,0,0,0,Biomedical Research Institute of Girona (IDIBGI),False,True,True
PRJNA1084017,excluded,age_unknown_no_evidence,0,,,0,0,0,"University of California, San Francisco",False,True,True
PRJNA1084182,excluded,age_unknown_no_evidence,0,,,0,0,0,University of Iowa,False,True,True
PRJNA1084251,excluded,age_unknown_no_evidence,14,Chappell CL,Okhuysen PC,1,0,1,Baylor College of Medicine,True,True,True
PRJNA1085906,excluded,age_unknown_no_evidence,0,,,0,0,0,Huazhong University of Science and Technology,False,True,True
PRJNA1086048,excluded,age_unknown_no_evidence,0,,,0,0,0,The Chinese University of Hong Kong,False,True,True
PRJNA1086261,excluded,age_unknown_no_evidence,0,,,0,0,0,Lanzhou University,False,True,True
PRJNA1086381,excluded,age_unknown_no_evidence,0,,,0,0,0,"Guang'anmen Hospital, China Academy of Chinese medicine",False,True,True
PRJNA1086472,excluded,age_unknown_no_evidence,0,,,0,0,0,Universidad Nacional,False,True,True
PRJNA1086493,excluded,age_unknown_no_evidence,0,,,0,0,0,Universidad Nacional,False,True,True
PRJNA1086498,excluded,age_unknown_no_evidence,0,,,0,0,0,Mahidol University,False,True,True
PRJNA1086943,excluded,age_unknown_no_evidence,0,,,0,0,0,Chan Zuckerberg Biohub,False,True,True
PRJNA1087060,excluded,age_unknown_no_evidence,0,,,0,0,0,"Jiangbei Branch of Southwest Hospital, 958th Hospital of the PLA Army",False,True,True
PRJNA1087516,excluded,age_unknown_no_evidence,0,,,0,0,0,Shenzhen Second People's Hospital,False,True,True
PRJNA1088077,excluded,age_unknown_no_evidence,0,,,0,0,0,Johns Hopkins University,False,True,True
PRJNA1088114,excluded,age_unknown_no_evidence,0,,,0,0,0,Beijing Chest Hospital affiliated to Captial Medical University,False,True,True
PRJNA1088473,excluded,age_unknown_no_evidence,0,,,0,0,0,University of Wisconsin-Madison,False,True,True
PRJNA1088844,excluded,age_unknown_no_evidence,0,,,0,0,0,AgResearch NZ Limited,False,True,True
PRJNA1088910,excluded,age_unknown_no_evidence,0,,,0,0,0,Yonsei Univeristy,False,True,True
PRJNA1089239,excluded,age_unknown_no_evidence,0,,,0,0,0,Shanghai Ocean University,False,True,True
PRJNA1089551,excluded,age_unknown_no_evidence,0,,,0,0,0,Universidad Nacional,False,True,True
PRJNA1090034,excluded,age_unknown_no_evidence,26,Jiang Y,Liu X,1,0,1,CUHK,True,True,True
PRJNA1090097,excluded,age_unknown_no_evidence,0,,,0,0,0,UNC Chapel Hill; UNC Microbiome Core Facility,False,True,True
PRJNA1090243,excluded,age_unknown_no_evidence,0,,,0,0,0,Nanyang Technological University,False,True,True
PRJNA1090271,excluded,age_unknown_no_evidence,0,,,0,0,0,"Kasturba Medical College, Manipal Academy of Higher Education, Manipal",False,True,True
PRJNA1090491,excluded,age_unknown_no_evidence,0,,,0,0,0,University of Iowa,False,True,True
PRJNA1090887,excluded,age_unknown_no_evidence,9,Holland SC,Lim ES,1,0,1,Arizona State University,True,True,True
PRJNA1091163,excluded,age_unknown_no_evidence,0,,,0,0,0,National Laboratory Astana,False,True,True
PRJNA1091195,excluded,age_unknown_no_evidence,0,,,0,0,0,The University of Queensland,False,True,True
PRJNA1091934,excluded,age_unknown_no_evidence,0,,,0,0,0,The Second Affiliated Hospital of Kunming Medical University,False,True,True
PRJNA1092365,excluded,age_unknown_no_evidence,0,,,0,0,0,Lanzhou Veterinary Research Institute,False,True,True
PRJNA1092681,excluded,age_unknown_no_evidence,10,Gauthier NPG,Manges AR,1,0,1,University of British Columbia,True,True,True
PRJNA1093152,excluded,age_unknown_no_evidence,0,,,0,0,0,Hospital Sirio-Libanes,False,True,True
PRJNA1093257,excluded,age_unknown_no_evidence,0,,,0,0,0,Gwangju Institute of Science and Technology,False,True,True
PRJNA1093259,excluded,age_unknown_no_evidence,0,,,0,0,0,University of Bonn,False,True,True
PRJNA1093500,excluded,age_unknown_no_evidence,0,,,0,0,0,Beijing Tiantan Hospital,False,True,True
PRJNA1094595,excluded,age_unknown_no_evidence,6,Zhai X,Deng L,1,0,1,University of Copenhagen,True,True,True
PRJNA1095194,excluded,age_unknown_no_evidence,0,,,0,0,0,"The Institute of Medical Science, The University of Tokyo",False,True,True
PRJNA1095567,excluded,age_unknown_no_evidence,0,,,0,0,0,"The Institute of Medical Science, The University of Tokyo",False,True,True
PRJNA1096331,excluded,age_unknown_no_evidence,0,,,0,0,0,University of Auckland,False,True,True
PRJNA1096367,excluded,age_unknown_no_evidence,0,,,0,0,0,"Tongji Hospital, Tongji Medical College, Huazhong University of Science and Technology",False,True,True
PRJNA1096686,excluded,age_unknown_no_evidence,0,,,0,0,0,University of Florida,False,True,True
PRJNA1096997,excluded,age_unknown_no_evidence,0,,,0,0,0,Guangzhou Medical University,False,True,True
PRJNA1097291,excluded,age_unknown_no_evidence,0,,,0,0,0,The People's Hospital of Guangxi Zhuang Autonomous Region,False,True,True
PRJNA1097483,excluded,age_unknown_no_evidence,0,,,0,0,0,Huazhong Agricultural University,False,True,True
PRJNA1097807,excluded,age_unknown_no_evidence,0,,,0,0,0,Genoxor Medicial&Science Technology,False,True,True
PRJNA1097983,excluded,age_unknown_no_evidence,0,,,0,0,0,Department of Respiratory and Critical Care Medicine,False,True,True
PRJNA1098044,excluded,age_unknown_no_evidence,0,,,0,0,0,National Institutes of Health,False,True,True
PRJNA1098580,excluded,age_unknown_no_evidence,0,,,0,0,0,Xi'an University of Architecture and Technology,False,True,True
PRJNA1098948,excluded,age_unknown_no_evidence,0,,,0,0,0,Genoxor Medicial&Science Technology,False,True,True
PRJNA1099173,excluded,age_unknown_no_evidence,0,,,0,0,0,BASF Beauty Care Solutions France,False,True,True
PRJNA1099385,excluded,age_unknown_no_evidence,0,,,0,0,0,Tsinghua University,False,True,True
PRJNA1099539,excluded,age_unknown_no_evidence,0,,,0,0,0,Institute of Food Science Research (CIAL),False,True,True
PRJNA1099775,excluded,age_unknown_no_evidence,0,,,0,0,0,"University of California, San Francisco",False,True,True
PRJNA1100796,excluded,age_unknown_no_evidence,0,,,0,0,0,University of Debrecen,False,True,True
PRJNA1101587,excluded,age_unknown_no_evidence,0,,,0,0,0,Chinese Academy of Agricultural Sciences,False,True,True
PRJNA1101896,excluded,age_unknown_no_evidence,0,,,0,0,0,The First People's Hospital of Nanning,False,True,True
PRJNA1102358,excluded,age_unknown_no_evidence,0,,,0,0,0,Johns Hopkins University,False,True,True
PRJNA1102500,excluded,age_unknown_no_evidence,0,,,0,0,0,The Third Hospital of Hebei Medical University,False,True,True
PRJNA1102665,excluded,age_unknown_no_evidence,0,,,0,0,0,The Third Hospital of Hebei Medical University,False,True,True
PRJNA1102742,excluded,age_unknown_no_evidence,0,,,0,0,0,Saint Petersburg State University,False,True,True
PRJNA1102991,excluded,age_unknown_no_evidence,0,,,0,0,0,University of Debrecen,False,True,True
PRJNA1103339,excluded,age_unknown_no_evidence,0,,,0,0,0,The Third People Hospital of Kunming City,False,True,True
PRJNA1103672,excluded,age_unknown_no_evidence,0,,,0,0,0,"Research center Borstel, Leibniz Lung Center",False,True,True
PRJNA1103826,excluded,age_unknown_no_evidence,0,,,0,0,0,Institut Pasteur,False,True,True
PRJNA1103868,excluded,age_unknown_no_evidence,0,,,0,0,0,Xiangyang Central Hospital,False,True,True
PRJNA1104421,excluded,age_unknown_no_evidence,11,Esparteiro D,Marcq I,1,0,1,Universite de Picardie Jules Verne; HepatAlc-IM Project,True,True,True
PRJNA1104558,excluded,age_unknown_no_evidence,0,,,0,0,0,Huazhong University of Science and Technology Union Shenzhen Hospital,False,True,True
PRJNA1104561,excluded,age_unknown_no_evidence,0,,,0,0,0,Beijing Forestry University,False,True,True
PRJNA1105425,excluded,age_unknown_no_evidence,0,,,0,0,0,University of North Carolina at Charlotte,False,True,True
PRJNA1106097,excluded,age_adult_only,8,Jiang S,Zhang J,1,1,0,Hainan University,True,True,True
PRJNA1106098,excluded,age_unknown_no_evidence,0,,,0,0,0,Hainan University,False,True,True
PRJNA1106391,excluded,age_unknown_no_evidence,0,,,0,0,0,"The Fourth Affiliated Hospital, Zhejiang University School of Medicine",False,True,True
PRJNA1107274,excluded,age_unknown_no_evidence,0,,,0,0,0,UPMC Hillman Cancer Center,False,True,True
PRJNA1107280,excluded,age_unknown_no_evidence,0,,,0,0,0,Chinese PLA General Hospital,False,True,True
PRJNA1107343,excluded,age_unknown_no_evidence,0,,,0,0,0,The First Affiliated Hospital of Jinan University,False,True,True
PRJNA1107384,excluded,age_unknown_no_evidence,0,,,0,0,0,Nanjing Forestry University,False,True,True
PRJNA1108161,excluded,age_unknown_no_evidence,0,,,0,0,0,INSTITUT PASTEUR,False,True,True
PRJNA1108520,excluded,age_unknown_no_evidence,0,,,0,0,0,Aalborg University,False,True,True
PRJNA1108908,excluded,age_unknown_no_evidence,15,Mahnert A,Schleper C,1,0,1,Medical University of Graz,True,True,True
PRJNA1108960,excluded,age_unknown_no_evidence,15,Mahnert A,Schleper C,1,0,1,Medical University of Graz,True,True,True
PRJNA1109334,excluded,age_unknown_no_evidence,15,Mahnert A,Schleper C,1,0,1,Medical University of Graz,True,True,True
PRJNA1109551,excluded,age_unknown_no_evidence,0,,,0,0,0,National Marine Environmental Monitoring Center,False,True,True
PRJNA1109619,excluded,age_unknown_no_evidence,0,,,0,0,0,East West University,False,True,True
PRJNA1110178,excluded,age_unknown_no_evidence,0,,,0,0,0,PreBiomics s.r.l,False,True,True
PRJNA1110576,excluded,age_unknown_no_evidence,0,,,0,0,0,chengdu university of traditional chinese medicine,False,True,True
PRJNA1110638,excluded,age_unknown_no_evidence,0,,,0,0,0,China Pharmaceutical University,False,True,True
PRJNA1110730,excluded,age_unknown_no_evidence,0,,,0,0,0,CHULALONGKORN UNIVERSITY,False,True,True
PRJNA1110834,excluded,age_unknown_no_evidence,0,,,0,0,0,Hospital of Chengdu Unicersity of TCM,False,True,True
PRJNA1111075,excluded,age_unknown_no_evidence,0,,,0,0,0,University Hospitals of Geneva,False,True,True
PRJNA1111312,excluded,age_unknown_no_evidence,6,Esparteiro D,Marcq I,1,0,1,Universite de Picardie Jules Verne,True,True,True
PRJNA1111475,excluded,age_unknown_no_evidence,8,Firek A,Castelo-Soccio L,1,0,1,National Institute of Arthritis and Musculoskeletal and Skin Diseases,True,True,True
PRJNA1111899,excluded,age_unknown_no_evidence,0,,,0,0,0,Northern Arizona University,False,True,True
PRJNA1112970,excluded,age_unknown_no_evidence,0,,,0,0,0,Shandong Academy of Sciences,False,True,True
PRJNA1113191,excluded,age_unknown_no_evidence,0,,,0,0,0,Seoul National University,False,True,True
PRJNA1113875,excluded,age_unknown_no_evidence,0,,,0,0,0,Shandong Provincial Hospital Affiliated to Shandong First Medical University,False,True,True
PRJNA1114651,excluded,age_unknown_no_evidence,0,,,0,0,0,University of Hyderabad,False,True,True
PRJNA1115039,excluded,age_unknown_no_evidence,9,Huang KD,Strowig T,1,0,1,Helmholtz Centre for Infection Research,True,True,True
PRJNA1115089,excluded,age_unknown_no_evidence,0,,,0,0,0,University of Rennes,False,True,True
PRJNA1115111,excluded,age_unknown_no_evidence,0,,,0,0,0,NHGRI/NIH,False,True,True
PRJNA1115893,excluded,age_unknown_no_evidence,0,,,0,0,0,AMILI Pte. Ltd.,False,True,True
PRJNA1116256,excluded,age_unknown_no_evidence,0,,,0,0,0,"Vision Medicals Co., Ltd.",False,True,True
PRJNA1116523,excluded,age_unknown_no_evidence,0,,,0,0,0,Centrum Onkologii-Instytut im. Marii Sklodowskiej-Curie,False,True,True
PRJNA1116604,excluded,age_unknown_no_evidence,0,,,0,0,0,the Eighth Medical Center of Chinese PLA General Hospital,False,True,True
PRJNA1116923,excluded,age_unknown_no_evidence,0,,,0,0,0,ICDC,False,True,True
PRJNA1118035,excluded,age_unknown_no_evidence,0,,,0,0,0,"University of California, San Diego",False,True,True
PRJNA1118056,excluded,age_unknown_no_evidence,0,,,0,0,0,Xinxiang Central Hospital,False,True,True
PRJNA1118189,excluded,age_unknown_no_evidence,0,,,0,0,0,"Plastic Surgery Hospital, Chinese Academy of Medical Sciences, Peking Union Medical College",False,True,True
PRJNA1118222,excluded,age_unknown_no_evidence,0,,,0,0,0,University hospital Lubeck,False,True,True
PRJNA1119029,excluded,age_unknown_no_evidence,0,,,0,0,0,Chan Zuckerberg Biohub,False,True,True
PRJNA1119301,excluded,age_unknown_no_evidence,0,,,0,0,0,The First Affiliated Hospital of Guangxi Medical University,False,True,True
PRJNA1119698,excluded,age_unknown_no_evidence,0,,,0,0,0,beijing university of agriculture,False,True,True
PRJNA1120218,excluded,age_unknown_no_evidence,0,,,0,0,0,sriramachandra dental college and hospital,False,True,True
PRJNA1120635,excluded,age_unknown_no_evidence,0,,,0,0,0,First Affiliated Hospital of Bengbu Medical University,False,True,True
PRJNA1120650,excluded,age_unknown_no_evidence,0,,,0,0,0,Micro4Food,False,True,True
PRJNA1121316,excluded,age_unknown_no_evidence,20,Louie T,Pardi DS,2,0,2,"Vedanta Biosciences, Inc.",True,True,True
PRJNA1121414,excluded,age_unknown_no_evidence,0,,,0,0,0,Shandong First Medical University,False,True,True
PRJNA1121594,excluded,age_unknown_no_evidence,0,,,0,0,0,Beijing University of Chinese Medicine,False,True,True
PRJNA1121655,excluded,age_unknown_no_evidence,0,,,0,0,0,Tel Aviv Sourasky Medical Center,False,True,True
PRJNA1121887,excluded,age_unknown_no_evidence,0,,,0,0,0,The Fifth Affiliated Hospital of Sun Yat-Sen University,False,True,True
PRJNA1121964,excluded,age_unknown_no_evidence,0,,,0,0,0,"Union Hospital, Tongji Medical College, Huazhong University of Science and Technology",False,True,True
PRJNA1122928,excluded,age_unknown_no_evidence,0,,,0,0,0,PLA,False,True,True
PRJNA1123238,excluded,age_unknown_no_evidence,0,,,0,0,0,Ohio State University College of Veterinary Medicine,False,True,True
PRJNA1123460,excluded,age_unknown_no_evidence,0,,,0,0,0,Chinese Academy of Medical Sciences,False,True,True
PRJNA1123839,excluded,age_unknown_no_evidence,0,,,0,0,0,Monash University,False,True,True
PRJNA1123915,excluded,age_unknown_no_evidence,0,,,0,0,0,Noscendo GmbH,False,True,True
PRJNA1123926,excluded,age_unknown_no_evidence,0,,,0,0,0,Southern University of Science and Technology,False,True,True
PRJNA1124347,excluded,age_unknown_no_evidence,0,,,0,0,0,NANJING ARGRICULTURE UNIVERSITY,False,True,True
PRJNA1124507,excluded,age_unknown_no_evidence,0,,,0,0,0,Weifang People's Hospital,False,True,True
PRJNA1124588,excluded,age_unknown_no_evidence,0,,,0,0,0,Shanghai Public Health Clinical Center,False,True,True
PRJNA1125836,excluded,age_unknown_no_evidence,0,,,0,0,0,Centrum Onkologii-Instytut im. Marii Sklodowskiej-Curie,False,True,True
PRJNA1125887,excluded,age_unknown_no_evidence,0,,,0,0,0,Chinese Academy of Medical Sciences &Peking Union Medical College,False,True,True
PRJNA1126668,excluded,age_unknown_no_evidence,0,,,0,0,0,"University of California, Berkeley",False,True,True
PRJNA1126759,excluded,age_unknown_no_evidence,0,,,0,0,0,Yunnan agricultural university,False,True,True
PRJNA1127293,excluded,age_unknown_no_evidence,9,He X,Yang X,1,0,1,"Ruijin Hospital, Shanghai Jiaotong University School of Medicine",True,True,True
PRJNA1127492,excluded,age_unknown_no_evidence,0,,,0,0,0,University of Malaga,False,True,True
PRJNA1128110,excluded,age_unknown_no_evidence,0,,,0,0,0,https://www.niced.org.in/,False,True,True
PRJNA1128143,excluded,age_unknown_no_evidence,0,,,0,0,0,University of Pennsylvania,False,True,True
PRJNA1128691,excluded,age_unknown_no_evidence,0,,,0,0,0,Columbia University Irving Medical Center,False,True,True
PRJNA1129090,excluded,age_unknown_no_evidence,0,,,0,0,0,"National Institute of Allergy and Infectious Diseases, National Institutes of Health",False,True,True
PRJNA1129514,excluded,age_unknown_no_evidence,0,,,0,0,0,Texas A&M University,False,True,True
PRJNA1129893,excluded,age_unknown_no_evidence,0,,,0,0,0,Jiangnan University,False,True,True
PRJNA1130110,excluded,age_unknown_no_evidence,0,,,0,0,0,"Jiangzhong Pharmaceutical Co., Ltd.",False,True,True
PRJNA1130508,excluded,age_unknown_no_evidence,0,,,0,0,0,Harvard T.H. Chan School of Public Health,False,True,True
PRJNA1130699,excluded,age_unknown_no_evidence,0,,,0,0,0,Yonsei University,False,True,True
PRJNA1130704,excluded,age_unknown_no_evidence,0,,,0,0,0,Scientific Centre for Family Health and Human Reproduction Problems,False,True,True
PRJNA1130892,excluded,age_unknown_no_evidence,0,,,0,0,0,Embrapa Beef Cattle,False,True,True
PRJNA1130911,excluded,age_unknown_no_evidence,0,,,0,0,0,"University of California, San Francisco",False,True,True
PRJNA1131080,excluded,age_unknown_no_evidence,0,,,0,0,0,Affiliated Hospital of Chengde Medical College,False,True,True
PRJNA1131085,excluded,age_unknown_no_evidence,0,,,0,0,0,"Tongji University, School of Medicine, Shanghai First Maternity and Infant Hospital",False,True,True
PRJNA1131161,excluded,age_unknown_no_evidence,0,,,0,0,0,University of Malaya,False,True,True
PRJNA1131598,excluded,age_unknown_no_evidence,0,,,0,0,0,"Federal Research Center of Nutrition, Biotechnology and Food Safety, 109240 Moscow, Russia",False,True,True
PRJNA1131785,excluded,age_unknown_no_evidence,0,,,0,0,0,University of Hong Kong,False,True,True
PRJNA1132291,excluded,age_unknown_no_evidence,0,,,0,0,0,Fred Hutchinson Cancer Center,False,True,True
PRJNA1132584,excluded,age_unknown_no_evidence,0,,,0,0,0,Florida State University,False,True,True
PRJNA1132740,excluded,age_unknown_no_evidence,0,,,0,0,0,China West Normal University,False,True,True
PRJNA1133685,excluded,age_unknown_no_evidence,0,,,0,0,0,Emory University School of Medicine,False,True,True
PRJNA1134110,excluded,age_unknown_no_evidence,0,,,0,0,0,Open Science Data Repository,False,True,True
PRJNA1134112,excluded,age_unknown_no_evidence,0,,,0,0,0,Open Science Data Repository,False,True,True
PRJNA1134113,excluded,age_unknown_no_evidence,0,,,0,0,0,Open Science Data Repository,False,True,True
PRJNA1134399,excluded,age_unknown_no_evidence,0,,,0,0,0,the First Affiliated Hospital of Zhengzhou University,False,True,True
PRJNA1134713,excluded,age_unknown_no_evidence,0,,,0,0,0,Alkek Center for Metagenomics and Microbiome Research,False,True,True
PRJNA1134720,excluded,age_unknown_no_evidence,0,,,0,0,0,Pennsylvania State University,False,True,True
PRJNA1134792,excluded,age_unknown_no_evidence,0,,,0,0,0,University Hospital Muenster,False,True,True
PRJNA1134897,excluded,age_unknown_no_evidence,0,,,0,0,0,Inner Mongolia Agricultural University,False,True,True
PRJNA1135155,excluded,age_unknown_no_evidence,0,,,0,0,0,UIUC,False,True,True
PRJNA1135228,excluded,age_unknown_no_evidence,0,,,0,0,0,University of Sao Paulo,False,True,True
PRJNA1135322,excluded,age_unknown_no_evidence,0,,,0,0,0,South China University of Technology,False,True,True
PRJNA1135502,excluded,age_unknown_no_evidence,0,,,0,0,0,Kyungpook National University,False,True,True
PRJNA1135945,excluded,age_unknown_no_evidence,0,,,0,0,0,"The First Affiliated Hospital of Nanchang University,",False,True,True
PRJNA1135972,excluded,age_unknown_no_evidence,0,,,0,0,0,University College Cork,False,True,True
PRJNA1136431,excluded,age_unknown_no_evidence,0,,,0,0,0,Hangzhou Red Cross Hospital,False,True,True
PRJNA1136448,excluded,age_unknown_no_evidence,0,,,0,0,0,INSERM,False,True,True
PRJNA1136793,excluded,age_unknown_no_evidence,0,,,0,0,0,China Agricultural University,False,True,True
PRJNA1137057,excluded,age_unknown_no_evidence,0,,,0,0,0,Washington University School of Medicine in St. Louis,False,True,True
PRJNA1137435,excluded,age_unknown_no_evidence,0,,,0,0,0,Beijing Children's Hospital Baoding Hospital,False,True,True
PRJNA1137886,excluded,age_unknown_no_evidence,0,,,0,0,0,University of the Punjab,False,True,True
PRJNA1137905,excluded,age_unknown_no_evidence,0,,,0,0,0,Centers for Disease Control and Prevention,False,True,True
PRJNA1138893,excluded,age_unknown_no_evidence,0,,,0,0,0,Youjiang Medical College For Nationalities,False,True,True
PRJNA1139160,excluded,age_unknown_no_evidence,6,Valido E,Stoyanov J,1,0,1,Swiss Paraplegic Research,True,True,True
PRJNA1139229,excluded,age_unknown_no_evidence,0,,,0,0,0,Hong Kong Baptist University,False,True,True
PRJNA1139690,excluded,age_unknown_no_evidence,14,Laue HE,Braun JM,1,1,0,Dartmouth College,True,True,True
PRJNA1140272,excluded,age_unknown_no_evidence,0,,,0,0,0,The University of Queensland,False,True,True
PRJNA1140277,excluded,age_unknown_no_evidence,0,,,0,0,0,Zhejiang University School of Medicine,False,True,True
PRJNA1141746,excluded,age_unknown_no_evidence,0,,,0,0,0,University of New South Wales,False,True,True
PRJNA1142095,excluded,age_unknown_no_evidence,0,,,0,0,0,Centers for Disease Control and Prevention,False,True,True
PRJNA1142711,excluded,age_unknown_no_evidence,0,,,0,0,0,Zhejiang University,False,True,True
PRJNA1142892,excluded,age_unknown_no_evidence,0,,,0,0,0,University of South Florida,False,True,True
PRJNA1142934,excluded,age_unknown_no_evidence,0,,,0,0,0,University of Toronto,False,True,True
PRJNA1143542,excluded,age_unknown_no_evidence,0,,,0,0,0,University of Glasgow,False,True,True
PRJNA1143728,excluded,age_unknown_no_evidence,0,,,0,0,0,Charite,False,True,True
PRJNA1143938,excluded,age_unknown_no_evidence,0,,,0,0,0,Hong Kong Baptist University,False,True,True
PRJNA1143941,excluded,age_unknown_no_evidence,0,,,0,0,0,"University of California, San Francisco",False,True,True
PRJNA1144238,excluded,age_unknown_no_evidence,0,,,0,0,0,Central South University,False,True,True
PRJNA1145114,excluded,age_unknown_no_evidence,0,,,0,0,0,Queensland University of Technology,False,True,True
PRJNA1145581,excluded,age_unknown_no_evidence,0,,,0,0,0,Technion - Israel Institute of Technology,False,True,True
PRJNA1146192,excluded,age_unknown_no_evidence,0,,,0,0,0,Stomatological Hospital of Chongqing Medical University,False,True,True
PRJNA1146400,excluded,age_unknown_no_evidence,0,,,0,0,0,The First Affiliated Hospital of Nanchang University,False,True,True
PRJNA1146442,excluded,age_unknown_no_evidence,0,,,0,0,0,UAN,False,True,True
PRJNA1146738,excluded,age_unknown_no_evidence,0,,,0,0,0,Faeces,False,True,True
PRJNA1146885,excluded,age_unknown_no_evidence,0,,,0,0,0,"BGI-Wuhan Clinical Laboratories, BGI-Shenzhen",False,True,True
PRJNA1148078,excluded,age_unknown_no_evidence,0,,,0,0,0,Lanzhou Veterinary Research Institute,False,True,True
PRJNA1148165,excluded,age_unknown_no_evidence,11,Elmassry MM,Donia MS,1,0,1,Princeton University,True,True,True
PRJNA1148628,excluded,age_unknown_no_evidence,0,,,0,0,0,Zhejiang University,False,True,True
PRJNA1148749,excluded,age_unknown_no_evidence,0,,,0,0,0,Agricultural Genomics Institute at Shenzhen,False,True,True
PRJNA1148759,excluded,age_unknown_no_evidence,0,,,0,0,0,Xi'an Jiaotong University,False,True,True
PRJNA1148996,excluded,age_unknown_no_evidence,0,,,0,0,0,Washington University in St. Louis,False,True,True
PRJNA1149778,excluded,age_unknown_no_evidence,0,,,0,0,0,University of Calcutta,False,True,True
PRJNA1150154,excluded,age_unknown_no_evidence,23,Orf GS,Cloherty GA,1,0,1,"Abbott Diagnostics Division, Abbott Laboratories",True,True,True
PRJNA1150199,excluded,age_unknown_no_evidence,0,,,0,0,0,University of Florida,False,True,True
PRJNA1150262,excluded,age_unknown_no_evidence,0,,,0,0,0,Technion - Institute of Science and Technology,False,True,True
PRJNA1150347,excluded,age_unknown_no_evidence,0,,,0,0,0,Tianjin Medical University General Hospital,False,True,True
PRJNA1151980,excluded,age_unknown_no_evidence,0,,,0,0,0,Hainan Medical University,False,True,True
PRJNA1152226,excluded,age_unknown_no_evidence,0,,,0,0,0,National Tsing Hua University,False,True,True
PRJNA1152325,excluded,age_unknown_no_evidence,0,,,0,0,0,Yunnan agricultural university,False,True,True
PRJNA1152927,excluded,age_unknown_no_evidence,0,,,0,0,0,Zibo Municipal Hospital,False,True,True
PRJNA1153735,excluded,age_unknown_no_evidence,0,,,0,0,0,Yunnan agricultural university,False,True,True
PRJNA1153928,excluded,age_unknown_no_evidence,0,,,0,0,0,Children's Hospital of Philadelphia,False,True,True
PRJNA1153998,excluded,age_unknown_no_evidence,0,,,0,0,0,beijing university of agriculture,False,True,True
PRJNA1154401,excluded,age_unknown_no_evidence,0,,,0,0,0,Peking Union Medical College Hospital,False,True,True
PRJNA1154556,excluded,age_unknown_no_evidence,0,,,0,0,0,Zhejiang Gongshang University,False,True,True
PRJNA1154608,excluded,age_unknown_no_evidence,0,,,0,0,0,Guangxi KingMed Diagnostics,False,True,True
PRJNA1154668,excluded,age_unknown_no_evidence,0,,,0,0,0,Vidya Herbs Pvt Ltd,False,True,True
PRJNA1155319,excluded,age_unknown_no_evidence,0,,,0,0,0,University College Cork,False,True,True
PRJNA1155655,excluded,age_unknown_no_evidence,0,,,0,0,0,Jiangnan university,False,True,True
PRJNA1156592,excluded,age_unknown_no_evidence,0,,,0,0,0,NIBRT,False,True,True
PRJNA1156595,excluded,age_unknown_no_evidence,12,Angel NZ,Wood DLA,1,0,1,Microba Life Sciences,True,True,True
PRJNA1156747,excluded,age_unknown_no_evidence,0,,,0,0,0,"PREMISE, NIAID, VRC",False,True,True
PRJNA1156897,excluded,age_unknown_no_evidence,0,,,0,0,0,Cornell University,False,True,True
PRJNA1157371,excluded,age_unknown_no_evidence,0,,,0,0,0,Stanford University,False,True,True
PRJNA1157403,excluded,age_unknown_no_evidence,0,,,0,0,0,Fred Hutch Cancer Center,False,True,True
PRJNA1157410,excluded,age_unknown_no_evidence,0,,,0,0,0,Rutgers,False,True,True
PRJNA1157857,excluded,age_unknown_no_evidence,0,,,0,0,0,"University of California, Berkeley",False,True,True
PRJNA1158453,excluded,age_unknown_no_evidence,0,,,0,0,0,Jiangsu University,False,True,True
PRJNA1158579,excluded,age_unknown_no_evidence,0,,,0,0,0,University of Siena,False,True,True
PRJNA1159399,excluded,age_unknown_no_evidence,0,,,0,0,0,Zhejiang University,False,True,True
PRJNA1160064,excluded,age_unknown_no_evidence,0,,,0,0,0,Duke University,False,True,True
PRJNA1160072,excluded,age_unknown_no_evidence,0,,,0,0,0,University of Arizona,False,True,True
PRJNA1160290,excluded,age_unknown_no_evidence,4,Wang Q,Xie H,2,0,2,Meharry Medical College,True,True,True
PRJNA1160779,excluded,age_unknown_no_evidence,0,,,0,0,0,University of Copenhagen,False,True,True
PRJNA1161407,excluded,age_unknown_no_evidence,0,,,0,0,0,Ben Gurion University,False,True,True
PRJNA1161622,excluded,age_unknown_no_evidence,0,,,0,0,0,Medical College of Wisconsin,False,True,True
PRJNA1162456,excluded,age_unknown_no_evidence,0,,,0,0,0,United States Department of Agriculture - ARS,False,True,True
PRJNA1162519,excluded,age_unknown_no_evidence,0,,,0,0,0,SRA submissions by CosmosID,False,True,True
PRJNA1163029,excluded,age_unknown_no_evidence,0,,,0,0,0,Capital Medical University,False,True,True
PRJNA1163352,excluded,age_unknown_no_evidence,0,,,0,0,0,University of Minnesota,False,True,True
PRJNA1163373,excluded,age_unknown_no_evidence,0,,,0,0,0,University of Minnesota,False,True,True
PRJNA1163384,excluded,age_unknown_no_evidence,0,,,0,0,0,BIOCANT,False,True,True
PRJNA1164032,excluded,age_unknown_no_evidence,0,,,0,0,0,"National Clinical Research Center for Cardiovascular Diseases, Fuwai Hospital, Chinese Academy of Me",False,True,True
PRJNA1164473,excluded,age_unknown_no_evidence,0,,,0,0,0,Chongqing Medical University,False,True,True
PRJNA1164799,excluded,age_unknown_no_evidence,0,,,0,0,0,McMaster University,False,True,True
PRJNA1164832,excluded,age_unknown_no_evidence,0,,,0,0,0,HARVARD SCHOOL OF PUBLIC HEALTH,False,True,True
PRJNA1164968,excluded,age_unknown_no_evidence,0,,,0,0,0,National Research Council of Italy,False,True,True
PRJNA1165312,excluded,age_unknown_no_evidence,0,,,0,0,0,Universidad Cooperativa de Colombia,False,True,True
PRJNA1165493,excluded,age_unknown_no_evidence,0,,,0,0,0,Huazhong Agricultural University,False,True,True
PRJNA1165922,excluded,age_unknown_no_evidence,0,,,0,0,0,Jiangnan University,False,True,True
PRJNA1165951,excluded,age_unknown_no_evidence,0,,,0,0,0,"Vision Medicals Co., Ltd.",False,True,True
PRJNA1165964,excluded,age_unknown_no_evidence,0,,,0,0,0,PreBiomics s.r.l,False,True,True
PRJNA1166287,excluded,age_unknown_no_evidence,0,,,0,0,0,New England Biolabs,False,True,True
PRJNA1166697,excluded,age_unknown_no_evidence,0,,,0,0,0,California Department of Public Health,False,True,True
PRJNA1166717,excluded,age_unknown_no_evidence,0,,,0,0,0,guangzhou center for disease control and prevention,False,True,True
PRJNA1166729,excluded,age_unknown_no_evidence,0,,,0,0,0,Shanghai Public Health Clinical Center,False,True,True
PRJNA1166745,excluded,age_unknown_no_evidence,0,,,0,0,0,Xiangyang Central Hospital,False,True,True
PRJNA1166969,included,,11,Xie J,Ma R,1,1,0,"Fuwai Yunnan Hospital, ChineseAcademy of Medical Sciences",True,True,True
PRJNA1167328,excluded,age_unknown_no_evidence,0,,,0,0,0,Mayo Clinic,False,True,True
PRJNA1167654,excluded,age_unknown_no_evidence,0,,,0,0,0,"Department of Pulmonary and Critical Care Medicine, First Affiliated Hospital of Dalian Medical Univ",False,True,True
PRJNA1167935,excluded,age_unknown_no_evidence,0,,,0,0,0,University of Turin,False,True,True
PRJNA1168499,excluded,age_unknown_no_evidence,0,,,0,0,0,Clemson University,False,True,True
PRJNA1169096,excluded,age_unknown_no_evidence,0,,,0,0,0,Weill Cornell Medicine,False,True,True
PRJNA1169199,excluded,age_unknown_no_evidence,0,,,0,0,0,institute grassland research of CAAS,False,True,True
PRJNA1169396,excluded,age_unknown_no_evidence,0,,,0,0,0,University of Ottawa,False,True,True
PRJNA1169537,excluded,age_unknown_no_evidence,0,,,0,0,0,Waseda University; Japanese 4D,False,True,True
PRJNA1169674,excluded,age_unknown_no_evidence,0,,,0,0,0,Institut Pasteur,False,True,True
PRJNA1169933,excluded,age_unknown_no_evidence,0,,,0,0,0,Harvard Medical School,False,True,True
PRJNA1170175,excluded,age_unknown_no_evidence,11,Lu X,Dai Z,1,0,1,"Affiliated Hospital 6 of Nantong University, Yancheng Third People's Hospital, Yancheng",True,True,True
PRJNA1170540,excluded,age_unknown_no_evidence,0,,,0,0,0,Zibo First Hospital,False,True,True
PRJNA1170870,excluded,age_unknown_no_evidence,0,,,0,0,0,The First Affiliated Hospital of Zhengzhou University,False,True,True
PRJNA1171148,excluded,age_unknown_no_evidence,0,,,0,0,0,Huazhong University of Science and Technology,False,True,True
PRJNA1171213,excluded,age_unknown_no_evidence,0,,,0,0,0,"Faculty of Medicine, Chulalongkorn University",False,True,True
PRJNA1171384,excluded,age_unknown_no_evidence,0,,,0,0,0,PANJAB UNIVERSITY,False,True,True
PRJNA1171628,excluded,age_unknown_no_evidence,0,,,0,0,0,Hospices Civils de Lyon - GenEPII,False,True,True
PRJNA1171764,excluded,age_unknown_no_evidence,12,Serrano-Gómez G,Manichanh C,1,0,1,VHIR,True,True,True
PRJNA1171778,excluded,age_unknown_no_evidence,0,,,0,0,0,Unicamp,False,True,True
PRJNA1172159,excluded,age_unknown_no_evidence,0,,,0,0,0,Northwest A&Forestry University,False,True,True
PRJNA1172951,excluded,age_unknown_no_evidence,0,,,0,0,0,Korea University,False,True,True
PRJNA1172987,excluded,age_unknown_no_evidence,0,,,0,0,0,"Beijing Obstetrics and Gynecology Hospital, Capital Medical University",False,True,True
PRJNA1173329,excluded,age_unknown_no_evidence,0,,,0,0,0,Fujian Medical University Union Hospital,False,True,True
PRJNA1173388,excluded,age_unknown_no_evidence,0,,,0,0,0,National University of Singapore,False,True,True
PRJNA1174239,excluded,age_unknown_no_evidence,0,,,0,0,0,University of Technology Sydney,False,True,True
PRJNA1175072,excluded,age_unknown_no_evidence,0,,,0,0,0,The Affiliated People's Hospital of Fujian University of Traditional Chinese Medicine,False,True,True
PRJNA1175722,excluded,age_unknown_no_evidence,0,,,0,0,0,Masan National Tuberculosis Hospital,False,True,True
PRJNA1175727,excluded,age_unknown_no_evidence,0,,,0,0,0,"Instituto de Higiene, UdelaR",False,True,True
PRJNA1175889,excluded,age_unknown_no_evidence,0,,,0,0,0,KEMRI-Wellcome Trust,False,True,True
PRJNA1176127,excluded,age_unknown_no_evidence,0,,,0,0,0,Sun Yat-sen University,False,True,True
PRJNA1176451,excluded,age_unknown_no_evidence,0,,,0,0,0,Bambino Gesu' Children's Hospital,False,True,True
PRJNA1176463,excluded,age_unknown_no_evidence,0,,,0,0,0,Cleveland Clinic,False,True,True
PRJNA1176874,excluded,age_unknown_no_evidence,0,,,0,0,0,Variation in human gut microbiota impacts tamoxifen pharmacokinetics,False,True,True
PRJNA1177009,excluded,age_unknown_no_evidence,15,Carter MM,Sonnenburg JL,1,1,0,Stanford University,True,True,True
PRJNA1177164,excluded,age_unknown_no_evidence,0,,,0,0,0,"University of Science, VNU-HCM",False,True,True
PRJNA1177354,excluded,age_unknown_no_evidence,0,,,0,0,0,Kyung Hee University,False,True,True
PRJNA1177371,excluded,age_unknown_no_evidence,0,,,0,0,0,Central South University,False,True,True
PRJNA1177516,excluded,age_unknown_no_evidence,14,Duong JT,Hoffman LR,1,0,1,University of Washington,True,True,True
PRJNA1177867,excluded,age_unknown_no_evidence,0,,,0,0,0,Universidad Nacional de Colombia,False,True,True
PRJNA1178154,excluded,age_unknown_no_evidence,0,,,0,0,0,Harbin Medical University,False,True,True
PRJNA1178822,excluded,age_unknown_no_evidence,0,,,0,0,0,Nanyang Technological University,False,True,True
PRJNA1178828,excluded,age_unknown_no_evidence,0,,,0,0,0,Fudan University,False,True,True
PRJNA1179655,excluded,age_unknown_no_evidence,0,,,0,0,0,The First Affiliated Hospital of Sun Yat-sen University,False,True,True
PRJNA1179893,excluded,age_unknown_no_evidence,0,,,0,0,0,Children's Hospital of Philadelphia,False,True,True
PRJNA1180640,excluded,age_unknown_no_evidence,0,,,0,0,0,Hong Kong Baptist University,False,True,True
PRJNA1180703,excluded,age_unknown_no_evidence,0,,,0,0,0,Linyi People's Hospital,False,True,True
PRJNA1181652,excluded,age_unknown_no_evidence,0,,,0,0,0,University of Siena,False,True,True
PRJNA1181655,excluded,age_unknown_no_evidence,0,,,0,0,0,Amsterdam UMC location VUmc; P4O2,False,True,True
PRJNA1181778,excluded,age_unknown_no_evidence,0,,,0,0,0,The Chinese University of Hong Kong,False,True,True
PRJNA1182043,excluded,age_unknown_no_evidence,0,,,0,0,0,University of Dhaka,False,True,True
PRJNA1182815,excluded,age_unknown_no_evidence,0,,,0,0,0,Yale University,False,True,True
PRJNA1182982,excluded,age_unknown_no_evidence,0,,,0,0,0,University of Siena,False,True,True
PRJNA1183292,excluded,age_unknown_no_evidence,0,,,0,0,0,University of Siena,False,True,True
PRJNA1183294,excluded,age_unknown_no_evidence,0,,,0,0,0,Dentaid SL,False,True,True
PRJNA1183628,excluded,age_unknown_no_evidence,0,,,0,0,0,University of Bath,False,True,True
PRJNA1183632,excluded,age_unknown_no_evidence,0,,,0,0,0,University of Siena,False,True,True
PRJNA1183653,excluded,age_unknown_no_evidence,0,,,0,0,0,University of Siena,False,True,True
PRJNA1184021,excluded,age_unknown_no_evidence,0,,,0,0,0,University of Copenhagen,False,True,True
PRJNA1184213,excluded,age_unknown_no_evidence,7,Sun S,Lv B,1,0,1,The First Affiliated Hospital of Zhejiang Chinese Medical University,True,True,True
PRJNA1184324,excluded,age_unknown_no_evidence,0,,,0,0,0,Affiliated Hospital of Jiangnan University,False,True,True
PRJNA1184469,excluded,age_unknown_no_evidence,0,,,0,0,0,Vision Medicals Center for Infectious Diseases,False,True,True
PRJNA1185004,excluded,age_unknown_no_evidence,0,,,0,0,0,"the 2nd Affiliated Hospital of Wenzhou Medical University, Zhejiang, China",False,True,True
PRJNA1185808,excluded,age_unknown_no_evidence,0,,,0,0,0,Northeast Normal University,False,True,True
PRJNA1186265,excluded,age_unknown_no_evidence,0,,,0,0,0,Shanghai Research Institute of Sports Science (Shanghai Anti-Doping Agency),False,True,True
PRJNA1186390,excluded,age_unknown_no_evidence,0,,,0,0,0,Nanyang Technological University,False,True,True
PRJNA1186998,excluded,age_unknown_no_evidence,0,,,0,0,0,Chongqing medical university,False,True,True
PRJNA1188190,excluded,age_unknown_no_evidence,14,Orf GS,Berg MG,1,0,1,"Core Diagnostics, Abbott Laboratories",True,True,True
PRJNA1188195,excluded,age_unknown_no_evidence,0,,,0,0,0,Zhejiang Chinese and Western Medicine Integrated Hospital,False,True,True
PRJNA1188290,excluded,age_unknown_no_evidence,0,,,0,0,0,University of Turku,False,True,True
PRJNA1188549,excluded,age_unknown_no_evidence,0,,,0,0,0,Instituto Ramon y Cajal de Investigacion Sanitaria,False,True,True
PRJNA1188787,excluded,age_unknown_no_evidence,54,Lopopolo M,Rascovan N,1,0,1,"Institut Pasteur, Paris",True,True,True
PRJNA1188789,excluded,age_unknown_no_evidence,0,,,0,0,0,"Shenzhen XBiome Biotech Co., Ltd.",False,True,True
PRJNA1188812,excluded,age_unknown_no_evidence,0,,,0,0,0,"Institut Pasteur, Paris",False,True,True
PRJNA1189133,excluded,age_unknown_no_evidence,0,,,0,0,0,Mayo Clinic,False,True,True
PRJNA1189147,excluded,age_unknown_no_evidence,0,,,0,0,0,Iowa State University,False,True,True
PRJNA1189466,excluded,age_unknown_no_evidence,0,,,0,0,0,University of Roma Tre,False,True,True
PRJNA1189780,excluded,age_unknown_no_evidence,0,,,0,0,0,Affiliated Hospital of Jiangnan University,False,True,True
PRJNA1189811,excluded,age_unknown_no_evidence,0,,,0,0,0,Shandong Agricultural University,False,True,True
PRJNA1190163,excluded,age_unknown_no_evidence,0,,,0,0,0,"Hangzhou Matridx Biotechnology Co., Ltd.",False,True,True
PRJNA1191488,excluded,age_unknown_no_evidence,0,,,0,0,0,Columbia University Medical Center,False,True,True
PRJNA1191633,excluded,age_unknown_no_evidence,0,,,0,0,0,Central Hospital Affiliated to Shandong First Medical University,False,True,True
PRJNA1191672,excluded,age_unknown_no_evidence,0,,,0,0,0,The Third Xiangya Hospital of Central South University,False,True,True
PRJNA1192252,excluded,age_unknown_no_evidence,0,,,0,0,0,Peking University Third Hospital,False,True,True
PRJNA1192254,excluded,age_unknown_no_evidence,0,,,0,0,0,Brigham and womens hosptal,False,True,True
PRJNA1192571,excluded,age_unknown_no_evidence,0,,,0,0,0,Jiangnan University,False,True,True
PRJNA1192805,excluded,age_unknown_no_evidence,0,,,0,0,0,"Fujian Medical University, Fuzhou 350005, China",False,True,True
PRJNA1193062,excluded,age_unknown_no_evidence,0,,,0,0,0,U.S. Food and Drug Administration,False,True,True
PRJNA1194298,excluded,age_unknown_no_evidence,0,,,0,0,0,Hainan Medical University,False,True,True
PRJNA1194306,excluded,age_unknown_no_evidence,0,,,0,0,0,Seoul National University College of Medicine,False,True,True
PRJNA1194543,excluded,age_unknown_no_evidence,0,,,0,0,0,McDonnell Genome Institute,False,True,True
PRJNA1194741,excluded,age_unknown_no_evidence,0,,,0,0,0,University of Turin,False,True,True
PRJNA1194976,excluded,age_unknown_no_evidence,0,,,0,0,0,Charles University in Prague,False,True,True
PRJNA1195142,excluded,age_unknown_no_evidence,37,Ramani S,Atmar RL,2,0,2,Alkek Center for Metagenomics and Microbiome Research; Texas Medical Center Genomic Center for Infectious Diseases (TMC GCID),True,True,True
PRJNA1195215,excluded,age_unknown_no_evidence,0,,,0,0,0,Sungkyunkwan University,False,True,True
PRJNA1195389,excluded,age_unknown_no_evidence,0,,,0,0,0,University of Dhaka,False,True,True
PRJNA1195412,excluded,age_unknown_no_evidence,0,,,0,0,0,Fudan University,False,True,True
PRJNA1195614,excluded,age_unknown_no_evidence,0,,,0,0,0,The Affiliated Taizhou People's Hospital of Nanjing Medical University,False,True,True
PRJNA1195696,excluded,age_unknown_no_evidence,0,,,0,0,0,Hainan Medical University,False,True,True
PRJNA1195999,excluded,age_unknown_no_evidence,0,,,0,0,0,Jingmen Central Hospital,False,True,True
PRJNA1196117,excluded,age_unknown_no_evidence,0,,,0,0,0,The Second Hospital of Tianjin Medical University,False,True,True
PRJNA1196506,excluded,age_unknown_no_evidence,0,,,0,0,0,"Instituto de Higiene, UdelaR",False,True,True
PRJNA1196639,excluded,age_unknown_no_evidence,0,,,0,0,0,China,False,True,True
PRJNA1197084,excluded,age_unknown_no_evidence,0,,,0,0,0,Yenepoya University,False,True,True
PRJNA1197168,excluded,age_unknown_no_evidence,0,,,0,0,0,The Quzhou Affiliated Hospital of Wenzhou Medical University,False,True,True
PRJNA1197998,excluded,age_unknown_no_evidence,0,,,0,0,0,Massachusetts General Hospital,False,True,True
PRJNA1198212,excluded,age_unknown_no_evidence,0,,,0,0,0,"Fujian Maternity and Child Health Hospital, College of Clinical Medicine for Obstetrics & Gynecology",False,True,True
PRJNA1198331,excluded,age_unknown_no_evidence,0,,,0,0,0,University of Naples Federico II,False,True,True
PRJNA1198494,excluded,age_unknown_no_evidence,0,,,0,0,0,Duke University,False,True,True
PRJNA1198725,excluded,age_unknown_no_evidence,0,,,0,0,0,Qingdao University,False,True,True
PRJNA1199062,excluded,age_unknown_no_evidence,0,,,0,0,0,Centre for Infectious Diseases and Microbiology - Public Health,False,True,True
PRJNA1199187,excluded,age_unknown_no_evidence,0,,,0,0,0,GTIIT,False,True,True
PRJNA1199203,excluded,age_unknown_no_evidence,0,,,0,0,0,University of Nottingham,False,True,True
PRJNA1199723,excluded,age_unknown_no_evidence,0,,,0,0,0,"BGI-Wuhan Clinical Laboratories, BGI-Shenzhen",False,True,True
PRJNA1199735,excluded,age_unknown_no_evidence,0,,,0,0,0,"BGI-Wuhan Clinical Laboratories, BGI-Shenzhen",False,True,True
PRJNA1199931,excluded,age_unknown_no_evidence,0,,,0,0,0,Shanghai Ocean University,False,True,True
PRJNA1200003,excluded,age_unknown_no_evidence,0,,,0,0,0,UNC Charlotte,False,True,True
PRJNA1200201,excluded,age_unknown_no_evidence,0,,,0,0,0,Shanxi Medical University,False,True,True
PRJNA1200790,excluded,age_unknown_no_evidence,0,,,0,0,0,Yonsei University,False,True,True
PRJNA1200893,excluded,age_unknown_no_evidence,20,Parks DH,Wood DLA,1,0,1,Microba Life Sciences,True,True,True
PRJNA1201247,excluded,age_unknown_no_evidence,0,,,0,0,0,The University of Hong Kong,False,True,True
PRJNA1201249,excluded,age_unknown_no_evidence,0,,,0,0,0,Wilmar International,False,True,True
PRJNA1201607,excluded,age_unknown_no_evidence,0,,,0,0,0,Chulalongkorn University,False,True,True
PRJNA1201908,excluded,age_unknown_no_evidence,0,,,0,0,0,Tsinghua University,False,True,True
PRJNA1202717,excluded,age_unknown_no_evidence,0,,,0,0,0,University of British Columbia Okanagan,False,True,True
PRJNA1202735,excluded,age_unknown_no_evidence,0,,,0,0,0,Hainan Medical University,False,True,True
PRJNA1203042,excluded,age_unknown_no_evidence,0,,,0,0,0,"Guangdong Provincial People's Hospital (Guangdong Academy of Medical Sciences), Southern Medical Uni",False,True,True
PRJNA1203379,excluded,age_unknown_no_evidence,0,,,0,0,0,Fuzhou Second General Hospital,False,True,True
PRJNA1203401,excluded,age_unknown_no_evidence,0,,,0,0,0,The University of Hong Kong,False,True,True
PRJNA1204144,excluded,age_unknown_no_evidence,0,,,0,0,0,The Second Hospital of Tianjin University of Traditional Chinese Medicine,False,True,True
PRJNA1206143,excluded,age_unknown_no_evidence,0,,,0,0,0,Xiangya Hospital,False,True,True
PRJNA1206184,excluded,age_unknown_no_evidence,0,,,0,0,0,University of Oslo,False,True,True
PRJNA1206727,excluded,age_unknown_no_evidence,0,,,0,0,0,Federal University of Santa Catarina,False,True,True
PRJNA1208041,excluded,age_unknown_no_evidence,0,,,0,0,0,Cleveland Clinic,False,True,True
PRJNA1208121,excluded,age_unknown_no_evidence,0,,,0,0,0,University of Washington,False,True,True
PRJNA1208576,excluded,age_unknown_no_evidence,0,,,0,0,0,"Union Hospital Affiliated to Tongji Medical College, Huazhong University of Science and Technology",False,True,True
PRJNA1208988,excluded,age_unknown_no_evidence,0,,,0,0,0,UMass Medical School,False,True,True
PRJNA1209134,excluded,age_unknown_no_evidence,0,,,0,0,0,Jiangnan University,False,True,True
PRJNA1209332,excluded,age_unknown_no_evidence,0,,,0,0,0,"Huashan Hospital, Fudan University",False,True,True
PRJNA1209391,excluded,age_unknown_no_evidence,0,,,0,0,0,Soochow University,False,True,True
PRJNA1209849,excluded,age_unknown_no_evidence,0,,,0,0,0,Nanchang University,False,True,True
PRJNA1209946,excluded,age_unknown_no_evidence,0,,,0,0,0,Northwestern,False,True,True
PRJNA1210004,excluded,age_unknown_no_evidence,0,,,0,0,0,Fred Hutchinson Cancer Center,False,True,True
PRJNA1210110,excluded,age_unknown_no_evidence,0,,,0,0,0,"The Sixth Hospital of Wuhan, Affiliated Hospital of Jianghan University",False,True,True
PRJNA1210160,excluded,age_unknown_no_evidence,0,,,0,0,0,Henri Mondor Hospital - APHP,False,True,True
PRJNA1210168,excluded,age_unknown_no_evidence,0,,,0,0,0,Henri Mondor Hospital - APHP,False,True,True
PRJNA1210680,excluded,age_unknown_no_evidence,0,,,0,0,0,University of New South Wales,False,True,True
PRJNA1210837,excluded,age_unknown_no_evidence,0,,,0,0,0,Beijing Chao-Yang Hospital,False,True,True
PRJNA1211286,excluded,age_unknown_no_evidence,0,,,0,0,0,Massachusetts Institute of Technology,False,True,True
PRJNA1211300,excluded,age_unknown_no_evidence,0,,,0,0,0,The University of Hong Kong,False,True,True
PRJNA1212486,excluded,age_unknown_no_evidence,0,,,0,0,0,Matridx,False,True,True
PRJNA1213709,excluded,age_unknown_no_evidence,0,,,0,0,0,Hainan Medical University,False,True,True
PRJNA1214038,excluded,age_unknown_no_evidence,0,,,0,0,0,Charles University in Prague,False,True,True
PRJNA1214376,excluded,age_unknown_no_evidence,0,,,0,0,0,King Faisal Specialist Hospital and Research Centre,False,True,True
PRJNA1214590,excluded,age_unknown_no_evidence,0,,,0,0,0,Sun Yat-sen University,False,True,True
PRJNA1214916,excluded,age_unknown_no_evidence,0,,,0,0,0,The Affiliated People's Hospital of Ningbo University,False,True,True
PRJNA1215684,excluded,age_unknown_no_evidence,0,,,0,0,0,"Shanghai Medical College, Fudan University",False,True,True
PRJNA1215779,excluded,age_unknown_no_evidence,0,,,0,0,0,Wenzhou People's Hospital,False,True,True
PRJNA1216225,excluded,age_unknown_no_evidence,0,,,0,0,0,Erciyes University,False,True,True
PRJNA1219188,excluded,age_unknown_no_evidence,0,,,0,0,0,Quadram Institute Bioscience,False,True,True
PRJNA1219227,excluded,age_unknown_no_evidence,0,,,0,0,0,University of Virginia,False,True,True
PRJNA1219992,excluded,age_unknown_no_evidence,0,,,0,0,0,ENIS,False,True,True
PRJNA1220341,excluded,age_unknown_no_evidence,0,,,0,0,0,SNIPR Biome,False,True,True
PRJNA1221063,excluded,age_unknown_no_evidence,0,,,0,0,0,Sichuan university,False,True,True
PRJNA1221292,excluded,age_unknown_no_evidence,0,,,0,0,0,The First Affiliated Hospital of Shantou University Medical College,False,True,True
PRJNA1222598,excluded,age_unknown_no_evidence,0,,,0,0,0,Hangzhou Medical College,False,True,True
PRJNA1222800,excluded,age_unknown_no_evidence,0,,,0,0,0,Harvard Microbiome Analysis Core; HARVARD CHAN Microbiome Analysis Core,False,True,True
PRJNA1224284,excluded,age_unknown_no_evidence,0,,,0,0,0,the First Hospital of Jilin University,False,True,True
PRJNA1224818,excluded,age_unknown_no_evidence,15,Avadhanula V,Piedra PA,1,0,1,Alkek Center for Metagenomics and Microbiome Research; Texas Medical Center Genomic Center for Infectious Diseases (TMC GCID),True,True,True
PRJNA1225502,excluded,age_unknown_no_evidence,0,,,0,0,0,Osaka University Graduate School of Dentistry,False,True,True
PRJNA1225508,excluded,age_unknown_no_evidence,0,,,0,0,0,xi'an jiaotong university,False,True,True
PRJNA1225627,excluded,age_unknown_no_evidence,0,,,0,0,0,The First Affiliated Hospital of Guangxi Medical University,False,True,True
PRJNA1225636,excluded,age_unknown_no_evidence,0,,,0,0,0,Fujian Provincial Xiamen Center for Disease Control and Prevention,False,True,True
PRJNA1225778,excluded,age_unknown_no_evidence,0,,,0,0,0,Ningbo University,False,True,True
PRJNA1226730,excluded,age_unknown_no_evidence,0,,,0,0,0,Sun Yat-Sen University,False,True,True
PRJNA1226940,excluded,age_unknown_no_evidence,0,,,0,0,0,"Sir Run Run Hospital, Nanjing Medical University",False,True,True
PRJNA1227423,excluded,age_unknown_no_evidence,0,,,0,0,0,Yonsei University,False,True,True
PRJNA1227602,excluded,age_unknown_no_evidence,0,,,0,0,0,Tianjin University of Science and Technology,False,True,True
PRJNA1227720,excluded,age_unknown_no_evidence,0,,,0,0,0,Yonsei University,False,True,True
PRJNA1228165,excluded,age_unknown_no_evidence,0,,,0,0,0,Tianjin University of Science and Technology,False,True,True
PRJNA1228250,excluded,age_unknown_no_evidence,0,,,0,0,0,The First Hospital of Jilin University,False,True,True
PRJNA1228284,excluded,age_unknown_no_evidence,0,,,0,0,0,public health,False,True,True
PRJNA1229860,excluded,age_unknown_no_evidence,0,,,0,0,0,Heinrich Heine University Duesseldorf,False,True,True
PRJNA1230534,excluded,age_unknown_no_evidence,0,,,0,0,0,"Shenzhen Center for Chronic Disease Control, Shenzhen Institute of Dermatology",False,True,True
PRJNA1230553,excluded,age_unknown_no_evidence,0,,,0,0,0,UCLA,False,True,True
PRJNA1230567,excluded,age_unknown_no_evidence,0,,,0,0,0,Jiangsu University,False,True,True
PRJNA1231063,excluded,age_unknown_no_evidence,0,,,0,0,0,NHGRI/NIH,False,True,True
PRJNA1232331,excluded,age_unknown_no_evidence,0,,,0,0,0,Aerospace Center Hospital,False,True,True
PRJNA1232352,excluded,age_unknown_no_evidence,0,,,0,0,0,The Second People's Hospital Affiliated to Fujian University of Traditional Chinese Medicine,False,True,True
PRJNA1232647,excluded,age_unknown_no_evidence,0,,,0,0,0,Columbia University Medical Center,False,True,True
PRJNA1232706,excluded,age_unknown_no_evidence,0,,,0,0,0,Columbia University Medical Center,False,True,True
PRJNA1232950,excluded,age_unknown_no_evidence,0,,,0,0,0,Kings College London,False,True,True
PRJNA1232955,excluded,age_unknown_no_evidence,0,,,0,0,0,shandong unversity,False,True,True
PRJNA1233217,excluded,age_unknown_no_evidence,0,,,0,0,0,University of Luxembourg,False,True,True
PRJNA1234627,excluded,age_unknown_no_evidence,0,,,0,0,0,Shanghai Sixth People's Hospital Affiliated to Shanghai Jiao Tong University School of Medicine,False,True,True
PRJNA1235197,excluded,age_unknown_no_evidence,0,,,0,0,0,Mayo Clinic,False,True,True
PRJNA1235200,excluded,age_unknown_no_evidence,0,,,0,0,0,University of Michigan,False,True,True
PRJNA1235640,excluded,age_unknown_no_evidence,0,,,0,0,0,Lanzhou University,False,True,True
PRJNA1235726,excluded,age_unknown_no_evidence,0,,,0,0,0,Abbott Laboratories,False,True,True
PRJNA1235738,excluded,age_unknown_no_evidence,0,,,0,0,0,University of Minnesota,False,True,True
PRJNA1236482,excluded,age_unknown_no_evidence,13,Grieshop MP,Bhatt AS,1,0,1,Stanford University,True,True,True
PRJNA1236664,excluded,age_unknown_no_evidence,0,,,0,0,0,IRCM,False,True,True
PRJNA1236731,excluded,age_unknown_no_evidence,0,,,0,0,0,Nanjing Forestry University,False,True,True
PRJNA1236820,excluded,age_unknown_no_evidence,0,,,0,0,0,"filiated Hospital, Sun Yat-sen University",False,True,True
PRJNA1236824,excluded,age_unknown_no_evidence,0,,,0,0,0,West China Hospital of Sichuan University,False,True,True
PRJNA1236935,excluded,age_unknown_no_evidence,0,,,0,0,0,Institute of Tropical Medicine,False,True,True
PRJNA1237918,excluded,age_unknown_no_evidence,0,,,0,0,0,SA Pathology Public Health and Epidemiology Laboratory,False,True,True
PRJNA1238196,excluded,age_unknown_no_evidence,0,,,0,0,0,Shantou Central Hospital,False,True,True
PRJNA1238284,excluded,age_unknown_no_evidence,0,,,0,0,0,University of Naples Federico II,False,True,True
PRJNA1238507,excluded,age_unknown_no_evidence,0,,,0,0,0,"Hangzhou Shengting Medical Technology Co., Ltd",False,True,True
PRJNA1238537,excluded,age_unknown_no_evidence,0,,,0,0,0,Medicines and Healthcare products Regulatory Agency,False,True,True
PRJNA1238858,excluded,age_unknown_no_evidence,0,,,0,0,0,Harbin Medical University,False,True,True
PRJNA1240002,excluded,age_unknown_no_evidence,0,,,0,0,0,Shenzhen Guangming District People's Hospital,False,True,True
PRJNA1240079,excluded,age_unknown_no_evidence,0,,,0,0,0,Tianjin First Central Hospital,False,True,True
PRJNA1240463,excluded,age_unknown_no_evidence,0,,,0,0,0,Captial medical university,False,True,True
PRJNA1240472,excluded,age_unknown_no_evidence,0,,,0,0,0,Northwest A&F University,False,True,True
PRJNA1240691,excluded,age_unknown_no_evidence,0,,,0,0,0,Beijing Friendship Hospital,False,True,True
PRJNA1240928,excluded,age_unknown_no_evidence,0,,,0,0,0,Quadram Institute Bioscience,False,True,True
PRJNA1241300,excluded,age_unknown_no_evidence,0,,,0,0,0,"Fondazione Policlinico Universitario Gemelli, IRCCS",False,True,True
PRJNA1241301,excluded,age_unknown_no_evidence,0,,,0,0,0,University of Cincinnati,False,True,True
PRJNA1241325,excluded,age_unknown_no_evidence,0,,,0,0,0,Los Angeles County Public Health Lab microbial pathogen submission group,False,True,True
PRJNA1241450,excluded,age_unknown_no_evidence,0,,,0,0,0,Ohio State University,False,True,True
PRJNA1241475,excluded,age_unknown_no_evidence,27,Tam KK,Rockett RJ,1,0,1,Centre for Infectious Diseases and Microbiology - Public Health,True,True,True
PRJNA1241481,excluded,age_unknown_no_evidence,0,,,0,0,0,"Ruijin Hospital, Shanghai Jiao Tong University School of Medicine",False,True,True
PRJNA1241852,excluded,age_unknown_no_evidence,0,,,0,0,0,MD Anderson Cancer Center,False,True,True
PRJNA1241990,excluded,age_unknown_no_evidence,0,,,0,0,0,Kyungpook National University,False,True,True
PRJNA1241999,excluded,age_unknown_no_evidence,0,,,0,0,0,The Second Affiliated Hospital of Nanchang University,False,True,True
PRJNA1242538,excluded,age_unknown_no_evidence,0,,,0,0,0,China Agricultural University,False,True,True
PRJNA1242909,excluded,age_unknown_no_evidence,0,,,0,0,0,Inner Mongolia Agricultural University,False,True,True
PRJNA1243004,excluded,age_unknown_no_evidence,0,,,0,0,0,the Affiliated Hospital of Qingdao University,False,True,True
PRJNA1243403,excluded,age_unknown_no_evidence,0,,,0,0,0,Heinrich Heine University Duesseldorf,False,True,True
PRJNA1243589,excluded,age_unknown_no_evidence,0,,,0,0,0,"Zhujiang Hospital, Southern Medical University",False,True,True
PRJNA1243738,excluded,age_unknown_no_evidence,0,,,0,0,0,University of Calcutta,False,True,True
PRJNA1243897,excluded,age_unknown_no_evidence,0,,,0,0,0,University of Naples Federico II,False,True,True
PRJNA1243995,excluded,age_unknown_no_evidence,0,,,0,0,0,Broad Institute,False,True,True
PRJNA1244472,excluded,age_unknown_no_evidence,0,,,0,0,0,Xi'an University of Architecture and Technology,False,True,True
PRJNA1245671,excluded,age_unknown_no_evidence,0,,,0,0,0,University of Torino,False,True,True
PRJNA1246224,excluded,age_unknown_no_evidence,0,,,0,0,0,Harvard T.H. Chan School of Public Health,False,True,True
PRJNA1246507,excluded,age_unknown_no_evidence,0,,,0,0,0,Animal and Plant Health Agency,False,True,True
PRJNA1247145,excluded,age_unknown_no_evidence,0,,,0,0,0,Cincinnati Childrens Hospital,False,True,True
PRJNA1247491,excluded,age_unknown_no_evidence,0,,,0,0,0,University of Parma,False,True,True
PRJNA1247614,excluded,age_unknown_no_evidence,0,,,0,0,0,The Quzhou Affiliated Hospital of Wenzhou Medical University,False,True,True
PRJNA1247984,excluded,age_unknown_no_evidence,0,,,0,0,0,Research Institute for Systems Biology and Medicine (RISBM),False,True,True
PRJNA1248002,excluded,age_unknown_no_evidence,0,,,0,0,0,Harvard Microbiome Analysis Core,False,True,True
PRJNA1248040,excluded,age_unknown_no_evidence,0,,,0,0,0,Mayo Clinic,False,True,True
PRJNA1248590,excluded,age_unknown_no_evidence,0,,,0,0,0,"Tianjin Medical University, Tianjin, China",False,True,True
PRJNA1248596,excluded,age_unknown_no_evidence,0,,,0,0,0,NEW YORK UNIVERSITY SCHOOL OF MEDICINE,False,True,True
PRJNA1250239,excluded,age_unknown_no_evidence,0,,,0,0,0,Universidad de Vigo,False,True,True
PRJNA1251136,excluded,age_unknown_no_evidence,0,,,0,0,0,Los Angeles County Public Health Lab microbial pathogen submission group,False,True,True
PRJNA1251582,excluded,age_unknown_no_evidence,0,,,0,0,0,Jashore University of Science and Technology,False,True,True
PRJNA1251707,excluded,age_unknown_no_evidence,0,,,0,0,0,Microba,False,True,True
PRJNA1252894,excluded,age_unknown_no_evidence,0,,,0,0,0,Queen Mary University of London,False,True,True
PRJNA1254385,excluded,age_unknown_no_evidence,0,,,0,0,0,The First Affiliated Hospital of Anhui Medical University (North District),False,True,True
PRJNA1254727,excluded,age_unknown_no_evidence,0,,,0,0,0,Abbott Laboratories,False,True,True
PRJNA1255639,excluded,age_unknown_no_evidence,0,,,0,0,0,Hospital de Clinicas de Porto Alegre,False,True,True
PRJNA1255839,excluded,age_unknown_no_evidence,0,,,0,0,0,Matridx,False,True,True
PRJNA1256109,excluded,age_unknown_no_evidence,0,,,0,0,0,The Affiliated Taizhou People's Hospital of Nanjing Medical University,False,True,True
PRJNA1256147,excluded,age_unknown_no_evidence,0,,,0,0,0,"Institute of Hematology & Blood Diseases Hospital, Chinese Academy of Medical Sciences & Peking Unio",False,True,True
PRJNA1256532,excluded,age_unknown_no_evidence,0,,,0,0,0,Nanchang University,False,True,True
PRJNA1257011,excluded,age_unknown_no_evidence,0,,,0,0,0,SRM INSTITUTE OF SCIENCE AND TECHNOLOGY,False,True,True
PRJNA1257370,excluded,age_unknown_no_evidence,0,,,0,0,0,Nanjing University of Chinese Medicine,False,True,True
PRJNA1257817,excluded,age_unknown_no_evidence,0,,,0,0,0,National Microbiology Laboratory Branch,False,True,True
PRJNA1257948,excluded,age_unknown_no_evidence,0,,,0,0,0,University of North Carolina at Charlotte,False,True,True
PRJNA1258282,excluded,age_unknown_no_evidence,0,,,0,0,0,National Institute of Allergy and Infectious Disease,False,True,True
PRJNA1258750,excluded,age_unknown_no_evidence,0,,,0,0,0,Universiti Teknologi MARA (UiTM),False,True,True
PRJNA1258884,excluded,age_unknown_no_evidence,0,,,0,0,0,Helmholtz Centre for Infection Research,False,True,True
PRJNA1259758,excluded,age_unknown_no_evidence,0,,,0,0,0,"Jinan Microecological Biomedicine Shandong Laboratory, Jinan 250117, China.",False,True,True
PRJNA1260066,excluded,age_unknown_no_evidence,0,,,0,0,0,Stanford University,False,True,True
PRJNA1260161,excluded,age_unknown_no_evidence,0,,,0,0,0,Xinjiang University,False,True,True
PRJNA1260698,excluded,age_unknown_no_evidence,0,,,0,0,0,Soonchunhyang University,False,True,True
PRJNA1261620,excluded,age_unknown_no_evidence,0,,,0,0,0,Kanazawa University,False,True,True
PRJNA1261853,excluded,age_unknown_no_evidence,12,Probert WS,Hacker JK,1,0,1,"Genome Sequencing Project: California Department of Public Health, Viral and Rickettsial Disease Lab",True,True,True
PRJNA1261917,excluded,age_unknown_no_evidence,0,,,0,0,0,"Shanghai Ninth People's Hospital, Shanghai Jiao Tong University School of Medicine",False,True,True
PRJNA1262070,excluded,age_unknown_no_evidence,0,,,0,0,0,Institute for Systems Biology,False,True,True
PRJNA1262688,excluded,age_unknown_no_evidence,0,,,0,0,0,Chinese University of Hong Kong,False,True,True
PRJNA1263143,excluded,age_unknown_no_evidence,0,,,0,0,0,Beijing Jishuitan Hospital,False,True,True
PRJNA1263159,excluded,age_unknown_no_evidence,0,,,0,0,0,Chinese University of Hong Kong,False,True,True
PRJNA1263203,excluded,age_unknown_no_evidence,0,,,0,0,0,Peking University Third Hospital,False,True,True
PRJNA1263414,excluded,age_unknown_no_evidence,0,,,0,0,0,Lopukhin FRCC PCM,False,True,True
PRJNA1263627,excluded,age_unknown_no_evidence,0,,,0,0,0,"Karolinska Institutet, Huddinge",False,True,True
PRJNA1264467,excluded,age_unknown_no_evidence,0,,,0,0,0,Zhejiang Chinese Medical University,False,True,True
PRJNA1264693,excluded,age_unknown_no_evidence,0,,,0,0,0,Fudan university,False,True,True
PRJNA1265184,excluded,age_unknown_no_evidence,0,,,0,0,0,Henri Mondor University Hospital - APHP,False,True,True
PRJNA1265940,excluded,age_unknown_no_evidence,0,,,0,0,0,Research Institute for Systems Biology and Medicine (RISBM),False,True,True
PRJNA1266115,excluded,age_unknown_no_evidence,0,,,0,0,0,Abbott Laboratories,False,True,True
PRJNA1266122,excluded,age_unknown_no_evidence,0,,,0,0,0,Alkek Center for Metagenomics and Microbiome Research; Texas Medical Center Genomic Center for Infectious Diseases (TMC GCID),False,True,True
PRJNA1266845,excluded,age_unknown_no_evidence,0,,,0,0,0,Hunan Agricultural University,False,True,True
PRJNA1266865,excluded,age_unknown_no_evidence,0,,,0,0,0,Stanford University School of Medicine,False,True,True
PRJNA1267192,excluded,age_unknown_no_evidence,0,,,0,0,0,Children's Hospital of Philadelphia,False,True,True
PRJNA1267264,excluded,age_unknown_no_evidence,0,,,0,0,0,University of Washington,False,True,True
PRJNA1267287,excluded,age_unknown_no_evidence,0,,,0,0,0,Saarland University,False,True,True
PRJNA1267739,excluded,age_unknown_no_evidence,0,,,0,0,0,Nanyang Technological University,False,True,True
PRJNA1267823,excluded,age_unknown_no_evidence,0,,,0,0,0,Yueyang Central Hospital,False,True,True
PRJNA1267825,excluded,age_unknown_no_evidence,0,,,0,0,0,Vrije Universiteit van Amsterdam,False,True,True
PRJNA1268044,excluded,age_unknown_no_evidence,0,,,0,0,0,"CJ Bioscience, Inc.",False,True,True
PRJNA1268045,excluded,age_unknown_no_evidence,0,,,0,0,0,"CJ Bioscience, Inc.",False,True,True
PRJNA1268126,excluded,age_unknown_no_evidence,0,,,0,0,0,Yueyang Central Hospital,False,True,True
PRJNA1268209,excluded,age_unknown_no_evidence,0,,,0,0,0,"Ren Ji Hospital, School of Medicine, Shanghai Jiao Tong University",False,True,True
PRJNA1268289,excluded,age_unknown_no_evidence,0,,,0,0,0,Qingdao Munipal Hospital,False,True,True
PRJNA1268706,excluded,age_unknown_no_evidence,0,,,0,0,0,Gyeongsang National University,False,True,True
PRJNA1268909,excluded,age_unknown_no_evidence,0,,,0,0,0,University of Michigan,False,True,True
PRJNA1269031,excluded,age_unknown_no_evidence,0,,,0,0,0,Copenhagen University Hospital Hvidovre,False,True,True
PRJNA1269052,excluded,age_unknown_no_evidence,0,,,0,0,0,The First Affiliated Hospital of Sun Yat-sen University,False,True,True
PRJNA1269226,excluded,age_unknown_no_evidence,0,,,0,0,0,University of Maryland,False,True,True
PRJNA1269236,excluded,age_unknown_no_evidence,0,,,0,0,0,Ubon Ratchathani University,False,True,True
PRJNA1269959,excluded,age_unknown_no_evidence,0,,,0,0,0,University of Michigan,False,True,True
PRJNA1270715,excluded,age_unknown_no_evidence,0,,,0,0,0,The Hong Kong Polytechnic University,False,True,True
PRJNA1270737,excluded,age_unknown_no_evidence,0,,,0,0,0,The Hong Kong Polytechnic University,False,True,True
PRJNA1271732,excluded,age_unknown_no_evidence,0,,,0,0,0,Monash University Malaysia,False,True,True
PRJNA1271940,excluded,age_unknown_no_evidence,0,,,0,0,0,"Faculty of Science, University of South Bohemia",False,True,True
PRJNA1272060,excluded,age_unknown_no_evidence,0,,,0,0,0,University of Calgary,False,True,True
PRJNA1273078,excluded,age_unknown_no_evidence,18,Olaleye M,Ainsworth S,1,0,1,Liverpool School of Tropical Medicine,True,True,True
PRJNA1273449,excluded,age_unknown_no_evidence,0,,,0,0,0,Shenzhen Third People Hospital,False,True,True
PRJNA1273656,excluded,age_unknown_no_evidence,0,,,0,0,0,"Institute of Urban Environment,Chinese Academy of Sciences",False,True,True
PRJNA1274191,excluded,age_unknown_no_evidence,0,,,0,0,0,BioNTech R&D (Austria) GmbH,False,True,True
PRJNA1274495,excluded,age_unknown_no_evidence,0,,,0,0,0,Universidade Federal da Bahia,False,True,True
PRJNA1274531,excluded,age_unknown_no_evidence,0,,,0,0,0,Zhejiang University,False,True,True
PRJNA1274608,excluded,age_unknown_no_evidence,0,,,0,0,0,"Zhongshan Ophthalmic Center, Sun Yat-sen University, Guangdong Provincial Key Laboratory of Ophthalm",False,True,True
PRJNA1274761,excluded,age_unknown_no_evidence,0,,,0,0,0,Hainan Medical University,False,True,True
PRJNA1274944,excluded,age_unknown_no_evidence,0,,,0,0,0,Jiangsu University,False,True,True
PRJNA1275496,excluded,age_unknown_no_evidence,0,,,0,0,0,The University of Hong Kong,False,True,True
PRJNA1275620,excluded,age_unknown_no_evidence,0,,,0,0,0,"Institute of Microbiology and Immunology, Faculty of Medicine, University of Ljubljana",False,True,True
PRJNA1276280,excluded,age_unknown_no_evidence,0,,,0,0,0,"Faculty of Medicine, Chulalongkorn University",False,True,True
PRJNA1277168,excluded,age_unknown_no_evidence,0,,,0,0,0,Massachusetts Institute of Technology,False,True,True
PRJNA1277202,excluded,age_unknown_no_evidence,0,,,0,0,0,Yan'an Affiliated Hospital of Kunming Medical University,False,True,True
PRJNA1281653,excluded,age_unknown_no_evidence,0,,,0,0,0,Helmholtz munich,False,True,True
PRJNA1283293,excluded,age_unknown_no_evidence,0,,,0,0,0,NYU Langone Health,False,True,True
PRJNA1283503,excluded,age_unknown_no_evidence,0,,,0,0,0,Kings College London,False,True,True
PRJNA1283527,excluded,age_unknown_no_evidence,0,,,0,0,0,Loyola University Chicago,False,True,True
PRJNA1284285,excluded,age_unknown_no_evidence,0,,,0,0,0,Huashan Hospital Affiliated to Fudan University,False,True,True
PRJNA1284320,excluded,age_unknown_no_evidence,0,,,0,0,0,Institute for Systems Biology,False,True,True
PRJNA1285275,excluded,age_unknown_no_evidence,0,,,0,0,0,University of Science and Technology of China,False,True,True
PRJNA1285573,excluded,age_unknown_no_evidence,0,,,0,0,0,Xinjiang University,False,True,True
PRJNA1285875,excluded,age_unknown_no_evidence,0,,,0,0,0,University of Bern,False,True,True
PRJNA1287223,excluded,age_unknown_no_evidence,0,,,0,0,0,Institut Pasteur Tunis; CIC2016HT04 “Microbiome de l’organisme humain et Santé”,False,True,True
PRJNA1287272,excluded,age_unknown_no_evidence,0,,,0,0,0,The First Affiliated Hospital of Chongqing Medical University,False,True,True
PRJNA1288052,excluded,age_unknown_no_evidence,0,,,0,0,0,Nanjing Stomatological Hospital,False,True,True
PRJNA1288138,excluded,age_unknown_no_evidence,0,,,0,0,0,University of Alberta,False,True,True
PRJNA1288683,excluded,age_unknown_no_evidence,0,,,0,0,0,Kyungpook National University,False,True,True
PRJNA1289665,excluded,age_unknown_no_evidence,0,,,0,0,0,Ningxia Medical University,False,True,True
PRJNA1289810,excluded,age_unknown_no_evidence,0,,,0,0,0,Klatt laboratory- University of Minnesota,False,True,True
PRJNA1290626,excluded,age_unknown_no_evidence,0,,,0,0,0,University Hospital of Larissa,False,True,True
PRJNA1290813,excluded,age_unknown_no_evidence,0,,,0,0,0,LHSC,False,True,True
PRJNA1291050,excluded,age_unknown_no_evidence,0,,,0,0,0,Federico II University,False,True,True
PRJNA1291169,excluded,age_unknown_no_evidence,0,,,0,0,0,Xinjiang University,False,True,True
PRJNA1291832,excluded,age_unknown_no_evidence,0,,,0,0,0,University of Melbourne,False,True,True
PRJNA1293117,excluded,age_unknown_no_evidence,0,,,0,0,0,Micro4Food,False,True,True
PRJNA1293349,excluded,age_unknown_no_evidence,0,,,0,0,0,Yangzhou University,False,True,True
PRJNA1293663,excluded,age_unknown_no_evidence,0,,,0,0,0,Kingmed Diagnostics,False,True,True
PRJNA1295148,excluded,age_unknown_no_evidence,0,,,0,0,0,University of Inland Norway,False,True,True
PRJNA1295854,excluded,age_unknown_no_evidence,0,,,0,0,0,Ostia Sciences Inc,False,True,True
PRJNA1296491,excluded,age_unknown_no_evidence,0,,,0,0,0,Lawrence Livermore National Laboratory; California Department of Public Health,False,True,True
PRJNA1298367,excluded,age_unknown_no_evidence,0,,,0,0,0,University of Calgary,False,True,True
PRJNA1299468,excluded,age_unknown_no_evidence,0,,,0,0,0,Deakin University,False,True,True
PRJNA1300320,excluded,age_unknown_no_evidence,0,,,0,0,0,"Karolinska Institutet, Huddinge",False,True,True
PRJNA1300398,excluded,age_unknown_no_evidence,0,,,0,0,0,"Karolinska Institutet, Huddinge",False,True,True
PRJNA1300508,excluded,age_unknown_no_evidence,0,,,0,0,0,Second Affiliated Hospital of Dalian Medical University,False,True,True
PRJNA1300830,excluded,age_unknown_no_evidence,0,,,0,0,0,University of Health and Rehabilitation Sciences,False,True,True
PRJNA1300960,excluded,age_unknown_no_evidence,0,,,0,0,0,"Faculty of Medicine Siriraj Hospital, Mahidol University",False,True,True
PRJNA1301364,excluded,age_unknown_no_evidence,0,,,0,0,0,Jilin University,False,True,True
PRJNA1302749,excluded,age_unknown_no_evidence,0,,,0,0,0,University of Inland Norway,False,True,True
PRJNA1302757,excluded,age_unknown_no_evidence,0,,,0,0,0,Waseda university,False,True,True
PRJNA1303200,excluded,age_unknown_no_evidence,0,,,0,0,0,National Institute of Environmental Health Sciences,False,True,True
PRJNA1303691,excluded,age_unknown_no_evidence,0,,,0,0,0,University of South Florida,False,True,True
PRJNA1303742,excluded,age_unknown_no_evidence,0,,,0,0,0,The Peter Doherty Institute for Infection and Immunity,False,True,True
PRJNA1304045,excluded,age_unknown_no_evidence,0,,,0,0,0,South China Agricultural University,False,True,True
PRJNA1304185,excluded,age_unknown_no_evidence,0,,,0,0,0,Chinese University of Hong Kong,False,True,True
PRJNA1304526,excluded,age_unknown_no_evidence,0,,,0,0,0,Jinan University,False,True,True
PRJNA1304726,excluded,age_unknown_no_evidence,0,,,0,0,0,Hunan Agricultural University,False,True,True
PRJNA1304731,excluded,age_unknown_no_evidence,0,,,0,0,0,University of Antwerp,False,True,True
PRJNA1305147,excluded,age_unknown_no_evidence,0,,,0,0,0,zhejiang university,False,True,True
PRJNA1305379,excluded,age_unknown_no_evidence,0,,,0,0,0,NCI,False,True,True
PRJNA1305438,excluded,age_unknown_no_evidence,0,,,0,0,0,Universidad Peruana Union,False,True,True
PRJNA1305443,excluded,age_unknown_no_evidence,0,,,0,0,0,Broad Institute,False,True,True
PRJNA1306079,excluded,age_unknown_no_evidence,0,,,0,0,0,the First Affiliated Hospital of Chongqing Medical University,False,True,True
PRJNA1306337,excluded,age_unknown_no_evidence,0,,,0,0,0,"Federal Research Center of Nutrition, Biotechnology and Food Safety, 109240 Moscow, Russia",False,True,True
PRJNA1306371,excluded,age_unknown_no_evidence,0,,,0,0,0,zhejiang university,False,True,True
PRJNA1306485,excluded,age_unknown_no_evidence,0,,,0,0,0,KEMRI Wellcome Trust,False,True,True
PRJNA1306780,excluded,age_unknown_no_evidence,0,,,0,0,0,The First Hospital of Tsinghua University,False,True,True
PRJNA1307628,excluded,age_unknown_no_evidence,17,Jin S,Schirmer M,1,0,1,Technical University of Munich,True,True,True
PRJNA1308273,excluded,age_unknown_no_evidence,0,,,0,0,0,National University of Singapore,False,True,True
PRJNA1308307,excluded,age_unknown_no_evidence,0,,,0,0,0,University of Copenhagen,False,True,True
PRJNA1308943,excluded,age_unknown_no_evidence,0,,,0,0,0,Centers for Disease Control,False,True,True
PRJNA1309257,excluded,age_unknown_no_evidence,0,,,0,0,0,Zhejiang Provincial People's Hospital,False,True,True
PRJNA1309615,excluded,age_unknown_no_evidence,0,,,0,0,0,Xiangya Hospital Central South University,False,True,True
PRJNA1309965,excluded,age_unknown_no_evidence,0,,,0,0,0,Fudan University,False,True,True
PRJNA1311577,excluded,age_unknown_no_evidence,0,,,0,0,0,Ostia Sciences Inc,False,True,True
PRJNA1312113,excluded,age_unknown_no_evidence,0,,,0,0,0,Cedars-Sinai Medical Center,False,True,True
PRJNA1312266,excluded,age_unknown_no_evidence,0,,,0,0,0,National Laboratory Astana,False,True,True
PRJNA1312275,excluded,age_unknown_no_evidence,0,,,0,0,0,China Agricultural University,False,True,True
PRJNA1313880,excluded,age_unknown_no_evidence,0,,,0,0,0,Guangdong Medical University,False,True,True
PRJNA1313938,excluded,age_unknown_no_evidence,0,,,0,0,0,University Hospital Zurich,False,True,True
PRJNA1314234,excluded,age_unknown_no_evidence,0,,,0,0,0,Centre de recherche du Centre Hospitalier de l'Universite de Montreal (CRCHUM),False,True,True
PRJNA1314809,excluded,age_unknown_no_evidence,0,,,0,0,0,University of Michigan,False,True,True
PRJNA1314852,excluded,age_unknown_no_evidence,0,,,0,0,0,Nanning Second People's Hospital,False,True,True
PRJNA1317556,excluded,age_unknown_no_evidence,0,,,0,0,0,"Southwest Hospital, Army Medical University",False,True,True
PRJNA1317571,excluded,age_unknown_no_evidence,0,,,0,0,0,NIH,False,True,True
PRJNA1317643,excluded,age_unknown_no_evidence,0,,,0,0,0,Ball State University,False,True,True
PRJNA1320713,excluded,age_unknown_no_evidence,0,,,0,0,0,Albert Einstein College of Medicine,False,True,True
PRJNA1320978,excluded,age_unknown_no_evidence,0,,,0,0,0,Florida State University,False,True,True
PRJNA1321953,excluded,age_unknown_no_evidence,0,,,0,0,0,Johns Hopkins,False,True,True
PRJNA1322135,excluded,age_unknown_no_evidence,0,,,0,0,0,Hainan Medical University,False,True,True
PRJNA1322507,excluded,age_unknown_no_evidence,0,,,0,0,0,Icahn School of Medicine at Mount Sinai,False,True,True
PRJNA1327569,excluded,age_unknown_no_evidence,0,,,0,0,0,University of Turin,False,True,True
PRJNA1327646,excluded,age_unknown_no_evidence,0,,,0,0,0,The Helmholtz Institute for Pharmaceutical Research Saarland (HIPS); IMAGINE,False,True,True
PRJNA1327759,excluded,age_unknown_no_evidence,0,,,0,0,0,Sichuan Agricultural University,False,True,True
PRJNA1327924,excluded,age_unknown_no_evidence,0,,,0,0,0,Columbia University,False,True,True
PRJNA1328156,excluded,age_unknown_no_evidence,0,,,0,0,0,Zhongshan Hospital Fudan University,False,True,True
PRJNA1328598,excluded,age_unknown_no_evidence,0,,,0,0,0,The First Affiliated Hospital of Wenzhou Medical University,False,True,True
PRJNA1328632,excluded,age_unknown_no_evidence,0,,,0,0,0,,False,False,True
PRJNA1329258,excluded,age_unknown_no_evidence,0,,,0,0,0,Inner Mongolia Medical University,False,True,True
PRJNA1329314,excluded,age_unknown_no_evidence,0,,,0,0,0,Einstein Hospital Israelita,False,True,True
PRJNA1329344,excluded,age_unknown_no_evidence,0,,,0,0,0,Kanazawa University,False,True,True
PRJNA1329991,excluded,age_unknown_no_evidence,0,,,0,0,0,Saarland University,False,True,True
PRJNA1330355,excluded,age_unknown_no_evidence,0,,,0,0,0,NHGRI/NIH,False,True,True
PRJNA1330498,excluded,age_unknown_no_evidence,0,,,0,0,0,Jiangsu Agri-animal Husbandry Vocational College,False,True,True
PRJNA1331468,excluded,age_unknown_no_evidence,0,,,0,0,0,Zhejiang Gongshang University,False,True,True
PRJNA1331696,excluded,age_unknown_no_evidence,0,,,0,0,0,Dhulikhel Hospital Kathmandu University Hospital,False,True,True
PRJNA1331857,excluded,age_unknown_no_evidence,0,,,0,0,0,"University of California, Davis",False,True,True
PRJNA1332069,excluded,age_unknown_no_evidence,0,,,0,0,0,Nanjing medical university,False,True,True
PRJNA1332501,excluded,age_unknown_no_evidence,0,,,0,0,0,The First Affiliated Hospital of Zhengzhou University,False,True,True
PRJNA1332666,excluded,age_unknown_no_evidence,0,,,0,0,0,University of Pittsburgh,False,True,True
PRJNA1333333,excluded,age_unknown_no_evidence,0,,,0,0,0,CSIR- INSTITUTE OF MICROBIAL TECHNOLOGY,False,True,True
PRJNA1333823,excluded,age_unknown_no_evidence,0,,,0,0,0,Fuzong Clinical Medical College of Fujian Medical University,False,True,True
PRJNA1333911,excluded,age_unknown_no_evidence,0,,,0,0,0,"The First Affiliated Hospital, Zhejiang University School of Medicine",False,True,True
PRJNA1334189,excluded,age_unknown_no_evidence,0,,,0,0,0,"Southwest Hospital, Army Medical University",False,True,True
PRJNA1334378,excluded,age_unknown_no_evidence,0,,,0,0,0,"Huazhong Agricultural University,",False,True,True
PRJNA1334556,excluded,age_unknown_no_evidence,0,,,0,0,0,Chungbuk National University,False,True,True
PRJNA1335605,excluded,age_unknown_no_evidence,0,,,0,0,0,Hong Kong Baptist University,False,True,True
PRJNA1335824,excluded,age_unknown_no_evidence,0,,,0,0,0,University of Birmingham,False,True,True
PRJNA1335845,excluded,age_unknown_no_evidence,0,,,0,0,0,Inner Mongolia University,False,True,True
PRJNA1335889,excluded,age_unknown_no_evidence,0,,,0,0,0,SANPROBI sp. z o.o. sp. k.,False,True,True
PRJNA1336103,excluded,age_unknown_no_evidence,0,,,0,0,0,Ostia Sciences Inc,False,True,True
PRJNA1336118,excluded,age_unknown_no_evidence,0,,,0,0,0,The Affiliated People's Hospital of Fujian University of Traditional Chinese Medicine,False,True,True
PRJNA1336226,excluded,age_unknown_no_evidence,0,,,0,0,0,KDCA,False,True,True
PRJNA1338582,excluded,age_unknown_no_evidence,0,,,0,0,0,Kunming University of Science and Technology,False,True,True
PRJNA1343175,excluded,age_unknown_no_evidence,0,,,0,0,0,"Xiyuan Hospital, China Academy of Chinese Medical Sciences",False,True,True
PRJNA1344268,excluded,age_unknown_no_evidence,0,,,0,0,0,Faculdade de Medicina de Sao Jose do Rio Preto,False,True,True
PRJNA1345173,excluded,age_unknown_no_evidence,0,,,0,0,0,Tianjin University of Traditional Chinese Medicine,False,True,True
PRJNA1345175,excluded,age_unknown_no_evidence,0,,,0,0,0,Tianjin University of Traditional Chinese Medicine,False,True,True
PRJNA1345176,excluded,age_unknown_no_evidence,0,,,0,0,0,Tianjin University of Traditional Chinese Medicine,False,True,True
PRJNA1345179,excluded,age_unknown_no_evidence,0,,,0,0,0,Tianjin University of Traditional Chinese Medicine,False,True,True
PRJNA1345370,excluded,age_unknown_no_evidence,0,,,0,0,0,Afe Babalola Multi-system Hospital,False,True,True
PRJNA1345521,excluded,age_unknown_no_evidence,0,,,0,0,0,"DRDE, Gwalior",False,True,True
PRJNA1346117,excluded,age_unknown_no_evidence,0,,,0,0,0,"Ragon Institute of Mass General Brigham, MIT, and Harvard",False,True,True
PRJNA1346870,excluded,age_unknown_no_evidence,0,,,0,0,0,shandong university,False,True,True
PRJNA1348200,excluded,age_unknown_no_evidence,0,,,0,0,0,University of North Carolina at Chapel Hill,False,True,True
PRJNA1348713,excluded,age_unknown_no_evidence,0,,,0,0,0,Xinhua Hospital Affiliated to Shanghai Jiao Tong University School of Medicine,False,True,True
PRJNA1353096,excluded,age_unknown_no_evidence,0,,,0,0,0,Labor Berlin - Charite Vivantes GmbH,False,True,True
PRJNA1353102,excluded,age_unknown_no_evidence,0,,,0,0,0,Voronezh State University of Engineering Technologies,False,True,True
PRJNA1353890,excluded,age_unknown_no_evidence,0,,,0,0,0,KWAME NKRUMAH UNIVERSITY OF SCIENCE AND TECHNOLOGY,False,True,True
PRJNA1354426,excluded,age_unknown_no_evidence,0,,,0,0,0,Shihezi University,False,True,True
PRJNA1354789,excluded,age_unknown_no_evidence,0,,,0,0,0,Chinese Academy of Sciences,False,True,True
PRJNA1354999,excluded,age_unknown_no_evidence,0,,,0,0,0,Zhongnan Hospital of Wuhan University,False,True,True
PRJNA1355011,excluded,age_unknown_no_evidence,0,,,0,0,0,"Taihe hospital, Hubei University of Medicine",False,True,True
PRJNA1355225,excluded,age_unknown_no_evidence,0,,,0,0,0,Arius Bioscience,False,True,True
PRJNA1355317,excluded,age_unknown_no_evidence,0,,,0,0,0,Lawrence Livermore National Laboratory,False,True,True
PRJNA1355505,excluded,age_unknown_no_evidence,0,,,0,0,0,Shanghai Public Health Clinical Center,False,True,True
PRJNA1356643,excluded,age_unknown_no_evidence,0,,,0,0,0,King Saud Bin Abdulaziz University for Health Sciences,False,True,True
PRJNA1356845,excluded,age_unknown_no_evidence,0,,,0,0,0,Universidad de Antioquia,False,True,True
PRJNA1357304,excluded,age_unknown_no_evidence,0,,,0,0,0,King's College London; GenomeScan,False,True,True
PRJNA1357586,excluded,age_unknown_no_evidence,0,,,0,0,0,The First Affiliated Hospital of Nanchang University,False,True,True
PRJNA1359141,excluded,age_unknown_no_evidence,0,,,0,0,0,The Affiliated Panyu Central Hospital of Guangzhou Medical University,False,True,True
PRJNA1363135,excluded,age_unknown_no_evidence,0,,,0,0,0,Shanxi Medical University,False,True,True
PRJNA1363169,excluded,age_unknown_no_evidence,0,,,0,0,0,Johns Hopkins University School of Medicine,False,True,True
PRJNA1363855,excluded,age_unknown_no_evidence,0,,,0,0,0,"Union Hospital, Tongji Medical College, Huazhong University of Science and Technology",False,True,True
PRJNA1364055,excluded,age_unknown_no_evidence,0,,,0,0,0,National Institute of Standards and Technology,False,True,True
PRJNA1365436,excluded,age_unknown_no_evidence,0,,,0,0,0,Reproductive Medicine Centre,False,True,True
PRJNA1365475,excluded,age_unknown_no_evidence,0,,,0,0,0,"MahamanaPandit Madan Mohan Malaviya Cancer Centre (MPMMCC), HomiBhabha Cancer Hospital (HBCH)",False,True,True
PRJNA1365657,excluded,age_unknown_no_evidence,0,,,0,0,0,Cryptobiotix,False,True,True
PRJNA1366038,excluded,age_unknown_no_evidence,0,,,0,0,0,Samyang Foods Inc.,False,True,True
PRJNA1366059,excluded,age_unknown_no_evidence,0,,,0,0,0,Qingdao Municipal Hosptial,False,True,True
PRJNA1366123,excluded,age_unknown_no_evidence,0,,,0,0,0,Stellenbosch University,False,True,True
PRJNA1367514,excluded,age_unknown_no_evidence,0,,,0,0,0,"West China Hospital, Sichuan University",False,True,True
PRJNA1368399,excluded,age_unknown_no_evidence,0,,,0,0,0,University of Science and Technology of China,False,True,True
PRJNA1368994,excluded,age_unknown_no_evidence,0,,,0,0,0,Universidade de Sao Paulo,False,True,True
PRJNA1369410,excluded,age_unknown_no_evidence,18,Han J,Kong HH,1,0,1,National Institute of Arthritis and Musculoskeletal and Skin Diseases,True,True,True
PRJNA1370181,excluded,age_unknown_no_evidence,0,,,0,0,0,"Hangzhou Matridx Biotechnology Co., Ltd.",False,True,True
PRJNA1370505,excluded,age_unknown_no_evidence,0,,,0,0,0,Pennsylvania State University,False,True,True
PRJNA1370675,excluded,age_unknown_no_evidence,0,,,0,0,0,institute of microbiology,False,True,True
PRJNA1371406,excluded,age_unknown_no_evidence,0,,,0,0,0,Western Sydney University,False,True,True
PRJNA1372070,excluded,age_unknown_no_evidence,0,,,0,0,0,NingBo No.2 Hospital,False,True,True
PRJNA1372073,excluded,age_unknown_no_evidence,0,,,0,0,0,NingBo No.2 Hospital,False,True,True
PRJNA1373217,excluded,age_unknown_no_evidence,0,,,0,0,0,The Central Public Health Laboratories - Uganda,False,True,True
PRJNA1374193,excluded,age_unknown_no_evidence,0,,,0,0,0,Universidad Antonio Narino,False,True,True
PRJNA1374438,excluded,age_unknown_no_evidence,0,,,0,0,0,University of Utah,False,True,True
PRJNA1375659,excluded,age_unknown_no_evidence,4,Kocakahya İ,Arıkan M,1,0,1,Istanbul University,True,True,True
PRJNA1377585,excluded,age_unknown_no_evidence,0,,,0,0,0,Duke University,False,True,True
PRJNA1377608,excluded,age_unknown_no_evidence,0,,,0,0,0,University of Washington,False,True,True
PRJNA1379156,excluded,age_unknown_no_evidence,0,,,0,0,0,Children's Hospital of Philadelphia,False,True,True
PRJNA1379281,excluded,age_unknown_no_evidence,0,,,0,0,0,University of Siena,False,True,True
PRJNA1379296,excluded,age_unknown_no_evidence,0,,,0,0,0,University of Siena,False,True,True
PRJNA1379685,excluded,age_unknown_no_evidence,0,,,0,0,0,SecureBio,False,True,True
PRJNA1380947,excluded,age_unknown_no_evidence,0,,,0,0,0,qinghai university,False,True,True
PRJNA1389550,excluded,age_unknown_no_evidence,0,,,0,0,0,Abbott Laboratories,False,True,True
PRJNA1390426,excluded,age_unknown_no_evidence,0,,,0,0,0,Department of Gastroenterology,False,True,True
PRJNA1391537,excluded,age_unknown_no_evidence,0,,,0,0,0,University of Guelph,False,True,True
PRJNA1392139,excluded,age_unknown_no_evidence,0,,,0,0,0,South China Agricultural University,False,True,True
PRJNA1395257,excluded,age_unknown_no_evidence,0,,,0,0,0,The Hong Kong Polytechnic University,False,True,True
PRJNA1397972,excluded,age_unknown_no_evidence,0,,,0,0,0,zhejiang Chinese medical university,False,True,True
PRJNA1398572,excluded,age_unknown_no_evidence,0,,,0,0,0,Faculty of pharmacy-Suez canal university,False,True,True
PRJNA1400753,excluded,age_unknown_no_evidence,0,,,0,0,0,Department of Gastroenterology,False,True,True
PRJNA1400758,excluded,age_unknown_no_evidence,0,,,0,0,0,Fusui County People's Hospital,False,True,True
PRJNA1401743,excluded,age_unknown_no_evidence,0,,,0,0,0,The Chinese University of Hong Kong,False,True,True
PRJNA1402009,excluded,age_unknown_no_evidence,14,Chen S,Zhang L,1,0,1,SCAU,True,True,True
PRJNA1404172,excluded,age_unknown_no_evidence,0,,,0,0,0,University of Parma,False,True,True
PRJNA1404219,excluded,age_unknown_no_evidence,0,,,0,0,0,Columbia University Medical Center,False,True,True
PRJNA1404695,excluded,age_unknown_no_evidence,0,,,0,0,0,Department of Gastroenterology,False,True,True
PRJNA1413554,excluded,age_unknown_no_evidence,0,,,0,0,0,Zhengzhou University,False,True,True
PRJNA1416570,excluded,age_unknown_no_evidence,0,,,0,0,0,Calmette Affiliated Hospital of Kunming Medical University,False,True,True
PRJNA1417234,excluded,age_unknown_no_evidence,0,,,0,0,0,University of Minnesota,False,True,True
PRJNA1418212,excluded,age_unknown_no_evidence,0,,,0,0,0,Keio University School of Medicine,False,True,True
PRJNA1419483,excluded,age_unknown_no_evidence,0,,,0,0,0,Icahn School of Medicine at Mount Sinai,False,True,True
PRJNA1419865,excluded,age_unknown_no_evidence,0,,,0,0,0,Hellenic Centre for Marine Research; IODP EXPEDITION 398 SCIENTISTS,False,True,True
PRJNA1422633,excluded,age_unknown_no_evidence,0,,,0,0,0,Hallym University,False,True,True
PRJNA1423207,excluded,age_unknown_no_evidence,0,,,0,0,0,"West China Second University Hospital, Sichuan University",False,True,True
PRJNA1423906,excluded,age_unknown_no_evidence,0,,,0,0,0,Huzhou Central Hospital,False,True,True
PRJNA1429551,excluded,age_unknown_no_evidence,0,,,0,0,0,"Hangzhou Matridx Biotechnology Co., Ltd.",False,True,True
PRJNA1430165,excluded,age_unknown_no_evidence,0,,,0,0,0,"Gambol Pet Food Group Co., Ltd.",False,True,True
PRJNA1431128,excluded,age_unknown_no_evidence,0,,,0,0,0,Soonchunhyang University,False,True,True
PRJNA1431180,excluded,age_unknown_no_evidence,0,,,0,0,0,Syhmeriae Biotechnology,False,True,True
PRJNA1434023,excluded,age_unknown_no_evidence,0,,,0,0,0,Fujian Medical University Union Hospital,False,True,True
PRJNA1435447,excluded,age_unknown_no_evidence,0,,,0,0,0,Mianyang Normal University,False,True,True
PRJNA1435764,excluded,age_unknown_no_evidence,0,,,0,0,0,Southwest University,False,True,True
PRJNA1436131,excluded,age_unknown_no_evidence,0,,,0,0,0,Henan University of Chinese Medicine,False,True,True
PRJNA1436818,excluded,age_unknown_no_evidence,0,,,0,0,0,Qingdao Agricultural University,False,True,True
PRJNA1438940,excluded,age_unknown_no_evidence,0,,,0,0,0,wenzhou medical university,False,True,True
PRJNA1440927,excluded,age_unknown_no_evidence,0,,,0,0,0,Xuanwu Hospital of Capital Medical University,False,True,True
PRJNA1444215,excluded,age_unknown_no_evidence,0,,,0,0,0,"Eye Hospital, Wenzhou Medical University",False,True,True
PRJNA1444304,excluded,age_unknown_no_evidence,0,,,0,0,0,Shanghai Ocean University,False,True,True
PRJNA1446193,excluded,age_unknown_no_evidence,0,,,0,0,0,The Second Hospital of Jilin University,False,True,True
PRJNA1446200,excluded,age_unknown_no_evidence,0,,,0,0,0,Juniata College,False,True,True
PRJNA1447755,excluded,age_unknown_no_evidence,0,,,0,0,0,wenzhou medical university,False,True,True
PRJNA1448054,excluded,age_unknown_no_evidence,0,,,0,0,0,Columbia University,False,True,True
PRJNA1449588,excluded,age_unknown_no_evidence,0,,,0,0,0,Los Angeles County Public Health Lab microbial pathogen submission group,False,True,True
PRJNA1449710,excluded,age_unknown_no_evidence,0,,,0,0,0,Peking university people's hospital,False,True,True
PRJNA1450325,excluded,age_unknown_no_evidence,0,,,0,0,0,University of Naples Federico II,False,True,True
PRJNA1450681,excluded,age_unknown_no_evidence,0,,,0,0,0,UCLA Health,False,True,True
PRJNA1450848,excluded,age_unknown_no_evidence,0,,,0,0,0,The Chinese University of Hong Kong,False,True,True
PRJNA1451383,excluded,age_unknown_no_evidence,0,,,0,0,0,Shandong University,False,True,True
PRJNA1451746,excluded,age_unknown_no_evidence,26,Camara J,Boumbaly S,1,0,1,Bernhard Nocht Institute for Tropical Medicine,True,True,True
PRJNA1452038,excluded,age_unknown_no_evidence,0,,,0,0,0,Zhengzhou Central Hospital Affiliated to Zhengzhou University,False,True,True
PRJNA1452216,excluded,age_unknown_no_evidence,0,,,0,0,0,WenZhou medical university,False,True,True
PRJNA1453497,excluded,age_unknown_no_evidence,0,,,0,0,0,Misr University for Science and Technology,False,True,True
PRJNA1454479,excluded,age_unknown_no_evidence,0,,,0,0,0,Qingdao University,False,True,True
PRJNA1454889,excluded,age_unknown_no_evidence,27,Bozio CH,Liberian Meningococcal Disease Outbreak Response Team,1,0,1,"Divison of Bacterial Diseases, Centers for Disease Control",True,True,True
PRJNA1460537,excluded,age_unknown_no_evidence,0,,,0,0,0,Ningbo Medical Center Lihuili Hospital,False,True,True
PRJNA1460540,excluded,age_unknown_no_evidence,0,,,0,0,0,Changchun Infectious Disease Hospital,False,True,True
PRJNA1460779,excluded,age_unknown_no_evidence,0,,,0,0,0,Washington University School of Medicine in St. Louis,False,True,True
PRJNA1463769,excluded,age_unknown_no_evidence,0,,,0,0,0,Durban University of Technology; NICD The National Institute For Communicable Diseases,False,True,True
PRJNA1464152,excluded,age_unknown_no_evidence,0,,,0,0,0,VANDERBILT UNIVERSITY MEDICAL CENTER,False,True,True
PRJNA1464738,excluded,age_unknown_no_evidence,0,,,0,0,0,Memorial Sloan Kettering Cancer Center HCT Microbiota,False,True,True
PRJNA1469445,excluded,age_unknown_no_evidence,0,,,0,0,0,Research Institute for Systems Biology and Medicine (RISBM),False,True,True
PRJNA1470428,excluded,age_unknown_no_evidence,0,,,0,0,0,NLA,False,True,True
PRJNA1472498,excluded,age_unknown_no_evidence,0,,,0,0,0,Fondazione Edmund Mach,False,True,True
PRJNA1473477,excluded,age_unknown_no_evidence,0,,,0,0,0,Kangwon National University,False,True,True
PRJNA1474734,excluded,age_unknown_no_evidence,0,,,0,0,0,Amrita Institute of Medical Sciences and Research Centre Kochi,False,True,True
PRJNA1475489,excluded,age_unknown_no_evidence,0,,,0,0,0,National Institute of Standards and Technology,False,True,True
PRJNA1475492,excluded,age_unknown_no_evidence,0,,,0,0,0,Fondazione IRCCS Policlinico San Matteo,False,True,True
PRJNA1475613,excluded,age_unknown_no_evidence,0,,,0,0,0,SynBiome Biotech Company Ltd.,False,True,True
PRJNA1477865,excluded,age_unknown_no_evidence,0,,,0,0,0,Belgian Nuclear Research Centre,False,True,True
PRJNA1477909,excluded,age_unknown_no_evidence,0,,,0,0,0,Helmholtz Centre for Infection Research; Rheuma-Vor,False,True,True
PRJNA1482603,excluded,age_unknown_no_evidence,0,,,0,0,0,North Carolina State University,False,True,True
PRJNA1482867,excluded,age_unknown_no_evidence,4,Wang Q,Xie H,2,0,2,Meharry Medical College,True,True,True
PRJNA1493290,excluded,age_unknown_no_evidence,0,,,0,0,0,"Research & Development Center, bereum Co. Ltd., Wonju, Republic of Korea",False,True,True
PRJNA1494378,excluded,age_unknown_no_evidence,0,,,0,0,0,The First Affiliated Hospital of Chongqing Medical University,False,True,True
PRJNA1496899,excluded,age_unknown_no_evidence,0,,,0,0,0,Sichuan University West China Second University Hospital,False,True,True
PRJNA1497062,excluded,age_unknown_no_evidence,0,,,0,0,0,Yonsei University,False,True,True
PRJNA1497083,excluded,age_unknown_no_evidence,0,,,0,0,0,Texas A&M University,False,True,True
PRJNA1497725,excluded,age_unknown_no_evidence,0,,,0,0,0,Southern Medical University,False,True,True
PRJNA1501268,excluded,age_unknown_no_evidence,0,,,0,0,0,"University of Hohenheim; Prof. Dr. Nicolaas Deutz, Texas A&M University",False,True,True
PRJNA1505569,excluded,age_unknown_no_evidence,0,,,0,0,0,Children's Hospital of Philadelphia,False,True,True
PRJNA1510675,excluded,age_unknown_no_evidence,0,,,0,0,0,Centers for Disease Control and Prevention,False,True,True
PRJNA1512081,excluded,age_unknown_no_evidence,0,,,0,0,0,Gyeongsang National University,False,True,True
PRJNA1512120,excluded,age_unknown_no_evidence,0,,,0,0,0,Hebei General Hospital; Shibo Dong,False,True,True
PRJNA1512161,excluded,age_unknown_no_evidence,0,,,0,0,0,Instituto Ramon y Cajal de Investigacion Sanitaria,False,True,True
PRJNA1513057,excluded,age_unknown_no_evidence,0,,,0,0,0,IHU Mediterranee Infection,False,True,True
PRJNA1513185,excluded,age_unknown_no_evidence,0,,,0,0,0,Shanghai East Hospital,False,True,True
PRJNA1513476,excluded,age_unknown_no_evidence,0,,,0,0,0,AnaBio Technologies,False,True,True
PRJNA1513715,excluded,age_unknown_no_evidence,0,,,0,0,0,The First Affiliated Hospital of Chongqing Medical University,False,True,True
PRJNA1514233,excluded,age_unknown_no_evidence,0,,,0,0,0,Southern Medical University,False,True,True
PRJNA1515245,excluded,age_unknown_no_evidence,0,,,0,0,0,Greninger,False,True,True
PRJNA1516599,excluded,age_unknown_no_evidence,0,,,0,0,0,Stony Brook University,False,True,True
PRJNA1520458,excluded,age_unknown_no_evidence,0,,,0,0,0,Cairo University,False,True,True
PRJNA1520814,excluded,age_unknown_no_evidence,0,,,0,0,0,First Hospital of Shanxi Medical University,False,True,True
PRJNA175224,excluded,age_unknown_no_evidence,0,,,0,0,0,Harvard School of Public Health,False,True,True
PRJNA177660,excluded,age_unknown_no_evidence,0,,,0,0,0,Royal Institute of Technology,False,True,True
PRJNA178707,excluded,age_unknown_no_evidence,0,,,0,0,0,Broad Institute,False,True,True
PRJNA183996,excluded,age_unknown_no_evidence,0,,,0,0,0,URMITE,False,True,True
PRJNA184888,excluded,age_unknown_no_evidence,0,,,0,0,0,The Methodist Hospital Research Institute,False,True,True
PRJNA194521,excluded,age_unknown_no_evidence,0,,,0,0,0,"Qibebt,CAS,China; Joint research group of P&G and CAS-QIBEBT; P&G innovation center, Beijing,China",False,True,True
PRJNA196801,excluded,age_unknown_no_evidence,0,,,0,0,0,University of Pennsylvania,False,True,True
PRJNA202388,excluded,age_unknown_no_evidence,20,Engel K,Neufeld JD,5,0,5,University of Waterloo,True,True,True
PRJNA205039,excluded,age_unknown_no_evidence,4,Campana MG,Tuross N,1,0,1,Harvard University,True,True,True
PRJNA207834,excluded,age_unknown_no_evidence,0,,,0,0,0,BSRI,False,True,True
PRJNA208535,excluded,age_unknown_no_evidence,7,Williams A,Holm JB,1,1,0,University of Maryland Institue for Genome Sciences,True,True,True
PRJNA209131,excluded,age_unknown_no_evidence,11,McNulty NP,Gordon JI,1,0,1,"Gordon, Center for Genome Sciences and Systems Biology, Washington University School of Medicine",True,True,True
PRJNA209575,excluded,age_unknown_no_evidence,0,,,0,0,0,Chung-Ang University College of Medicine,False,True,True
PRJNA213162,excluded,age_unknown_no_evidence,0,,,0,0,0,Department of Medical Microbiology Chung-Ang University College of Medicine,False,True,True
PRJNA213652,excluded,age_unknown_no_evidence,0,,,0,0,0,Chung-Ang University,False,True,True
PRJNA215774,excluded,age_unknown_no_evidence,0,,,0,0,0,University of Connecticut,False,True,True
PRJNA216965,excluded,age_unknown_no_evidence,0,,,0,0,0,University of Oklahoma,False,True,True
PRJNA224723,excluded,age_unknown_no_evidence,0,,,0,0,0,Illumina,False,True,True
PRJNA227067,excluded,age_unknown_no_evidence,0,,,0,0,0,Chung-Ang University,False,True,True
PRJNA230363,excluded,age_unknown_no_evidence,0,,,0,0,0,"BIOLS, CAS",False,True,True
PRJNA230838,excluded,age_unknown_no_evidence,0,,,0,0,0,UCSD; David T Pride,False,True,True
PRJNA233419,excluded,age_unknown_no_evidence,0,,,0,0,0,Chung-Ang University,False,True,True
PRJNA239147,excluded,age_unknown_no_evidence,0,,,0,0,0,McMaster University,False,True,True
PRJNA245336,excluded,age_unknown_no_evidence,23,Clemente JC,Dominguez-Bello MG,1,0,1,Washington University in St. Louis,True,True,True
PRJNA246597,excluded,age_unknown_no_evidence,41,Carpenter ML,Bustamante CD,2,0,2,Stanford University,True,True,True
PRJNA246725,excluded,age_unknown_no_evidence,0,,,0,0,0,Los Alamos National Laboratory,False,True,True
PRJNA248889,excluded,age_unknown_no_evidence,0,,,0,0,0,The Genome Institute at Washington University School of Medicine,False,True,True
PRJNA255439,excluded,age_unknown_no_evidence,0,,,0,0,0,GWU,False,True,True
PRJNA255445,excluded,age_unknown_no_evidence,0,,,0,0,0,University of Technology Sydney,False,True,True
PRJNA255922,excluded,age_unknown_no_evidence,0,,,0,0,0,"University of California, Los Angeles",False,True,True
PRJNA255985,excluded,age_unknown_no_evidence,11,Barnes HE,Forsyth RA,1,0,1,San Diego State University,True,True,True
PRJNA257960,excluded,age_unknown_no_evidence,0,,,0,0,0,University of Nantes,False,True,True
PRJNA258008,excluded,age_unknown_no_evidence,0,,,0,0,0,The George Washington University,False,True,True
PRJNA258369,excluded,age_unknown_no_evidence,0,,,0,0,0,Universite de Brest,False,True,True
PRJNA258440,excluded,age_unknown_no_evidence,0,,,0,0,0,Universite de Brest,False,True,True
PRJNA260277,excluded,age_unknown_no_evidence,0,,,0,0,0,University of Trento,False,True,True
PRJNA271538,excluded,age_unknown_no_evidence,0,,,0,0,0,Peking University School and Hospital of Stomatology,False,True,True
PRJNA271580,excluded,age_unknown_no_evidence,0,,,0,0,0,Queen Mary University of London,False,True,True
PRJNA272961,excluded,age_unknown_no_evidence,0,,,0,0,0,ZJU_Ocean college,False,True,True
PRJNA273574,excluded,age_unknown_no_evidence,0,,,0,0,0,ETH Zurich,False,True,True
PRJNA274003,excluded,age_unknown_no_evidence,0,,,0,0,0,ZJU_Ocean college,False,True,True
PRJNA275541,excluded,age_unknown_no_evidence,0,,,0,0,0,Weill Cornell Medical College,False,True,True
PRJNA275687,excluded,age_unknown_no_evidence,0,,,0,0,0,UNIVERSITI PUTRA MALAYSIA,False,True,True
PRJNA275772,excluded,age_unknown_no_evidence,0,,,0,0,0,US Army Edgewood Chemical Biological Center,False,True,True
PRJNA275775,excluded,age_unknown_no_evidence,0,,,0,0,0,US Army Edgewood Chemical Biological Center,False,True,True
PRJNA277731,excluded,age_unknown_no_evidence,0,,,0,0,0,Northern Arizona University,False,True,True
PRJNA277998,excluded,age_unknown_no_evidence,0,,,0,0,0,Chung-Ang University,False,True,True
PRJNA278036,excluded,age_unknown_no_evidence,0,,,0,0,0,University of Oklahoma,False,True,True
PRJNA278310,excluded,age_unknown_no_evidence,0,,,0,0,0,Beijing Institute of Radiation Medicine,False,True,True
PRJNA279580,excluded,age_unknown_no_evidence,0,,,0,0,0,Science for Life Laboratory,False,True,True
PRJNA281366,excluded,age_unknown_no_evidence,0,,,0,0,0,University of Trento,False,True,True
PRJNA283356,excluded,age_unknown_no_evidence,0,,,0,0,0,Nanchang University,False,True,True
PRJNA288044,excluded,age_unknown_no_evidence,0,,,0,0,0,University of Alberta,False,True,True
PRJNA288182,excluded,age_unknown_no_evidence,0,,,0,0,0,BSRI,False,True,True
PRJNA289925,excluded,age_unknown_no_evidence,5,McLean JS,Kelley S,1,0,1,University of Washington,True,True,True
PRJNA292587,excluded,age_unknown_no_evidence,0,,,0,0,0,Children's National Medical Center,False,True,True
PRJNA292588,excluded,age_unknown_no_evidence,0,,,0,0,0,Children's National Medical Center,False,True,True
PRJNA292589,excluded,age_unknown_no_evidence,0,,,0,0,0,Children's National Medical Center,False,True,True
PRJNA296435,excluded,age_unknown_no_evidence,0,,,0,0,0,the institute of hydrobiology,False,True,True
PRJNA298362,excluded,age_unknown_no_evidence,0,,,0,0,0,University of Maryland School of Medicine,False,True,True
PRJNA299713,excluded,age_unknown_no_evidence,0,,,0,0,0,Stanford University; Integrative Human Microbiome Project Consortium,False,True,True
PRJNA299844,excluded,age_unknown_no_evidence,0,,,0,0,0,Peking University,False,True,True
PRJNA300602,excluded,age_unknown_no_evidence,0,,,0,0,0,ABLife,False,True,True
PRJNA302219,excluded,age_unknown_no_evidence,0,,,0,0,0,"University of California, San Francisco",False,True,True
PRJNA305156,excluded,age_unknown_no_evidence,0,,,0,0,0,University of Minnesota,False,True,True
PRJNA306497,excluded,age_unknown_no_evidence,0,,,0,0,0,University of Washington,False,True,True
PRJNA306560,excluded,age_unknown_no_evidence,0,,,0,0,0,University of Oklahoma,False,True,True
PRJNA306874,excluded,age_unknown_no_evidence,0,,,0,0,0,The integrative Human Microbiome Project (iHMP): HMP Stage 2,False,True,True
PRJNA307979,excluded,age_unknown_no_evidence,0,,,0,0,0,Princeton University,False,True,True
PRJNA307987,excluded,age_unknown_no_evidence,0,,,0,0,0,Princeton University,False,True,True
PRJNA308846,excluded,age_unknown_no_evidence,0,,,0,0,0,University College Cork,False,True,True
PRJNA309635,excluded,age_unknown_no_evidence,0,,,0,0,0,BSRI,False,True,True
PRJNA309648,excluded,age_unknown_no_evidence,0,,,0,0,0,Aix Marseille University,False,True,True
PRJNA310878,excluded,age_unknown_no_evidence,0,,,0,0,0,Children's National Health System,False,True,True
PRJNA312120,excluded,age_unknown_no_evidence,0,,,0,0,0,Chinese Academy of Sciences,False,True,True
PRJNA312222,excluded,age_unknown_no_evidence,10,Jeraldo P,Chia N,1,0,1,Mayo Clinic,True,True,True
PRJNA312440,excluded,age_unknown_no_evidence,0,,,0,0,0,ETH Zurich,False,True,True
PRJNA313074,excluded,age_unknown_no_evidence,0,,,0,0,0,"University of California, San Francisco",False,True,True
PRJNA313232,excluded,age_unknown_no_evidence,13,Ormerod KL,Hugenholtz P,1,0,1,University of Queensland,True,True,True
PRJNA314149,excluded,age_unknown_no_evidence,0,,,0,0,0,Johns Hopkins School of Medicine,False,True,True
PRJNA314806,excluded,age_unknown_no_evidence,0,,,0,0,0,University of Minnesota,False,True,True
PRJNA316056,excluded,age_unknown_no_evidence,0,,,0,0,0,University of Florence,False,True,True
PRJNA316588,excluded,age_unknown_no_evidence,0,,,0,0,0,University of Zurich,False,True,True
PRJNA316735,excluded,age_unknown_no_evidence,0,,,0,0,0,Johns Hopkins School of Medicine,False,True,True
PRJNA317435,excluded,age_unknown_no_evidence,8,Tarracchini C,Milani C,1,1,0,University of Luxembourg,True,True,True
PRJNA317576,excluded,age_unknown_no_evidence,0,,,0,0,0,Federal Research and Clinical Centre of Physical-Chemical Medicine,False,True,True
PRJNA318564,excluded,age_unknown_no_evidence,0,,,0,0,0,ECUST,False,True,True
PRJNA320481,excluded,age_unknown_no_evidence,0,,,0,0,0,UNIVERSITY OF ALICANTE,False,True,True
PRJNA321058,excluded,age_unknown_no_evidence,2,Liu H,Wang HH,1,1,0,The Broad Institute,True,True,True
PRJNA321753,excluded,age_unknown_no_evidence,0,,,0,0,0,Centers for Disease Control and Prevention,False,True,True
PRJNA321854,excluded,age_unknown_no_evidence,0,,,0,0,0,Northern Arizona University,False,True,True
PRJNA322414,excluded,age_unknown_no_evidence,0,,,0,0,0,Yuan Ze University,False,True,True
PRJNA323812,excluded,age_unknown_no_evidence,6,Sun H,Ren H,1,0,1,NJU,True,True,True
PRJNA325207,excluded,age_unknown_no_evidence,0,,,0,0,0,UNIVERSITY OF ALICANTE,False,True,True
PRJNA327022,excluded,age_unknown_no_evidence,0,,,0,0,0,UNIVERSITY OF ALICANTE,False,True,True
PRJNA329513,excluded,age_unknown_no_evidence,0,,,0,0,0,"University of California, San Francisco and Abbott Laboratories, Inc.",False,True,True
PRJNA331073,excluded,age_unknown_no_evidence,0,,,0,0,0,IISER Bhopal,False,True,True
PRJNA331138,excluded,age_unknown_no_evidence,17,Argentini C,Ventura M,1,1,0,University of Parma,True,True,True
PRJNA335555,excluded,age_unknown_no_evidence,0,,,0,0,0,3rd Affiliated Hospital of Sun Yat-sen University,False,True,True
PRJNA336061,excluded,age_unknown_no_evidence,10,Yin Y,Wang X,1,0,1,Zhejiang Academy of Agricultural Sciences,True,True,True
PRJNA338014,excluded,age_unknown_no_evidence,109,Greninger AL,Jerome KR,25,0,25,UW,True,True,True
PRJNA338148,excluded,age_unknown_no_evidence,0,,,0,0,0,Zhejiang Academy of Agricultural Sciences,False,True,True
PRJNA339012,excluded,age_unknown_no_evidence,17,Argentini C,Ventura M,1,1,0,University of Alabama at Birmingham,True,True,True
PRJNA339554,excluded,age_unknown_no_evidence,0,,,0,0,0,Colorado State University,False,True,True
PRJNA340216,excluded,age_unknown_no_evidence,17,Argentini C,Ventura M,1,1,0,University of Turin,True,True,True
PRJNA340483,excluded,age_unknown_no_evidence,0,,,0,0,0,DOE Joint Genome Institute,False,True,True
PRJNA340484,excluded,age_unknown_no_evidence,0,,,0,0,0,DOE Joint Genome Institute,False,True,True
PRJNA340488,excluded,age_unknown_no_evidence,0,,,0,0,0,DOE Joint Genome Institute,False,True,True
PRJNA340489,excluded,age_unknown_no_evidence,0,,,0,0,0,DOE Joint Genome Institute,False,True,True
PRJNA340490,excluded,age_unknown_no_evidence,0,,,0,0,0,DOE Joint Genome Institute,False,True,True
PRJNA340521,excluded,age_unknown_no_evidence,0,,,0,0,0,DOE Joint Genome Institute,False,True,True
PRJNA340522,excluded,age_unknown_no_evidence,0,,,0,0,0,DOE Joint Genome Institute,False,True,True
PRJNA342339,excluded,age_unknown_no_evidence,0,,,0,0,0,ETH Zurich,False,True,True
PRJNA342744,excluded,age_unknown_no_evidence,0,,,0,0,0,Jiangsu University,False,True,True
PRJNA343351,excluded,age_unknown_no_evidence,0,,,0,0,0,Beijing computer center,False,True,True
PRJNA343480,excluded,age_unknown_no_evidence,0,,,0,0,0,BSRI,False,True,True
PRJNA347511,excluded,age_unknown_no_evidence,0,,,0,0,0,University College Cork,False,True,True
PRJNA348149,excluded,age_unknown_no_evidence,5,Soo RM,Hugenholtz P,1,0,1,University of Queensland,True,True,True
PRJNA348754,excluded,age_unknown_no_evidence,24,Duggan AT,Poinar HN,2,0,3,McMaster University,True,True,True
PRJNA351747,excluded,age_unknown_no_evidence,0,,,0,0,0,Youngstown State University,False,True,True
PRJNA352220,excluded,age_unknown_no_evidence,0,,,0,0,0,"Institute for Genome Sciences, University of Maryland, Baltimore",False,True,True
PRJNA352376,excluded,age_unknown_no_evidence,21,Devault AM,Pepperell CS,1,0,1,McMaster University,True,True,True
PRJNA353560,excluded,age_unknown_no_evidence,0,,,0,0,0,Realbio,False,True,True
PRJNA354235,excluded,age_unknown_no_evidence,2,Tisza MJ,Buck CB,1,0,1,Harvard School of Public Health,True,True,True
PRJNA354641,excluded,age_unknown_no_evidence,0,,,0,0,0,University of Alberta,False,True,True
PRJNA356225,excluded,age_unknown_no_evidence,0,,,0,0,0,The First Affiliated Hospital of Chongqing Medical University,False,True,True
PRJNA357324,excluded,age_unknown_no_evidence,0,,,0,0,0,Chinese Academy of Sciences,False,True,True
PRJNA358078,excluded,age_unknown_no_evidence,0,,,0,0,0,The Scripps Research Institute,False,True,True
PRJNA358755,excluded,age_unknown_no_evidence,13,Xiao K,Shen Y,1,1,0,Sichuan Agricultural University,True,True,True
PRJNA361427,excluded,age_unknown_no_evidence,0,,,0,0,0,Zhejiang University School of Medicine,False,True,True
PRJNA361493,excluded,age_unknown_no_evidence,0,,,0,0,0,"University of California, San Francisco",False,True,True
PRJNA365034,excluded,age_unknown_no_evidence,0,,,0,0,0,DOE Joint Genome Institute,False,True,True
PRJNA371487,excluded,age_unknown_no_evidence,12,Tirera S,Lacoste V,1,0,1,INSTITUT PASTEUR DE LA GUYANE,True,True,True
PRJNA371647,excluded,age_unknown_no_evidence,17,Argentini C,Ventura M,1,1,0,Instituto Ramon y Cajal de Investigacion Sanitaria (IRYCIS),True,True,True
PRJNA373879,excluded,age_unknown_no_evidence,17,Argentini C,Ventura M,1,1,0,Albert Einstein College of Medicine,True,True,True
PRJNA373901,excluded,age_unknown_no_evidence,0,,,0,0,0,Human Longevity Inc,False,True,True
PRJNA377320,excluded,age_unknown_no_evidence,0,,,0,0,0,University of California Santa Cruz,False,True,True
PRJNA377339,excluded,age_unknown_no_evidence,0,,,0,0,0,University of Alabama at Birmingham,False,True,True
PRJNA377403,excluded,age_unknown_no_evidence,0,,,0,0,0,University of Technology Sydney,False,True,True
PRJNA378504,excluded,age_unknown_no_evidence,0,,,0,0,0,Mayo Clinic,False,True,True
PRJNA379441,excluded,age_unknown_no_evidence,0,,,0,0,0,"Universitat de Barcelona; Servei de Genòmica i Bioinformàtica, IBB-Parc de Recerca UAB, Universitat Autònoma de Barcelona; Next Generation Sequencing Division, Macrogen Inc.",False,True,True
PRJNA379741,excluded,age_unknown_no_evidence,17,Argentini C,Ventura M,1,1,0,Columbia University,True,True,True
PRJNA379884,excluded,age_unknown_no_evidence,0,,,0,0,0,Beijing Institute of Heart Lung and Blood Vessel Diseases,False,True,True
PRJNA380274,excluded,age_unknown_no_evidence,0,,,0,0,0,BSRI,False,True,True
PRJNA380276,excluded,age_unknown_no_evidence,0,,,0,0,0,Stanford University,False,True,True
PRJNA381365,excluded,age_unknown_no_evidence,0,,,0,0,0,Johns Hopkins School of Medicine,False,True,True
PRJNA381395,excluded,age_unknown_no_evidence,10,Heintz-Buschart A,Wilmes P,1,0,1,University Luxembourg,True,True,True
PRJNA382079,excluded,age_unknown_no_evidence,0,,,0,0,0,Geneva University Hospital,False,True,True
PRJNA382815,excluded,age_unknown_no_evidence,0,,,0,0,0,Swiss Institute of Bioinformatics,False,True,True
PRJNA382858,excluded,age_unknown_no_evidence,0,,,0,0,0,Blood Systems Research Institute,False,True,True
PRJNA383621,excluded,age_unknown_no_evidence,0,,,0,0,0,Shanghai Jiao Tong University,False,True,True
PRJNA384402,excluded,age_unknown_no_evidence,0,,,0,0,0,"Mariam Ashour, Dr. Marwa Azab, Prof. Dr. Ali Ahmed, Suez Canal University",False,True,True
PRJNA385180,excluded,age_unknown_no_evidence,0,,,0,0,0,Stanford University,False,True,True
PRJNA385350,excluded,age_unknown_no_evidence,0,,,0,0,0,Human Longevity Inc,False,True,True
PRJNA386502,excluded,age_unknown_no_evidence,0,,,0,0,0,University of Minnesota,False,True,True
PRJNA386503,excluded,age_unknown_no_evidence,0,,,0,0,0,University of Minnesota,False,True,True
PRJNA388366,excluded,age_unknown_no_evidence,0,,,0,0,0,UNIVERSITY OF ALICANTE,False,True,True
PRJNA389280,excluded,age_unknown_no_evidence,0,,,0,0,0,Harvard T.H. Chan School of Public Health; The integrative Human Microbiome Project,False,True,True
PRJNA389455,excluded,age_unknown_no_evidence,0,,,0,0,0,University of California San Francisco,False,True,True
PRJNA389927,excluded,age_unknown_no_evidence,17,Argentini C,Ventura M,1,1,0,University of Michigan,True,True,True
PRJNA390051,excluded,age_unknown_no_evidence,0,,,0,0,0,University of Tampere,False,True,True
PRJNA391226,excluded,age_unknown_no_evidence,0,,,0,0,0,"Institue of Microbiology, Chinese Academy of Science",False,True,True
PRJNA392236,excluded,age_unknown_no_evidence,0,,,0,0,0,Signature Science,False,True,True
PRJNA392272,excluded,age_unknown_no_evidence,0,,,0,0,0,University of Pennsylvania,False,True,True
PRJNA392381,excluded,age_unknown_no_evidence,0,,,0,0,0,Tongji University,False,True,True
PRJNA392516,excluded,age_unknown_no_evidence,0,,,0,0,0,Lanzhou Institute of Husbandry and Pharmaceutical Sciences of CAAS,False,True,True
PRJNA393237,excluded,age_unknown_no_evidence,0,,,0,0,0,Huazhong University of Science and Technology,False,True,True
PRJNA394877,excluded,age_unknown_no_evidence,26,Kim SG,Pamer EG,1,0,1,Memorial Sloan Kettering,True,True,True
PRJNA395744,excluded,age_unknown_no_evidence,0,,,0,0,0,Technical University of Denmark; DMAC,False,True,True
PRJNA396197,excluded,age_unknown_no_evidence,0,,,0,0,0,Zhongshan Ophthalmic Center (ZOC),False,True,True
PRJNA396275,excluded,age_unknown_no_evidence,4,Lourenςo TGB,Colombo APV,1,0,1,Massachusetts Institute of Technology,True,True,True
PRJNA397450,excluded,age_unknown_no_evidence,0,,,0,0,0,UNC - Charlotte,False,True,True
PRJNA397664,excluded,age_unknown_no_evidence,0,,,0,0,0,University of Bern,False,True,True
PRJNA397906,excluded,age_unknown_no_evidence,0,,,0,0,0,University of Texas Southwestern Medical Center,False,True,True
PRJNA398187,excluded,age_unknown_no_evidence,7,Fu Y,Wu C,1,1,0,APC Microbiome Institute,True,True,True
PRJNA398289,excluded,age_unknown_no_evidence,0,,,0,0,0,Zhongshan Ophthalmic Center (ZOC),False,True,True
PRJNA398963,excluded,age_unknown_no_evidence,6,Edlund A,McLean JS,1,0,1,JCVI,True,True,True
PRJNA399057,excluded,age_unknown_no_evidence,0,,,0,0,0,University of Michigan,False,True,True
PRJNA399638,excluded,age_unknown_no_evidence,0,,,0,0,0,Shanghai Jiao Tong University,False,True,True
PRJNA399742,excluded,age_unknown_no_evidence,0,,,0,0,0,University of Chicago,False,True,True
PRJNA400773,excluded,age_unknown_no_evidence,0,,,0,0,0,RCPCM,False,True,True
PRJNA406958,excluded,age_unknown_no_evidence,0,,,0,0,0,University of Alberta,False,True,True
PRJNA407815,excluded,age_unknown_no_evidence,0,,,0,0,0,McDonnell Genome Institute,False,True,True
PRJNA407905,excluded,age_unknown_no_evidence,0,,,0,0,0,UNIVERSITY OF ALICANTE,False,True,True
PRJNA412411,excluded,age_unknown_no_evidence,35,Argentini C,Ventura M,2,1,1,UCSF,True,True,True
PRJNA413092,excluded,age_unknown_no_evidence,0,,,0,0,0,Phase Genomics INC,False,True,True
PRJNA413199,excluded,age_unknown_no_evidence,0,,,0,0,0,Icahn School of Medicine at Mount Sinai,False,True,True
PRJNA413356,excluded,age_unknown_no_evidence,23,Maiga M,Bishai WR,1,0,1,Broad Institute,True,True,True
PRJNA413474,excluded,age_unknown_no_evidence,0,,,0,0,0,The University of Hong Kong,False,True,True
PRJNA413615,excluded,age_unknown_no_evidence,0,,,0,0,0,"WeHealthGene Co., Ltd.",False,True,True
PRJNA413824,excluded,age_unknown_no_evidence,0,,,0,0,0,Centro de Biologia Molecular Severo Ochoa,False,True,True
PRJNA414153,excluded,age_unknown_no_evidence,0,,,0,0,0,Dalian Medical University,False,True,True
PRJNA414360,excluded,age_unknown_no_evidence,0,,,0,0,0,Kunming University of Science and Technology,False,True,True
PRJNA414479,excluded,age_unknown_no_evidence,17,Argentini C,Ventura M,1,1,0,Novartis,True,True,True
PRJNA414540,excluded,age_unknown_no_evidence,0,,,0,0,0,National Research Coundil Canada,False,True,True
PRJNA416252,excluded,age_unknown_no_evidence,0,,,0,0,0,Natural History museum,False,True,True
PRJNA417381,excluded,age_unknown_no_evidence,30,Schuenemann VJ,Krause J,1,0,1,University of Tuebingen,True,True,True
PRJNA418043,excluded,age_unknown_no_evidence,0,,,0,0,0,Instituto Nacional de Cancer,False,True,True
PRJNA418941,excluded,age_unknown_no_evidence,17,Argentini C,Ventura M,1,1,0,University of Parma,True,True,True
PRJNA419097,excluded,age_unknown_no_evidence,0,,,0,0,0,The chinese university of Hong Kong,False,True,True
PRJNA419274,excluded,age_unknown_no_evidence,0,,,0,0,0,DIPAS,False,True,True
PRJNA419627,excluded,age_unknown_no_evidence,0,,,0,0,0,university of surrey,False,True,True
PRJNA420817,excluded,age_unknown_no_evidence,0,,,0,0,0,University of Gothenburg,False,True,True
PRJNA421859,excluded,age_unknown_no_evidence,8,Guan TP,Woo PCY,1,0,1,The University of Hong Kong,True,True,True
PRJNA421881,excluded,age_unknown_no_evidence,17,Argentini C,Ventura M,1,1,0,University of Naples Federico II,True,True,True
PRJNA427446,excluded,age_unknown_no_evidence,0,,,0,0,0,Xi'an Jiaotong University,False,True,True
PRJNA428202,excluded,age_unknown_no_evidence,17,Argentini C,Ventura M,1,1,0,George Washington University,True,True,True
PRJNA429097,excluded,age_unknown_no_evidence,0,,,0,0,0,"Whealthgene Co., Ltd.",False,True,True
PRJNA429692,excluded,age_unknown_no_evidence,0,,,0,0,0,Zhongshan Ophthalmic Center (ZOC),False,True,True
PRJNA430533,excluded,age_unknown_no_evidence,0,,,0,0,0,Institut Pasteur,False,True,True
PRJNA431505,excluded,age_unknown_no_evidence,0,,,0,0,0,NEW YORK UNIVERSITY SCHOOL OF MEDICINE,False,True,True
PRJNA431965,excluded,age_unknown_no_evidence,0,,,0,0,0,Scientific Centre for Family Health and Human Reproduction Problems,False,True,True
PRJNA432355,excluded,age_unknown_no_evidence,0,,,0,0,0,Colorado State University,False,True,True
PRJNA432588,excluded,age_unknown_no_evidence,0,,,0,0,0,"New York University College of Dentistry, School of Medicine",False,True,True
PRJNA432958,excluded,age_unknown_no_evidence,0,,,0,0,0,Children's Hospital of Philadelphia,False,True,True
PRJNA433058,excluded,age_unknown_no_evidence,12,Sang X,Sun W,1,0,1,"Promegene Translational Research Institute, Shenzhen, Chian",True,True,True
PRJNA433459,excluded,age_unknown_no_evidence,8,Tarracchini C,Milani C,1,1,0,"Ruijin Hospital, Shanghai Jiao Tong University School of Medicine",True,True,True
PRJNA435265,excluded,age_unknown_no_evidence,0,,,0,0,0,Mount Sinai,False,True,True
PRJNA436552,excluded,age_unknown_no_evidence,51,Siddle KJ,Happi CT,1,0,1,Broad Institute of Harvard and MIT,True,True,True
PRJNA436717,excluded,age_unknown_no_evidence,0,,,0,0,0,Mayo Clinic,False,True,True
PRJNA438199,excluded,age_unknown_no_evidence,0,,,0,0,0,Institute of Medical Biology; Genome Insititute Singapore,False,True,True
PRJNA439390,excluded,age_unknown_no_evidence,0,,,0,0,0,IPLA-CSIC,False,True,True
PRJNA445215,excluded,age_unknown_no_evidence,21,Mann AE,Warinner C,1,0,1,Max Planck Institute for the Science of Human History,True,True,True
PRJNA445982,excluded,age_unknown_no_evidence,0,,,0,0,0,University of California San Francisco,False,True,True
PRJNA447919,excluded,age_unknown_no_evidence,0,,,0,0,0,Curtin University,False,True,True
PRJNA447983,excluded,age_unknown_no_evidence,43,Schroer HW,Bosch DE,2,1,1,AC Camargo Cancer Center,True,True,True
PRJNA450025,excluded,age_unknown_no_evidence,0,,,0,0,0,IrsiCaixa Foundation,False,True,True
PRJNA450104,excluded,age_unknown_no_evidence,0,,,0,0,0,National Cancer Institute,False,True,True
PRJNA450137,excluded,age_unknown_no_evidence,0,,,0,0,0,"University of California, San Francisco",False,True,True
PRJNA450443,excluded,age_unknown_no_evidence,0,,,0,0,0,University of California Los Angeles,False,True,True
PRJNA451097,excluded,age_unknown_no_evidence,0,,,0,0,0,Austrian Institute of Technology,False,True,True
PRJNA453965,excluded,age_unknown_no_evidence,0,,,0,0,0,"Center for Genomic and Personalized Medicine, Guangxi Medical University",False,True,True
PRJNA454196,excluded,age_unknown_no_evidence,0,,,0,0,0,University of Oxford,False,True,True
PRJNA454306,excluded,age_unknown_no_evidence,0,,,0,0,0,Public Health Agency of Canada,False,True,True
PRJNA454826,excluded,age_unknown_no_evidence,0,,,0,0,0,Hans Knoll Institute,False,True,True
PRJNA46307,excluded,age_unknown_no_evidence,0,,,0,0,0,New York University School of Medicine,False,True,True
PRJNA46317,excluded,age_unknown_no_evidence,0,,,0,0,0,Indiana Univ-Purdue Univ at Indianapolis; Washington University,False,True,True
PRJNA46321,excluded,age_unknown_no_evidence,0,,,0,0,0,University of Maryland Baltimore,False,True,True
PRJNA466231,excluded,age_unknown_no_evidence,0,,,0,0,0,Mississippi State University,False,True,True
PRJNA46879,excluded,age_unknown_no_evidence,0,,,0,0,0,University of Pennsylvania,False,True,True
PRJNA471187,excluded,age_unknown_no_evidence,0,,,0,0,0,Karolinska Institutet,False,True,True
PRJNA471753,excluded,age_unknown_no_evidence,0,,,0,0,0,Jiangsu University,False,True,True
PRJNA471756,excluded,age_unknown_no_evidence,0,,,0,0,0,Jiangsu University,False,True,True
PRJNA471898,excluded,age_unknown_no_evidence,10,Tirosh O,Kong HH,1,0,1,NHGRI/NIH,True,True,True
PRJNA473017,excluded,age_unknown_no_evidence,0,,,0,0,0,Jiangsu University,False,True,True
PRJNA473225,excluded,age_unknown_no_evidence,0,,,0,0,0,Imperial College London,False,True,True
PRJNA473421,excluded,age_unknown_no_evidence,5,Agamennone V,Roelofs D,1,0,1,Vrije Universiteit Amsterdam; Biotechnology based Ecologically Balanced Sustainable Industrial Consortium,True,True,True
PRJNA474024,excluded,age_unknown_no_evidence,0,,,0,0,0,Broad Institute,False,True,True
PRJNA474413,excluded,age_unknown_no_evidence,0,,,0,0,0,Universitair Medisch Centrum Groningen (UMCG),False,True,True
PRJNA47443,excluded,age_unknown_no_evidence,0,,,0,0,0,Broad Institute,False,True,True
PRJNA474564,excluded,age_unknown_no_evidence,0,,,0,0,0,Northwest A&F University,False,True,True
PRJNA474710,excluded,age_unknown_no_evidence,0,,,0,0,0,Children's Hospital of Philadelphia,False,True,True
PRJNA474776,excluded,age_unknown_no_evidence,0,,,0,0,0,BGI,False,True,True
PRJNA475137,excluded,age_unknown_no_evidence,16,Nguyen MH,Dupont CL,1,0,1,J Craig Venter Institute,True,True,True
PRJNA475599,excluded,age_unknown_no_evidence,0,,,0,0,0,Massachusetts Institute of Technology,False,True,True
PRJNA477326,excluded,age_unknown_no_evidence,0,,,0,0,0,"Department of Medicine, Stanford University",False,True,True
PRJNA478018,excluded,age_unknown_no_evidence,2,Tang J,Baker JL,1,0,1,J. Craig Venter Institute,True,True,True
PRJNA478488,excluded,age_unknown_no_evidence,13,Leung MHY,Lee PKH,1,1,0,City University of Hong Kong,True,True,True
PRJNA478719,excluded,age_unknown_no_evidence,0,,,0,0,0,Imperial College London,False,True,True
PRJNA478949,excluded,age_unknown_no_evidence,0,,,0,0,0,Juniata College,False,True,True
PRJNA479838,excluded,age_unknown_no_evidence,0,,,0,0,0,Guangxi Medical University,False,True,True
PRJNA481148,excluded,age_unknown_no_evidence,0,,,0,0,0,Yunnan Provincial Centre for Disease Control and Prevention,False,True,True
PRJNA481415,excluded,age_unknown_no_evidence,0,,,0,0,0,Ji Mei University,False,True,True
PRJNA483016,excluded,age_unknown_no_evidence,0,,,0,0,0,Leiden University Medical Center,False,True,True
PRJNA48341,excluded,age_unknown_no_evidence,0,,,0,0,0,Broad Institute; NIH Human Microbiome Consortium,False,True,True
PRJNA485216,excluded,age_unknown_no_evidence,0,,,0,0,0,The First Affiliated Hospital of Nanchang University,False,True,True
PRJNA485252,excluded,age_unknown_no_evidence,0,,,0,0,0,The Fourth Military Medical University,False,True,True
PRJNA485253,excluded,age_unknown_no_evidence,0,,,0,0,0,The Chinese University of Hong Kong,False,True,True
PRJNA485882,excluded,age_unknown_no_evidence,0,,,0,0,0,2. Zhenjiang Center for disease prevention and control,False,True,True
PRJNA486134,excluded,age_unknown_no_evidence,0,,,0,0,0,University of Copenhagen,False,True,True
PRJNA486839,excluded,age_unknown_no_evidence,0,,,0,0,0,Abbott Laboratories,False,True,True
PRJNA487305,excluded,age_unknown_no_evidence,17,Argentini C,Ventura M,1,1,0,George Washington University,True,True,True
PRJNA488682,excluded,age_unknown_no_evidence,0,,,0,0,0,Institute of Medical Biology; Genome Insititute Singapore,False,True,True
PRJNA488874,excluded,age_unknown_no_evidence,0,,,0,0,0,suez canal university,False,True,True
PRJNA489590,excluded,age_unknown_no_evidence,0,,,0,0,0,University of Malaya,False,True,True
PRJNA489681,excluded,age_unknown_no_evidence,0,,,0,0,0,Genome Institute of Singapore,False,True,True
PRJNA490509,excluded,age_unknown_no_evidence,4,Yang Z,Kulka M,2,0,2,OARSA/CFSAN/FDA,True,True,True
PRJNA490628,excluded,age_unknown_no_evidence,0,,,0,0,0,General Navy Hospital of PLA,False,True,True
PRJNA491335,excluded,age_unknown_no_evidence,0,,,0,0,0,"Technical University of Denmark; Center for Gut, Grain and Greens (3G Center)",False,True,True
PRJNA491509,excluded,age_unknown_no_evidence,0,,,0,0,0,Washington University,False,True,True
PRJNA491861,excluded,age_unknown_no_evidence,0,,,0,0,0,university of leicester,False,True,True
PRJNA492158,excluded,age_unknown_no_evidence,0,,,0,0,0,Zhejiang University,False,True,True
PRJNA493301,excluded,age_unknown_no_evidence,0,,,0,0,0,McMaster University,False,True,True
PRJNA493884,excluded,age_unknown_no_evidence,0,,,0,0,0,Fudan University,False,True,True
PRJNA494033,excluded,age_unknown_no_evidence,0,,,0,0,0,The First Affiliated Hospital of Nanjing Medical University,False,True,True
PRJNA494034,excluded,age_unknown_no_evidence,0,,,0,0,0,University of Illinois at Chicago,False,True,True
PRJNA494391,excluded,age_unknown_no_evidence,0,,,0,0,0,Naval Medical Research Center - Frederick,False,True,True
PRJNA494584,excluded,age_unknown_no_evidence,0,,,0,0,0,South Dakota State University,False,True,True
PRJNA494633,excluded,age_unknown_no_evidence,0,,,0,0,0,Hospices Civils de Lyon,False,True,True
PRJNA494824,excluded,age_unknown_no_evidence,0,,,0,0,0,Hans Knoll Institute,False,True,True
PRJNA496348,excluded,age_unknown_no_evidence,0,,,0,0,0,Shanxi University,False,True,True
PRJNA497508,excluded,age_unknown_no_evidence,0,,,0,0,0,APC Microbiome Ireland,False,True,True
PRJNA499081,excluded,age_unknown_no_evidence,24,Manrique P,Young M,2,2,0,Montana State University,True,True,True
PRJNA503484,excluded,age_unknown_no_evidence,0,,,0,0,0,Broad Institute,False,True,True
PRJNA503546,excluded,age_unknown_no_evidence,0,,,0,0,0,SAHMRI,False,True,True
PRJNA503799,excluded,age_unknown_no_evidence,0,,,0,0,0,McMaster University,False,True,True
PRJNA504921,excluded,age_unknown_no_evidence,18,Zuo T,Ng SC,2,0,2,The chinese university of Hong Kong,True,True,True
PRJNA505354,excluded,age_unknown_no_evidence,0,,,0,0,0,Stanford,False,True,True
PRJNA50637,excluded,age_unknown_no_evidence,0,,,0,0,0,University of Michigan at Ann Arbor,False,True,True
PRJNA506811,excluded,age_unknown_no_evidence,16,Zuo T,Ng SC,1,0,1,The chinese university of Hong Kong,True,True,True
PRJNA507062,excluded,age_unknown_no_evidence,0,,,0,0,0,UNIVERSITY OF CALIFORNIA LOS ANGELES,False,True,True
PRJNA507269,excluded,age_unknown_no_evidence,0,,,0,0,0,University of California San Diego; Atopic Dermatitis Research Network,False,True,True
PRJNA508385,excluded,age_unknown_no_evidence,3,Dabdoub SM,Kumar PS,1,0,1,The Ohio State University,True,True,True
PRJNA509325,excluded,age_unknown_no_evidence,0,,,0,0,0,"Orebro University, Sweden",False,True,True
PRJNA509999,excluded,age_unknown_no_evidence,0,,,0,0,0,Sichuan University,False,True,True
PRJNA510036,excluded,age_unknown_no_evidence,0,,,0,0,0,RCPCM,False,True,True
PRJNA510413,excluded,age_unknown_no_evidence,0,,,0,0,0,Children's Hospital of Philadelphia,False,True,True
PRJNA510441,excluded,age_unknown_no_evidence,0,,,0,0,0,San Diego State University,False,True,True
PRJNA510571,excluded,age_unknown_no_evidence,0,,,0,0,0,San Diego State University,False,True,True
PRJNA511932,excluded,age_unknown_no_evidence,0,,,0,0,0,Pusan National University,False,True,True
PRJNA513310,excluded,age_unknown_no_evidence,0,,,0,0,0,Public Health England,False,True,True
PRJNA513350,excluded,age_unknown_no_evidence,0,,,0,0,0,NHGRI/NIH,False,True,True
PRJNA514108,excluded,age_unknown_no_evidence,0,,,0,0,0,Shanghai Tenth People's Hospital,False,True,True
PRJNA515166,excluded,age_unknown_no_evidence,0,,,0,0,0,Monash University Malaysia,False,True,True
PRJNA515276,excluded,age_unknown_no_evidence,0,,,0,0,0,Children's National Medical Center,False,True,True
PRJNA516289,excluded,age_unknown_no_evidence,0,,,0,0,0,"University of California, San Francisco",False,True,True
PRJNA516870,excluded,age_unknown_no_evidence,0,,,0,0,0,University of Florence,False,True,True
PRJNA517056,excluded,age_unknown_no_evidence,0,,,0,0,0,Dairy Research Institute of Asturias,False,True,True
PRJNA517266,excluded,age_unknown_no_evidence,0,,,0,0,0,Max Planck Institute for the Science of Human History,False,True,True
PRJNA517793,excluded,age_unknown_no_evidence,0,,,0,0,0,Jiangsu University,False,True,True
PRJNA517825,excluded,age_unknown_no_evidence,0,,,0,0,0,University of Birmingham,False,True,True
PRJNA518922,excluded,age_unknown_no_evidence,9,Vijayvargiya P,Patel R,1,0,2,Mayo Clinic,True,True,True
PRJNA520743,excluded,age_unknown_no_evidence,0,,,0,0,0,Suzhou vocational health college,False,True,True
PRJNA520777,excluded,age_unknown_no_evidence,0,,,0,0,0,Suzhou vocational health college,False,True,True
PRJNA521396,excluded,age_unknown_no_evidence,0,,,0,0,0,University of Arizona,False,True,True
PRJNA522688,excluded,age_unknown_no_evidence,0,,,0,0,0,Cincinnati Childrens Hospital,False,True,True
PRJNA523592,excluded,age_unknown_no_evidence,0,,,0,0,0,Stanford University,False,True,True
PRJNA523719,excluded,age_unknown_no_evidence,0,,,0,0,0,China Agricultural University,False,True,True
PRJNA524008,excluded,age_unknown_no_evidence,0,,,0,0,0,Jiangsu University,False,True,True
PRJNA524170,excluded,age_unknown_no_evidence,19,Rozman V,Bogovič Matijašić B,2,1,1,Tel-Aviv University,True,True,True
PRJNA524322,excluded,age_unknown_no_evidence,0,,,0,0,0,UMass Dartmouth,False,True,True
PRJNA524339,excluded,age_unknown_no_evidence,0,,,0,0,0,Ponce Research Institute,False,True,True
PRJNA524377,excluded,age_unknown_no_evidence,0,,,0,0,0,The Australian National University,False,True,True
PRJNA525157,excluded,age_unknown_no_evidence,0,,,0,0,0,University of California San Francisco/Chan Zuckerberg Biohub,False,True,True
PRJNA525318,excluded,age_unknown_no_evidence,0,,,0,0,0,Chiang mai university,False,True,True
PRJNA526822,excluded,age_unknown_no_evidence,0,,,0,0,0,Inner Mongolia Agricultural University,False,True,True
PRJNA526861,excluded,age_unknown_no_evidence,0,,,0,0,0,"Harvard School of Public Health,; Starr cancer consortium",False,True,True
PRJNA526981,excluded,age_unknown_no_evidence,0,,,0,0,0,Oxford University Clinical Research Unit,False,True,True
PRJNA527188,excluded,age_unknown_no_evidence,0,,,0,0,0,Central South University,False,True,True
PRJNA527369,excluded,age_unknown_no_evidence,0,,,0,0,0,Polo Scientifico e Tecnologico Fabio Ferrari; Centre for Integrative Biology,False,True,True
PRJNA527806,excluded,age_unknown_no_evidence,0,,,0,0,0,University of Parma,False,True,True
PRJNA528558,excluded,age_unknown_no_evidence,0,,,0,0,0,Wenzhou Medical University,False,True,True
PRJNA528960,excluded,age_unknown_no_evidence,0,,,0,0,0,Broad Institute,False,True,True
PRJNA529061,excluded,age_unknown_no_evidence,0,,,0,0,0,"Beijing Friendship Hospital, Capital Medical University",False,True,True
PRJNA530339,excluded,age_unknown_no_evidence,0,,,0,0,0,BGI,False,True,True
PRJNA530971,excluded,age_unknown_no_evidence,0,,,0,0,0,"School of Basic Medical Sciences, Peking University",False,True,True
PRJNA531273,excluded,age_unknown_no_evidence,0,,,0,0,0,Indian Institute of Science Education and Research Bhopal,False,True,True
PRJNA531782,excluded,age_unknown_no_evidence,0,,,0,0,0,The 7th medical center of PLA general hospital,False,True,True
PRJNA531921,excluded,age_unknown_no_evidence,0,,,0,0,0,Rhode Island Hospital,False,True,True
PRJNA532456,excluded,age_unknown_no_evidence,0,,,0,0,0,Broad Institute,False,True,True
PRJNA532538,excluded,age_unknown_no_evidence,17,Argentini C,Ventura M,1,1,0,"Xiangya Hospital, Central South University",True,True,True
PRJNA532888,excluded,age_unknown_no_evidence,0,,,0,0,0,"University of Chinese Academy of Sciences,",False,True,True
PRJNA533528,excluded,age_unknown_no_evidence,0,,,0,0,0,Quadram Institutte,False,True,True
PRJNA533754,excluded,age_unknown_no_evidence,0,,,0,0,0,Shandong Normal University,False,True,True
PRJNA534155,excluded,age_unknown_no_evidence,0,,,0,0,0,Institute of Disease Control and Prevention,False,True,True
PRJNA53501,excluded,age_unknown_no_evidence,0,,,0,0,0,NIH Human Microbiome Consortium; Broad Institute,False,True,True
PRJNA539933,excluded,age_unknown_no_evidence,0,,,0,0,0,Washington University in St. Louis,False,True,True
PRJNA540073,excluded,age_unknown_no_evidence,0,,,0,0,0,McMaster University,False,True,True
PRJNA540388,excluded,age_unknown_no_evidence,0,,,0,0,0,Peking University School and Hospital of Stomatology,False,True,True
PRJNA541083,excluded,age_unknown_no_evidence,0,,,0,0,0,Columbia University,False,True,True
PRJNA541228,excluded,age_unknown_no_evidence,0,,,0,0,0,Northeast Forestry University,False,True,True
PRJNA541981,excluded,age_unknown_no_evidence,10,Huang S,Yadav H,1,1,0,NYU School of Medicine,True,True,True
PRJNA542280,excluded,age_unknown_no_evidence,0,,,0,0,0,University of Minnesota,False,True,True
PRJNA542393,excluded,age_unknown_no_evidence,0,,,0,0,0,Shanghai Jiao Tong university,False,True,True
PRJNA542578,excluded,age_unknown_no_evidence,0,,,0,0,0,Beijing Genomics Institute,False,True,True
PRJNA543144,excluded,age_unknown_no_evidence,0,,,0,0,0,Columbia University,False,True,True
PRJNA543403,excluded,age_unknown_no_evidence,0,,,0,0,0,"Department of Sericulture, College of Bioscience and Biotechnology, Shenyang Agricultural University",False,True,True
PRJNA543675,excluded,age_unknown_no_evidence,0,,,0,0,0,Capital Medical University,False,True,True
PRJNA543712,excluded,age_unknown_no_evidence,0,,,0,0,0,"Department of Sericulture, College of Bioscience and Biotechnology, Shenyang Agricultural University",False,True,True
PRJNA543731,excluded,age_unknown_no_evidence,0,,,0,0,0,"Department of Sericulture, College of Bioscience and Biotechnology, Shenyang Agricultural University",False,True,True
PRJNA543906,excluded,age_unknown_no_evidence,0,,,0,0,0,People's Hospital of Tibet Autonomous Region,False,True,True
PRJNA544061,excluded,age_unknown_no_evidence,0,,,0,0,0,The Ohio State University,False,True,True
PRJNA544407,excluded,age_unknown_no_evidence,0,,,0,0,0,"University of Milan; Dr. Marco Crescenzi Direttore del Servizio Grandi strumentazioni e Core facilities Istituto Superiore di Sanità Viale Regina Elena, 299 00161 Roma Tel 064990-3163 Fax 064990-2040",False,True,True
PRJNA544609,excluded,age_unknown_no_evidence,0,,,0,0,0,Chinese PLA General Hospital,False,True,True
PRJNA544865,excluded,age_unknown_no_evidence,0,,,0,0,0,University of California San Francisco/Chan Zuckerberg Biohub,False,True,True
PRJNA545214,excluded,age_unknown_no_evidence,0,,,0,0,0,University of Parma,False,True,True
PRJNA545794,excluded,age_unknown_no_evidence,0,,,0,0,0,University of Pennsylvania,False,True,True
PRJNA546227,excluded,age_unknown_no_evidence,0,,,0,0,0,University of Pennsylvania,False,True,True
PRJNA548383,excluded,age_unknown_no_evidence,0,,,0,0,0,The Ohio State University,False,True,True
PRJNA552294,excluded,age_unknown_no_evidence,0,,,0,0,0,The Ohio State University,False,True,True
PRJNA553326,excluded,age_unknown_no_evidence,0,,,0,0,0,University of Szeged,False,True,True
PRJNA553328,excluded,age_unknown_no_evidence,0,,,0,0,0,APHP,False,True,True
PRJNA554111,excluded,age_unknown_no_evidence,0,,,0,0,0,Third Military Medical University,False,True,True
PRJNA554461,excluded,age_unknown_no_evidence,0,,,0,0,0,University of Pittsburgh; Georgios Kitsios and Adam Fitch,False,True,True
PRJNA554499,excluded,age_unknown_no_evidence,0,,,0,0,0,University of Duesseldorf; The EU-MAARS Consortium,False,True,True
PRJNA554856,excluded,age_unknown_no_evidence,0,,,0,0,0,"Hurwitz Lab, University of Arizona",False,True,True
PRJNA555076,excluded,age_unknown_no_evidence,0,,,0,0,0,"Hurwitz Lab, University of Arizona",False,True,True
PRJNA556827,excluded,age_unknown_no_evidence,0,,,0,0,0,National Institute of Arthritis and Musculoskeletal and Skin Diseases,False,True,True
PRJNA557303,excluded,age_unknown_no_evidence,0,,,0,0,0,"University of California, San Francisco",False,True,True
PRJNA558701,excluded,age_unknown_no_evidence,0,,,0,0,0,UCSF,False,True,True
PRJNA558989,excluded,age_unknown_no_evidence,8,Zhou W,Oh J,1,0,1,The Jackson Laboratory,True,True,True
PRJNA560212,excluded,age_unknown_no_evidence,0,,,0,0,0,Leiden University Medical Center,False,True,True
PRJNA561155,excluded,age_unknown_no_evidence,0,,,0,0,0,McMaster University,False,True,True
PRJNA561465,excluded,age_unknown_no_evidence,0,,,0,0,0,Oxford University Clinical Research Unit,False,True,True
PRJNA562658,excluded,age_unknown_no_evidence,0,,,0,0,0,China Agricultural University,False,True,True
PRJNA562817,excluded,age_unknown_no_evidence,0,,,0,0,0,University of Parma,False,True,True
PRJNA564639,excluded,age_unknown_no_evidence,0,,,0,0,0,Vitalant Reseach Institute,False,True,True
PRJNA565171,excluded,age_unknown_no_evidence,0,,,0,0,0,Shanghai Jiao Tong University Affiliated Six People's Hospital,False,True,True
PRJNA565842,excluded,age_unknown_no_evidence,0,,,0,0,0,Shanghai Jiao Tong University Affiliated Six People's Hospital,False,True,True
PRJNA574841,excluded,age_unknown_no_evidence,0,,,0,0,0,National University of Singapore,False,True,True
PRJNA574872,excluded,age_unknown_no_evidence,0,,,0,0,0,China Agricultural University,False,True,True
PRJNA575586,excluded,age_unknown_no_evidence,0,,,0,0,0,UNIVERSITY OF MARYLAND BALTIMORE,False,True,True
PRJNA576323,excluded,age_unknown_no_evidence,0,,,0,0,0,Huazhong University of Science and Technology,False,True,True
PRJNA576887,excluded,age_unknown_no_evidence,0,,,0,0,0,Rush University Medical Center,False,True,True
PRJNA579196,excluded,age_unknown_no_evidence,0,,,0,0,0,University of Miami,False,True,True
PRJNA580086,excluded,age_unknown_no_evidence,0,,,0,0,0,Shanghai institute of immunology,False,True,True
PRJNA580164,excluded,age_unknown_no_evidence,9,Hu Y,Jin Q,1,0,1,Institute of Pathogen Piology,True,True,True
PRJNA580503,excluded,age_unknown_no_evidence,0,,,0,0,0,San Diego State University,False,True,True
PRJNA587166,excluded,age_unknown_no_evidence,0,,,0,0,0,Arizona State University,False,True,True
PRJNA589935,excluded,age_unknown_no_evidence,0,,,0,0,0,Chongqing University Chongqing,False,True,True
PRJNA590225,excluded,age_unknown_no_evidence,0,,,0,0,0,Nanyang Technological University,False,True,True
PRJNA590580,excluded,age_unknown_no_evidence,0,,,0,0,0,"WeHealthGene Co., Ltd.",False,True,True
PRJNA590977,excluded,age_unknown_no_evidence,0,,,0,0,0,Quadram Institute,False,True,True
PRJNA593263,excluded,age_unknown_no_evidence,8,Koo H,Morrow CD,1,1,0,University of Alabama at Birmingham,True,True,True
PRJNA593989,excluded,age_unknown_no_evidence,0,,,0,0,0,Institute of Gene Biology Russian Academy of Sciences,False,True,True
PRJNA595393,excluded,age_unknown_no_evidence,4,Fong W,Sintchenko V,1,0,1,Centre for Infectious Diseases and Microbiology - Public Health,True,True,True
PRJNA595610,excluded,age_unknown_no_evidence,0,,,0,0,0,"USDA Agricultural Research Service, U.S. Meat Animal Research Center",False,True,True
PRJNA595703,excluded,age_unknown_no_evidence,0,,,0,0,0,Nanyang Technological University,False,True,True
PRJNA595966,excluded,age_unknown_no_evidence,4,Zhou W,Oh J,1,0,1,The Jackson Laboratory,True,True,True
PRJNA596073,excluded,age_unknown_no_evidence,0,,,0,0,0,APHP,False,True,True
PRJNA596121,excluded,age_unknown_no_evidence,0,,,0,0,0,Glasgow Caledonian University,False,True,True
PRJNA597465,excluded,age_unknown_no_evidence,0,,,0,0,0,South Dakota State University,False,True,True
PRJNA597839,excluded,age_unknown_no_evidence,17,Argentini C,Ventura M,1,1,0,The University of Hong Kong,True,True,True
PRJNA598532,excluded,age_unknown_no_evidence,0,,,0,0,0,,False,False,True
PRJNA598720,excluded,age_unknown_no_evidence,0,,,0,0,0,Dr. Purnima Kumar Lab (The Ohio State College of Dentistry),False,True,True
PRJNA600128,excluded,age_unknown_no_evidence,0,,,0,0,0,,False,False,True
PRJNA602336,excluded,age_unknown_no_evidence,0,,,0,0,0,Vitalant Reseach Institute,False,True,True
PRJNA602902,excluded,age_unknown_no_evidence,0,,,0,0,0,"New York University College of Dentistry, School of Medicine",False,True,True
PRJNA603658,excluded,age_unknown_no_evidence,0,,,0,0,0,Centrum Onkologii-Instytut im. Marii Sklodowskiej-Curie,False,True,True
PRJNA603842,excluded,age_unknown_no_evidence,0,,,0,0,0,Arizona State University,False,True,True
PRJNA604000,excluded,age_unknown_no_evidence,0,,,0,0,0,OARSA/CFSAN/FDA,False,True,True
PRJNA604466,excluded,age_unknown_no_evidence,5,Belkova N,Rychkova L,1,1,0,Scientific Centre for Family Health and Human Reproduction Problems,True,True,True
PRJNA606075,excluded,age_unknown_no_evidence,0,,,0,0,0,Washington University School of Medicine in St. Louis,False,True,True
PRJNA606575,excluded,age_unknown_no_evidence,0,,,0,0,0,South Dakota State University,False,True,True
PRJNA606977,excluded,age_unknown_no_evidence,0,,,0,0,0,Harbin Medical University,False,True,True
PRJNA607948,excluded,age_unknown_no_evidence,0,,,0,0,0,University of Wisconsin - Madison,False,True,True
PRJNA608022,excluded,age_unknown_no_evidence,0,,,0,0,0,J. Craig Venter Institute,False,True,True
PRJNA608555,excluded,age_unknown_no_evidence,0,,,0,0,0,University of Adelaide,False,True,True
PRJNA608618,excluded,age_unknown_no_evidence,0,,,0,0,0,Hospital Universitario La Paz,False,True,True
PRJNA608645,excluded,age_unknown_no_evidence,0,,,0,0,0,Institut Pasteur,False,True,True
PRJNA608796,excluded,age_unknown_no_evidence,0,,,0,0,0,Universiti Putra Malaysia,False,True,True
PRJNA609351,excluded,age_unknown_no_evidence,0,,,0,0,0,Massachusetts General Hospital,False,True,True
PRJNA609403,excluded,age_unknown_no_evidence,0,,,0,0,0,Chinese PLA General Hospital,False,True,True
PRJNA609531,excluded,age_unknown_no_evidence,0,,,0,0,0,"Simcere Diagnostics Co., Ltd.",False,True,True
PRJNA610303,excluded,age_unknown_no_evidence,0,,,0,0,0,Western Sydney University,False,True,True
PRJNA610482,excluded,age_unknown_no_evidence,0,,,0,0,0,Shanghai Institutes for Biological Sciences,False,True,True
PRJNA611839,excluded,age_unknown_no_evidence,0,,,0,0,0,Fudan University,False,True,True
PRJNA612150,excluded,age_unknown_no_evidence,0,,,0,0,0,University of Calgary; University of Washington STI-CRC; International Microbiome Centre; Fred Hutchinson Cancer Research Center,False,True,True
PRJNA612626,excluded,age_unknown_no_evidence,0,,,0,0,0,University of Illinois,False,True,True
PRJNA613094,excluded,age_unknown_no_evidence,0,,,0,0,0,Universidad San Francisco de Quito,False,True,True
PRJNA613510,excluded,age_unknown_no_evidence,0,,,0,0,0,Jiangsu University,False,True,True
PRJNA613834,excluded,age_unknown_no_evidence,17,Argentini C,Ventura M,1,1,0,"University of California, San Diego",True,True,True
PRJNA614504,excluded,age_unknown_no_evidence,0,,,0,0,0,University of Wisconsin-Madison; AIDS Vaccine Research Laboratories,False,True,True
PRJNA615114,excluded,age_unknown_no_evidence,0,,,0,0,0,Xbiome,False,True,True
PRJNA615628,excluded,age_unknown_no_evidence,0,,,0,0,0,Children's National Medical Center,False,True,True
PRJNA615660,excluded,age_unknown_no_evidence,0,,,0,0,0,Delft University of Technology; SIAM,False,True,True
PRJNA615890,excluded,age_unknown_no_evidence,0,,,0,0,0,Hainan University,False,True,True
PRJNA616045,excluded,age_unknown_no_evidence,0,,,0,0,0,Oregon State University,False,True,True
PRJNA616250,excluded,age_unknown_no_evidence,0,,,0,0,0,Quadram Institute Biosciences,False,True,True
PRJNA616396,excluded,age_unknown_no_evidence,0,,,0,0,0,Shanghai Jiao Tong University Affiliated Six People's Hospital,False,True,True
PRJNA623215,excluded,age_unknown_no_evidence,18,Ackerman CM,Sabeti PC,1,0,1,Broad Institute,True,True,True
PRJNA625082,excluded,age_unknown_no_evidence,0,,,0,0,0,Marine Biological Laboratory,False,True,True
PRJNA625379,excluded,age_unknown_no_evidence,0,,,0,0,0,Virginia Commonwealth University,False,True,True
PRJNA626004,excluded,age_unknown_no_evidence,17,Argentini C,Ventura M,1,1,0,Rush University Medical Center,True,True,True
PRJNA626062,excluded,age_unknown_no_evidence,0,,,0,0,0,"The Second Affiliated Hospital of Nanjing Medical University, Nanjing,, China",False,True,True
PRJNA626477,excluded,age_unknown_no_evidence,11,Ni Y,Panagiotou G,1,0,1,Hans Knoll Institute,True,True,True
PRJNA626482,excluded,age_unknown_no_evidence,0,,,0,0,0,,False,False,True
PRJNA627223,excluded,age_unknown_no_evidence,0,,,0,0,0,Rush University Medical Center,False,True,True
PRJNA631031,excluded,age_unknown_no_evidence,0,,,0,0,0,National Center for Emerging and Zoonotic Infectious Diseases- Mycotic Diseases Branch,False,True,True
PRJNA631294,excluded,age_unknown_no_evidence,0,,,0,0,0,University of Idaho,False,True,True
PRJNA631300,excluded,age_unknown_no_evidence,0,,,0,0,0,All India Institute of medical sciences,False,True,True
PRJNA631565,excluded,age_unknown_no_evidence,0,,,0,0,0,"Qilu Hospital,Shandong University",False,True,True
PRJNA631867,excluded,age_unknown_no_evidence,0,,,0,0,0,"Institute of Pathogen Biology, Chinese Academy of Medical Sciences & Peking Union Medical College",False,True,True
PRJNA633241,excluded,age_unknown_no_evidence,0,,,0,0,0,Child Health Research Foundation,False,True,True
PRJNA633324,excluded,age_unknown_no_evidence,10,Zheng Y,Jiang W,1,0,1,Tsinghua University,True,True,True
PRJNA633948,excluded,age_unknown_no_evidence,26,Rockett R,Sintchenko V,1,0,1,Institute of Clinical Pathology and Medical Research,True,True,True
PRJNA634526,excluded,age_unknown_no_evidence,0,,,0,0,0,Institut Pasteur of Shanghai,False,True,True
PRJNA634666,excluded,age_unknown_no_evidence,0,,,0,0,0,Inner Mongolia Agricultural University,False,True,True
PRJNA635116,excluded,age_unknown_no_evidence,0,,,0,0,0,UNIVERSITY OF MINNESOTA,False,True,True
PRJNA635133,excluded,age_unknown_no_evidence,0,,,0,0,0,University of California San Francisco,False,True,True
PRJNA635908,excluded,age_unknown_no_evidence,0,,,0,0,0,University of Washington,False,True,True
PRJNA636773,excluded,age_unknown_no_evidence,0,,,0,0,0,King Abdulaziz University,False,True,True
PRJNA637365,excluded,age_unknown_no_evidence,0,,,0,0,0,Tel-Aviv University,False,True,True
PRJNA639592,excluded,age_unknown_no_evidence,0,,,0,0,0,Washington Univeristy in St. Louis,False,True,True
PRJNA639909,excluded,age_unknown_no_evidence,0,,,0,0,0,Kanazawa University,False,True,True
PRJNA640158,excluded,age_unknown_no_evidence,0,,,0,0,0,APHP,False,True,True
PRJNA640717,excluded,age_unknown_no_evidence,0,,,0,0,0,Jinan university,False,True,True
PRJNA641015,excluded,age_unknown_no_evidence,0,,,0,0,0,University of Parma,False,True,True
PRJNA641765,excluded,age_unknown_no_evidence,0,,,0,0,0,CeGaT GmbH,False,True,True
PRJNA642893,excluded,age_unknown_no_evidence,11,Harkins CP,Rozati S,1,0,1,National Institute of Arthritis and Musculoskeletal and Skin Diseases,True,True,True
PRJNA643812,excluded,age_unknown_no_evidence,0,,,0,0,0,Rutgers University,False,True,True
PRJNA643905,excluded,age_unknown_no_evidence,0,,,0,0,0,Hospital Sant Joan de Deu,False,True,True
PRJNA644077,excluded,age_unknown_no_evidence,0,,,0,0,0,University of Leeds,False,True,True
PRJNA644285,excluded,age_unknown_no_evidence,0,,,0,0,0,FCFRP,False,True,True
PRJNA644456,excluded,age_unknown_no_evidence,22,Ng SC,Chan FKL,1,0,1,The Chinese University of Hong Kong,True,True,True
PRJNA644666,excluded,age_unknown_no_evidence,0,,,0,0,0,University of Toronto,False,True,True
PRJNA644754,excluded,age_unknown_no_evidence,0,,,0,0,0,"Hugobiotech Co., Ltd., Beijing, China",False,True,True
PRJNA645054,excluded,age_unknown_no_evidence,0,,,0,0,0,Institute for Archaeological Sciences,False,True,True
PRJNA645906,excluded,age_unknown_no_evidence,0,,,0,0,0,"CZ Biohub, UCSF; CZB Cliahub Consortium",False,True,True
PRJNA646241,excluded,age_unknown_no_evidence,0,,,0,0,0,Jackson Laboratory for Genomic Medicine,False,True,True
PRJNA646752,excluded,age_unknown_no_evidence,0,,,0,0,0,Washington University in St. Louis,False,True,True
PRJNA647269,excluded,age_unknown_no_evidence,0,,,0,0,0,Inner Mongolia Agricultural University,False,True,True
PRJNA647523,excluded,age_unknown_no_evidence,0,,,0,0,0,Microbiome Research Centre,False,True,True
PRJNA647706,excluded,age_unknown_no_evidence,0,,,0,0,0,"Affiliated Hangzhou First Peoples Hospital, Zhejiang University School of Medicine",False,True,True
PRJNA647720,excluded,age_unknown_no_evidence,10,Oliver A,Whiteson K,1,0,1,"University of California, Irvine",True,True,True
PRJNA647796,excluded,age_unknown_no_evidence,0,,,0,0,0,Peking University School and Hospital of Stomatology,False,True,True
PRJNA648306,excluded,age_unknown_no_evidence,0,,,0,0,0,"Institute of Blood Transfusion, Chinese Academy of Medical Sciences",False,True,True
PRJNA648796,excluded,age_unknown_no_evidence,0,,,0,0,0,The Chinese University of HongKong,False,True,True
PRJNA648797,excluded,age_unknown_no_evidence,0,,,0,0,0,The Chinese University of HongKong,False,True,True
PRJNA649273,excluded,age_unknown_no_evidence,0,,,0,0,0,University of Western Ontario,False,True,True
PRJNA650011,excluded,age_unknown_no_evidence,0,,,0,0,0,Peking University People's Hospital,False,True,True
PRJNA655567,excluded,age_unknown_no_evidence,0,,,0,0,0,Southern University of Science and Technology,False,True,True
PRJNA656660,excluded,age_unknown_no_evidence,0,,,0,0,0,GDMU,False,True,True
PRJNA656820,excluded,age_unknown_no_evidence,0,,,0,0,0,St. Jude Children's Research Hospital,False,True,True
PRJNA656861,excluded,age_unknown_no_evidence,0,,,0,0,0,Arizona State University,False,True,True
PRJNA657014,excluded,age_unknown_no_evidence,0,,,0,0,0,NHGRI/NIH,False,True,True
PRJNA657096,excluded,age_unknown_no_evidence,0,,,0,0,0,Southern University of Science and Technology,False,True,True
PRJNA657275,excluded,age_unknown_no_evidence,0,,,0,0,0,University of Oklahoma,False,True,True
PRJNA657423,excluded,age_unknown_no_evidence,0,,,0,0,0,University of Washington,False,True,True
PRJNA658239,excluded,age_unknown_no_evidence,0,,,0,0,0,Medical University of Warsaw,False,True,True
PRJNA658453,excluded,age_unknown_no_evidence,0,,,0,0,0,Erciyes University,False,True,True
PRJNA659515,excluded,age_unknown_no_evidence,0,,,0,0,0,Cedars-Sinai Medical Center,False,True,True
PRJNA659776,excluded,age_unknown_no_evidence,0,,,0,0,0,U.S. Army Institute of Surgical Research,False,True,True
PRJNA659860,excluded,age_unknown_no_evidence,0,,,0,0,0,"Federal State Public Scientific Institution ""Scientific Center for Family Health and Human Reproduct",False,True,True
PRJNA659919,excluded,age_unknown_no_evidence,0,,,0,0,0,IMBB-FORTH,False,True,True
PRJNA660212,excluded,age_unknown_no_evidence,0,,,0,0,0,University of Florence,False,True,True
PRJNA660600,excluded,age_unknown_no_evidence,0,,,0,0,0,Shenzhen Nanshan People's Hospital,False,True,True
PRJNA660887,excluded,age_unknown_no_evidence,0,,,0,0,0,La Trobe University,False,True,True
PRJNA661048,excluded,age_unknown_no_evidence,0,,,0,0,0,University of Minnesota,False,True,True
PRJNA663646,excluded,age_unknown_no_evidence,17,Argentini C,Ventura M,1,1,0,Hainan University,True,True,True
PRJNA663652,excluded,age_unknown_no_evidence,0,,,0,0,0,Kunming First Peoples Hospital,False,True,True
PRJNA664107,excluded,age_unknown_no_evidence,0,,,0,0,0,Federal Research and Clinical Centre of Physical-Chemical Medicine,False,True,True
PRJNA664509,excluded,age_unknown_no_evidence,0,,,0,0,0,Sun Yat-sen University,False,True,True
PRJNA665328,excluded,age_unknown_no_evidence,0,,,0,0,0,Matridx,False,True,True
PRJNA666664,excluded,age_unknown_no_evidence,0,,,0,0,0,"African Centre of Excellence for Genomics of Infectious Diseases(ACEGID), Redeemer's University; African Centre of Excellence for Genomics of Infectious Diseases (ACEGID), Redeemer's University, Nigeria",False,True,True
PRJNA666685,excluded,age_unknown_no_evidence,0,,,0,0,0,"African Centre of Excellence for Genomics of Infectious Diseases(ACEGID), Redeemer's University; African Centre of Excellence for Genomics of Infectious Diseases (ACEGID), Redeemer's University, Nigeria",False,True,True
PRJNA666891,excluded,age_unknown_no_evidence,0,,,0,0,0,J. Craig Venter Institute,False,True,True
PRJNA667552,excluded,age_unknown_no_evidence,0,,,0,0,0,"The First People's Hospital of Yunnan Province, Kuming 650032, Yunnan, China",False,True,True
PRJNA667797,excluded,age_unknown_no_evidence,0,,,0,0,0,China-Japan Friendship Hospital,False,True,True
PRJNA668357,excluded,age_unknown_no_evidence,0,,,0,0,0,University of North Carolina,False,True,True
PRJNA669294,excluded,age_unknown_no_evidence,0,,,0,0,0,Florida International University; Zymo Research,False,True,True
PRJNA669532,excluded,age_unknown_no_evidence,0,,,0,0,0,University of Washington School of Medicine,False,True,True
PRJNA671239,excluded,age_unknown_no_evidence,0,,,0,0,0,UNIVERSITY OF MASSACHUSETTS LOWELL,False,True,True
PRJNA671740,excluded,age_unknown_no_evidence,0,,,0,0,0,Jiangsu University,False,True,True
PRJNA672260,excluded,assay_amplicon,0,,,0,0,0,Hunan University of Chinese Medicine,False,True,True
PRJNA672826,excluded,age_unknown_no_evidence,0,,,0,0,0,University of Parma,False,True,True
PRJNA672955,excluded,age_unknown_no_evidence,25,Proctor DM,Hayden MK,1,0,1,NHGRI/NIH,True,True,True
PRJNA673633,excluded,age_unknown_no_evidence,0,,,0,0,0,Univeristy of Pretoria and National Health Laboratory Services,False,True,True
PRJNA673737,excluded,age_unknown_no_evidence,0,,,0,0,0,Jiangsu University,False,True,True
PRJNA674451,excluded,age_unknown_no_evidence,0,,,0,0,0,ICMR NATIONAL INSTITUTE FOR RESEARCH IN REPRODUCTIVE HEALTH,False,True,True
PRJNA674452,excluded,age_unknown_no_evidence,0,,,0,0,0,Peking Union Medical College Hospital,False,True,True
PRJNA674586,excluded,age_unknown_no_evidence,0,,,0,0,0,LMVR.NIAID.NIH,False,True,True
PRJNA675013,excluded,age_unknown_no_evidence,0,,,0,0,0,APHP,False,True,True
PRJNA675106,excluded,age_unknown_no_evidence,0,,,0,0,0,MIT,False,True,True
PRJNA675110,excluded,age_unknown_no_evidence,11,Nardelli C,Capoluongo E,1,0,1,CEINGE Biotecnologie Avanzate,True,True,True
PRJNA675502,excluded,age_unknown_no_evidence,0,,,0,0,0,China Agricultural University,False,True,True
PRJNA675598,excluded,age_unknown_no_evidence,35,Sato Y,Honda K,1,0,1,Xavier,True,True,True
PRJNA678141,excluded,age_unknown_no_evidence,0,,,0,0,0,Karolinska Institutet,False,True,True
PRJNA678453,excluded,age_unknown_no_evidence,0,,,0,0,0,NTU,False,True,True
PRJNA678472,excluded,age_unknown_no_evidence,9,Shkoporov AN,Hill C,1,0,1,University College Cork,True,True,True
PRJNA678570,excluded,age_unknown_no_evidence,0,,,0,0,0,University of California San Francisco,False,True,True
PRJNA678737,excluded,age_unknown_no_evidence,0,,,0,0,0,MD Anderson Cancer Center,False,True,True
PRJNA678871,excluded,age_unknown_no_evidence,0,,,0,0,0,University of nottingham,False,True,True
PRJNA679286,excluded,age_unknown_no_evidence,15,Arze CA,Yozwiak NL,1,0,1,Ring Therapeutics,True,True,True
PRJNA679303,excluded,age_unknown_no_evidence,0,,,0,0,0,University of Genoa,False,True,True
PRJNA679418,excluded,age_unknown_no_evidence,0,,,0,0,0,Quaid-i-Azam University,False,True,True
PRJNA679716,excluded,age_unknown_no_evidence,0,,,0,0,0,North West University,False,True,True
PRJNA679743,excluded,age_unknown_no_evidence,0,,,0,0,0,Unipampa,False,True,True
PRJNA679884,excluded,age_unknown_no_evidence,0,,,0,0,0,Aperiomics,False,True,True
PRJNA680735,excluded,age_unknown_no_evidence,0,,,0,0,0,Loyola University Chicago,False,True,True
PRJNA681020,excluded,age_unknown_no_evidence,0,,,0,0,0,Louisiana State University Health Sciences Center Shreveprot,False,True,True
PRJNA681291,excluded,age_unknown_no_evidence,0,,,0,0,0,"The First Affiliated Hospital, College of Medicine, Zhejiang University",False,True,True
PRJNA681411,excluded,age_unknown_no_evidence,8,Guo H,Hu R,1,0,1,China Centers for Disease Control and Prevention,True,True,True
PRJNA681889,excluded,age_unknown_no_evidence,0,,,0,0,0,University of California San Francisco,False,True,True
PRJNA682523,excluded,age_unknown_no_evidence,0,,,0,0,0,University of Szeged; Department of Orthodontics and Pediatric Dentistry,False,True,True
PRJNA682527,excluded,age_unknown_no_evidence,0,,,0,0,0,"Federal State Public Scientific Institution ""Scientific Center for Family Health and Human Reproduct",False,True,True
PRJNA682735,excluded,age_unknown_no_evidence,0,,,0,0,0,RCPCM; Academic Consortium,False,True,True
PRJNA683158,excluded,age_unknown_no_evidence,0,,,0,0,0,Qingdao Agricultural University,False,True,True
PRJNA683652,excluded,age_unknown_no_evidence,0,,,0,0,0,LNCC,False,True,True
PRJNA683873,excluded,age_unknown_no_evidence,11,Li T,Hang J,1,0,1,Walter Reed Army Institute of Research,True,True,True
PRJNA684454,excluded,age_unknown_no_evidence,0,,,0,0,0,LNCC,False,True,True
PRJNA684965,excluded,age_unknown_no_evidence,0,,,0,0,0,Nanjing Agricultural University,False,True,True
PRJNA685168,excluded,age_unknown_no_evidence,17,Schroer HW,Bosch DE,2,1,1,Xavier,True,True,True
PRJNA685188,excluded,age_unknown_no_evidence,0,,,0,0,0,University of Texas Southwestern Medical Center,False,True,True
PRJNA685265,excluded,age_unknown_no_evidence,0,,,0,0,0,University of Adelaide,False,True,True
PRJNA685934,excluded,age_unknown_no_evidence,0,,,0,0,0,Netherlands National Institute of Public Health and the Environment,False,True,True
PRJNA686265,excluded,age_unknown_no_evidence,17,Argentini C,Ventura M,1,1,0,Xavier,True,True,True
PRJNA686769,excluded,age_unknown_no_evidence,0,,,0,0,0,Peking University,False,True,True
PRJNA686835,excluded,age_unknown_no_evidence,0,,,0,0,0,Hans Knoll Institute,False,True,True
PRJNA687560,excluded,age_unknown_no_evidence,0,,,0,0,0,Peking University People's Hospital,False,True,True
PRJNA688574,excluded,age_unknown_no_evidence,0,,,0,0,0,"University of California, Irvine",False,True,True
PRJNA688615,excluded,age_unknown_no_evidence,0,,,0,0,0,Department of Tuberculosis Intensive Care Unit,False,True,True
PRJNA692001,excluded,age_unknown_no_evidence,0,,,0,0,0,Shanghai Public Health Clinical Center,False,True,True
PRJNA692713,excluded,age_unknown_no_evidence,0,,,0,0,0,New York University School of Medicine,False,True,True
PRJNA692830,excluded,age_unknown_no_evidence,17,Argentini C,Ventura M,1,1,0,"Karolinska Institutet, Huddinge",True,True,True
PRJNA693402,excluded,age_unknown_no_evidence,0,,,0,0,0,Zhejiang Provincial People's Hospital,False,True,True
PRJNA694018,excluded,age_unknown_no_evidence,0,,,0,0,0,DIPAS,False,True,True
PRJNA694925,excluded,age_unknown_no_evidence,0,,,0,0,0,NHGRI/NIH,False,True,True
PRJNA694997,excluded,age_unknown_no_evidence,0,,,0,0,0,Centre for Infectious Diseases and Microbiology - Public Health,False,True,True
PRJNA695539,excluded,age_unknown_no_evidence,0,,,0,0,0,University of Minnesota,False,True,True
PRJNA695574,excluded,age_unknown_no_evidence,0,,,0,0,0,Federal University of Rio de Janeiro,False,True,True
PRJNA698459,excluded,age_unknown_no_evidence,22,Maifeld A,Forslund SK,1,0,1,Max-Delbrueck-Center; Helmholtz Centre for Infection Research (HZI),True,True,True
PRJNA699146,excluded,age_unknown_no_evidence,0,,,0,0,0,Chinese Academy of Agricultural Science,False,True,True
PRJNA699934,excluded,age_unknown_no_evidence,0,,,0,0,0,HARVARD SCHOOL OF PUBLIC HEALTH,False,True,True
PRJNA700071,excluded,age_unknown_no_evidence,0,,,0,0,0,Washington University in St. Louis School of Medicine,False,True,True
PRJNA702049,excluded,age_unknown_no_evidence,0,,,0,0,0,Aix Marseille univesity,False,True,True
PRJNA702899,excluded,age_unknown_no_evidence,0,,,0,0,0,The First Affiliated Hospital of Guangzhou Medical University,False,True,True
PRJNA703034,excluded,age_unknown_no_evidence,0,,,0,0,0,Washington University School of Medicine,False,True,True
PRJNA703035,excluded,age_unknown_no_evidence,0,,,0,0,0,University of Chicago,False,True,True
PRJNA703757,excluded,age_unknown_no_evidence,25,Ni Y,Jia W,1,0,1,Hans Knoll Institute,True,True,True
PRJNA704183,excluded,age_unknown_no_evidence,0,,,0,0,0,Penn State University,False,True,True
PRJNA704286,excluded,age_unknown_no_evidence,0,,,0,0,0,he First Affiliated Hospital of Anhui Medical University,False,True,True
PRJNA704313,excluded,age_unknown_no_evidence,8,Liu WD,Sheng WH,1,0,1,"National Taiwan University, College of Medicine",True,True,True
PRJNA704545,excluded,age_unknown_no_evidence,0,,,0,0,0,Quzhou People Hospital,False,True,True
PRJNA705169,excluded,age_unknown_no_evidence,0,,,0,0,0,Mahidol University,False,True,True
PRJNA706060,excluded,age_unknown_no_evidence,0,,,0,0,0,The First Affiliated Hospital of Kunming Medical University,False,True,True
PRJNA706070,excluded,age_unknown_no_evidence,0,,,0,0,0,UNIVERSITY OF MARYLAND BALTIMORE,False,True,True
PRJNA706470,excluded,age_unknown_no_evidence,0,,,0,0,0,Ningbo First Hospital,False,True,True
PRJNA706553,excluded,age_unknown_no_evidence,0,,,0,0,0,Shanghai University,False,True,True
PRJNA706726,excluded,age_unknown_no_evidence,0,,,0,0,0,Brigham and Women's Hospital,False,True,True
PRJNA707099,excluded,age_unknown_no_evidence,0,,,0,0,0,Stanford University,False,True,True
PRJNA707479,excluded,age_unknown_no_evidence,0,,,0,0,0,Centers for Disease Control and Prevention,False,True,True
PRJNA707585,excluded,age_unknown_no_evidence,0,,,0,0,0,Louisiana State University Health Sciences Center,False,True,True
PRJNA709416,excluded,age_unknown_no_evidence,0,,,0,0,0,Hugobiotech Co.Ltd,False,True,True
PRJNA713013,excluded,age_unknown_no_evidence,0,,,0,0,0,McGill University,False,True,True
PRJNA713420,excluded,age_unknown_no_evidence,0,,,0,0,0,New York University,False,True,True
PRJNA714892,excluded,age_unknown_no_evidence,0,,,0,0,0,Renji Hospital,False,True,True
PRJNA715182,excluded,age_unknown_no_evidence,0,,,0,0,0,Rajiv Gandhi Center for Biotechnology,False,True,True
PRJNA715828,excluded,age_unknown_no_evidence,0,,,0,0,0,"Shanghai Tenth People's Hospital, Tongji University School of Medicine",False,True,True
PRJNA717815,excluded,age_unknown_no_evidence,8,Saito D,Tsai SM,2,0,2,Amazonas State University,True,True,True
PRJNA718053,excluded,age_unknown_no_evidence,0,,,0,0,0,FuDan University,False,True,True
PRJNA718167,excluded,age_unknown_no_evidence,0,,,0,0,0,Cleveland Clinic,False,True,True
PRJNA71831,excluded,age_unknown_no_evidence,0,,,0,0,0,San Diego State University,False,True,True
PRJNA718520,excluded,age_unknown_no_evidence,0,,,0,0,0,Gustave Roussy Cancer Center,False,True,True
PRJNA719138,excluded,age_unknown_no_evidence,0,,,0,0,0,The University of Texas at Austin,False,True,True
PRJNA719915,excluded,age_unknown_no_evidence,13,Guo W,Kong X,1,0,1,Shanghai Institute of Nutrition and Health,True,True,True
PRJNA720271,excluded,age_unknown_no_evidence,0,,,0,0,0,ETH Zurich,False,True,True
PRJNA720771,excluded,age_unknown_no_evidence,0,,,0,0,0,Manipal Academy of Higher Education,False,True,True
PRJNA720904,excluded,age_unknown_no_evidence,0,,,0,0,0,Bangabandhu Sheikh Mujibur Rahman Agricultural University,False,True,True
PRJNA721002,excluded,age_unknown_no_evidence,0,,,0,0,0,South China Agricultural University,False,True,True
PRJNA721828,excluded,age_unknown_no_evidence,0,,,0,0,0,University of Zurich,False,True,True
PRJNA722129,excluded,age_unknown_no_evidence,0,,,0,0,0,Inner Mongolia Agricultural University,False,True,True
PRJNA722397,excluded,age_unknown_no_evidence,0,,,0,0,0,Affiliated Hospital of Qingdao University,False,True,True
PRJNA722684,excluded,age_unknown_no_evidence,0,,,0,0,0,Northeast Forestry University,False,True,True
PRJNA723028,excluded,age_unknown_no_evidence,0,,,0,0,0,University of Luxembourg,False,True,True
PRJNA723895,excluded,age_unknown_no_evidence,11,Goya S,Greninger AL,1,0,1,University of Washington,True,True,True
PRJNA723982,excluded,age_unknown_no_evidence,0,,,0,0,0,Heinrich Heine University Duesseldorf,False,True,True
PRJNA725368,excluded,age_unknown_no_evidence,0,,,0,0,0,The Australian National University,False,True,True
PRJNA725409,excluded,age_unknown_no_evidence,0,,,0,0,0,Zhejiang academy of agricultural sciences,False,True,True
PRJNA725416,excluded,age_unknown_no_evidence,10,Dunlop AL,Corwin EJ,1,1,0,Emory University,True,True,True
PRJNA725613,excluded,age_unknown_no_evidence,6,Liu Y,Wei Y,1,0,1,Zhengzhou University,True,True,True
PRJNA725874,excluded,age_unknown_no_evidence,0,,,0,0,0,University of Florida,False,True,True
PRJNA726242,excluded,age_unknown_no_evidence,0,,,0,0,0,Unicamp,False,True,True
PRJNA726636,excluded,age_unknown_no_evidence,8,Dudek NK,Relman DA,1,0,1,Stanford University,True,True,True
PRJNA727667,excluded,age_unknown_no_evidence,0,,,0,0,0,Shanghai Jiao Tong University,False,True,True
PRJNA727963,excluded,age_unknown_no_evidence,0,,,0,0,0,Xiangya Second Hospital of Central South University,False,True,True
PRJNA728374,excluded,age_unknown_no_evidence,0,,,0,0,0,,False,False,True
PRJNA728908,excluded,age_unknown_no_evidence,17,Leung H,Panagiotou G,1,0,1,Shanghai Jiao Tong University Affiliated Sixth People's Hospital; BestTreat (from the European Union Horizon 2020 Research and Innovation programme),True,True,True
PRJNA728968,excluded,age_unknown_no_evidence,0,,,0,0,0,"Sir Run Run Shaw Hospital, School of Medicine, Zhejiang University",False,True,True
PRJNA729853,excluded,age_unknown_no_evidence,0,,,0,0,0,China-Japan friendship hospital,False,True,True
PRJNA730677,excluded,age_unknown_no_evidence,0,,,0,0,0,Tel-Aviv University,False,True,True
PRJNA730973,excluded,age_unknown_no_evidence,0,,,0,0,0,First Affiliated Hospital of Guangzhou Medical University,False,True,True
PRJNA731072,excluded,age_unknown_no_evidence,0,,,0,0,0,Shanghai University,False,True,True
PRJNA731624,excluded,age_unknown_no_evidence,0,,,0,0,0,Universitat de Valencia,False,True,True
PRJNA732277,excluded,age_unknown_no_evidence,0,,,0,0,0,"National Public Health Laboratory, Malaysia",False,True,True
PRJNA732527,excluded,age_unknown_no_evidence,0,,,0,0,0,Clemson University,False,True,True
PRJNA732992,excluded,age_unknown_no_evidence,0,,,0,0,0,Genoxor Medical Science and Technology Inc,False,True,True
PRJNA733692,excluded,age_unknown_no_evidence,0,,,0,0,0,"Tongji Hospital, Tongji Medical College, Huazhong University of Science and Technology",False,True,True
PRJNA734131,excluded,age_unknown_no_evidence,0,,,0,0,0,Matridx,False,True,True
PRJNA734433,excluded,age_unknown_no_evidence,0,,,0,0,0,Shandong First Medical University and Shandong Academy of Medical Sciences,False,True,True
PRJNA735411,excluded,age_unknown_no_evidence,10,Zhang M,Hu Y,1,1,0,"Universidad Andres Bello, Castro Lab",True,True,True
PRJNA735559,excluded,age_unknown_no_evidence,0,,,0,0,0,Genoxor Medical Science and Technology Inc,False,True,True
PRJNA735799,excluded,age_unknown_no_evidence,0,,,0,0,0,East China Normal University,False,True,True
PRJNA736108,excluded,age_unknown_no_evidence,0,,,0,0,0,The Jackson Laboratory for Genomic Medicine,False,True,True
PRJNA736203,excluded,age_unknown_no_evidence,0,,,0,0,0,Beijing Tsinghua Changgung Hospital,False,True,True
PRJNA736207,excluded,age_unknown_no_evidence,0,,,0,0,0,Mahidol University,False,True,True
PRJNA736861,excluded,age_unknown_no_evidence,0,,,0,0,0,Chinese Academy of Agricultural Science,False,True,True
PRJNA737316,excluded,age_unknown_no_evidence,0,,,0,0,0,The First Affiliated Hospital of Guangzhou Medical University,False,True,True
PRJNA738295,excluded,age_unknown_no_evidence,0,,,0,0,0,Hugobiotech Co.Ltd,False,True,True
PRJNA738553,excluded,age_unknown_no_evidence,0,,,0,0,0,University of Washington,False,True,True
PRJNA738554,excluded,age_unknown_no_evidence,0,,,0,0,0,Inner Mongolia Agricultural University,False,True,True
PRJNA738625,excluded,age_unknown_no_evidence,0,,,0,0,0,"Nanjing Institute of Environmental Sciences, Ministry of Ecology and Environment",False,True,True
PRJNA738684,excluded,age_unknown_no_evidence,0,,,0,0,0,Chinese Academy of Agricultural Science,False,True,True
PRJNA738760,excluded,age_unknown_no_evidence,0,,,0,0,0,Korea University,False,True,True
PRJNA739170,excluded,age_unknown_no_evidence,0,,,0,0,0,Stony Brook University,False,True,True
PRJNA739858,excluded,age_unknown_no_evidence,0,,,0,0,0,Nanyang Technological University,False,True,True
PRJNA739881,excluded,age_unknown_no_evidence,0,,,0,0,0,University of Florence,False,True,True
PRJNA740243,excluded,age_unknown_no_evidence,0,,,0,0,0,Nanyang Technological University,False,True,True
PRJNA741238,excluded,age_unknown_no_evidence,0,,,0,0,0,Technion - Israel Institute of Technology,False,True,True
PRJNA741386,excluded,age_unknown_no_evidence,0,,,0,0,0,Helmholtz-Zentrum fuer Infektionsforschung GmbH HZI,False,True,True
PRJNA741822,excluded,age_unknown_no_evidence,0,,,0,0,0,Inner Mongolia Agricultural University,False,True,True
PRJNA741919,excluded,age_unknown_no_evidence,0,,,0,0,0,Sichuan university,False,True,True
PRJNA742139,excluded,age_unknown_no_evidence,0,,,0,0,0,Matridx,False,True,True
PRJNA742538,excluded,age_unknown_no_evidence,0,,,0,0,0,The First Affiliated Hospital of Guangzhou Medical University,False,True,True
PRJNA743023,excluded,age_unknown_no_evidence,0,,,0,0,0,Rice University,False,True,True
PRJNA743171,excluded,age_unknown_no_evidence,0,,,0,0,0,Ares Genetics,False,True,True
PRJNA743357,excluded,age_unknown_no_evidence,0,,,0,0,0,DSM Nutritional Products Ltd,False,True,True
PRJNA743426,excluded,age_unknown_no_evidence,0,,,0,0,0,Beijing YouAn Hospital,False,True,True
PRJNA743718,excluded,age_unknown_no_evidence,0,,,0,0,0,Chunlab.inc,False,True,True
PRJNA743735,excluded,age_unknown_no_evidence,0,,,0,0,0,Peking University School of Basic Medical Sciences,False,True,True
PRJNA743985,excluded,age_unknown_no_evidence,0,,,0,0,0,"Hangzhou Matridx Biotechnology Co., Ltd.",False,True,True
PRJNA744850,excluded,age_unknown_no_evidence,0,,,0,0,0,Peking University People's Hospital,False,True,True
PRJNA745199,excluded,age_unknown_no_evidence,7,Li Z,Eberhart CG,1,0,1,Johns Hopkins University,True,True,True
PRJNA745329,excluded,age_unknown_no_evidence,0,,,0,0,0,"University of California, Irvine",False,True,True
PRJNA746322,excluded,age_unknown_no_evidence,0,,,0,0,0,NYU Langone Health,False,True,True
PRJNA746690,excluded,age_unknown_no_evidence,0,,,0,0,0,Los Angeles County Public Health Lab microbial pathogen submission group,False,True,True
PRJNA747100,excluded,age_unknown_no_evidence,0,,,0,0,0,The Chinese University of Hong Kong,False,True,True
PRJNA747151,excluded,age_unknown_no_evidence,0,,,0,0,0,"Xinhua Hospital, Shanghai Jiao Tong University School of Medicine",False,True,True
PRJNA748241,excluded,age_unknown_no_evidence,0,,,0,0,0,State Key Laboratory of Pathogen and Biosecurity,False,True,True
PRJNA748262,excluded,age_unknown_no_evidence,32,Schroer HW,Bosch DE,2,1,1,Washington University in St. Louis,True,True,True
PRJNA748560,excluded,age_unknown_no_evidence,0,,,0,0,0,INSERM U1047,False,True,True
PRJNA748568,excluded,age_unknown_no_evidence,0,,,0,0,0,Sami Sabinsa Group Limited,False,True,True
PRJNA749076,excluded,age_unknown_no_evidence,0,,,0,0,0,Genoxor Medical Science and Technology Inc,False,True,True
PRJNA749138,excluded,age_unknown_no_evidence,0,,,0,0,0,the University of Hong Kong,False,True,True
PRJNA749647,excluded,age_unknown_no_evidence,0,,,0,0,0,"WillingMed Technology (Beijing)Co., Ltd",False,True,True
PRJNA750309,excluded,age_unknown_no_evidence,0,,,0,0,0,"Changchun Veterinary Research Institute, Chinese Academy of Agricultural Sciences",False,True,True
PRJNA750324,excluded,age_unknown_no_evidence,0,,,0,0,0,University of Parma,False,True,True
PRJNA750475,excluded,age_unknown_no_evidence,17,Argentini C,Ventura M,1,1,0,Massachusetts General Hospital and Harvard Medical School,True,True,True
PRJNA750659,excluded,age_unknown_no_evidence,0,,,0,0,0,"Renji Hospital, Shanghai Jiao Tong University School of Medicine",False,True,True
PRJNA750848,excluded,age_unknown_no_evidence,0,,,0,0,0,Shanghai Biotecan Pharmaceuticals Company,False,True,True
PRJNA751055,excluded,age_unknown_no_evidence,0,,,0,0,0,University of Minnesota,False,True,True
PRJNA751275,excluded,age_unknown_no_evidence,0,,,0,0,0,Yantai university,False,True,True
PRJNA751448,excluded,age_unknown_no_evidence,0,,,0,0,0,Columbia University,False,True,True
PRJNA751627,excluded,age_unknown_no_evidence,0,,,0,0,0,Yantai university,False,True,True
PRJNA752223,excluded,age_unknown_no_evidence,0,,,0,0,0,University of Missouri,False,True,True
PRJNA752259,excluded,age_unknown_no_evidence,0,,,0,0,0,"Hangzhou Matridx Biotechnology Co., Ltd",False,True,True
PRJNA752831,excluded,age_unknown_no_evidence,0,,,0,0,0,South China Agricultural University,False,True,True
PRJNA752873,excluded,age_unknown_no_evidence,0,,,0,0,0,Shenzhen Children's Hospital,False,True,True
PRJNA753830,excluded,age_unknown_no_evidence,0,,,0,0,0,The Centers for Disease Control and Prevention,False,True,True
PRJNA754019,excluded,age_unknown_no_evidence,0,,,0,0,0,"Shenzhen Institutes of Advanced Technology, Chinese Academy of Sciences",False,True,True
PRJNA754140,excluded,age_unknown_no_evidence,0,,,0,0,0,University of Nebraska Lincoln,False,True,True
PRJNA754208,excluded,age_unknown_no_evidence,0,,,0,0,0,Peking University People's Hospital,False,True,True
PRJNA754263,excluded,age_unknown_no_evidence,25,Taouk ML,Williamson DA,1,0,1,Doherty Institute,True,True,True
PRJNA755142,excluded,age_unknown_no_evidence,0,,,0,0,0,Microbiome Research Centre,False,True,True
PRJNA755324,excluded,age_unknown_no_evidence,28,Dsouza M,Norman JM,1,0,1,"Vedanta Biosciences, Inc.",True,True,True
PRJNA755357,excluded,age_unknown_no_evidence,0,,,0,0,0,MASSACHUSETTS GENERAL HOSPITAL,False,True,True
PRJNA755428,excluded,age_unknown_no_evidence,0,,,0,0,0,South China Agricultural University,False,True,True
PRJNA755887,excluded,age_unknown_no_evidence,8,Budkina AY,Akimkin VG,1,0,1,Central Research Institute of Epidemiology,True,True,True
PRJNA755898,excluded,age_unknown_no_evidence,0,,,0,0,0,Tsinghua University,False,True,True
PRJNA755985,excluded,age_unknown_no_evidence,0,,,0,0,0,Northeast Forestry University,False,True,True
PRJNA756408,excluded,age_unknown_no_evidence,0,,,0,0,0,Affiliated Cancer Hospital of Zhengzhou University and Henan Cancer Hospital,False,True,True
PRJNA756556,excluded,age_unknown_no_evidence,0,,,0,0,0,Rush University,False,True,True
PRJNA756701,excluded,age_unknown_no_evidence,0,,,0,0,0,NEW YORK UNIVERSITY SCHOOL OF MEDICINE,False,True,True
PRJNA756706,excluded,age_unknown_no_evidence,0,,,0,0,0,Vision medical CO.Ltd,False,True,True
PRJNA756848,excluded,age_unknown_no_evidence,0,,,0,0,0,South China Agricultural University,False,True,True
PRJNA756881,excluded,age_unknown_no_evidence,0,,,0,0,0,GuangXi Normal University,False,True,True
PRJNA757579,excluded,age_unknown_no_evidence,0,,,0,0,0,Inner Mongolia Agricultural University,False,True,True
PRJNA757683,excluded,age_unknown_no_evidence,0,,,0,0,0,University of Minnesota,False,True,True
PRJNA757846,excluded,age_unknown_no_evidence,0,,,0,0,0,Sun Yat-sen University,False,True,True
PRJNA758208,excluded,age_unknown_no_evidence,0,,,0,0,0,Realbio,False,True,True
PRJNA758247,excluded,age_unknown_no_evidence,0,,,0,0,0,Genoxor Medical&Science Technology Inc.,False,True,True
PRJNA758252,excluded,age_unknown_no_evidence,0,,,0,0,0,BUSM,False,True,True
PRJNA759070,excluded,age_unknown_no_evidence,0,,,0,0,0,hua shan hospital,False,True,True
PRJNA761454,excluded,age_unknown_no_evidence,0,,,0,0,0,UNIVERSITY OF PENNSYLVANIA,False,True,True
PRJNA761496,excluded,age_unknown_no_evidence,0,,,0,0,0,University of the Sunshine Coast,False,True,True
PRJNA761533,excluded,age_unknown_no_evidence,0,,,0,0,0,UNIVERSITY OF PENNSYLVANIA,False,True,True
PRJNA761843,excluded,age_unknown_no_evidence,0,,,0,0,0,Matridx,False,True,True
PRJNA762014,excluded,age_unknown_no_evidence,0,,,0,0,0,Institut Pasteur,False,True,True
PRJNA762218,excluded,age_unknown_no_evidence,0,,,0,0,0,Chongqing Medical University,False,True,True
PRJNA762360,excluded,age_unknown_no_evidence,0,,,0,0,0,National Cancer Institute - NIH,False,True,True
PRJNA762428,excluded,age_unknown_no_evidence,0,,,0,0,0,Hainan University,False,True,True
PRJNA763062,excluded,age_unknown_no_evidence,0,,,0,0,0,Universitat de Valencia,False,True,True
PRJNA763232,excluded,age_unknown_no_evidence,0,,,0,0,0,University of Wisconsin - Madison,False,True,True
PRJNA763503,excluded,age_unknown_no_evidence,17,Argentini C,Ventura M,1,1,0,RCPCM,True,True,True
PRJNA763692,excluded,age_unknown_no_evidence,0,,,0,0,0,Inner Mongolia Agricultural University,False,True,True
PRJNA764082,excluded,age_unknown_no_evidence,0,,,0,0,0,"National Center of Infectious and Parasitic Diseases, Sofia Bulgaria",False,True,True
PRJNA764588,excluded,age_unknown_no_evidence,0,,,0,0,0,Medical University of Vienna,False,True,True
PRJNA765134,excluded,age_unknown_no_evidence,0,,,0,0,0,University of ShangHai for Science and Technologhy,False,True,True
PRJNA765574,excluded,assay_amplicon,0,,,0,0,0,Hunan University of Chinese Medicine,False,True,True
PRJNA765792,excluded,age_unknown_no_evidence,0,,,0,0,0,Genoxor Medical Science and Technology Inc,False,True,True
PRJNA766412,excluded,age_unknown_no_evidence,0,,,0,0,0,Chulalongkorn University,False,True,True
PRJNA768298,excluded,age_unknown_no_evidence,0,,,0,0,0,Huzhou Central Hospital,False,True,True
PRJNA768391,excluded,age_unknown_no_evidence,0,,,0,0,0,Matridx,False,True,True
PRJNA768409,excluded,age_unknown_no_evidence,0,,,0,0,0,Weill Cornell,False,True,True
PRJNA768768,excluded,age_unknown_no_evidence,0,,,0,0,0,University Medical Center Groningen,False,True,True
PRJNA769386,excluded,age_unknown_no_evidence,0,,,0,0,0,University of North Carolina at Chapel Hill,False,True,True
PRJNA769489,excluded,age_unknown_no_evidence,0,,,0,0,0,Asian Institute of Medical Science and Technology,False,True,True
PRJNA769748,excluded,age_unknown_no_evidence,0,,,0,0,0,Inner Mongolia Agricultural University,False,True,True
PRJNA769854,excluded,age_unknown_no_evidence,0,,,0,0,0,"Tongji Hospital, Tongji Medical College, Huazhong University of Science and Technology",False,True,True
PRJNA769968,excluded,age_unknown_no_evidence,0,,,0,0,0,Inner Mongolia Agricultural University,False,True,True
PRJNA770295,excluded,age_unknown_no_evidence,89,Spencer CN,Wargo JA,1,0,1,MD Anderson Cancer Center,True,True,True
PRJNA770495,excluded,age_unknown_no_evidence,0,,,0,0,0,Swedish Defence Research Agency (FOI),False,True,True
PRJNA770739,excluded,age_unknown_no_evidence,0,,,0,0,0,New York University,False,True,True
PRJNA771337,excluded,age_unknown_no_evidence,0,,,0,0,0,New York University,False,True,True
PRJNA771356,excluded,age_unknown_no_evidence,0,,,0,0,0,"Center for Genomic Sciences, UNAM",False,True,True
PRJNA771365,excluded,age_unknown_no_evidence,0,,,0,0,0,bioMerieux,False,True,True
PRJNA771396,excluded,age_unknown_no_evidence,0,,,0,0,0,Xiangya hospital Central south university,False,True,True
PRJNA771720,excluded,age_unknown_no_evidence,0,,,0,0,0,Renmin Hospital of Wuhan University,False,True,True
PRJNA772037,excluded,age_unknown_no_evidence,0,,,0,0,0,Southern University of Science and Technology,False,True,True
PRJNA772167,excluded,age_unknown_no_evidence,0,,,0,0,0,New York University,False,True,True
PRJNA772288,excluded,age_unknown_no_evidence,0,,,0,0,0,Botswana International University of Science and Technology,False,True,True
PRJNA773581,excluded,age_unknown_no_evidence,0,,,0,0,0,Shenzhen People's Hospital,False,True,True
PRJNA773596,excluded,age_unknown_no_evidence,0,,,0,0,0,Inner Mongolia Agricultural University,False,True,True
PRJNA773859,excluded,age_unknown_no_evidence,0,,,0,0,0,Sun Yat-sen universal hospital,False,True,True
PRJNA773920,excluded,age_unknown_no_evidence,0,,,0,0,0,University of California San Francisco,False,True,True
PRJNA773989,excluded,age_unknown_no_evidence,0,,,0,0,0,Beilun District People's Hospital,False,True,True
PRJNA774492,excluded,age_unknown_no_evidence,0,,,0,0,0,Chinese Center for Disease Control and Prevention,False,True,True
PRJNA776248,excluded,age_unknown_no_evidence,0,,,0,0,0,Centers for Disease Control,False,True,True
PRJNA776301,excluded,age_unknown_no_evidence,0,,,0,0,0,Public Health Agency of Canada,False,True,True
PRJNA776914,excluded,age_unknown_no_evidence,0,,,0,0,0,"Hangzhou Matridx Biotechnology Co., Ltd.",False,True,True
PRJNA778925,excluded,age_unknown_no_evidence,0,,,0,0,0,Gansu Agricultural University,False,True,True
PRJNA779106,excluded,age_unknown_no_evidence,0,,,0,0,0,Inner Mongolia Agricultural University,False,True,True
PRJNA779226,excluded,age_unknown_no_evidence,0,,,0,0,0,The first affiliated Hospital of Nanchang University,False,True,True
PRJNA779415,excluded,age_unknown_no_evidence,0,,,0,0,0,University of Maryland Baltimore,False,True,True
PRJNA779977,excluded,age_unknown_no_evidence,0,,,0,0,0,New York University,False,True,True
PRJNA780005,excluded,age_unknown_no_evidence,0,,,0,0,0,Penn State University,False,True,True
PRJNA781348,excluded,age_unknown_no_evidence,0,,,0,0,0,The University of Queensland,False,True,True
PRJNA781360,excluded,age_unknown_no_evidence,0,,,0,0,0,Sun Yat-sen University Cancer Center,False,True,True
PRJNA781460,excluded,age_unknown_no_evidence,0,,,0,0,0,"Karolinska Institutet, Huddinge",False,True,True
PRJNA782906,excluded,age_unknown_no_evidence,25,Kalantar KL,Langelier CR,1,0,1,"DeRisi Lab, Medicine, University of California San Francisco",True,True,True
PRJNA783129,excluded,age_unknown_no_evidence,0,,,0,0,0,"Xiangya Hospital, Central South University",False,True,True
PRJNA784394,excluded,age_unknown_no_evidence,0,,,0,0,0,Southeast University,False,True,True
PRJNA784716,excluded,age_unknown_no_evidence,0,,,0,0,0,Guangdong Provincial Peoples Hospital,False,True,True
PRJNA785003,excluded,age_unknown_no_evidence,0,,,0,0,0,Iowa State University,False,True,True
PRJNA785435,excluded,age_unknown_no_evidence,0,,,0,0,0,University of Naples Federico II,False,True,True
PRJNA785545,excluded,age_unknown_no_evidence,0,,,0,0,0,Amsterdam UMC,False,True,True
PRJNA786875,excluded,age_unknown_no_evidence,0,,,0,0,0,J. Craig Venter Institute; UCSD IGM Genomics Center,False,True,True
PRJNA786879,excluded,age_unknown_no_evidence,0,,,0,0,0,University of Goettingen,False,True,True
PRJNA786898,excluded,age_unknown_no_evidence,0,,,0,0,0,University of Parma,False,True,True
PRJNA787423,excluded,age_unknown_no_evidence,0,,,0,0,0,The University of Hong Kong-Shenzhen Hospital,False,True,True
PRJNA787714,excluded,age_unknown_no_evidence,0,,,0,0,0,QuantiHealth,False,True,True
PRJNA788152,excluded,age_unknown_no_evidence,0,,,0,0,0,National Taiwan University Hospital Hsin-Chu Branch,False,True,True
PRJNA788173,excluded,age_unknown_no_evidence,0,,,0,0,0,Harbin Medical University,False,True,True
PRJNA788640,excluded,age_unknown_no_evidence,0,,,0,0,0,FAME-Flinders,False,True,True
PRJNA788670,excluded,age_unknown_no_evidence,0,,,0,0,0,China Institute of Sport Science,False,True,True
PRJNA789321,excluded,age_unknown_no_evidence,0,,,0,0,0,Genoxor Medical Science and Technology Inc,False,True,True
PRJNA790678,excluded,age_unknown_no_evidence,0,,,0,0,0,University of Newcastle,False,True,True
PRJNA790691,excluded,age_unknown_no_evidence,0,,,0,0,0,Guangzhou Institute of Respiratory Health,False,True,True
PRJNA791018,excluded,age_unknown_no_evidence,0,,,0,0,0,SYNBIO TECH INC.,False,True,True
PRJNA791182,excluded,age_unknown_no_evidence,0,,,0,0,0,The University of Hong Kong (Department of Civil Engineering),False,True,True
PRJNA791766,excluded,age_unknown_no_evidence,0,,,0,0,0,University of Padua,False,True,True
PRJNA791820,excluded,age_unknown_no_evidence,0,,,0,0,0,Guangzhou Institute of Respiratory Health,False,True,True
PRJNA792034,excluded,age_unknown_no_evidence,0,,,0,0,0,The First Affiliated Hospital of Shenzhen University,False,True,True
PRJNA792726,excluded,age_unknown_no_evidence,0,,,0,0,0,Ruijin Hospital affiliated to Shanghai Jiao Tong University School of Medicine,False,True,True
PRJNA793776,excluded,age_unknown_no_evidence,0,,,0,0,0,"The First Affiliated Hospital, Sun Yat-sen University",False,True,True
PRJNA793907,excluded,age_unknown_no_evidence,8,Peiffer LB,Sfanos KS,1,0,1,Johns Hopkins University School of Medicine,True,True,True
PRJNA796231,excluded,age_unknown_no_evidence,0,,,0,0,0,Columbia University,False,True,True
PRJNA797778,excluded,age_unknown_no_evidence,0,,,0,0,0,University of Maryland Baltimore; Vaginal Microbiome Research Consortium,False,True,True
PRJNA798061,excluded,age_unknown_no_evidence,0,,,0,0,0,University of Maryland Baltimore,False,True,True
PRJNA799475,excluded,age_unknown_no_evidence,0,,,0,0,0,Tonngji University,False,True,True
PRJNA799652,excluded,age_unknown_no_evidence,0,,,0,0,0,Shanghai Jiaotong University School of Medicine,False,True,True
PRJNA800381,excluded,age_unknown_no_evidence,0,,,0,0,0,Children's Hospital of Philadelphia,False,True,True
PRJNA800482,excluded,age_unknown_no_evidence,0,,,0,0,0,DOE Joint Genome Institute,False,True,True
PRJNA800483,excluded,age_unknown_no_evidence,0,,,0,0,0,DOE Joint Genome Institute,False,True,True
PRJNA800484,excluded,age_unknown_no_evidence,0,,,0,0,0,DOE Joint Genome Institute,False,True,True
PRJNA800485,excluded,age_unknown_no_evidence,0,,,0,0,0,DOE Joint Genome Institute,False,True,True
PRJNA800486,excluded,age_unknown_no_evidence,0,,,0,0,0,DOE Joint Genome Institute,False,True,True
PRJNA800487,excluded,age_unknown_no_evidence,0,,,0,0,0,DOE Joint Genome Institute,False,True,True
PRJNA800488,excluded,age_unknown_no_evidence,0,,,0,0,0,DOE Joint Genome Institute,False,True,True
PRJNA800489,excluded,age_unknown_no_evidence,0,,,0,0,0,DOE Joint Genome Institute,False,True,True
PRJNA800490,excluded,age_unknown_no_evidence,0,,,0,0,0,DOE Joint Genome Institute,False,True,True
PRJNA800491,excluded,age_unknown_no_evidence,0,,,0,0,0,DOE Joint Genome Institute,False,True,True
PRJNA800492,excluded,age_unknown_no_evidence,0,,,0,0,0,DOE Joint Genome Institute,False,True,True
PRJNA800493,excluded,age_unknown_no_evidence,0,,,0,0,0,DOE Joint Genome Institute,False,True,True
PRJNA800494,excluded,age_unknown_no_evidence,0,,,0,0,0,DOE Joint Genome Institute,False,True,True
PRJNA800495,excluded,age_unknown_no_evidence,0,,,0,0,0,DOE Joint Genome Institute,False,True,True
PRJNA800496,excluded,age_unknown_no_evidence,0,,,0,0,0,DOE Joint Genome Institute,False,True,True
PRJNA800497,excluded,age_unknown_no_evidence,0,,,0,0,0,DOE Joint Genome Institute,False,True,True
PRJNA800498,excluded,age_unknown_no_evidence,0,,,0,0,0,DOE Joint Genome Institute,False,True,True
PRJNA800499,excluded,age_unknown_no_evidence,0,,,0,0,0,DOE Joint Genome Institute,False,True,True
PRJNA800500,excluded,age_unknown_no_evidence,0,,,0,0,0,DOE Joint Genome Institute,False,True,True
PRJNA800501,excluded,age_unknown_no_evidence,0,,,0,0,0,DOE Joint Genome Institute,False,True,True
PRJNA800502,excluded,age_unknown_no_evidence,0,,,0,0,0,DOE Joint Genome Institute,False,True,True
PRJNA800503,excluded,age_unknown_no_evidence,0,,,0,0,0,DOE Joint Genome Institute,False,True,True
PRJNA800504,excluded,age_unknown_no_evidence,0,,,0,0,0,DOE Joint Genome Institute,False,True,True
PRJNA800505,excluded,age_unknown_no_evidence,0,,,0,0,0,DOE Joint Genome Institute,False,True,True
PRJNA800506,excluded,age_unknown_no_evidence,0,,,0,0,0,DOE Joint Genome Institute,False,True,True
PRJNA800507,excluded,age_unknown_no_evidence,0,,,0,0,0,DOE Joint Genome Institute,False,True,True
PRJNA800508,excluded,age_unknown_no_evidence,0,,,0,0,0,DOE Joint Genome Institute,False,True,True
PRJNA800509,excluded,age_unknown_no_evidence,0,,,0,0,0,DOE Joint Genome Institute,False,True,True
PRJNA800510,excluded,age_unknown_no_evidence,0,,,0,0,0,DOE Joint Genome Institute,False,True,True
PRJNA800511,excluded,age_unknown_no_evidence,0,,,0,0,0,DOE Joint Genome Institute,False,True,True
PRJNA800512,excluded,age_unknown_no_evidence,0,,,0,0,0,DOE Joint Genome Institute,False,True,True
PRJNA800513,excluded,age_unknown_no_evidence,0,,,0,0,0,DOE Joint Genome Institute,False,True,True
PRJNA800514,excluded,age_unknown_no_evidence,0,,,0,0,0,DOE Joint Genome Institute,False,True,True
PRJNA800515,excluded,age_unknown_no_evidence,0,,,0,0,0,DOE Joint Genome Institute,False,True,True
PRJNA800516,excluded,age_unknown_no_evidence,0,,,0,0,0,DOE Joint Genome Institute,False,True,True
PRJNA800517,excluded,age_unknown_no_evidence,0,,,0,0,0,DOE Joint Genome Institute,False,True,True
PRJNA800518,excluded,age_unknown_no_evidence,0,,,0,0,0,DOE Joint Genome Institute,False,True,True
PRJNA800519,excluded,age_unknown_no_evidence,0,,,0,0,0,DOE Joint Genome Institute,False,True,True
PRJNA800520,excluded,age_unknown_no_evidence,0,,,0,0,0,DOE Joint Genome Institute,False,True,True
PRJNA800521,excluded,age_unknown_no_evidence,0,,,0,0,0,DOE Joint Genome Institute,False,True,True
PRJNA800522,excluded,age_unknown_no_evidence,0,,,0,0,0,DOE Joint Genome Institute,False,True,True
PRJNA800523,excluded,age_unknown_no_evidence,0,,,0,0,0,DOE Joint Genome Institute,False,True,True
PRJNA800524,excluded,age_unknown_no_evidence,0,,,0,0,0,DOE Joint Genome Institute,False,True,True
PRJNA800525,excluded,age_unknown_no_evidence,0,,,0,0,0,DOE Joint Genome Institute,False,True,True
PRJNA800526,excluded,age_unknown_no_evidence,0,,,0,0,0,DOE Joint Genome Institute,False,True,True
PRJNA800527,excluded,age_unknown_no_evidence,0,,,0,0,0,DOE Joint Genome Institute,False,True,True
PRJNA800528,excluded,age_unknown_no_evidence,0,,,0,0,0,DOE Joint Genome Institute,False,True,True
PRJNA800529,excluded,age_unknown_no_evidence,0,,,0,0,0,DOE Joint Genome Institute,False,True,True
PRJNA800530,excluded,age_unknown_no_evidence,0,,,0,0,0,DOE Joint Genome Institute,False,True,True
PRJNA800531,excluded,age_unknown_no_evidence,0,,,0,0,0,DOE Joint Genome Institute,False,True,True
PRJNA800832,excluded,age_unknown_no_evidence,0,,,0,0,0,Genoxor Medical Science and Technology Inc,False,True,True
PRJNA800843,excluded,age_unknown_no_evidence,0,,,0,0,0,DOE Joint Genome Institute,False,True,True
PRJNA800844,excluded,age_unknown_no_evidence,0,,,0,0,0,DOE Joint Genome Institute,False,True,True
PRJNA800845,excluded,age_unknown_no_evidence,0,,,0,0,0,DOE Joint Genome Institute,False,True,True
PRJNA800846,excluded,age_unknown_no_evidence,0,,,0,0,0,DOE Joint Genome Institute,False,True,True
PRJNA800847,excluded,age_unknown_no_evidence,0,,,0,0,0,DOE Joint Genome Institute,False,True,True
PRJNA800848,excluded,age_unknown_no_evidence,0,,,0,0,0,DOE Joint Genome Institute,False,True,True
PRJNA800849,excluded,age_unknown_no_evidence,0,,,0,0,0,DOE Joint Genome Institute,False,True,True
PRJNA800850,excluded,age_unknown_no_evidence,0,,,0,0,0,DOE Joint Genome Institute,False,True,True
PRJNA800851,excluded,age_unknown_no_evidence,0,,,0,0,0,DOE Joint Genome Institute,False,True,True
PRJNA800852,excluded,age_unknown_no_evidence,0,,,0,0,0,DOE Joint Genome Institute,False,True,True
PRJNA800853,excluded,age_unknown_no_evidence,0,,,0,0,0,DOE Joint Genome Institute,False,True,True
PRJNA800854,excluded,age_unknown_no_evidence,0,,,0,0,0,DOE Joint Genome Institute,False,True,True
PRJNA800855,excluded,age_unknown_no_evidence,0,,,0,0,0,DOE Joint Genome Institute,False,True,True
PRJNA800856,excluded,age_unknown_no_evidence,0,,,0,0,0,DOE Joint Genome Institute,False,True,True
PRJNA800857,excluded,age_unknown_no_evidence,0,,,0,0,0,DOE Joint Genome Institute,False,True,True
PRJNA800858,excluded,age_unknown_no_evidence,0,,,0,0,0,DOE Joint Genome Institute,False,True,True
PRJNA800859,excluded,age_unknown_no_evidence,0,,,0,0,0,DOE Joint Genome Institute,False,True,True
PRJNA800860,excluded,age_unknown_no_evidence,0,,,0,0,0,DOE Joint Genome Institute,False,True,True
PRJNA800861,excluded,age_unknown_no_evidence,0,,,0,0,0,DOE Joint Genome Institute,False,True,True
PRJNA800862,excluded,age_unknown_no_evidence,0,,,0,0,0,DOE Joint Genome Institute,False,True,True
PRJNA800863,excluded,age_unknown_no_evidence,0,,,0,0,0,DOE Joint Genome Institute,False,True,True
PRJNA800864,excluded,age_unknown_no_evidence,0,,,0,0,0,DOE Joint Genome Institute,False,True,True
PRJNA800865,excluded,age_unknown_no_evidence,0,,,0,0,0,DOE Joint Genome Institute,False,True,True
PRJNA800866,excluded,age_unknown_no_evidence,0,,,0,0,0,DOE Joint Genome Institute,False,True,True
PRJNA800867,excluded,age_unknown_no_evidence,0,,,0,0,0,DOE Joint Genome Institute,False,True,True
PRJNA800868,excluded,age_unknown_no_evidence,0,,,0,0,0,DOE Joint Genome Institute,False,True,True
PRJNA800869,excluded,age_unknown_no_evidence,0,,,0,0,0,DOE Joint Genome Institute,False,True,True
PRJNA800870,excluded,age_unknown_no_evidence,0,,,0,0,0,DOE Joint Genome Institute,False,True,True
PRJNA800871,excluded,age_unknown_no_evidence,0,,,0,0,0,DOE Joint Genome Institute,False,True,True
PRJNA800872,excluded,age_unknown_no_evidence,0,,,0,0,0,DOE Joint Genome Institute,False,True,True
PRJNA800873,excluded,age_unknown_no_evidence,0,,,0,0,0,DOE Joint Genome Institute,False,True,True
PRJNA800874,excluded,age_unknown_no_evidence,0,,,0,0,0,DOE Joint Genome Institute,False,True,True
PRJNA800875,excluded,age_unknown_no_evidence,0,,,0,0,0,DOE Joint Genome Institute,False,True,True
PRJNA800876,excluded,age_unknown_no_evidence,0,,,0,0,0,DOE Joint Genome Institute,False,True,True
PRJNA800877,excluded,age_unknown_no_evidence,0,,,0,0,0,DOE Joint Genome Institute,False,True,True
PRJNA800878,excluded,age_unknown_no_evidence,0,,,0,0,0,DOE Joint Genome Institute,False,True,True
PRJNA800879,excluded,age_unknown_no_evidence,0,,,0,0,0,DOE Joint Genome Institute,False,True,True
PRJNA800904,excluded,age_unknown_no_evidence,0,,,0,0,0,DOE Joint Genome Institute,False,True,True
PRJNA800905,excluded,age_unknown_no_evidence,0,,,0,0,0,DOE Joint Genome Institute,False,True,True
PRJNA800906,excluded,age_unknown_no_evidence,0,,,0,0,0,DOE Joint Genome Institute,False,True,True
PRJNA800907,excluded,age_unknown_no_evidence,0,,,0,0,0,DOE Joint Genome Institute,False,True,True
PRJNA800910,excluded,age_unknown_no_evidence,0,,,0,0,0,DOE Joint Genome Institute,False,True,True
PRJNA800911,excluded,age_unknown_no_evidence,0,,,0,0,0,DOE Joint Genome Institute,False,True,True
PRJNA800912,excluded,age_unknown_no_evidence,0,,,0,0,0,DOE Joint Genome Institute,False,True,True
PRJNA800913,excluded,age_unknown_no_evidence,0,,,0,0,0,DOE Joint Genome Institute,False,True,True
PRJNA801448,excluded,age_unknown_no_evidence,0,,,0,0,0,University of Texas at Dallas,False,True,True
PRJNA801796,excluded,age_unknown_no_evidence,8,Li H,Ding T,1,0,1,Sun Yat-Sen University,True,True,True
PRJNA802331,excluded,age_unknown_no_evidence,0,,,0,0,0,"Liverpool Hospital, NSW Health",False,True,True
PRJNA802336,excluded,age_unknown_no_evidence,0,,,0,0,0,Center for Bioinformatics,False,True,True
PRJNA802647,excluded,age_unknown_no_evidence,0,,,0,0,0,Shanghai pulmonary hospital,False,True,True
PRJNA803045,excluded,age_unknown_no_evidence,0,,,0,0,0,University of Parma,False,True,True
PRJNA803065,excluded,age_unknown_no_evidence,0,,,0,0,0,DNAnexus,False,True,True
PRJNA803513,excluded,age_unknown_no_evidence,0,,,0,0,0,MD Anderson Cancer Center,False,True,True
PRJNA803517,excluded,age_unknown_no_evidence,0,,,0,0,0,MD Anderson Cancer Center,False,True,True
PRJNA803614,excluded,age_unknown_no_evidence,0,,,0,0,0,INSERM,False,True,True
PRJNA804245,excluded,age_unknown_no_evidence,0,,,0,0,0,Duke University,False,True,True
PRJNA804967,excluded,age_unknown_no_evidence,0,,,0,0,0,The Eighth Affiliated Hospital of Sun Yat-sen University,False,True,True
PRJNA808661,excluded,age_unknown_no_evidence,0,,,0,0,0,Jiangsu Univerisity,False,True,True
PRJNA809084,excluded,age_unknown_no_evidence,0,,,0,0,0,Blood Center of Zhejiang Province,False,True,True
PRJNA810725,excluded,age_unknown_no_evidence,0,,,0,0,0,McMaster University,False,True,True
PRJNA812318,excluded,age_unknown_no_evidence,0,,,0,0,0,China,False,True,True
PRJNA812695,excluded,age_unknown_no_evidence,14,Liu D,Li X,1,0,1,China,True,True,True
PRJNA813004,excluded,age_unknown_no_evidence,0,,,0,0,0,Xinjiang Agricultural University,False,True,True
PRJNA815745,excluded,age_unknown_no_evidence,0,,,0,0,0,Inner Mongolia Agricultural University,False,True,True
PRJNA818149,excluded,age_unknown_no_evidence,0,,,0,0,0,North-West University,False,True,True
PRJNA818432,excluded,age_unknown_no_evidence,7,Wang D,Xie W,1,0,1,The First Affiliated Hospital of USTC,True,True,True
PRJNA818855,excluded,age_unknown_no_evidence,0,,,0,0,0,University of Wisconsin-Milwaukee,False,True,True
PRJNA819232,excluded,age_unknown_no_evidence,10,Villoslada-Blanco P,Oteo JA,1,0,1,Center for Biomedical Research of La Rioja (CIBIR),True,True,True
PRJNA819270,excluded,age_unknown_no_evidence,0,,,0,0,0,Contamination Source Identification,False,True,True
PRJNA819439,excluded,age_unknown_no_evidence,0,,,0,0,0,Instituto de Biotecnologia; CoViGen-Mex,False,True,True
PRJNA819667,excluded,age_unknown_no_evidence,0,,,0,0,0,Guizhou Provincial Peoples Hospital,False,True,True
PRJNA820119,excluded,age_unknown_no_evidence,0,,,0,0,0,"Institute of Microbiology, Chinese Academy of Sciences",False,True,True
PRJNA820385,excluded,age_unknown_no_evidence,0,,,0,0,0,Huazhong University of Science and Technology,False,True,True
PRJNA821237,excluded,age_unknown_no_evidence,32,Li Y,Honda K,1,0,1,Broad Institute,True,True,True
PRJNA821338,excluded,age_unknown_no_evidence,10,Cheng H,Xia Y,1,0,1,Southern University of Science and Technology,True,True,True
PRJNA821363,excluded,age_unknown_no_evidence,0,,,0,0,0,Genoxor Medical Science and Technology Inc,False,True,True
PRJNA821661,excluded,age_unknown_no_evidence,0,,,0,0,0,the Second Clinical Hospital of Chongqing Medical University,False,True,True
PRJNA821973,excluded,age_unknown_no_evidence,0,,,0,0,0,"Hangzhou Matridx Biotechnology Co., Ltd",False,True,True
PRJNA822406,excluded,age_unknown_no_evidence,0,,,0,0,0,USDA ARS,False,True,True
PRJNA822495,excluded,age_unknown_no_evidence,0,,,0,0,0,shandong first medical unvirsity,False,True,True
PRJNA824010,excluded,age_unknown_no_evidence,0,,,0,0,0,Redeemer's University,False,True,True
PRJNA824068,excluded,age_unknown_no_evidence,0,,,0,0,0,Thorne HealthTech,False,True,True
PRJNA824338,excluded,age_unknown_no_evidence,0,,,0,0,0,"the First Affiliated Hospital of Medicine School, Zhejiang University",False,True,True
PRJNA824515,excluded,age_unknown_no_evidence,0,,,0,0,0,University of South Alabama,False,True,True
PRJNA824592,excluded,age_unknown_no_evidence,0,,,0,0,0,Genoxor Medicial&Science Technology,False,True,True
PRJNA824617,excluded,age_unknown_no_evidence,0,,,0,0,0,Academy of Military Medical Sciences,False,True,True
PRJNA825820,excluded,age_unknown_no_evidence,0,,,0,0,0,"Hasso Plattner Institute; Department of Infectious Diseases, Medical Microbiology and Hygiene, Heidelberg University Hospital, 69120 Heidelberg, Germany",False,True,True
PRJNA825831,excluded,age_unknown_no_evidence,0,,,0,0,0,Children's National Medical Center,False,True,True
PRJNA826539,excluded,age_unknown_no_evidence,0,,,0,0,0,University of California San Francisco,False,True,True
PRJNA826553,excluded,age_unknown_no_evidence,0,,,0,0,0,Instituto Nacional de Medicina Genomica,False,True,True
PRJNA827663,excluded,age_unknown_no_evidence,0,,,0,0,0,Indian Institute of Science Education and Kolkata,False,True,True
PRJNA827921,excluded,age_unknown_no_evidence,0,,,0,0,0,Genoxor Medical Science and Technology Inc,False,True,True
PRJNA827932,excluded,age_unknown_no_evidence,0,,,0,0,0,"Hangzhou Matridx Biotechnology Co., Ltd.",False,True,True
PRJNA827933,excluded,age_unknown_no_evidence,0,,,0,0,0,Ningbo University,False,True,True
PRJNA828345,excluded,age_unknown_no_evidence,0,,,0,0,0,Oita University,False,True,True
PRJNA828357,excluded,age_unknown_no_evidence,0,,,0,0,0,KU Leuven,False,True,True
PRJNA828396,excluded,age_unknown_no_evidence,0,,,0,0,0,APC Microbiome Ireland,False,True,True
PRJNA830667,excluded,age_unknown_no_evidence,0,,,0,0,0,University of Washington,False,True,True
PRJNA831350,excluded,age_unknown_no_evidence,0,,,0,0,0,"Beijing Friendship Hospital, Capital Medical University",False,True,True
PRJNA831591,excluded,age_unknown_no_evidence,0,,,0,0,0,Heilongjiang Bayi Agricultural University,False,True,True
PRJNA831609,excluded,age_unknown_no_evidence,0,,,0,0,0,Peking University Shenzhen Hospital,False,True,True
PRJNA833034,excluded,age_unknown_no_evidence,0,,,0,0,0,hua shan hospital,False,True,True
PRJNA833224,excluded,age_unknown_no_evidence,0,,,0,0,0,Beijing macro&micro-test Bio-Tech Co.Ltd,False,True,True
PRJNA833599,excluded,age_unknown_no_evidence,0,,,0,0,0,"Faculty of Pharmacy, Suez Canal University",False,True,True
PRJNA834842,excluded,age_unknown_no_evidence,0,,,0,0,0,University of Florida,False,True,True
PRJNA834942,excluded,age_unknown_no_evidence,0,,,0,0,0,China,False,True,True
PRJNA835516,excluded,age_unknown_no_evidence,0,,,0,0,0,Dalian Medical University,False,True,True
PRJNA835729,excluded,age_unknown_no_evidence,0,,,0,0,0,University of Sao Paulo,False,True,True
PRJNA836181,excluded,age_unknown_no_evidence,0,,,0,0,0,"The First Affiliated Hospital, Zhejiang University School of Medicine",False,True,True
PRJNA836298,excluded,age_unknown_no_evidence,0,,,0,0,0,Shanghai Topgen Biomedical Technology Co,False,True,True
PRJNA836344,excluded,age_unknown_no_evidence,0,,,0,0,0,Kangnam Sacred Heart Hospital,False,True,True
PRJNA836395,excluded,age_unknown_no_evidence,0,,,0,0,0,Quaid-I-Azam University,False,True,True
PRJNA836704,excluded,age_unknown_no_evidence,0,,,0,0,0,"Hangzhou Matridx Biotechnology Co., Ltd.",False,True,True
PRJNA837034,excluded,age_unknown_no_evidence,0,,,0,0,0,"Shenzhen Institute of Advanced Technology, Chinese Academy of Sciences",False,True,True
PRJNA837408,excluded,age_unknown_no_evidence,0,,,0,0,0,"bitBiome, Inc.",False,True,True
PRJNA837546,excluded,age_unknown_no_evidence,0,,,0,0,0,Institute of Tropical Medicine,False,True,True
PRJNA838635,excluded,age_unknown_no_evidence,0,,,0,0,0,Quadram Institute BioScience,False,True,True
PRJNA838641,excluded,age_unknown_no_evidence,0,,,0,0,0,University of Calgary,False,True,True
PRJNA838759,excluded,age_unknown_no_evidence,0,,,0,0,0,Istanbul Medipol University,False,True,True
PRJNA839435,excluded,age_unknown_no_evidence,0,,,0,0,0,Michigan State University,False,True,True
PRJNA841052,excluded,age_unknown_no_evidence,0,,,0,0,0,INSERM- IAME,False,True,True
PRJNA841170,excluded,age_unknown_no_evidence,0,,,0,0,0,Hong Kong Baptist University,False,True,True
PRJNA841222,excluded,age_unknown_no_evidence,0,,,0,0,0,INSERM- IAME,False,True,True
PRJNA841490,excluded,age_unknown_no_evidence,0,,,0,0,0,Chinese Center for Disease Control and Prevention,False,True,True
PRJNA842783,excluded,age_unknown_no_evidence,0,,,0,0,0,Shenzhen Children's Hospital,False,True,True
PRJNA842892,excluded,age_unknown_no_evidence,0,,,0,0,0,King's College London,False,True,True
PRJNA843211,excluded,age_unknown_no_evidence,6,Hong SY,Xun Y,1,0,1,"Tongji Hospital, Tongji Medical College, Huazhong University of Science and Technology, Wuhan, China",True,True,True
PRJNA844122,excluded,age_unknown_no_evidence,0,,,0,0,0,Zhejiang University School of Medicine,False,True,True
PRJNA844888,excluded,age_unknown_no_evidence,0,,,0,0,0,University of Minnesota,False,True,True
PRJNA846267,excluded,age_unknown_no_evidence,0,,,0,0,0,"The Affiliated Provincial Hospital of Anhui Medical University, Anhui, 230001, China",False,True,True
PRJNA846291,excluded,age_unknown_no_evidence,0,,,0,0,0,Children's National Medical Center,False,True,True
PRJNA846600,excluded,age_unknown_no_evidence,0,,,0,0,0,Institute of Microbiology and Epidemiology,False,True,True
PRJNA846723,excluded,age_unknown_no_evidence,11,Furlaneto F,Messora MR,1,0,1,Oral Microbiology Laboratory,True,True,True
PRJNA847258,excluded,age_unknown_no_evidence,0,,,0,0,0,Guangdong Second Provincial General Hospital,False,True,True
PRJNA847441,excluded,age_unknown_no_evidence,0,,,0,0,0,Fourth Military Medical University,False,True,True
PRJNA847681,excluded,age_unknown_no_evidence,0,,,0,0,0,Tianjin Medical University General Hospital,False,True,True
PRJNA847732,excluded,age_unknown_no_evidence,0,,,0,0,0,Guy's and St Thomas' Hospital,False,True,True
PRJNA848838,excluded,age_unknown_no_evidence,0,,,0,0,0,University of Pennsylvania,False,True,True
PRJNA849795,excluded,age_unknown_no_evidence,0,,,0,0,0,University of Birmingham,False,True,True
PRJNA849962,excluded,age_unknown_no_evidence,0,,,0,0,0,CDC Poxvirus and Rabies Branch,False,True,True
PRJNA850128,excluded,age_unknown_no_evidence,0,,,0,0,0,Southern Medical University,False,True,True
PRJNA850683,excluded,age_unknown_no_evidence,0,,,0,0,0,Zhejiang Academy of Agricultural Sciences,False,True,True
PRJNA850821,excluded,age_unknown_no_evidence,0,,,0,0,0,Shanghai Ocean University,False,True,True
PRJNA850888,excluded,age_unknown_no_evidence,0,,,0,0,0,Guangzhou Institute of Respiratory Health,False,True,True
PRJNA851947,excluded,age_unknown_no_evidence,0,,,0,0,0,University of Oklahoma,False,True,True
PRJNA852674,excluded,age_unknown_no_evidence,0,,,0,0,0,South China Normal University,False,True,True
PRJNA853129,excluded,age_unknown_no_evidence,0,,,0,0,0,Guangdong Provincial People's Hospital,False,True,True
PRJNA853452,excluded,age_unknown_no_evidence,0,,,0,0,0,Genoxor Medical&Science Technology Ir,False,True,True
PRJNA853554,excluded,age_unknown_no_evidence,0,,,0,0,0,Chinese Academy of Agricultural Sciences,False,True,True
PRJNA854777,excluded,age_unknown_no_evidence,0,,,0,0,0,Xiangtan University,False,True,True
PRJNA855302,excluded,age_unknown_no_evidence,0,,,0,0,0,"Daping Hospital, Army Medical University (Third Military Medical University)",False,True,True
PRJNA855637,excluded,age_unknown_no_evidence,0,,,0,0,0,University of Zurich,False,True,True
PRJNA856120,excluded,age_unknown_no_evidence,0,,,0,0,0,National Institute for Communicable Disease,False,True,True
PRJNA856121,excluded,age_unknown_no_evidence,0,,,0,0,0,the Eye Hospital of Wenzhou Medical University,False,True,True
PRJNA856437,excluded,age_unknown_no_evidence,5,Molina MA,Melchers WJG,3,0,3,Radboud University Medical Center,True,True,True
PRJNA857426,excluded,age_unknown_no_evidence,0,,,0,0,0,Jiangyin Hospital Affiliated to Nantong University,False,True,True
PRJNA857464,excluded,age_unknown_no_evidence,0,,,0,0,0,Northwest agriculture and forestry university,False,True,True
PRJNA858062,excluded,age_unknown_no_evidence,0,,,0,0,0,The Second Affiliated Hospital of Kunming Medical University,False,True,True
PRJNA858476,excluded,age_unknown_no_evidence,0,,,0,0,0,University of Pennsylvania,False,True,True
PRJNA861716,excluded,age_unknown_no_evidence,0,,,0,0,0,University of Naples Federico II,False,True,True
PRJNA861800,excluded,age_unknown_no_evidence,0,,,0,0,0,Washington University School of Medicine,False,True,True
PRJNA861902,excluded,age_unknown_no_evidence,0,,,0,0,0,"Shenzhen Institutes of Advanced Technology, Chinese Academy of Sciences",False,True,True
PRJNA861921,excluded,age_unknown_no_evidence,0,,,0,0,0,Guangzhou Institute of Respiratory Health,False,True,True
PRJNA862077,excluded,age_unknown_no_evidence,0,,,0,0,0,University of Naples Federico II,False,True,True
PRJNA862338,excluded,age_unknown_no_evidence,0,,,0,0,0,An Hui Medical University,False,True,True
PRJNA862629,excluded,age_unknown_no_evidence,0,,,0,0,0,Monash University Malaysia; Malaysian Microbiome Project,False,True,True
PRJNA862659,excluded,age_unknown_no_evidence,0,,,0,0,0,Institute of Tropical Medicine Antwerp,False,True,True
PRJNA862662,excluded,age_unknown_no_evidence,0,,,0,0,0,Hainan University,False,True,True
PRJNA863088,excluded,age_unknown_no_evidence,0,,,0,0,0,Beijing Friendship Hospital,False,True,True
PRJNA863094,excluded,age_unknown_no_evidence,0,,,0,0,0,Biomedical research institute (INIBIC),False,True,True
PRJNA863139,excluded,age_unknown_no_evidence,0,,,0,0,0,Catholic University,False,True,True
PRJNA863406,excluded,age_unknown_no_evidence,0,,,0,0,0,Catholic University,False,True,True
PRJNA863723,excluded,age_unknown_no_evidence,0,,,0,0,0,Characterization of febrile disease landscape in Cambodia via metagenomic pathogen sequencing,False,True,True
PRJNA864111,excluded,age_unknown_no_evidence,0,,,0,0,0,"Jiangsu Jiangyin People's Hospital.Jiangyin School of Clinical Medicine,Jiangsu University",False,True,True
PRJNA864580,excluded,age_unknown_no_evidence,0,,,0,0,0,The Second Hospital of TianJin Medical University,False,True,True
PRJNA864589,excluded,age_unknown_no_evidence,0,,,0,0,0,University of Parma,False,True,True
PRJNA864638,excluded,age_unknown_no_evidence,0,,,0,0,0,Defence Science and Technology Laboratory,False,True,True
PRJNA864757,excluded,age_unknown_no_evidence,0,,,0,0,0,Hospital of stomatology Wuhan University,False,True,True
PRJNA864832,excluded,age_unknown_no_evidence,0,,,0,0,0,Los Angeles County Public Health Lab microbial pathogen submission group,False,True,True
PRJNA865023,excluded,age_unknown_no_evidence,0,,,0,0,0,The First Affiliated Hospital of China Medical University,False,True,True
PRJNA865093,excluded,age_unknown_no_evidence,0,,,0,0,0,Nanfang Hospital Southern Medical Universtiy,False,True,True
PRJNA865167,excluded,age_unknown_no_evidence,0,,,0,0,0,Southern Medical University,False,True,True
PRJNA865362,excluded,age_unknown_no_evidence,0,,,0,0,0,The Jackson Laboratory,False,True,True
PRJNA865735,excluded,age_unknown_no_evidence,0,,,0,0,0,Instituto de Salud Publica Chile,False,True,True
PRJNA866095,excluded,age_unknown_no_evidence,8,Zhou JJ,Chai YF,1,0,1,Xuzhou Medical University,True,True,True
PRJNA866162,excluded,age_unknown_no_evidence,0,,,0,0,0,Purdue University; Purdue Genomic Facility - Bindley Core for Genomics (BCG),False,True,True
PRJNA866654,excluded,age_unknown_no_evidence,5,Liu B,Zhang J,1,0,1,University of Kansas Medical Center,True,True,True
PRJNA867750,excluded,age_unknown_no_evidence,0,,,0,0,0,University of Rochester Medical Center,False,True,True
PRJNA868474,excluded,age_unknown_no_evidence,0,,,0,0,0,Fudan University,False,True,True
PRJNA869513,excluded,age_unknown_no_evidence,10,Cheng H,Xia Y,1,0,1,Southern University of Science Technology,True,True,True
PRJNA869887,excluded,age_unknown_no_evidence,0,,,0,0,0,Affiliated Cancer Hospital of Zhengzhou University and Henan Cancer Hospital,False,True,True
PRJNA870099,excluded,age_unknown_no_evidence,0,,,0,0,0,University California San Diego,False,True,True
PRJNA870929,excluded,age_unknown_no_evidence,0,,,0,0,0,New York University Grossman School of Medicine,False,True,True
PRJNA870952,excluded,age_unknown_no_evidence,0,,,0,0,0,Abbott Laboratories,False,True,True
PRJNA872038,excluded,age_unknown_no_evidence,0,,,0,0,0,China Agricultural University,False,True,True
PRJNA872108,excluded,age_unknown_no_evidence,0,,,0,0,0,China Agricultural University,False,True,True
PRJNA872116,excluded,age_unknown_no_evidence,0,,,0,0,0,NHGRI/NIH,False,True,True
PRJNA872328,excluded,age_unknown_no_evidence,0,,,0,0,0,University Utrecht,False,True,True
PRJNA872758,excluded,age_unknown_no_evidence,0,,,0,0,0,University of Malaya,False,True,True
PRJNA873083,excluded,age_unknown_no_evidence,0,,,0,0,0,University of Minnesota,False,True,True
PRJNA874173,excluded,age_unknown_no_evidence,0,,,0,0,0,Heilongjiang university of Chinese medicine,False,True,True
PRJNA874880,excluded,age_unknown_no_evidence,0,,,0,0,0,Translational Health Science and Technology Institute,False,True,True
PRJNA875085,excluded,age_unknown_no_evidence,0,,,0,0,0,University of Pennyslvania,False,True,True
PRJNA875248,excluded,age_unknown_no_evidence,0,,,0,0,0,Translational Health Science and Technology Institute,False,True,True
PRJNA875377,excluded,age_unknown_no_evidence,0,,,0,0,0,Universite catholique de Louvain,False,True,True
PRJNA875547,excluded,age_unknown_no_evidence,0,,,0,0,0,Hong Kong Baptist University,False,True,True
PRJNA876771,excluded,age_unknown_no_evidence,9,Carter KA,Sun S,1,1,0,University of North Carolina at Charlotte,True,True,True
PRJNA876774,excluded,age_unknown_no_evidence,0,,,0,0,0,DIPAS,False,True,True
PRJNA877434,excluded,age_unknown_no_evidence,0,,,0,0,0,Anhui Medical University,False,True,True
PRJNA877476,excluded,age_unknown_no_evidence,0,,,0,0,0,"Honghui Hospital, Xi'an Jiaotong University",False,True,True
PRJNA877820,human_review,,46,Rampelli S,Candela M,3,3,0,Fudan University,True,True,True
PRJNA877821,excluded,age_unknown_no_evidence,0,,,0,0,0,FISABIO,False,True,True
PRJNA879058,excluded,age_unknown_no_evidence,0,,,0,0,0,Harvard University,False,True,True
PRJNA879122,excluded,age_unknown_no_evidence,0,,,0,0,0,University of Birmingham,False,True,True
PRJNA879893,excluded,age_unknown_no_evidence,0,,,0,0,0,Seoul National University; CJ Bioscience,False,True,True
PRJNA880658,excluded,age_unknown_no_evidence,0,,,0,0,0,suez canal university,False,True,True
PRJNA881338,excluded,age_unknown_no_evidence,0,,,0,0,0,Center For Molecular Dynamics Nepal,False,True,True
PRJNA881590,excluded,age_unknown_no_evidence,0,,,0,0,0,Zhejiang University,False,True,True
PRJNA881732,excluded,age_unknown_no_evidence,0,,,0,0,0,Xinjiang Medical University,False,True,True
PRJNA883024,excluded,age_unknown_no_evidence,0,,,0,0,0,"Affiliated Jinhua Hospital, Zhejiang University School of Medicine",False,True,True
PRJNA883025,excluded,age_unknown_no_evidence,0,,,0,0,0,"Xiangya Hospital, Central South University",False,True,True
PRJNA883179,excluded,age_unknown_no_evidence,0,,,0,0,0,Karolinska Institutet; Thuringfonden,False,True,True
PRJNA883997,excluded,age_unknown_no_evidence,0,,,0,0,0,Lifetime Omics,False,True,True
PRJNA884532,excluded,age_unknown_no_evidence,0,,,0,0,0,"Kweichow Moutai Distillery Co., Ltd.",False,True,True
PRJNA885137,excluded,age_unknown_no_evidence,0,,,0,0,0,UCSF,False,True,True
PRJNA885249,excluded,age_unknown_no_evidence,0,,,0,0,0,Scientific Centre for Family Health and Human Reproduction Problems,False,True,True
PRJNA885289,excluded,age_unknown_no_evidence,0,,,0,0,0,Centrum Onkologii-Instytut im. Marii Sklodowskiej-Curie,False,True,True
PRJNA885571,excluded,age_unknown_no_evidence,0,,,0,0,0,University of Oklahoma,False,True,True
PRJNA885840,excluded,age_unknown_no_evidence,7,Fritz P,Oláh C,1,0,1,SUPERFOODS Ltd.,True,True,True
PRJNA886483,excluded,age_unknown_no_evidence,0,,,0,0,0,National Chung Cheng University,False,True,True
PRJNA886719,excluded,age_unknown_no_evidence,0,,,0,0,0,Fred Hutchinson Cancer Research Center,False,True,True
PRJNA886972,excluded,age_unknown_no_evidence,0,,,0,0,0,Nanyang Technological University,False,True,True
PRJNA888226,excluded,age_unknown_no_evidence,0,,,0,0,0,suez canal university,False,True,True
PRJNA888791,excluded,age_unknown_no_evidence,5,Molina MA,Melchers WJG,3,0,3,Radboud University Medical Center,True,True,True
PRJNA888860,excluded,age_unknown_no_evidence,0,,,0,0,0,Fudan University,False,True,True
PRJNA888937,excluded,age_unknown_no_evidence,0,,,0,0,0,Gansu Agricultural University,False,True,True
PRJNA890862,excluded,age_unknown_no_evidence,0,,,0,0,0,the First Affiliated Hospital of Nanchang University,False,True,True
PRJNA891782,excluded,age_unknown_no_evidence,0,,,0,0,0,The First People's Hospital of Nanning,False,True,True
PRJNA893091,excluded,age_unknown_no_evidence,0,,,0,0,0,Beijing Institute of Microbiology and Epidemiology,False,True,True
PRJNA893759,excluded,age_unknown_no_evidence,0,,,0,0,0,Genoxor Medical&Science Technology Inc.,False,True,True
PRJNA894691,excluded,age_unknown_no_evidence,12,Zordão OP,Prada PO,1,1,0,Unicamp,True,True,True
PRJNA895174,excluded,age_unknown_no_evidence,0,,,0,0,0,Genoxor Medicial&Science Technology,False,True,True
PRJNA895321,excluded,age_unknown_no_evidence,0,,,0,0,0,Hospital Israelita Albert Einstein,False,True,True
PRJNA896362,excluded,age_unknown_no_evidence,0,,,0,0,0,Genoxor Medical Science and Technology Inc,False,True,True
PRJNA897106,excluded,age_unknown_no_evidence,0,,,0,0,0,Heze Municipal Hospital,False,True,True
PRJNA89735,excluded,age_unknown_no_evidence,0,,,0,0,0,University of Tromsø,False,True,True
PRJNA898073,excluded,age_unknown_no_evidence,0,,,0,0,0,Genoxor Medical Science and Technology Inc,False,True,True
PRJNA898082,excluded,age_unknown_no_evidence,0,,,0,0,0,"State Key Laboratory of Pathogen and Biosecurity,China",False,True,True
PRJNA900047,excluded,age_unknown_no_evidence,0,,,0,0,0,Center for Disease Prevention and Control of PLA,False,True,True
PRJNA901252,excluded,age_unknown_no_evidence,0,,,0,0,0,"Vision Medicals Co., Ltd.",False,True,True
PRJNA901524,excluded,age_unknown_no_evidence,0,,,0,0,0,Stomatological Hospital of Chongqing Medical University,False,True,True
PRJNA902266,excluded,age_unknown_no_evidence,0,,,0,0,0,the First Affiliated Hospital of Zhengzhou University,False,True,True
PRJNA902366,excluded,age_unknown_no_evidence,0,,,0,0,0,RTL Genomics,False,True,True
PRJNA902368,excluded,age_unknown_no_evidence,0,,,0,0,0,University of North Carolina at Chapel Hill,False,True,True
PRJNA902390,excluded,age_unknown_no_evidence,0,,,0,0,0,"Biological Defense Research Directorate, Navy Medical Research Center - Frederick",False,True,True
PRJNA902684,excluded,age_unknown_no_evidence,10,Yu J,Zhang H,1,1,0,Inner Mongolia Agricultural University,True,True,True
PRJNA904725,excluded,age_unknown_no_evidence,0,,,0,0,0,Chinese Academy of Agricultural Sciences,False,True,True
PRJNA904790,excluded,age_unknown_no_evidence,0,,,0,0,0,The George Washington University,False,True,True
PRJNA904924,excluded,age_unknown_no_evidence,0,,,0,0,0,University of Turin,False,True,True
PRJNA905353,excluded,age_unknown_no_evidence,0,,,0,0,0,National University of Singapore,False,True,True
PRJNA905444,excluded,age_unknown_no_evidence,0,,,0,0,0,"Nanfang Hospital, Southern Medical University",False,True,True
PRJNA905698,excluded,age_unknown_no_evidence,0,,,0,0,0,MIT,False,True,True
PRJNA905921,excluded,age_unknown_no_evidence,0,,,0,0,0,Stomatological Hospital of Chongqing Medical University,False,True,True
PRJNA905930,excluded,age_unknown_no_evidence,0,,,0,0,0,"Xiangya Hospital, Central South University",False,True,True
PRJNA906201,excluded,age_unknown_no_evidence,0,,,0,0,0,Institute of Microbiology Chinese Academy of Sciences,False,True,True
PRJNA907066,excluded,age_unknown_no_evidence,7,Goya S,Greninger AL,1,0,1,Greninger,True,True,True
PRJNA907138,excluded,age_unknown_no_evidence,0,,,0,0,0,The First Affiliated Hospital of Sun yat-sen University,False,True,True
PRJNA907865,excluded,age_unknown_no_evidence,9,Makhsous N,Greninger AL,1,0,1,University of Washington,True,True,True
PRJNA908262,excluded,age_unknown_no_evidence,0,,,0,0,0,Northwest A&F University,False,True,True
PRJNA908780,excluded,age_unknown_no_evidence,0,,,0,0,0,Jiangsu University,False,True,True
PRJNA908815,excluded,age_unknown_no_evidence,0,,,0,0,0,Chengdu University,False,True,True
PRJNA908820,excluded,age_unknown_no_evidence,0,,,0,0,0,Chengdu University,False,True,True
PRJNA908890,excluded,age_unknown_no_evidence,0,,,0,0,0,China Agricultural University,False,True,True
PRJNA909223,excluded,age_unknown_no_evidence,0,,,0,0,0,Max-Delbrueck-Center,False,True,True
PRJNA909453,excluded,age_unknown_no_evidence,0,,,0,0,0,"Department of Clinical Laboratory, Shanghai Mental Health Center, Shanghai Jiao Tong University",False,True,True
PRJNA909472,excluded,age_unknown_no_evidence,0,,,0,0,0,IRCCS Fondazione Policlinico San Matteo,False,True,True
PRJNA909584,excluded,age_unknown_no_evidence,0,,,0,0,0,"Amsterdam UMC, location University of Amsterdam",False,True,True
PRJNA909599,excluded,age_unknown_no_evidence,0,,,0,0,0,Qingdao Chest Hospital,False,True,True
PRJNA909793,excluded,age_unknown_no_evidence,0,,,0,0,0,University of California San Francisco,False,True,True
PRJNA909856,excluded,age_unknown_no_evidence,0,,,0,0,0,Northwest A&F University,False,True,True
PRJNA909929,excluded,age_unknown_no_evidence,0,,,0,0,0,Shanghai Tongji University,False,True,True
PRJNA910314,excluded,age_unknown_no_evidence,0,,,0,0,0,Changhai hospital,False,True,True
PRJNA910923,excluded,age_unknown_no_evidence,0,,,0,0,0,Central South University,False,True,True
PRJNA911038,excluded,age_unknown_no_evidence,0,,,0,0,0,the Second Hospital of Jilin University,False,True,True
PRJNA911331,excluded,age_unknown_no_evidence,0,,,0,0,0,University of Sydney,False,True,True
PRJNA911447,excluded,age_unknown_no_evidence,0,,,0,0,0,the Second Hospital of Jilin University,False,True,True
PRJNA912317,excluded,age_unknown_no_evidence,0,,,0,0,0,Jiangsu University,False,True,True
PRJNA913183,excluded,age_unknown_no_evidence,0,,,0,0,0,Arizona State University,False,True,True
PRJNA913408,excluded,age_unknown_no_evidence,0,,,0,0,0,"Air Force Medical Center, Fourth Military Medical University; Beijing Genomics Institute",False,True,True
PRJNA913604,excluded,age_unknown_no_evidence,0,,,0,0,0,"Beijing YouAn Hospital, Capital Medical University",False,True,True
PRJNA914501,excluded,age_unknown_no_evidence,0,,,0,0,0,"Ren Ji Hospital, Shanghai Jiao Tong University School of Medicine",False,True,True
PRJNA915251,excluded,age_unknown_no_evidence,0,,,0,0,0,University of Reading,False,True,True
PRJNA916750,excluded,age_unknown_no_evidence,0,,,0,0,0,Huizhou Central People's Hospital,False,True,True
PRJNA917043,excluded,age_unknown_no_evidence,0,,,0,0,0,Zhejiang Chinese Medical University,False,True,True
PRJNA917438,excluded,age_unknown_no_evidence,0,,,0,0,0,Zhejiang Chinese Medical University,False,True,True
PRJNA917446,excluded,age_unknown_no_evidence,0,,,0,0,0,Quanzhou First Hospital Affiliated to Fujian Medical University,False,True,True
PRJNA917703,excluded,age_unknown_no_evidence,0,,,0,0,0,Greninger,False,True,True
PRJNA917778,excluded,age_unknown_no_evidence,0,,,0,0,0,"Genskey Medical Technology Co., Ltd",False,True,True
PRJNA917819,excluded,age_unknown_no_evidence,0,,,0,0,0,the Chinese University of Hong Kong,False,True,True
PRJNA918651,excluded,age_unknown_no_evidence,0,,,0,0,0,"University of California, Irvine",False,True,True
PRJNA919483,excluded,age_unknown_no_evidence,0,,,0,0,0,"Hangzhou Matridx Biotechnology CO., Ltd",False,True,True
PRJNA922069,excluded,age_unknown_no_evidence,0,,,0,0,0,"Divison of Bacterial Diseases, Centers for Disease Control",False,True,True
PRJNA922082,excluded,age_unknown_no_evidence,0,,,0,0,0,People's Liberation Army The General Hospital of Western Theater Command,False,True,True
PRJNA922086,excluded,age_unknown_no_evidence,0,,,0,0,0,Da Volterra,False,True,True
PRJNA922539,excluded,age_unknown_no_evidence,0,,,0,0,0,McGill Unviersity,False,True,True
PRJNA923859,excluded,age_unknown_no_evidence,0,,,0,0,0,Jiangsu University,False,True,True
PRJNA924035,excluded,age_unknown_no_evidence,6,Pyöriä L,Perdomo MF,1,0,1,University of Helsinki,True,True,True
PRJNA924534,excluded,age_unknown_no_evidence,0,,,0,0,0,"Hangzhou Matridx Biotechnology Co., Ltd.",False,True,True
PRJNA924942,excluded,age_unknown_no_evidence,0,,,0,0,0,"Shenzhen XBiome Biotech Co., Ltd.",False,True,True
PRJNA924947,excluded,age_unknown_no_evidence,10,Cai X,Shen P,1,1,0,Guangxi University,True,True,True
PRJNA924984,excluded,age_unknown_no_evidence,0,,,0,0,0,RISE - Research Institutes of Sweden,False,True,True
PRJNA928211,excluded,age_unknown_no_evidence,0,,,0,0,0,CJ Bioscience.inc,False,True,True
PRJNA929548,excluded,age_unknown_no_evidence,0,,,0,0,0,The Third Affiliated Hospital of Air Force Medical University,False,True,True
PRJNA929645,excluded,age_unknown_no_evidence,0,,,0,0,0,The Second Affiliated Hospital of Nanjing Medical University,False,True,True
PRJNA930499,excluded,age_unknown_no_evidence,0,,,0,0,0,The First Affiliated Hospital of Zhengzhou University,False,True,True
PRJNA930765,excluded,age_unknown_no_evidence,8,Rifkin RF,Lombard M,1,0,1,Pontificia Universidad Catolica de Chile,True,True,True
PRJNA931776,excluded,age_unknown_no_evidence,0,,,0,0,0,Blood Center of Zhejiang Province,False,True,True
PRJNA931814,excluded,age_unknown_no_evidence,6,Campos-Madueno EI,Endimiani A,2,0,2,University of Bern,True,True,True
PRJNA931979,excluded,age_unknown_no_evidence,0,,,0,0,0,Latvian Biomedical Research and Study Centre,False,True,True
PRJNA932550,excluded,age_unknown_no_evidence,0,,,0,0,0,Genoxor Medical&Science Technology Inc.,False,True,True
PRJNA932553,excluded,age_unknown_no_evidence,0,,,0,0,0,The University of Hong Kong,False,True,True
PRJNA932796,excluded,age_unknown_no_evidence,0,,,0,0,0,"People's Hospital of Xinjiang Uygur Autonomous Region, Urumqi, China",False,True,True
PRJNA932960,excluded,age_unknown_no_evidence,0,,,0,0,0,China Agricultural University,False,True,True
PRJNA932961,excluded,age_unknown_no_evidence,0,,,0,0,0,Shanghai Jiao Tong University,False,True,True
PRJNA933917,excluded,age_unknown_no_evidence,0,,,0,0,0,Brazilian National Cancer Institute,False,True,True
PRJNA933944,excluded,age_unknown_no_evidence,0,,,0,0,0,"Hangzhou Matridx Biotechnology Co,Ltd",False,True,True
PRJNA934363,excluded,age_unknown_no_evidence,0,,,0,0,0,Hirszfeld Institute of Immunology and Experimental Therapy,False,True,True
PRJNA935059,excluded,age_unknown_no_evidence,0,,,0,0,0,The Second Hospital of Shandong University,False,True,True
PRJNA935265,excluded,age_unknown_no_evidence,0,,,0,0,0,Ghent University,False,True,True
PRJNA935919,excluded,age_unknown_no_evidence,0,,,0,0,0,Oxford University Clinical Research Unit,False,True,True
PRJNA936082,excluded,age_unknown_no_evidence,0,,,0,0,0,Addis Ababa University,False,True,True
PRJNA936589,excluded,age_unknown_no_evidence,0,,,0,0,0,University of North Carolina at Charlotte,False,True,True
PRJNA936638,excluded,age_unknown_no_evidence,0,,,0,0,0,China Agricultural University,False,True,True
PRJNA936669,excluded,age_unknown_no_evidence,0,,,0,0,0,Tianjin Medical University General Hospital,False,True,True
PRJNA936929,excluded,age_unknown_no_evidence,0,,,0,0,0,Xiangtan University,False,True,True
PRJNA937065,excluded,age_unknown_no_evidence,0,,,0,0,0,Monasterium Laboratory,False,True,True
PRJNA937315,excluded,age_unknown_no_evidence,0,,,0,0,0,Centro de Ciencias Genomicas - Universidad Nacional Autonoma de Mexico,False,True,True
PRJNA937455,excluded,age_unknown_no_evidence,0,,,0,0,0,Chengdu Research Base of Giant Panda Breeding,False,True,True
PRJNA937458,excluded,age_unknown_no_evidence,0,,,0,0,0,Seoul National University,False,True,True
PRJNA938262,excluded,age_unknown_no_evidence,0,,,0,0,0,Haikou Third People's Hospital,False,True,True
PRJNA938297,excluded,age_unknown_no_evidence,0,,,0,0,0,"Shenzhen XBiome Biotech Co., Ltd.",False,True,True
PRJNA938779,excluded,age_unknown_no_evidence,0,,,0,0,0,,False,False,True
PRJNA939026,excluded,age_unknown_no_evidence,0,,,0,0,0,Technion - Israel Institute of Technology,False,True,True
PRJNA939356,excluded,age_unknown_no_evidence,0,,,0,0,0,Liaoning Ocean and Fisheries Science Research Institute,False,True,True
PRJNA940499,excluded,age_unknown_no_evidence,0,,,0,0,0,Stanford University,False,True,True
PRJNA940664,excluded,age_unknown_no_evidence,0,,,0,0,0,Aarhus University,False,True,True
PRJNA940850,excluded,age_unknown_no_evidence,0,,,0,0,0,University of Naples Federico II,False,True,True
PRJNA941079,excluded,age_unknown_no_evidence,0,,,0,0,0,Nanyang Technological University,False,True,True
PRJNA941095,excluded,age_unknown_no_evidence,0,,,0,0,0,Xinhua hospital,False,True,True
PRJNA941376,excluded,age_unknown_no_evidence,0,,,0,0,0,Shanghai University of Traditional Chinese Medicine,False,True,True
PRJNA941834,excluded,age_unknown_no_evidence,0,,,0,0,0,Sidra Medicine,False,True,True
PRJNA942237,excluded,age_unknown_no_evidence,0,,,0,0,0,University of Science and Technology of China,False,True,True
PRJNA942244,excluded,age_unknown_no_evidence,0,,,0,0,0,Interner Hospital of Medical University General Hospital,False,True,True
PRJNA942323,excluded,age_unknown_no_evidence,0,,,0,0,0,Rush University Medical Center,False,True,True
PRJNA942361,excluded,age_unknown_no_evidence,0,,,0,0,0,"Hangzhou Matridx Biotechnology Co.,Ltd",False,True,True
PRJNA942468,excluded,age_unknown_no_evidence,0,,,0,0,0,Radboud university medical center,False,True,True
PRJNA943135,excluded,age_unknown_no_evidence,12,Kulecka M,Ostrowski J,1,0,1,Centrum Onkologii-Instytut im. Marii Sklodowskiej-Curie,True,True,True
PRJNA943254,excluded,age_unknown_no_evidence,0,,,0,0,0,Leiden University Medical Center,False,True,True
PRJNA943491,excluded,age_unknown_no_evidence,0,,,0,0,0,Karolinska Institute,False,True,True
PRJNA943575,excluded,age_unknown_no_evidence,0,,,0,0,0,The First Affiliated Hospital of Sun Yat-sen University,False,True,True
PRJNA944152,excluded,age_unknown_no_evidence,0,,,0,0,0,University of Trento,False,True,True
PRJNA944842,excluded,age_unknown_no_evidence,0,,,0,0,0,"Beijing Chest Hospital, Capital Medical University",False,True,True
PRJNA945408,excluded,age_unknown_no_evidence,18,Blake KS,Dantas G,1,0,1,Washington University in St Louis,True,True,True
PRJNA946200,excluded,age_unknown_no_evidence,0,,,0,0,0,RAJIV GANDHI CENTRE FOR BIOTECHNOLOGY,False,True,True
PRJNA946338,excluded,age_unknown_no_evidence,0,,,0,0,0,"Shanghai Tenth People Hospital, Tongji University",False,True,True
PRJNA946744,excluded,age_adult_only,19,Shang J,Faith JJ,1,1,0,Icahn School of Medicine at Mount Sinai,True,True,True
PRJNA946921,excluded,age_unknown_no_evidence,0,,,0,0,0,Imperial College London,False,True,True
PRJNA947193,excluded,age_unknown_no_evidence,0,,,0,0,0,Arizona State University,False,True,True
PRJNA948536,excluded,age_unknown_no_evidence,0,,,0,0,0,University of Washington Medical Center,False,True,True
PRJNA949023,excluded,age_unknown_no_evidence,0,,,0,0,0,Albert-Ludwigs-University Freiburg,False,True,True
PRJNA949277,excluded,age_unknown_no_evidence,0,,,0,0,0,"Xuanwu Hospital, Capital Medical University",False,True,True
PRJNA949363,excluded,age_unknown_no_evidence,0,,,0,0,0,Genomics Research Center,False,True,True
PRJNA949964,excluded,age_unknown_no_evidence,0,,,0,0,0,Second Affiliated Hospital of Fujian Medical University,False,True,True
PRJNA949987,excluded,age_unknown_no_evidence,0,,,0,0,0,Second Affiliated Hospital of Fujian Medical University,False,True,True
PRJNA950577,excluded,age_unknown_no_evidence,26,Shen Y,Chen Y,1,1,0,Zhejiang University,True,True,True
PRJNA950931,excluded,age_unknown_no_evidence,0,,,0,0,0,Qiqihar Medical University,False,True,True
PRJNA951206,excluded,age_unknown_no_evidence,0,,,0,0,0,West China hospital of sichuan university,False,True,True
PRJNA951887,excluded,age_unknown_no_evidence,0,,,0,0,0,Genoxor Medical&Science Technology Inc.,False,True,True
PRJNA952317,excluded,age_unknown_no_evidence,0,,,0,0,0,Department of Respiratory and Critical Care Medicine,False,True,True
PRJNA952804,excluded,age_unknown_no_evidence,0,,,0,0,0,Peking University School and Hospital of Stomatology,False,True,True
PRJNA953446,excluded,age_unknown_no_evidence,0,,,0,0,0,Shenzhen Center for Disease Control and Prevention,False,True,True
PRJNA953603,excluded,age_unknown_no_evidence,0,,,0,0,0,Zhejiang University,False,True,True
PRJNA953845,excluded,age_unknown_no_evidence,0,,,0,0,0,the Fifth Medical Centre of Chinese PLA General Hospital,False,True,True
PRJNA954584,excluded,age_unknown_no_evidence,0,,,0,0,0,Max Plank Institute for Evolutionary Biology,False,True,True
PRJNA954677,excluded,age_unknown_no_evidence,0,,,0,0,0,Shenzhen Center for Disease Control and Prevention,False,True,True
PRJNA955318,excluded,age_unknown_no_evidence,0,,,0,0,0,"Hangzhou Matridx Biotechnology Co.,Ltd",False,True,True
PRJNA955402,excluded,age_unknown_no_evidence,0,,,0,0,0,Shandong Provincial Hospital Heze Branch,False,True,True
PRJNA955434,excluded,age_unknown_no_evidence,0,,,0,0,0,Shandong University,False,True,True
PRJNA955932,excluded,age_unknown_no_evidence,0,,,0,0,0,"Lihuili Hospital, Ningbo Medical Center, Ningbo",False,True,True
PRJNA956112,excluded,age_unknown_no_evidence,0,,,0,0,0,Stockholm University; Universal Sequencing Corporation,False,True,True
PRJNA956127,excluded,age_unknown_no_evidence,0,,,0,0,0,"Hangzhou Matridx Biotechnology Co.,Ltd",False,True,True
PRJNA956132,excluded,age_unknown_no_evidence,0,,,0,0,0,Shenzhen Center for Disease Control and Prevention,False,True,True
PRJNA956492,excluded,age_unknown_no_evidence,0,,,0,0,0,Chulalongkorn University,False,True,True
PRJNA956818,excluded,age_unknown_no_evidence,0,,,0,0,0,Sir Ganga Ram Hospital,False,True,True
PRJNA956996,excluded,age_unknown_no_evidence,0,,,0,0,0,Shandong University,False,True,True
PRJNA957107,excluded,age_unknown_no_evidence,9,Danckert NP,Williams FMK,1,0,1,King's College London,True,True,True
PRJNA957324,excluded,age_unknown_no_evidence,0,,,0,0,0,University of Sao Paulo,False,True,True
PRJNA957678,excluded,age_unknown_no_evidence,0,,,0,0,0,Inner Mongolia Peoples Hospital,False,True,True
PRJNA961304,excluded,age_unknown_no_evidence,0,,,0,0,0,University of Washington,False,True,True
PRJNA961962,excluded,age_unknown_no_evidence,0,,,0,0,0,Catholic University of Leuven,False,True,True
PRJNA962059,excluded,age_unknown_no_evidence,0,,,0,0,0,University of Minnesota,False,True,True
PRJNA966136,excluded,age_unknown_no_evidence,5,Prasanchit P,Manonai J,1,0,1,Mahidol University,True,True,True
PRJNA967387,excluded,age_unknown_no_evidence,0,,,0,0,0,Los Angeles County Public Health Lab microbial pathogen submission group,False,True,True
PRJNA967388,excluded,age_unknown_no_evidence,0,,,0,0,0,Los Angeles County Public Health Lab microbial pathogen submission group,False,True,True
PRJNA967723,excluded,age_unknown_no_evidence,0,,,0,0,0,University of Texas at Austin,False,True,True
PRJNA967818,excluded,age_unknown_no_evidence,0,,,0,0,0,Hangzhou Red Cross Hospital,False,True,True
PRJNA970190,excluded,age_unknown_no_evidence,0,,,0,0,0,Mahidol University,False,True,True
PRJNA971259,excluded,age_unknown_no_evidence,0,,,0,0,0,Second Affiliated Hospital of Zhejiang University,False,True,True
PRJNA971360,excluded,age_unknown_no_evidence,0,,,0,0,0,Third Institute of Oceanography,False,True,True
PRJNA971748,excluded,age_unknown_no_evidence,0,,,0,0,0,CRCHUM,False,True,True
PRJNA971998,excluded,age_unknown_no_evidence,0,,,0,0,0,UFRJ,False,True,True
PRJNA972883,excluded,age_unknown_no_evidence,0,,,0,0,0,University of the Sunshine Coast,False,True,True
PRJNA973018,excluded,age_unknown_no_evidence,0,,,0,0,0,Jinan University,False,True,True
PRJNA973096,excluded,age_unknown_no_evidence,0,,,0,0,0,FLDOH,False,True,True
PRJNA973955,excluded,age_unknown_no_evidence,0,,,0,0,0,The University of Texas MD Anderson,False,True,True
PRJNA974554,excluded,age_unknown_no_evidence,0,,,0,0,0,the First Hospital of China Medical University,False,True,True
PRJNA975307,excluded,age_unknown_no_evidence,0,,,0,0,0,Hunan Agricultural University,False,True,True
PRJNA975344,excluded,age_unknown_no_evidence,0,,,0,0,0,Henan Provincial People's Hospital,False,True,True
PRJNA975692,excluded,age_unknown_no_evidence,0,,,0,0,0,Seoul National University,False,True,True
PRJNA975699,excluded,age_unknown_no_evidence,0,,,0,0,0,Shanghai University of Traditional Chinese Medicine,False,True,True
PRJNA975734,excluded,age_adult_only,19,Mancabelli L,Ventura M,1,1,0,University of Parma,True,True,True
PRJNA976029,excluded,age_unknown_no_evidence,0,,,0,0,0,Children's Hospital of Philadelphia,False,True,True
PRJNA976179,excluded,age_unknown_no_evidence,0,,,0,0,0,Ulsan National Institute of Science and Technology,False,True,True
PRJNA976261,excluded,age_unknown_no_evidence,9,Farina R,Scapoli C,2,0,2,University of Ferrara,True,True,True
PRJNA976404,excluded,age_unknown_no_evidence,25,Nguyen LH,Lai PS,1,0,1,Harvard T.H. Chan School of Public Health,True,True,True
PRJNA976726,excluded,age_unknown_no_evidence,0,,,0,0,0,Mcgill University,False,True,True
PRJNA977029,excluded,age_unknown_no_evidence,0,,,0,0,0,Anhui Agricultural University,False,True,True
PRJNA978021,excluded,age_unknown_no_evidence,0,,,0,0,0,Genoxor Medical&Science Technology Inc.,False,True,True
PRJNA978931,excluded,age_unknown_no_evidence,0,,,0,0,0,MD Anderson Cancer Center,False,True,True
PRJNA979827,excluded,age_unknown_no_evidence,0,,,0,0,0,Guangdong Provincial People's Hospital,False,True,True
PRJNA980579,excluded,age_unknown_no_evidence,0,,,0,0,0,Fujian Medical University Union Hospital,False,True,True
PRJNA981109,excluded,age_unknown_no_evidence,0,,,0,0,0,University of Cape Town,False,True,True
PRJNA981159,excluded,age_unknown_no_evidence,0,,,0,0,0,NIAID; NIAID Microbiome Program,False,True,True
PRJNA981198,excluded,age_unknown_no_evidence,0,,,0,0,0,Cornell University,False,True,True
PRJNA981235,excluded,age_unknown_no_evidence,0,,,0,0,0,"Beijing Children's Hospital, Capital Medical University",False,True,True
PRJNA981362,excluded,age_unknown_no_evidence,0,,,0,0,0,"Dian Diagnostics Group Co., Ltd.",False,True,True
PRJNA981453,excluded,age_unknown_no_evidence,0,,,0,0,0,Ocean University of China,False,True,True
PRJNA981662,excluded,age_unknown_no_evidence,0,,,0,0,0,National Institute of Health,False,True,True
PRJNA982127,excluded,age_unknown_no_evidence,0,,,0,0,0,Central South University,False,True,True
PRJNA982297,excluded,age_unknown_no_evidence,0,,,0,0,0,Trinity College Dublin,False,True,True
PRJNA982307,excluded,age_unknown_no_evidence,0,,,0,0,0,Sun Yat-sen University,False,True,True
PRJNA982408,excluded,age_unknown_no_evidence,0,,,0,0,0,central south university,False,True,True
PRJNA982563,excluded,age_unknown_no_evidence,0,,,0,0,0,South China Agriculture University,False,True,True
PRJNA982594,excluded,age_unknown_no_evidence,0,,,0,0,0,"BGI-Wuhan Clinical Laboratories, BGI-Shenzhen",False,True,True
PRJNA982891,excluded,age_unknown_no_evidence,0,,,0,0,0,University of Queensland,False,True,True
PRJNA983133,excluded,age_unknown_no_evidence,0,,,0,0,0,Henri Mondor Hospital - APHP,False,True,True
PRJNA983219,excluded,age_unknown_no_evidence,0,,,0,0,0,National University of La Plata; UM CFAR SCCC Argentina Consortium for research and training in Virally Induced AIDS Malignancies,False,True,True
PRJNA983495,excluded,age_unknown_no_evidence,0,,,0,0,0,Beijing macro&micro-test Bio-Tech Co.Ltd,False,True,True
PRJNA983534,excluded,age_unknown_no_evidence,0,,,0,0,0,KU Leuven,False,True,True
PRJNA984000,excluded,age_unknown_no_evidence,0,,,0,0,0,University of Trento,False,True,True
PRJNA984922,excluded,age_unknown_no_evidence,0,,,0,0,0,"Shanghai Ninth Peoples Hospital, Shanghai Jiao Tong University School of Medicine",False,True,True
PRJNA984933,excluded,age_unknown_no_evidence,0,,,0,0,0,The Third Xiangya Hospital,False,True,True
PRJNA985087,excluded,age_unknown_no_evidence,0,,,0,0,0,Department of respiratory medicine,False,True,True
PRJNA985875,excluded,age_unknown_no_evidence,0,,,0,0,0,The Affiliated Huaian No.1 People Hospital of Nanjing Medical University,False,True,True
PRJNA985904,excluded,age_unknown_no_evidence,0,,,0,0,0,University of Copenhagen,False,True,True
PRJNA986135,excluded,age_unknown_no_evidence,6,Almas S,Sharma R,1,0,1,Advanta Genetics,True,True,True
PRJNA987158,excluded,age_unknown_no_evidence,0,,,0,0,0,University of Minnesota,False,True,True
PRJNA988170,excluded,age_unknown_no_evidence,0,,,0,0,0,University of Shanghai for Science and Technology,False,True,True
PRJNA988962,excluded,age_unknown_no_evidence,0,,,0,0,0,"Nanfang Hospital, Southern Medical University",False,True,True
PRJNA989735,excluded,age_unknown_no_evidence,0,,,0,0,0,Huizhou central peoples hospital,False,True,True
PRJNA990354,excluded,age_unknown_no_evidence,0,,,0,0,0,University of Dhaka,False,True,True
PRJNA991155,excluded,age_unknown_no_evidence,0,,,0,0,0,California Institute of Technology,False,True,True
PRJNA991311,excluded,age_unknown_no_evidence,0,,,0,0,0,nstitute Animal Husbandry and VeteBeijing Academy of Agriculture and Forestry Sciences,False,True,True
PRJNA991321,excluded,age_unknown_no_evidence,0,,,0,0,0,First affiliated hospital of Forth military medical university,False,True,True
PRJNA991503,excluded,age_unknown_no_evidence,0,,,0,0,0,Harbin medical university,False,True,True
PRJNA992797,excluded,age_unknown_no_evidence,0,,,0,0,0,Universidad Nacional Autonoma de Mexico,False,True,True
PRJNA992918,excluded,age_unknown_no_evidence,0,,,0,0,0,Changsha Central Hospital,False,True,True
PRJNA993161,excluded,age_unknown_no_evidence,0,,,0,0,0,Prolacta Bioscience,False,True,True
PRJNA993297,excluded,age_unknown_no_evidence,0,,,0,0,0,Tongji University,False,True,True
PRJNA993449,excluded,age_unknown_no_evidence,0,,,0,0,0,Genoxor Medical Science and Technology Inc.,False,True,True
PRJNA993600,excluded,age_unknown_no_evidence,0,,,0,0,0,Genut,False,True,True
PRJNA994318,excluded,age_unknown_no_evidence,0,,,0,0,0,"Beijing Obstetrics and Gynecology Hospital, Capital Medical University",False,True,True
PRJNA995059,excluded,age_unknown_no_evidence,6,Almas S,Sharma R,1,0,1,Advanta Genetics; Sadia Almas; Vaibhav Kumar Tamrakar; Rob Carpenter,True,True,True
PRJNA995425,excluded,age_unknown_no_evidence,0,,,0,0,0,First affiliated hospital of Forth military medical university,False,True,True
PRJNA995885,excluded,age_unknown_no_evidence,0,,,0,0,0,University of Minnesota,False,True,True
PRJNA995907,excluded,age_unknown_no_evidence,0,,,0,0,0,Wuhan Puren Hospital,False,True,True
PRJNA996050,excluded,age_unknown_no_evidence,20,Vietsch EE,van Eijck CHJ,1,0,1,Erasmus MC,True,True,True
PRJNA996497,excluded,age_unknown_no_evidence,0,,,0,0,0,Shanxi Bethune Hospital,False,True,True
PRJNA996997,excluded,age_unknown_no_evidence,0,,,0,0,0,Greninger,False,True,True
PRJNA997379,excluded,age_unknown_no_evidence,0,,,0,0,0,"University of Maryland, Baltimore",False,True,True
PRJNA998606,excluded,age_unknown_no_evidence,0,,,0,0,0,Beijing Obstetrics and Gynecology Hospital,False,True,True
PRJNA998608,excluded,age_unknown_no_evidence,0,,,0,0,0,"guangzhou Kingcreate biotechnology Co.,Ltd",False,True,True
PRJNA999191,excluded,age_unknown_no_evidence,0,,,0,0,0,Faculty of Applied Science - University of Campinas,False,True,True
PRJNA999455,excluded,age_unknown_no_evidence,0,,,0,0,0,Gansu Agricultural University,False,True,True
PRJNA999587,excluded,age_unknown_no_evidence,0,,,0,0,0,North-West University,False,True,True
PRJDB13754,excluded,assay_other_nonshotgun,0,,,0,0,0,"surgery, university; KURUME_U",False,True,True
PRJEB100868,included,,7,Cavani E,de Vos WM,1,1,0,Alba Health AB,True,True,True
PRJEB101146,excluded,age_adult_only,0,,,0,0,0,Leibniz Institute for Immunotherapy,False,True,True
PRJEB102023,excluded,assay_other_nonshotgun,0,,,0,0,0,Institute for Archaeological Sciences,False,True,True
PRJEB102472,excluded,assay_other_nonshotgun,0,,,0,0,0,Institute for Archaeological Sciences,False,True,True
PRJEB104438,excluded,site_excluded,0,,,0,0,0,University of Lubeck,False,True,True
PRJEB105455,excluded,age_adult_only,0,,,0,0,0,FISABIO- Public Health Research,False,True,True
PRJEB107275,excluded,assay_other_nonshotgun,0,,,0,0,0,Max Planck Institute for Evolutionary Anthropology,False,True,True
PRJEB112132,excluded,age_adult_only,0,,,0,0,0,Technical University of Cartagena,False,True,True
PRJEB11531,excluded,assay_amplicon,0,,,0,0,0,University of California San Diego Microbiome Initiative,False,True,True
PRJEB11551,excluded,age_adult_only,0,,,0,0,0,Competence Center of Food and Fermentation Technologies,False,True,True
PRJEB11685,excluded,age_child_over_36m,7,Korpela K,de Vos WM,1,0,1,European Molecular Biology Laboratory,True,True,True
PRJEB123560,excluded,age_unknown_no_evidence,0,,,0,0,0,Quadram Institute Bioscience,False,True,True
PRJEB14669,excluded,age_adult_only,0,,,0,0,0,,False,False,True
PRJEB15257,included,,26,Rose G,Kroll JS,4,4,0,PUBLIC HEALTH ENGLAND,True,True,True
PRJEB16329,excluded,age_adult_only,0,,,0,0,0,Universite Bordeaux,False,True,True
PRJEB19367,excluded,age_unknown_no_evidence,0,,,0,0,0,HiThru Analytics,False,True,True
PRJEB20472,excluded,age_unknown_no_evidence,0,,,0,0,0,AUSTRALIAN CENTRE FOR ECOGENOMICS,False,True,True
PRJEB22199,excluded,site_excluded,0,,,0,0,0,University of Illinois at Urbana-Champaign,False,True,True
PRJEB23107,excluded,age_adult_only,0,,,0,0,0,Universite Bordeaux,False,True,True
PRJEB24494,excluded,site_excluded,0,,,0,0,0,SAHMRI,False,True,True
PRJEB24921,excluded,site_excluded,22,Krause-Kyora B,Krause J,1,0,1,Institute of Clinical Molecular Biology (IKMB),True,True,True
PRJEB27325,included,,14,Korpela K,de Vos WM,3,3,0,UNIVERSITY OF HELSINKI,True,True,True
PRJEB35571,excluded,assay_other_nonshotgun,0,,,0,0,0,National Bioinformatics Structure of Sweden,False,True,True
PRJEB36413,excluded,site_excluded,7,Susat J,Krause-Kyora B,1,0,1,Institute of Clinical Molecular Biology (IKMB),True,True,True
PRJEB37508,excluded,assay_other_nonshotgun,11,Giffin K,Bos KI,1,0,1,Max Planck Institute for Evolutionary Anthropology,True,True,True
PRJEB37518,excluded,assay_other_nonshotgun,0,,,0,0,0,Max Planck Institute for Evolutionary Anthropology,False,True,True
PRJEB41353,excluded,site_excluded,14,Haller M,Krause-Kyora B,1,0,1,Institute of Clinical Molecular Biology (IKMB),True,True,True
PRJEB42185,excluded,host_environmental,21,Susat J,Krause-Kyora B,1,0,1,Institute of Clinical Molecular Biology (IKMB),True,True,True
PRJEB42930,excluded,host_environmental,0,,,0,0,0,Max Planck Institute for Evolutionary Anthropology,False,True,True
PRJEB43765,excluded,assay_other_nonshotgun,0,,,0,0,0,UNIVERSITY HEALTH NETWORK,False,True,True
PRJEB45006,excluded,assay_isolate_genome,0,,,0,0,0,Max Planck Institute for Evolutionary Anthropology,False,True,True
PRJEB46230,excluded,age_adult_only,0,,,0,0,0,UMC Utrecht,False,True,True
PRJEB47335,excluded,age_unknown_no_evidence,0,,,0,0,0,,False,False,True
PRJEB49521,excluded,age_child_over_36m,0,,,0,0,0,Centre for Translational Microbiome Research (CTMR),False,True,True
PRJEB49704,excluded,host_environmental,0,,,0,0,0,"WAGENINGEN UNIVERSITY, LABORATORY OF MICROBIOLOGY",False,True,True
PRJEB51010,excluded,age_adult_only,0,,,0,0,0,Clinical Microbiomics,False,True,True
PRJEB51725,excluded,site_excluded,0,,,0,0,0,Consiglio Nazionale delle Ricerche,False,True,True
PRJEB51863,excluded,assay_other_nonshotgun,0,,,0,0,0,Max Planck Institute for Evolutionary Anthropology,False,True,True
PRJEB52774,included,,34,Matharu D,Salonen A,5,4,2,University of Helsinki,True,True,True
PRJEB54092,excluded,age_unknown_no_evidence,0,,,0,0,0,johns hopkins; Johns Hopkins,False,True,True
PRJEB54707,included,,7,Martin FP,Sprenger N,1,1,0,Cmbio,True,True,True
PRJEB54724,excluded,assay_other_nonshotgun,0,,,0,0,0,RIVM,False,True,True
PRJEB54991,included,,3,Wallingford JC,Barber CM,1,1,0,Clinical Microbiomics,True,True,True
PRJEB55648,excluded,age_unknown_no_evidence,0,,,0,0,0,,False,False,True
PRJEB55842,excluded,assay_other_nonshotgun,0,,,0,0,0,Max Planck Institute for Evolutionary Anthropology,False,True,True
PRJEB56674,excluded,age_adult_only,0,,,0,0,0,university health network; University Health Network,False,True,True
PRJEB57974,excluded,assay_other_nonshotgun,0,,,0,0,0,Max Planck Institute for Evolutionary Anthropology,False,True,True
PRJEB59488,excluded,assay_other_nonshotgun,0,,,0,0,0,Max Planck Institute for Evolutionary Anthropology,False,True,True
PRJEB60573,excluded,age_unknown_no_evidence,0,,,0,0,0,CHRISTIAN-ALBRECHTS UNIVERSITY OF KIEL,False,True,True
PRJEB60691,excluded,age_adult_only,0,,,0,0,0,amsterdam university medical centres; Amsterdam University Medical Centres,False,True,True
PRJEB61275,excluded,host_environmental,0,,,0,0,0,EURAC Research,False,True,True
PRJEB61457,excluded,assay_other_nonshotgun,0,,,0,0,0,universite clermont auvergne; Universite Clermont Auvergne,False,True,True
PRJEB61646,excluded,age_adult_only,0,,,0,0,0,"university of kuopio, finland; University of Kuopio, Finland",False,True,True
PRJEB61656,excluded,age_child_over_36m,0,,,0,0,0,university of lausanne; University of Lausanne,False,True,True
PRJEB62690,included,,8,Holst AQ,Parschat K,1,1,0,Cmbio,True,True,True
PRJEB62848,included,,5,Luoto R,Isolauri E,1,1,0,Cmbio,True,True,True
PRJEB62880,excluded,site_excluded,0,,,0,0,0,EURAC Research,False,True,True
PRJEB63100,excluded,age_adult_only,0,,,0,0,0,IISPV,False,True,True
PRJEB63222,excluded,age_adult_only,0,,,0,0,0,UNIVERSITY HOHENHEIM,False,True,True
PRJEB64567,included,,10,Korpela K,de Vos WM,1,0,1,University of Helsinki,True,True,True
PRJEB65371,excluded,age_adult_only,0,,,0,0,0,institute of health carlos iii; Institute of Health Carlos III,False,True,True
PRJEB65963,excluded,site_excluded,0,,,0,0,0,federal institute for risk assessment (bfr); Federal Institute for Risk Assessment (BfR),False,True,True
PRJEB65987,excluded,assay_other_nonshotgun,0,,,0,0,0,"ERASMUS MC, UNIVERSITY MEDICAL CENTER; ERASMUS MC",False,True,True
PRJEB67641,excluded,site_excluded,13,Veschetti L,Malerba G,1,0,1,universita degli studi di verona,True,True,True
PRJEB70237,included,,39,Matharu D,Salonen A,5,4,0,University of Helsinki,True,True,True
PRJEB72021,excluded,host_environmental,0,,,0,0,0,Max Planck Institute for Evolutionary Anthropology,False,True,True
PRJEB72279,excluded,site_excluded,0,,,0,0,0,WASHINGTON UNIVERSITY SCHOOL OF MEDICINE,False,True,True
PRJEB73590,excluded,age_unknown_no_evidence,21,Hugho EA,Mmbaga BT,3,0,3,Technical University of Denmark,True,True,True
PRJEB73985,excluded,age_adult_only,0,,,0,0,0,UNIVERSITY HOHENHEIM,False,True,True
PRJEB74133,excluded,host_environmental,0,,,0,0,0,Australian National Phenome Centre,False,True,True
PRJEB74459,excluded,age_unknown_no_evidence,0,,,0,0,0,,False,False,True
PRJEB74999,excluded,assay_other_nonshotgun,0,,,0,0,0,Max Planck Institute for Evolutionary Anthropology,False,True,True
PRJEB75921,excluded,age_adult_only,0,,,0,0,0,01life,False,True,True
PRJEB75958,excluded,age_adult_only,22,Serrano-Villar S,Moreno S,1,0,1,Instituto Ramon y Cajal de Investigacion Sanitaria,True,True,True
PRJEB76399,excluded,host_environmental,0,,,0,0,0,"Centre for Genomic Epidemiology, National Food Institute, Technical University of Denmark (DTU), Denmark; Centre for Genomic Epidemiology",False,True,True
PRJEB77188,excluded,assay_other_nonshotgun,0,,,0,0,0,Max Planck Institute for Evolutionary Anthropology,False,True,True
PRJEB77410,excluded,age_unknown_no_evidence,0,,,0,0,0,Universidad del Rosario,False,True,True
PRJEB77936,excluded,assay_other_nonshotgun,0,,,0,0,0,Institute for Archaeological Sciences,False,True,True
PRJEB79367,excluded,age_unknown_no_evidence,0,,,0,0,0,Technical University of Denmark,False,True,False
PRJEB79896,included,,0,,,0,0,0,European Molecular Biology Laboratory,False,True,True
PRJEB80456,included,,23,Sun H,Dominguez Bello MG,1,1,0,,True,False,True
PRJEB81868,excluded,age_adult_only,0,,,0,0,0,Wageningen University and research Microbiology,False,True,True
PRJEB88042,excluded,site_excluded,0,,,0,0,0,Erasmus Medical Center,False,True,True
PRJEB89354,excluded,assay_amplicon,0,,,0,0,0,FISABIO- Public Health Research,False,True,True
PRJEB89891,excluded,age_unknown_no_evidence,0,,,0,0,0,University Hospital Center and University of Lausanne,False,True,True
PRJEB89986,excluded,assay_other_nonshotgun,0,,,0,0,0,CNRS UMR 5288,False,True,True
PRJEB90537,excluded,age_adult_only,0,,,0,0,0,"AARHUS UNIVERSITY, DENMARK",False,True,True
PRJEB91891,excluded,age_adult_only,0,,,0,0,0,Leibniz Institute for Immunotherapy,False,True,True
PRJEB92416,excluded,site_excluded,0,,,0,0,0,"INSTITUTE OF ENVIRONMENTAL BIOTECHNOLOGY, GRAZ UNIVERSITY OF TECHNOLOGY",False,True,True
PRJEB96854,excluded,host_environmental,0,,,0,0,0,Quadram Institute Bioscience,False,True,True
PRJEB9783,excluded,site_excluded,19,Günther T,Jakobsson M,1,0,1,UPPSALA UNIVERSITET,True,True,True
PRJNA1018335,excluded,assay_other_nonshotgun,0,,,0,0,0,"Shenzhen Uni-medica Technology CO., LTD",False,True,True
PRJNA1020637,excluded,age_adult_only,0,,,0,0,0,Universite Clermont Auvergne,False,True,True
PRJNA1060663,excluded,site_unknown,0,,,0,0,0,Shenzhen Nucleus Gene Technology,False,True,True
PRJNA1068104,excluded,site_excluded,0,,,0,0,0,Northwestern University,False,True,True
PRJNA1092797,human_review,,0,,,0,0,0,The chinese university of Hong Kong,False,True,True
PRJNA1097321,excluded,site_excluded,0,,,0,0,0,Sichuan University,False,True,True
PRJNA1097746,excluded,site_excluded,0,,,0,0,0,Sichuan University,False,True,True
PRJNA1150764,excluded,age_adult_only,0,,,0,0,0,First People's Hospital of Foshan,False,True,True
PRJNA1178550,excluded,age_adult_only,0,,,0,0,0,Chongqing Medical University,False,True,True
PRJNA1187541,excluded,site_excluded,15,Hyde VR,Shemesh OA,1,0,1,University of Pittsburgh,True,True,True
PRJNA1191807,excluded,age_maternal_only,0,,,0,0,0,The Third Affiliated Hospital of Zhengzhou University,False,True,True
PRJNA1193041,excluded,age_adult_only,0,,,0,0,0,Emory University,False,True,True
PRJNA1193546,excluded,age_unknown_no_evidence,0,,,0,0,0,the Third Affiliated hospital of ZhengZhou University,False,True,True
PRJNA1243050,excluded,assay_amplicon_misfiled,0,,,0,0,0,Northeast Agricultural University,False,True,True
PRJNA1274040,included,,0,,,0,0,0,Jilin Agricultural University,False,True,True
PRJNA1372905,excluded,host_environmental,0,,,0,0,0,Fudan University,False,True,True
PRJNA1378339,excluded,site_excluded,0,,,0,0,0,Leiden University Medical Center,False,True,True
PRJNA1400063,excluded,assay_other_nonshotgun,0,,,0,0,0,University of Oklahoma,False,True,True
PRJNA1401517,excluded,age_maternal_only,0,,,0,0,0,"Beijing Sanyuan Foods Co., Ltd.",False,True,True
PRJNA279445,excluded,site_excluded,0,,,0,0,0,"University of California, San Francisco",False,True,True
PRJNA318752,excluded,site_excluded,0,,,0,0,0,Institute for maternal and child health IRCCS Burlo Garofolo,False,True,True
PRJNA329512,excluded,site_excluded,0,,,0,0,0,"University of California, San Francisco and Abbott Laboratories, Inc.",False,True,True
PRJNA376449,excluded,host_synthetic,0,,,0,0,0,FDA; Advanced Virus Detection Technologies Interest Group (AVDTIG),False,True,True
PRJNA380606,excluded,host_environmental,0,,,0,0,0,"University of California, San Francisco",False,True,True
PRJNA381832,excluded,age_maternal_only,0,,,0,0,0,The University of Queensland,False,True,True
PRJNA419104,excluded,assay_other_nonshotgun,0,,,0,0,0,The chinese university of Hong Kong,False,True,True
PRJNA430482,excluded,age_maternal_only,0,,,0,0,0,VIRGINIA COMMONWEALTH UNIVERSITY,False,True,True
PRJNA544553,excluded,site_excluded,0,,,0,0,0,UNIVERSITY OF CHICAGO,False,True,True
PRJNA553595,excluded,age_maternal_only,0,,,0,0,0,EMORY UNIVERSITY,False,True,True
PRJNA566208,excluded,site_excluded,0,,,0,0,0,Vitalant Research Institute,False,True,True
PRJNA577062,excluded,assay_amplicon,0,,,0,0,0,Institute of Gene Biology,False,True,True
PRJNA605220,excluded,site_excluded,0,,,0,0,0,Pennsylvania State University College of Medicine,False,True,True
PRJNA610164,excluded,host_nonhuman,0,,,0,0,0,North- Eastern Hill University,False,True,True
PRJNA660895,excluded,site_excluded,0,,,0,0,0,KU Leuven,False,True,True
PRJNA666746,excluded,assay_amplicon,0,,,0,0,0,Presidency University,False,True,True
PRJNA669157,excluded,site_excluded,0,,,0,0,0,New York University,False,True,True
PRJNA674864,excluded,site_excluded,0,,,0,0,0,Vitalant Research Institute,False,True,True
PRJNA693793,included,,19,Beller L,Matthijnssens J,2,2,0,KU Leuven,True,True,True
PRJNA706787,excluded,assay_other_nonshotgun,0,,,0,0,0,Shaoxing people's hospital,False,True,True
PRJNA718483,excluded,assay_amplicon,0,,,0,0,0,Presidency University,False,True,True
PRJNA719067,excluded,site_excluded,0,,,0,0,0,"Nanfang Hospital, Southern Medical University",False,True,True
PRJNA722618,excluded,assay_amplicon,0,,,0,0,0,Southern Medical University; National Natural Science Foundation of China,False,True,True
PRJNA743182,excluded,assay_amplicon,0,,,0,0,0,Chongqing Medical University,False,True,True
PRJNA779715,excluded,assay_other_nonshotgun,0,,,0,0,0,Xinxiang Medical University,False,True,True
PRJNA810575,included,,9,Zhong Z,Zhang H,1,1,0,Inner Mongolia Agricultural University,True,True,True
PRJNA836346,excluded,site_excluded,0,,,0,0,0,DIPAS,False,True,True
PRJNA858501,excluded,site_excluded,0,,,0,0,0,Shandong University,False,True,True
PRJNA881329,excluded,age_adult_only,0,,,0,0,0,Emory University,False,True,True
PRJNA898682,excluded,age_adult_only,0,,,0,0,0,INSERM,False,True,True
PRJNA922711,excluded,assay_amplicon,0,,,0,0,0,Peking University Third Hospital,False,True,True
PRJNA937021,excluded,site_unknown,0,,,0,0,0,Affiliated Hospital of Qingdao University,False,True,True
PRJNA939375,excluded,assay_amplicon,0,,,0,0,0,Shenzhen Children's Hospital,False,True,True
PRJEB81356,excluded,host_nonhuman,0,,,0,0,0,"friedrich-loeffler-institut, institute of epidemiology; Friedrich-Loeffler-Institut, Institute of Epidemiology",False,True,True
PRJNA1088476,excluded,host_nonhuman,9,De Coninck L,Matthijnssens J,1,0,1,KU Leuven,True,True,True
PRJEB4261,excluded,host_environmental,6,Pitcher A,Sinninghe Damsté JS,1,0,1,"Radboud University Nijmegen, The Netherlands; Radboud University Nijmegen",True,True,True
PRJEB13486,excluded,host_environmental,0,,,0,0,0,UNIVERSITY OF THE WESTERN CAPE,False,True,True
PRJEB20456,excluded,host_nonhuman,0,,,0,0,0,KYOTO UNIVERSITY,False,True,True
PRJNA1298590,excluded,host_environmental,0,,,0,0,0,XJTLU,False,True,True
PRJNA1481385,excluded,host_environmental,0,,,0,0,0,Guizhou University,False,True,True
PRJNA1304734,excluded,site_unknown,0,,,0,0,0,University of Antwerp,False,True,True
PRJEB7460,excluded,host_environmental,0,,,0,0,0,Instituto de Bioquimica,False,True,True
PRJEB45356,included,,34,Hibberd MC,Gordon JI,3,2,0,WASHINGTON UNIVERSITY CENTER FOR GENOME SCIENCES,True,True,True
PRJEB24039,excluded,host_environmental,0,,,0,0,0,MPI-MM,False,True,True
PRJNA1067751,excluded,host_environmental,0,,,0,0,0,The university of Hong Kong,False,True,True
PRJNA1476063,excluded,host_environmental,0,,,0,0,0,SPC Armbiotechnology,False,True,True
PRJNA1214001,excluded,host_nonhuman,0,,,0,0,0,China Astronaut Research and Training Center,False,True,True
PRJNA564645,excluded,host_nonhuman,0,,,0,0,0,Institut National de la Recherche Scientifique,False,True,True
PRJEB72455,excluded,assay_other_nonshotgun,0,,,0,0,0,European Molecular Biology Laboratories - European Bioinformatics Institute,False,True,True
PRJNA1072153,excluded,host_nonhuman,0,,,0,0,0,University of California Davis,False,True,True
PRJEB55488,excluded,site_excluded,0,,,0,0,0,"the first affiliated hospital, zheng zhou university.; The First Affiliated Hospital, Zheng Zhou University.",False,True,True
PRJNA762108,excluded,host_environmental,0,,,0,0,0,Peking University,False,True,True
PRJEB73551,excluded,site_excluded,10,Wei E,Wang H,1,1,0,"the first affiliated hospital, zheng zhou university.; The First Affiliated Hospital, Zheng Zhou University.",True,True,True
PRJNA812588,excluded,host_environmental,0,,,0,0,0,FIOCRUZ,False,True,True
PRJNA1202586,excluded,host_environmental,0,,,0,0,0,The University of Adelaide,False,True,True
PRJNA1346051,excluded,host_nonhuman,0,,,0,0,0,Zhejiang University of Technology,False,True,True
PRJNA957956,excluded,host_environmental,0,,,0,0,0,AGH University of Science and Technology,False,True,True
PRJNA802998,excluded,host_environmental,0,,,0,0,0,Shantou University Medical College,False,True,True
PRJNA994900,excluded,site_excluded,0,,,0,0,0,Mersin University,False,True,True
PRJNA801862,excluded,site_excluded,0,,,0,0,0,R V College of Engineering; Xome Life Sciences Pvt Ltd,False,True,True
PRJNA846548,excluded,host_environmental,0,,,0,0,0,Bielefeld University,False,True,True
PRJEB97415,excluded,host_environmental,0,,,0,0,0,CIIMAR - Interdisciplinary Centre of Marine and Environmental Research,False,True,True
PRJNA563887,excluded,host_environmental,0,,,0,0,0,Center of Innovative and Applied Bioprocessing (CIAB),False,True,True
PRJEB42399,excluded,site_excluded,0,,,0,0,0,GENOME INSTITUTE OF SINGAPORE,False,True,True
PRJNA1117607,excluded,host_environmental,0,,,0,0,0,Shenzhen University,False,True,True
PRJNA693247,excluded,host_environmental,0,,,0,0,0,"Ifremer,UMR MARBEC (Marine Biodiversity, Exploitation and Conservation)",False,True,True
PRJNA914873,excluded,host_environmental,0,,,0,0,0,Sikkim University,False,True,True
PRJEB39758,excluded,site_excluded,0,,,0,0,0,HUG,False,True,True
PRJEB19949,excluded,host_environmental,0,,,0,0,0,AALBORG UNIVERSITY,False,True,True
PRJNA1114024,excluded,host_environmental,0,,,0,0,0,University College Cork,False,True,True
PRJNA609400,excluded,host_environmental,0,,,0,0,0,Indian Institute of Science,False,True,True
PRJEB14038,excluded,age_unknown_no_evidence,0,,,0,0,0,STATENS SERUM INSTITUT,False,True,True
PRJNA634461,excluded,host_environmental,0,,,0,0,0,HelmholtzZentrum Muenchen,False,True,True
PRJEB18265,excluded,age_unknown_no_evidence,0,,,0,0,0,RIPCM,False,True,True
PRJEB15706,excluded,host_environmental,0,,,0,0,0,Royal Netherlands Institute for Sea Research,False,True,True
PRJNA1505140,excluded,host_environmental,0,,,0,0,0,"College of Environmental Science and Engineering, Beijing University of Technology",False,True,True
PRJNA699582,excluded,host_nonhuman,0,,,0,0,0,King Juan Carlos University,False,True,True
PRJNA689378,excluded,site_unknown,0,,,0,0,0,SUPSI,False,True,True
PRJNA1037183,excluded,host_environmental,0,,,0,0,0,Nankai University,False,True,True
PRJNA1157596,excluded,host_environmental,0,,,0,0,0,Technical University of Denmark,False,True,True
PRJEB75710,excluded,assay_other_nonshotgun,0,,,0,0,0,Centre for Plant Biotechnology and Genomics,False,True,True
PRJNA827862,excluded,host_environmental,0,,,0,0,0,Nanjing Agricultural university,False,True,True
PRJNA733715,excluded,host_nonhuman,0,,,0,0,0,Texas Tech University; M.T.P. also acknowledges Conselho Nacional de Desenvolvimento Científico e Tecnológico (CNPq) and Coordenação de Aperfeiçoamento de Pessoal de Nível Superior - Brasil (CAPES) - Finance Code 001,False,True,True
PRJEB77374,excluded,host_nonhuman,0,,,0,0,0,Universitair Medisch Centrum Utrecht,False,True,True
PRJNA782211,excluded,host_nonhuman,0,,,0,0,0,Queen's University,False,True,True
PRJEB25289,excluded,host_nonhuman,0,,,0,0,0,Chengdu research base of giant panda breeding,False,True,True
PRJNA1066593,excluded,host_environmental,0,,,0,0,0,CNR,False,True,True
PRJNA1163982,excluded,host_environmental,0,,,0,0,0,,False,False,False
PRJEB10054,excluded,host_environmental,4,Stamps BW,Stevenson BS,1,0,1,University of Oklahoma - USA,True,True,True
PRJEB32945,excluded,host_environmental,0,,,0,0,0,"TIANJIN UNIVERSITY, TIANJIN, CHINA",False,True,True
PRJNA649531,excluded,host_nonhuman,0,,,0,0,0,Montana State University,False,True,True
PRJEB73276,excluded,assay_other_nonshotgun,0,,,0,0,0,Max Planck Institute for Evolutionary Anthropology,False,True,True
PRJEB25305,excluded,host_nonhuman,0,,,0,0,0,Chengdu research base of giant panda breeding,False,True,True
PRJEB30074,excluded,host_environmental,0,,,0,0,0,MGRAST,False,True,True
PRJNA763048,excluded,host_environmental,0,,,0,0,0,North-West University,False,True,True
PRJNA1149449,excluded,host_environmental,0,,,0,0,0,Universidad de Antofagasta,False,True,True
PRJEB40382,excluded,site_excluded,0,,,0,0,0,Latvian Biomedical Research and Study Centre,False,True,True
PRJNA1189028,excluded,host_environmental,0,,,0,0,0,Penn State,False,True,True
PRJNA1209542,excluded,host_environmental,0,,,0,0,0,Huazhong Agricultural University,False,True,True
PRJNA705398,excluded,host_environmental,0,,,0,0,0,East China University of Science and Technology,False,True,True
PRJEB63473,excluded,host_environmental,0,,,0,0,0,,False,False,True
PRJEB8015,excluded,host_nonhuman,0,,,0,0,0,National Research Centre on Camel (ICAR) - India,False,True,True
PRJNA1516236,excluded,host_environmental,0,,,0,0,0,China University of Geosciences Beijing,False,True,True
PRJNA1136791,excluded,host_environmental,0,,,0,0,0,Bharathidasan university,False,True,True
PRJNA1189846,excluded,site_unknown,0,,,0,0,0,Southern Medical University,False,True,True
PRJNA1224773,excluded,host_environmental,0,,,0,0,0,Emory University School of Medicine,False,True,True
PRJEB76295,excluded,assay_isolate_genome,0,,,0,0,0,University of California San Diego Microbiome Initiative,False,True,True
PRJNA953091,excluded,host_environmental,0,,,0,0,0,Tongji University,False,True,True
PRJEB45815,excluded,age_adult_only,0,,,0,0,0,Translational Research Institute,False,True,True
PRJNA1333621,excluded,host_environmental,0,,,0,0,0,Peking University,False,True,True
PRJNA1233945,excluded,host_environmental,0,,,0,0,0,Microbiology Institute of the Czech Academy of Sciences,False,True,True
PRJNA916612,excluded,host_environmental,0,,,0,0,0,"Institute of Botany, Chinese Academy of Sciences",False,True,True
PRJNA1234096,excluded,host_nonhuman,0,,,0,0,0,Animal and Plant Health Agency,False,True,True
PRJNA1196485,excluded,host_environmental,0,,,0,0,0,J. Craig Venter Institute,False,True,True
PRJNA1316145,excluded,host_environmental,0,,,0,0,0,DOE Joint Genome Institute,False,True,True
PRJNA630588,excluded,host_environmental,0,,,0,0,0,FDA,False,True,True
PRJEB41631,excluded,site_excluded,0,,,0,0,0,Helmholtz Institute for One Health,False,True,True
PRJNA1506164,excluded,host_nonhuman,0,,,0,0,0,Huzhou Normal University,False,True,True
PRJEB25268,excluded,host_nonhuman,0,,,0,0,0,Chengdu research base of giant panda breeding,False,True,True
PRJNA999451,excluded,host_nonhuman,0,,,0,0,0,Anhui Agricultural University,False,True,True
PRJEB44319,excluded,host_environmental,0,,,0,0,0,BELGIAN NUCLEAR RESEARCH CENTER (SCK-CEN),False,True,True
PRJEB73575,excluded,age_unknown_no_evidence,0,,,0,0,0,Warwick Medical School,False,True,True
PRJNA742939,excluded,host_nonhuman,0,,,0,0,0,Universidad Mayor,False,True,True
PRJNA1308152,excluded,host_nonhuman,0,,,0,0,0,Queen's University Belfast,False,True,True
PRJEB73327,excluded,host_environmental,0,,,0,0,0,University of California San Diego Microbiome Initiative,False,True,True
PRJEB33999,excluded,host_environmental,0,,,0,0,0,University of Exeter; UNIVERSITY OF EXETER,False,True,True
PRJNA729662,excluded,host_environmental,0,,,0,0,0,Campinas State University,False,True,True
PRJNA1126331,excluded,host_environmental,0,,,0,0,0,KOREA POLAR RESEARCH INSTITUTE,False,True,True
PRJEB46489,excluded,host_environmental,10,Ngo VQH,Bize A,1,0,1,INRAE Ile de France Jouy en Josas - Antony,True,True,True
PRJNA1344852,excluded,host_environmental,0,,,0,0,0,National Institute of Oceanography,False,True,True
PRJEB34014,excluded,host_environmental,0,,,0,0,0,AALBORG UNIVERSITY,False,True,True
PRJNA917057,excluded,site_unknown,0,,,0,0,0,East China Normal University,False,True,True
PRJNA890321,excluded,host_nonhuman,0,,,0,0,0,Henan Agricultural University,False,True,True
PRJEB107301,excluded,host_environmental,0,,,0,0,0,University of Trento,False,True,True
PRJNA875581,excluded,host_nonhuman,0,,,0,0,0,King Mongkut's University of Technology Thonburi,False,True,True
PRJEB19342,excluded,host_environmental,0,,,0,0,0,University of Strathclyde,False,True,True
PRJNA1470926,excluded,host_nonhuman,0,,,0,0,0,Ankang Academy of Agricultural Sciences,False,True,True
PRJEB5293,excluded,host_environmental,0,,,0,0,0,Marine Biological Laboratory,False,True,True
PRJEB27434,excluded,host_environmental,0,,,0,0,0,GATECH,False,True,True
PRJEB95934,excluded,host_environmental,0,,,0,0,0,University College Dublin,False,True,True
PRJNA1215273,excluded,host_environmental,0,,,0,0,0,Sun Yat-sen University,False,True,True
PRJNA821538,excluded,host_environmental,0,,,0,0,0,University of Alberta,False,True,True
PRJEB52498,excluded,host_nonhuman,0,,,0,0,0,University of California San Diego Microbiome Initiative,False,True,True
PRJEB28542,excluded,host_environmental,0,,,0,0,0,MGRAST,False,True,True
PRJEB18557,excluded,age_child_over_36m,0,,,0,0,0,SHANGHAI JIAO TONG UNIVERSITY,False,True,True
PRJEB104698,excluded,host_environmental,0,,,0,0,0,University of Vienna,False,True,True
PRJNA973817,excluded,host_nonhuman,0,,,0,0,0,Zhejiang University,False,True,True
PRJEB96078,excluded,host_nonhuman,0,,,0,0,0,University of California San Diego Microbiome Initiative,False,True,True
PRJNA530103,excluded,host_environmental,0,,,0,0,0,Helmholtz Centre for Environmental Research - UFZ,False,True,True
PRJNA725367,excluded,host_environmental,0,,,0,0,0,ICAR-National Dairy Research Institute,False,True,True
PRJEB60931,excluded,age_adult_only,5,Ramakrishnan G,Schrenzel J,1,0,1,HUG,True,True,True
PRJNA1309780,excluded,host_environmental,0,,,0,0,0,Central South University,False,True,True
PRJNA1311708,excluded,host_nonhuman,0,,,0,0,0,"Institute of Zoology, Chinese Academy of Sciences",False,True,True
PRJNA824667,human_review,,0,,,0,0,0,The Chinese University of Hong Kong,False,True,True
PRJEB62817,excluded,age_adult_only,14,Elbere I,Klovins J,1,0,1,Latvian Biomedical Research and Study Centre,True,True,True
PRJEB49241,excluded,age_adult_only,0,,,0,0,0,HUG,False,True,True
PRJNA1316614,excluded,host_environmental,0,,,0,0,0,DOE Joint Genome Institute,False,True,True
PRJNA1455205,excluded,host_environmental,0,,,0,0,0,Birla Institute of Technology and Science (BITS) Pilani K.K.Birla Goa Campus,False,True,True
PRJNA880624,excluded,host_nonhuman,10,De Coninck L,Matthijnssens J,1,0,2,KU Leuven,True,True,True
PRJNA174084,excluded,age_unknown_no_evidence,24,Bhatt AS,Meyerson M,1,0,1,Broad Institute,True,True,True
PRJNA649484,excluded,host_nonhuman,21,Santoro EP,Peixoto RS,1,0,1,University of Konstanz,True,True,True
PRJNA1333888,excluded,host_environmental,0,,,0,0,0,Helmholtz Centre for Environmental Research (UFZ); FINEST,False,True,True
PRJNA1417094,excluded,host_environmental,0,,,0,0,0,Sun Yat-sen University,False,True,True
PRJEB89425,excluded,host_nonhuman,0,,,0,0,0,University of Trento,False,True,True
PRJNA843110,excluded,host_environmental,0,,,0,0,0,University of Groningen,False,True,True
PRJNA995526,excluded,host_environmental,0,,,0,0,0,Radboud University,False,True,True
PRJNA1356331,excluded,host_environmental,0,,,0,0,0,Harbin Institute of Technology,False,True,True
PRJEB17693,excluded,host_environmental,0,,,0,0,0,UNIMIB,False,True,True
PRJEB26617,excluded,host_environmental,0,,,0,0,0,MGRAST,False,True,True
PRJNA723830,excluded,host_environmental,0,,,0,0,0,University of L'Aquila,False,True,True
PRJEB52959,excluded,host_environmental,0,,,0,0,0,FRIEDRICH SCHILLER UNIVERSITY JENA,False,True,True
PRJNA1269523,excluded,host_environmental,0,,,0,0,0,University of Oulu,False,True,True
PRJNA1315966,excluded,host_environmental,0,,,0,0,0,DOE Joint Genome Institute,False,True,True
PRJNA811524,excluded,host_environmental,0,,,0,0,0,Air Force Research Laboratory,False,True,True
PRJEB17505,excluded,host_environmental,0,,,0,0,0,ommonwealth Science and Industrial Research Organisation - Australia,False,True,True
PRJNA1369183,excluded,host_environmental,0,,,0,0,0,eGL,False,True,True
PRJEB35574,excluded,host_environmental,0,,,0,0,0,Centre National de la Recherche Scientifique,False,True,True
PRJNA1205774,excluded,host_environmental,0,,,0,0,0,U.S. Geological Survey,False,True,True
PRJNA907490,excluded,host_environmental,0,,,0,0,0,Charles Darwin University,False,True,True
PRJNA1055683,excluded,host_environmental,0,,,0,0,0,Chinese Academy of Sciences,False,True,True
PRJEB15630,excluded,host_environmental,0,,,0,0,0,University of California San Diego Microbiome Initiative,False,True,True
PRJNA1195233,excluded,host_nonhuman,0,,,0,0,0,Nanyang Technological University,False,True,True
PRJNA1151642,excluded,host_environmental,0,,,0,0,0,Princeton University,False,True,True
PRJEB87708,excluded,host_nonhuman,0,,,0,0,0,"Centre for Genomic Research, Institute of Integrative Biology, University of Liverpool, UK; Centre for Genomic Research",False,True,True
PRJNA1012656,excluded,host_environmental,0,,,0,0,0,University of Goettingen,False,True,True
PRJNA649958,excluded,host_environmental,0,,,0,0,0,University of Toronto,False,True,True
PRJEB101937,excluded,host_environmental,0,,,0,0,0,University of Helsinki,False,True,True
PRJNA1140403,excluded,host_nonhuman,0,,,0,0,0,Shaanxi Normal University,False,True,True
PRJNA774915,excluded,host_environmental,0,,,0,0,0,Peking University,False,True,True
PRJNA1240677,excluded,host_nonhuman,0,,,0,0,0,University of California Davis,False,True,True
PRJEB41184,excluded,site_excluded,0,,,0,0,0,CIDR_Guys and St. Thomas' Hospital NHS trust,False,True,True
PRJNA1088795,excluded,site_unknown,0,,,0,0,0,"China University of Geosciences, Beijing",False,True,True
PRJEB81869,excluded,host_environmental,0,,,0,0,0,University of Jaen,False,True,True
PRJNA1297429,excluded,host_nonhuman,7,Zaković S,Levashina EA,1,0,1,Max-Planck Insitute for Infections Biology,True,True,True
PRJNA1316310,excluded,host_environmental,0,,,0,0,0,DOE Joint Genome Institute,False,True,True
PRJNA1104283,excluded,host_nonhuman,0,,,0,0,0,The Pennsylvania State University,False,True,True
PRJNA933566,excluded,host_nonhuman,0,,,0,0,0,Biotechnology Center of Azores (CBA),False,True,True
PRJEB33717,excluded,host_environmental,0,,,0,0,0,UNIVERSITY OF WARWICK,False,True,True
PRJNA925009,excluded,host_environmental,0,,,0,0,0,Sikkim University,False,True,True
PRJNA730329,excluded,host_environmental,0,,,0,0,0,Zhejiang University of Technology,False,True,True
PRJEB51056,excluded,age_adult_only,0,,,0,0,0,HUG,False,True,True
PRJEB26472,excluded,age_adult_only,0,,,0,0,0,UNIVERSITY OF NEW SOUTH WALES,False,True,True
PRJEB35371,excluded,host_environmental,0,,,0,0,0,UNIVERSITY OF CALIFORNIA AT BERKELEY,False,True,True
PRJNA1122208,excluded,host_environmental,0,,,0,0,0,Oklahoma State University,False,True,True
PRJNA1200573,excluded,host_environmental,0,,,0,0,0,Radboud University,False,True,True
PRJEB25243,excluded,host_nonhuman,0,,,0,0,0,Chengdu research base of giant panda breeding,False,True,True
PRJNA895961,excluded,host_environmental,0,,,0,0,0,Nanyang Technological University,False,True,True
PRJNA1244270,excluded,host_environmental,0,,,0,0,0,Sun Yat-sen University,False,True,True
PRJEB35796,excluded,host_environmental,0,,,0,0,0,VRIJE UNIVERSITEIT BRUSSEL,False,True,True
PRJEB32005,excluded,host_environmental,0,,,0,0,0,MGRAST,False,True,True
PRJEB24843,excluded,assay_rna,10,Leo S,Ruppé E,1,0,1,HUG,True,True,True
PRJEB6972,included,,9,Ang L,Gueimonde M,1,1,0,"the first affiliated hospital, zheng zhou university.; the first affiliated hospital",True,True,True
PRJNA832417,excluded,host_environmental,41,Regalado JT,Calabon MS,2,0,2,"Monash University; Australian Centre for Ecogenomics, University of Queensland",True,True,True
PRJNA683981,excluded,host_environmental,0,,,0,0,0,"University of Agricultural Sciences, Bangalore",False,True,True
PRJNA1348760,excluded,host_nonhuman,0,,,0,0,0,Hunan Agricultural University,False,True,True
PRJNA1080186,excluded,host_environmental,0,,,0,0,0,Erciyes University,False,True,True
PRJEB67829,excluded,assay_other_nonshotgun,0,,,0,0,0,NATIONAL INSTITUTE OF HEALTH DR. RICARDO JORGE,False,True,True
PRJNA1079906,excluded,age_unknown_no_evidence,0,,,0,0,0,Lanzhou University,False,True,True
PRJEB15144,excluded,host_nonhuman,0,,,0,0,0,University of California San Diego Microbiome Initiative,False,True,True
PRJNA885990,excluded,host_nonhuman,0,,,0,0,0,Ewha Womans University,False,True,True
PRJNA1283045,excluded,host_environmental,0,,,0,0,0,Chinese Academy of Sciences,False,True,True
PRJNA1288361,excluded,host_environmental,0,,,0,0,0,Fujian Agriculture and Forestry University,False,True,True
PRJNA1335264,excluded,host_nonhuman,0,,,0,0,0,Fundacao Ezequiel Dias,False,True,True
PRJEB61294,excluded,site_unknown,0,,,0,0,0,guy's and st thomas' trust; Guy's and St Thomas' Trust,False,True,True
PRJNA1428499,excluded,host_environmental,0,,,0,0,0,wenzhou medical university,False,True,True
PRJNA994670,excluded,host_environmental,16,Lu X,Zhang W,1,0,1,The First Affiliated Hospital of Kunming Medical University,True,True,True
PRJEB27734,excluded,host_nonhuman,0,,,0,0,0,MGRAST,False,True,True
PRJNA818777,excluded,site_excluded,0,,,0,0,0,Peking University People's Hospital,False,True,True
PRJNA1226238,excluded,host_nonhuman,0,,,0,0,0,Masinde Muliro University of Science and Technology,False,True,True
PRJNA320352,excluded,host_environmental,0,,,0,0,0,School of Minerals Processing and Bioengineering,False,True,True
PRJNA1274600,excluded,host_environmental,0,,,0,0,0,Tongji University,False,True,True
PRJEB43505,excluded,age_adult_only,15,Genton L,Schrenzel J,1,0,1,HUG,True,True,True
PRJNA847758,excluded,host_environmental,0,,,0,0,0,Institute of Applied Ecology (CAS),False,True,True
PRJNA604218,excluded,host_nonhuman,0,,,0,0,0,Tecnologico de Monterrey,False,True,True
PRJEB29454,excluded,site_unknown,0,,,0,0,0,LSA-DISTAL-UNIBO,False,True,True
PRJNA685579,excluded,host_environmental,0,,,0,0,0,Concordia University,False,True,True
PRJNA822364,excluded,host_environmental,0,,,0,0,0,Beijing University of Technology,False,True,True
PRJEB77845,excluded,host_environmental,0,,,0,0,0,VRIJE UNIVERSITEIT BRUSSEL,False,True,True
PRJNA626440,excluded,host_nonhuman,0,,,0,0,0,National Veterinary Institute,False,True,True
PRJNA1359613,excluded,host_environmental,0,,,0,0,0,Tianjin Chengjian University,False,True,True
PRJNA1136686,excluded,host_environmental,0,,,0,0,0,NODE,False,True,True
PRJNA622891,excluded,host_environmental,0,,,0,0,0,Hanyang University,False,True,True
PRJEB49187,excluded,host_environmental,0,,,0,0,0,University of Vienna,False,True,True
PRJEB65300,excluded,site_excluded,0,,,0,0,0,"the first affiliated hospital, zheng zhou university.; The First Affiliated Hospital, Zheng Zhou University.",False,True,True
PRJNA1212528,excluded,host_nonhuman,0,,,0,0,0,California Institute of Technology,False,True,True
PRJEB9055,excluded,host_environmental,0,,,0,0,0,Universita degli studi di Milano,False,True,True
PRJNA1426145,excluded,host_environmental,0,,,0,0,0,Centro de Astrobiologia,False,True,True
PRJNA1278510,excluded,host_environmental,0,,,0,0,0,"Institute of Urban Environment, Chinese Academy of Sciences",False,True,True
PRJNA997821,excluded,host_environmental,35,Barcenilla C,Alvarez-Ordóñez A,3,0,3,Universidad de Leon,True,True,True
PRJNA992639,excluded,host_environmental,7,Kothe CI,Evans JD,1,0,1,DTU,True,True,True
PRJNA903666,excluded,host_nonhuman,0,,,0,0,0,University of Wisconsin-Madison,False,True,True
PRJNA689808,excluded,assay_other_nonshotgun,0,,,0,0,0,University of Georgia,False,True,True
PRJNA788363,excluded,host_environmental,0,,,0,0,0,University of Chinese Academy of Sciences,False,True,True
PRJNA1192393,excluded,host_environmental,0,,,0,0,0,Zhejiang university,False,True,True
PRJNA1150728,excluded,site_excluded,0,,,0,0,0,"Shenzhen Stomatology Hospital (Pingshan), Southern Medical University",False,True,True
PRJEB93866,excluded,age_unknown_no_evidence,0,,,0,0,0,Hannover Medical School,False,True,True
PRJNA816670,excluded,host_environmental,0,,,0,0,0,King Abdulaziz University,False,True,True
PRJNA677026,excluded,host_environmental,0,,,0,0,0,DOE Joint Genome Institute,False,True,True
PRJNA693684,excluded,host_environmental,0,,,0,0,0,University of Warwick,False,True,True
PRJDB39462,excluded,host_nonhuman,0,,,0,0,0,Qinghai University; NGDC,False,True,True
PRJEB25311,excluded,host_nonhuman,0,,,0,0,0,Chengdu research base of giant panda breeding,False,True,True
PRJEB62120,excluded,host_environmental,0,,,0,0,0,AZTI,False,True,True
PRJNA1026655,excluded,host_environmental,0,,,0,0,0,Shahjalal University of Science and Technology,False,True,True
PRJNA1086486,excluded,host_environmental,0,,,0,0,0,Indian Institute of Technology Kharagpur,False,True,True
PRJNA636637,excluded,host_nonhuman,0,,,0,0,0,Kangwon National University,False,True,True
PRJEB32732,human_review,,0,,,0,0,0,LSA-DISTAL-UNIBO,False,True,True
PRJNA784933,excluded,host_environmental,0,,,0,0,0,Fisheries and Oceans Canada,False,True,True
PRJEB28611,excluded,host_environmental,0,,,0,0,0,Southwest University of Science and Technology,False,True,True
PRJDB24652,excluded,host_environmental,7,Tan X,Ma B,1,0,1,Zhejiang University; NGDC,True,True,True
PRJNA1201944,excluded,host_environmental,0,,,0,0,0,Indian Institute of Technology Madras,False,True,True
PRJNA715635,excluded,host_environmental,0,,,0,0,0,Al-Farabi Kazakh National University,False,True,True
PRJNA1128403,excluded,host_environmental,0,,,0,0,0,SRM UNIVERSITY,False,True,True
PRJNA735193,excluded,site_excluded,0,,,0,0,0,UMass Medical School,False,True,True
PRJNA698956,excluded,host_environmental,0,,,0,0,0,"Instituto de Ingenieria, Universidad Nacional Autonoma de Mexico",False,True,True
PRJNA995914,excluded,host_environmental,0,,,0,0,0,SUStech,False,True,True
PRJNA657696,excluded,host_environmental,0,,,0,0,0,Gujarat Biotechnology Research Centre,False,True,True
PRJEB77847,excluded,host_nonhuman,0,,,0,0,0,European Bioinformatics Institute; VRIJE UNIVERSITEIT BRUSSEL,False,True,True
PRJNA752523,excluded,host_environmental,0,,,0,0,0,Ecologie Systematique Evolution,False,True,True
PRJEB34573,excluded,host_environmental,0,,,0,0,0,Swedish University of Agricultural Sciences,False,True,True
PRJEB15404,excluded,host_environmental,0,,,0,0,0,TEXAS A&M CORPUS CHRISTI,False,True,True
PRJNA940603,excluded,host_nonhuman,0,,,0,0,0,Guangdong Provincial Peoples Hospital,False,True,True
PRJEB75510,excluded,site_unknown,0,,,0,0,0,Institute of Medical Microbiology,False,True,True
PRJEB44552,excluded,host_nonhuman,0,,,0,0,0,University of California San Diego Microbiome Initiative,False,True,True
PRJNA1214983,excluded,host_environmental,0,,,0,0,0,China Three Gorges University,False,True,True
PRJNA993412,excluded,host_environmental,0,,,0,0,0,University of the Punjab,False,True,True
PRJNA1298566,excluded,host_environmental,0,,,0,0,0,Zhejiang Academy of Agricultural Sciences,False,True,True
PRJEB89784,excluded,host_environmental,0,,,0,0,0,GFZ German Research Centre for Geosciences,False,True,True
PRJNA1196024,excluded,host_environmental,0,,,0,0,0,College of Environmental Science and Engineering,False,True,True
PRJEB104476,excluded,assay_isolate_genome,0,,,0,0,0,Indian Biological Data Centre,False,True,True
PRJDB28475,excluded,host_nonhuman,0,,,0,0,0,"Institute of Apicultural Research, Chinese Academy of Agricultual Sciences",False,True,True
PRJEB25313,excluded,host_nonhuman,0,,,0,0,0,Chengdu research base of giant panda breeding,False,True,True
PRJNA1157583,excluded,age_adult_only,0,,,0,0,0,Nanjing Drum Tower Hospital,False,True,True
PRJNA1074139,excluded,host_environmental,0,,,0,0,0,University of Utah,False,True,True
PRJEB23251,excluded,host_environmental,0,,,0,0,0,Max Planck Institute for Chemistry,False,True,True
PRJNA698417,excluded,host_environmental,0,,,0,0,0,Zhejiang University,False,True,True
PRJEB20376,excluded,host_environmental,0,,,0,0,0,Universidade Federal do Para - Brazil,False,True,True
PRJNA1192737,excluded,host_environmental,0,,,0,0,0,"Institute of Urban Environment, CAS",False,True,True
PRJNA947631,excluded,host_environmental,0,,,0,0,0,Michigan Technological University,False,True,True
PRJNA1204907,excluded,host_nonhuman,0,,,0,0,0,Northwest A& F University,False,True,True
PRJEB20595,excluded,site_excluded,13,Lazarevic V,Schrenzel J,1,0,1,HUG,True,True,True
PRJNA470588,excluded,host_environmental,0,,,0,0,0,Carnegie Institute of Science,False,True,True
PRJNA754110,excluded,host_environmental,0,,,0,0,0,Ecologie Systematique Evolution,False,True,True
PRJEB20233,excluded,host_environmental,0,,,0,0,0,"Teagasc Food Research Centre, Ireland; Teagasc Food Research Centre",False,True,True
PRJEB111880,excluded,host_environmental,0,,,0,0,0,Computational Biology Lab,False,True,True
PRJNA771993,excluded,host_environmental,6,Eltokhy MA,Ashour MSE,1,0,1,HITS Solutions,True,True,True
PRJNA698773,excluded,host_nonhuman,16,Lugli GA,Ventura M,2,0,2,University of Parma,True,True,True
PRJEB41642,excluded,host_environmental,0,,,0,0,0,INSTITUT UNIVERSITAIRE EUROPEEN DE LA MER,False,True,True
PRJNA540872,excluded,host_environmental,0,,,0,0,0,Universidad de Antofagasta,False,True,True
PRJEB45090,excluded,assay_isolate_genome,9,Condamine B,Clermont O,1,1,0,UMR 1137 IAME,True,True,True
PRJEB49124,excluded,age_adult_only,0,,,0,0,0,GENOME INSTITUTE OF SINGAPORE,False,True,True
PRJNA895727,excluded,host_nonhuman,0,,,0,0,0,"College of Pharmacy, Suez Canal University, Ismailia, Egypt; Engy Mahmoud, Amro Hanora, Salah Abdalla, Ali A Abdelrahman Ahmed, Samira Zakeer",False,True,True
PRJNA1264977,excluded,host_environmental,0,,,0,0,0,Chinese Academy of Sciences,False,True,True
PRJEB59175,excluded,host_environmental,0,,,0,0,0,ISGlobal,False,True,True
PRJDB42228,excluded,host_environmental,0,,,0,0,0,"Faculty of Applied Biological Sciences, Gifu University; Gifu University",False,True,True
PRJNA852874,excluded,host_environmental,0,,,0,0,0,Beijing Academy of Agriculture and Forestry Sciences,False,True,True
PRJNA876804,excluded,age_child_over_36m,16,Liu Q,Ng SC,1,1,0,The Chinese University of Hong Kong,True,True,True
PRJNA807392,excluded,host_environmental,0,,,0,0,0,Chinese Academy of Sciences,False,True,True
PRJNA1032851,excluded,host_environmental,0,,,0,0,0,Tsinghua University,False,True,True
PRJNA1312618,excluded,site_unknown,0,,,0,0,0,Tsinghua university,False,True,True
PRJEB39759,excluded,site_excluded,0,,,0,0,0,HUG,False,True,True
PRJEB57944,excluded,site_excluded,10,Lazarevic V,Schrenzel J,1,0,1,HUG,True,True,True
PRJNA893184,excluded,host_nonhuman,0,,,0,0,0,Memorial University of Newfoundland,False,True,True
PRJEB26809,excluded,host_environmental,0,,,0,0,0,UNIVERSITY OF GOTHENBURG,False,True,True
PRJNA806991,excluded,host_environmental,0,,,0,0,0,Centro de Investigaciones y Servicios en Microscopia Electronica,False,True,True
PRJEB36414,excluded,host_environmental,0,,,0,0,0,UNIMIB,False,True,True
PRJEB17929,excluded,host_environmental,0,,,0,0,0,"School of Computing Science, Newcastle University",False,True,True
PRJNA616577,excluded,host_environmental,0,,,0,0,0,DOE Joint Genome Institute,False,True,True
PRJEB63639,excluded,site_excluded,0,,,0,0,0,,False,False,True
PRJEB21520,excluded,host_environmental,0,,,0,0,0,"INSTITUTE OF BIOCHEMISTRY AND BIOPHYSICS, POLISH ACADEMY OF SCIENCES",False,True,True
PRJNA1332074,excluded,host_environmental,0,,,0,0,0,Guizhou university,False,True,True
PRJNA495079,excluded,host_nonhuman,6,Altan E,Delwart E,1,0,1,Blood Systems Research Institute,True,True,True
PRJNA996601,excluded,host_environmental,0,,,0,0,0,College of Charleston,False,True,True
PRJNA1074928,excluded,host_environmental,0,,,0,0,0,Lawrence Berkeley National Laboratory,False,True,True
PRJNA944573,excluded,host_nonhuman,0,,,0,0,0,"Zoology Entomology laboratory, Central Veterinary Laboratory, Kabete Nairobi, Kenya",False,True,True
PRJDB15925,excluded,host_environmental,0,,,0,0,0,Collaborative Research Center of Okayama University for Infectious Diseases in India; NAGOYA,False,True,True
PRJNA1029732,excluded,host_nonhuman,0,,,0,0,0,Hong Kong Baptist University,False,True,True
PRJNA1159756,excluded,assay_amplicon,0,,,0,0,0,University of Leon; Microbiome applications for sustainable food systems through technologies and enterprise,False,True,True
PRJNA1315684,excluded,host_environmental,0,,,0,0,0,DOE Joint Genome Institute,False,True,True
PRJNA678578,excluded,host_environmental,0,,,0,0,0,Sun Yat-sen University,False,True,True
PRJNA1101222,excluded,host_environmental,0,,,0,0,0,University of Warwick,False,True,True
PRJNA1438287,excluded,host_environmental,0,,,0,0,0,UNAM,False,True,True
PRJNA1266393,excluded,host_environmental,0,,,0,0,0,Guilin University Of Electronic Technology,False,True,True
PRJNA1208217,excluded,host_nonhuman,0,,,0,0,0,"Department of Veterinary and Animal Sciences, University of Copenhagen, Denmark",False,True,True
PRJNA1315791,excluded,host_environmental,0,,,0,0,0,DOE Joint Genome Institute,False,True,True
PRJNA1331212,excluded,host_environmental,0,,,0,0,0,Hangzhou Normal University,False,True,True
PRJNA1092822,excluded,host_environmental,0,,,0,0,0,South China Agricultural University,False,True,True
PRJEB1352,excluded,host_environmental,0,,,0,0,0,Sun Yat-sen University,False,True,True
PRJNA60545,excluded,host_environmental,11,Pacchioni RG,Agnez-Lima LF,1,0,1,LNCC; Metagenome NE,True,True,True
PRJNA905328,excluded,age_adult_only,10,Ding Y,Yu J,1,1,0,The Chinese University of Hong Kong,True,True,True
PRJEB45412,excluded,host_environmental,0,,,0,0,0,European Molecular Biology Laboratory,False,True,True
PRJNA1393330,excluded,host_environmental,0,,,0,0,0,City University of Hong Kong,False,True,True
PRJNA1456373,excluded,host_environmental,0,,,0,0,0,Sathyabama Institute of Science and Technology,False,True,True
PRJNA1297091,excluded,host_environmental,0,,,0,0,0,Shenyang Agricultural University,False,True,True
PRJNA855455,excluded,host_environmental,0,,,0,0,0,MHRA,False,True,True
PRJNA1205900,excluded,host_environmental,0,,,0,0,0,University of Puerto Rico,False,True,True
PRJNA1115109,excluded,host_environmental,0,,,0,0,0,"Instituto de Ingenieria, Universidad Nacional Autonoma de Mexico",False,True,True
PRJNA556989,excluded,host_environmental,0,,,0,0,0,Sna Diego State University,False,True,True
PRJNA904214,excluded,host_environmental,0,,,0,0,0,University of Chinese Academy of Sciences,False,True,True
PRJEB53824,excluded,host_nonhuman,0,,,0,0,0,"Center for Biotechnology, Bielefeld University; Center for Biotechnology",False,True,True
PRJNA1216895,excluded,host_environmental,0,,,0,0,0,Zhejiang University,False,True,True
PRJNA1074714,excluded,host_environmental,0,,,0,0,0,Dairy Research Institute of Asturias- Spanish National Research Council (IPLA-CSIC),False,True,True
PRJEB19060,excluded,host_environmental,0,,,0,0,0,TECHNION-ISRAEL INSTITUTE OF TECHNOLOGY,False,True,True
PRJNA703333,excluded,host_environmental,0,,,0,0,0,Indian Institute of Science; Presidency University,False,True,True
PRJEB25487,excluded,host_nonhuman,0,,,0,0,0,Chengdu research base of giant panda breeding,False,True,True
PRJNA627655,excluded,host_environmental,0,,,0,0,0,Marine Biological Laboratory; University Duisburg-Essen,False,True,True
PRJEB22134,excluded,host_environmental,0,,,0,0,0,,False,False,True
PRJEB14489,excluded,host_nonhuman,0,,,0,0,0,University of California San Diego Microbiome Initiative,False,True,True
PRJNA1229866,excluded,site_unknown,0,,,0,0,0,Kunming University of Science and Technology,False,True,True
PRJEB105551,excluded,site_excluded,0,,,0,0,0,Lucent International Collaboration,False,True,True
PRJEB87497,excluded,host_environmental,0,,,0,0,0,Kyushu University,False,True,True
PRJEB26171,excluded,site_excluded,0,,,0,0,0,IHU - Mediterranee Infection,False,True,True
PRJNA1097767,excluded,host_environmental,0,,,0,0,0,China University of Geosciences Beijing,False,True,True
PRJNA1345893,excluded,host_nonhuman,0,,,0,0,0,UAE University,False,True,True
PRJNA1004982,excluded,age_adult_only,0,,,0,0,0,The Chinese University of Hong Kong,False,True,True
PRJEB9641,excluded,assay_amplicon,0,,,0,0,0,Omya International AG,False,True,True
PRJEB25238,excluded,host_nonhuman,0,,,0,0,0,Chengdu research base of giant panda breeding,False,True,True
PRJNA1198110,excluded,host_nonhuman,10,Rouse N,Huntington KB,1,0,1,University of Anchorage Alaska,True,True,True
PRJNA813429,excluded,host_environmental,0,,,0,0,0,Lanzhou University,False,True,True
PRJEB26474,excluded,age_adult_only,0,,,0,0,0,UNIVERSITY OF NEW SOUTH WALES,False,True,True
PRJNA664263,excluded,assay_isolate_genome,0,,,0,0,0,University of Science and Technology of China,False,True,True
PRJNA1074233,excluded,host_environmental,0,,,0,0,0,University of Genoa,False,True,True
PRJNA916620,excluded,host_nonhuman,0,,,0,0,0,Chinese Academy of Sciences,False,True,True
PRJNA809667,excluded,host_nonhuman,0,,,0,0,0,University of the Pacific,False,True,True
PRJNA1396687,excluded,host_environmental,0,,,0,0,0,Shanghai Ocean University,False,True,True
PRJEB25304,excluded,host_nonhuman,0,,,0,0,0,Chengdu research base of giant panda breeding,False,True,True
PRJEB29118,excluded,host_environmental,0,,,0,0,0,UNIVERSITE DE LYON,False,True,True
PRJEB45869,excluded,host_environmental,0,,,0,0,0,BELGIAN NUCLEAR RESEARCH CENTER (SCK-CEN),False,True,True
PRJNA274897,excluded,host_environmental,0,,,0,0,0,Battelle Memorial Institute; Gulf Coast Restoration Organization,False,True,True
PRJEB27553,excluded,host_nonhuman,0,,,0,0,0,MGRAST,False,True,True
PRJEB47581,excluded,host_environmental,6,Jacksch S,Egert M,1,0,1,Furtwangen University,True,True,True
PRJNA934142,excluded,host_nonhuman,0,,,0,0,0,ICAR-Central Citrus Research Institute,False,True,True
PRJNA526389,excluded,host_environmental,0,,,0,0,0,Institute for Water and Wastewater,False,True,True
PRJNA745034,excluded,host_nonhuman,0,,,0,0,0,Hebei University,False,True,True
PRJNA1082613,excluded,host_environmental,0,,,0,0,0,Yanbian University,False,True,True
PRJNA1329040,excluded,host_environmental,0,,,0,0,0,CSIR-NEERI,False,True,True
PRJNA617006,excluded,host_environmental,0,,,0,0,0,DOE Joint Genome Institute,False,True,True
PRJNA872486,excluded,host_environmental,0,,,0,0,0,University College Dublin,False,True,True
PRJEB30762,excluded,host_nonhuman,0,,,0,0,0,"Center for Biotechnology, Bielefeld University; Center for Biotechnology",False,True,True
PRJNA1134639,excluded,host_nonhuman,0,,,0,0,0,Lab. of Animal Microbiology,False,True,True
PRJNA511822,excluded,host_environmental,0,,,0,0,0,Nankai University,False,True,True
PRJNA673084,excluded,host_environmental,0,,,0,0,0,Leibniz Institute of Freshwater Ecology and Inland Fisheries,False,True,True
PRJNA894514,excluded,host_environmental,0,,,0,0,0,Palmer LTER; Bowman Lab,False,True,True
PRJEB30901,excluded,host_environmental,0,,,0,0,0,European Molecular Biology Laboratory,False,True,True
PRJNA1021612,excluded,host_nonhuman,0,,,0,0,0,Washington University in St. Louis,False,True,True
PRJNA984432,excluded,host_environmental,0,,,0,0,0,Shandong University,False,True,True
PRJNA1114803,excluded,host_environmental,0,,,0,0,0,University of Oregon,False,True,True
PRJNA772929,excluded,host_environmental,0,,,0,0,0,"G.Natadze Sanitation, Hygiene and Medical Ecology Scientific-Research Institute",False,True,True
PRJNA833246,excluded,host_environmental,0,,,0,0,0,Macquarie University,False,True,True
PRJNA629057,excluded,host_environmental,0,,,0,0,0,Nanjing University of Science and Technology,False,True,True
PRJEB13233,excluded,host_environmental,0,,,0,0,0,EAWAG,False,True,True
PRJNA1271711,excluded,host_environmental,0,,,0,0,0,"East China Sea Fisheries Research Institute, Chinese Academy of Fishery Sciences",False,True,True
PRJEB27546,excluded,host_nonhuman,0,,,0,0,0,MGRAST,False,True,True
PRJEB72431,excluded,site_excluded,0,,,0,0,0,"the first affiliated hospital, zheng zhou university.; The First Affiliated Hospital, Zheng Zhou University.",False,True,True
PRJNA1218914,excluded,host_environmental,0,,,0,0,0,The University of Queensland,False,True,True
PRJNA1403447,excluded,host_environmental,0,,,0,0,0,Swiss Federal Research Institute WSL,False,True,True
PRJNA827603,excluded,age_adult_only,0,,,0,0,0,Shanghai Tenth Peoples Hospital,False,True,True
PRJNA983699,excluded,host_environmental,0,,,0,0,0,"Instituto de Ingenieria, Universidad Nacional Autonoma de Mexico",False,True,True
PRJEB86943,excluded,host_environmental,0,,,0,0,0,Edmund Mach Foundation,False,True,True
PRJEB30374,excluded,host_environmental,0,,,0,0,0,"TIANJIN UNIVERSITY, TIANJIN, CHINA",False,True,True
PRJEB7458,excluded,host_environmental,0,,,0,0,0,Instituto de Bioquimica,False,True,True
PRJEB61774,excluded,site_excluded,0,,,0,0,0,"the first affiliated hospital, zheng zhou university.; The First Affiliated Hospital, Zheng Zhou University.",False,True,True
PRJEB38258,excluded,age_adult_only,0,,,0,0,0,NOTTINGHAM TRENT UNIVERSITY,False,True,True
PRJNA1258732,excluded,host_environmental,0,,,0,0,0,Indian Institute of Science Education and Research Kolkata,False,True,True
PRJNA875098,excluded,host_nonhuman,0,,,0,0,0,Lehigh University; Connectivity of Coral Ecosystems in the Northwestern Gulf of Mexico (CYCLE),False,True,True
PRJNA1232646,excluded,host_environmental,0,,,0,0,0,Los Alamos National Laboratory,False,True,True
PRJEB52722,excluded,host_environmental,0,,,0,0,0,university of oxford; University of Oxford,False,True,True
PRJNA875893,excluded,host_environmental,0,,,0,0,0,The university of Hong Kong,False,True,True
PRJNA861836,excluded,host_environmental,0,,,0,0,0,University of Tasmania,False,True,True
PRJNA1299723,excluded,host_environmental,0,,,0,0,0,China University of Geosciences Beijing,False,True,True
PRJEB66265,excluded,age_adult_only,0,,,0,0,0,University of Birmingham,False,True,True
PRJEB18527,excluded,host_environmental,0,,,0,0,0,Universidade Federal do Para - Brazil,False,True,True
PRJEB25223,excluded,site_excluded,0,,,0,0,0,Wellcome Sanger Institute,False,True,True
PRJNA639009,excluded,host_environmental,0,,,0,0,0,Zhejiang University,False,True,True
PRJNA1207962,excluded,host_nonhuman,0,,,0,0,0,INSTITUTO NACIONAL DE INVESTIGACION Y TECNOLOGIA AGRARIA Y ALIMENTARIA,False,True,True
PRJEB52754,excluded,host_nonhuman,0,,,0,0,0,"Norwegian Institute for Nature Research, Hogskoleringen 9, NO-7047 Trondheim; Norwegian Institute for Nature Research",False,True,True
PRJEB49015,excluded,host_environmental,0,,,0,0,0,university of veterinary medicine vienna / food microbiology; University of Veterinary Medicine Vienna / Food Microbiology,False,True,True
PRJNA1445877,excluded,host_environmental,0,,,0,0,0,Beijing Academy of Agriculture and Forestry Sciences,False,True,True
PRJNA1268191,excluded,host_environmental,0,,,0,0,0,Jinan University,False,True,True
PRJNA677027,excluded,host_environmental,0,,,0,0,0,DOE Joint Genome Institute,False,True,True
PRJNA1307284,excluded,host_nonhuman,0,,,0,0,0,Tokyo University of Marine Science and Technology,False,True,True
PRJNA1260057,excluded,host_environmental,0,,,0,0,0,CSIRO; AGRF,False,True,True
PRJEB25468,excluded,host_nonhuman,0,,,0,0,0,Chengdu research base of giant panda breeding,False,True,True
PRJNA747032,excluded,host_nonhuman,6,Gaulke CA,Sharpton TJ,1,1,0,University of Illinois Urbana,True,True,True
PRJNA591636,excluded,host_environmental,0,,,0,0,0,"University of Natural Resources and Life Sciences, Vienna",False,True,True
PRJNA919155,excluded,host_environmental,0,,,0,0,0,Sun Yat-sen University,False,True,True
PRJNA957232,excluded,host_environmental,0,,,0,0,0,Ocean University of China - Yushan Campus,False,True,True
PRJNA1270713,excluded,host_environmental,0,,,0,0,0,University of Florida,False,True,True
PRJEB20068,excluded,host_environmental,0,,,0,0,0,GATECH,False,True,True
PRJEB38353,excluded,host_environmental,0,,,0,0,0,Reseacrh center,False,True,True
PRJNA639577,excluded,host_nonhuman,0,,,0,0,0,Blood Systems Research Institute,False,True,True
PRJNA1262354,excluded,host_environmental,19,Gschwind R,Ruppé E,1,0,1,Max-Delbrueck-Center; EMBARK,True,True,True
PRJNA1290492,excluded,host_environmental,0,,,0,0,0,Southwest University,False,True,True
PRJNA1026874,excluded,host_environmental,0,,,0,0,0,Fujian Agriculture and Forestry University,False,True,True
PRJEB30264,excluded,host_environmental,0,,,0,0,0,MGRAST,False,True,True
PRJNA1127313,excluded,host_environmental,0,,,0,0,0,Agricultural Genomics institute at Shenzhen,False,True,True
PRJNA1036620,excluded,host_environmental,0,,,0,0,0,Georgia Institute of Technology,False,True,True
PRJEB100967,excluded,host_nonhuman,0,,,0,0,0,University Hospital Center and University of Lausanne,False,True,True
PRJNA1415829,excluded,host_environmental,0,,,0,0,0,Southern Illinois University-Carbondale,False,True,True
PRJEB52002,excluded,host_environmental,0,,,0,0,0,faculty of science,False,True,True
PRJEB42791,excluded,host_environmental,0,,,0,0,0,HELMHOLTZ CENTRE FOR ENVIRONMENTAL RESEARCH - UFZ.,False,True,True
PRJNA1048732,excluded,host_nonhuman,0,,,0,0,0,UTMN,False,True,True
PRJNA742890,excluded,host_environmental,0,,,0,0,0,Baskent University,False,True,True
PRJEB115261,excluded,age_adult_only,0,,,0,0,0,Hannover Medical School,False,True,True
PRJEB55523,excluded,host_environmental,0,,,0,0,0,VRIJE UNIVERSITEIT BRUSSEL,False,True,True
PRJEB81461,excluded,host_environmental,0,,,0,0,0,The Novo Nordisk Foundation Center for Basic Metabolic Research,False,True,True
PRJEB44705,excluded,site_unknown,0,,,0,0,0,Popescu Lab,False,True,True
PRJEB100587,excluded,host_environmental,0,,,0,0,0,Natural Resources Institute Finland,False,True,True
PRJEB3364,excluded,host_nonhuman,0,,,0,0,0,"Anand Agricultural University, India; Anand Agricultural University",False,True,True
PRJNA943124,excluded,host_environmental,0,,,0,0,0,University of Pretoria,False,True,True
PRJNA1111395,excluded,host_environmental,0,,,0,0,0,Norwegian University of Life Sciences,False,True,True
PRJNA592367,excluded,host_environmental,0,,,0,0,0,University of Pretoria,False,True,True
PRJNA1460539,excluded,host_environmental,0,,,0,0,0,Yangzhou University,False,True,True
PRJEB41866,human_review,,0,,,0,0,0,GENOME INSTITUTE OF SINGAPORE,False,True,True
PRJNA666546,excluded,site_unknown,0,,,0,0,0,CSIR-National Chemical Laboratory,False,True,True
PRJNA666226,excluded,assay_other_nonshotgun,0,,,0,0,0,University of Guelph,False,True,True
PRJEB27548,excluded,host_nonhuman,0,,,0,0,0,MGRAST,False,True,True
PRJEB14374,excluded,site_excluded,0,,,0,0,0,UBC,False,True,True
PRJNA907387,excluded,host_environmental,3,Williams C,Grettenberger C,1,0,1,University of California Davis,True,True,True
PRJEB21259,included,,23,Dziegiel AH,Mather AE,2,1,0,Wellcome Sanger Institute,True,True,True
PRJNA995622,excluded,host_nonhuman,0,,,0,0,0,zhengzhou University,False,True,True
PRJNA887818,excluded,host_environmental,0,,,0,0,0,Lagos state university,False,True,True
PRJNA730326,excluded,host_environmental,0,,,0,0,0,Zhejiang University of Technology,False,True,True
PRJEB6337,excluded,age_adult_only,0,,,0,0,0,"the first affiliated hospital, zheng zhou university.; the first affiliated hospital",False,True,True
PRJNA1039473,excluded,host_environmental,0,,,0,0,0,Sun Yat-sen University,False,True,True
PRJEB25476,excluded,host_nonhuman,0,,,0,0,0,Chengdu research base of giant panda breeding,False,True,True
PRJNA689293,excluded,host_environmental,0,,,0,0,0,Shantou University,False,True,True
PRJEB21978,excluded,host_environmental,0,,,0,0,0,"Center for Biotechnology, Bielefeld University; Center for Biotechnology",False,True,True
PRJEB6317,excluded,host_environmental,0,,,0,0,0,"Center for Biotechnology, Bielefeld University; Center for Biotechnology",False,True,True
PRJNA776740,excluded,host_environmental,0,,,0,0,0,"University of Warsaw, Faculty of Biology",False,True,True
PRJEB27769,excluded,host_environmental,0,,,0,0,0,"Center for Biotechnology, Bielefeld University; Center for Biotechnology",False,True,True
PRJNA1227241,excluded,host_environmental,2,Kanaan G,Deming JW,1,0,1,University of Washington,True,True,True
PRJEB23497,excluded,assay_other_nonshotgun,0,,,0,0,0,UMR5557,False,True,True
PRJEB25291,excluded,host_nonhuman,0,,,0,0,0,Chengdu research base of giant panda breeding,False,True,True
PRJEB14051,excluded,host_environmental,0,,,0,0,0,UNIVERSITY OF GOTHENBURG,False,True,True
PRJNA1036684,excluded,host_nonhuman,0,,,0,0,0,The University of Melbourne,False,True,True
PRJNA1060349,included,,9,Sawhney SS,Dantas G,1,1,0,Washington University in Saint Louis,True,True,True
PRJEB11421,excluded,host_environmental,0,,,0,0,0,CNRS and university of Rennes 1,False,True,True
PRJNA804019,excluded,host_environmental,0,,,0,0,0,University of Exeter,False,True,True
PRJNA609227,excluded,host_environmental,0,,,0,0,0,University of Padova,False,True,True
PRJNA1083228,excluded,host_environmental,0,,,0,0,0,University of Maryland Center for Environmental Science,False,True,True
PRJEB96349,excluded,host_environmental,0,,,0,0,0,"Centre for Genomic Epidemiology, National Food Institute, Technical University of Denmark (DTU), Denmark; Centre for Genomic Epidemiology",False,True,True
PRJNA1282885,excluded,host_environmental,0,,,0,0,0,University of Eastern Finland,False,True,True
PRJNA836174,excluded,host_environmental,0,,,0,0,0,National University of Singapore,False,True,True
PRJNA957541,excluded,host_environmental,0,,,0,0,0,The University of Adelaide,False,True,True
PRJEB20169,excluded,host_environmental,0,,,0,0,0,LABORATORIO NACIONAL DE CIENCIA E TECNOLOGIA DO BI,False,True,True
PRJNA1088887,excluded,host_environmental,0,,,0,0,0,Tsinghua University,False,True,True
PRJNA1370942,excluded,host_nonhuman,0,,,0,0,0,Arizona State University,False,True,True
PRJNA1078764,excluded,host_environmental,0,,,0,0,0,Zhejiang University,False,True,True
PRJNA1150661,excluded,host_environmental,0,,,0,0,0,SIKKIM UNIVERSITY,False,True,True
PRJEB85558,excluded,host_environmental,0,,,0,0,0,AALBORG UNIVERSITY,False,True,True
PRJNA493815,excluded,host_environmental,0,,,0,0,0,IGA Technology Services Srl,False,True,True
PRJEB28553,excluded,site_excluded,0,,,0,0,0,Hannover Medical School,False,True,True
PRJEB28133,excluded,host_environmental,0,,,0,0,0,CONCORDIA UNIVERSITY CENTRE FOR STRUCTURAL AND FUNCTIONAL GENOMICS,False,True,True
PRJNA1018603,excluded,host_environmental,0,,,0,0,0,Fudan University,False,True,True
PRJNA1179940,excluded,host_environmental,0,,,0,0,0,University of Strathclyde,False,True,True
PRJNA327423,excluded,assay_other_nonshotgun,0,,,0,0,0,UCSD; David Pride,False,True,True
PRJNA1260800,excluded,host_environmental,0,,,0,0,0,Sichuan University of Science & Engineering,False,True,True
PRJNA1011525,excluded,host_nonhuman,0,,,0,0,0,UNESP/FCAV,False,True,True
PRJNA756245,excluded,host_environmental,0,,,0,0,0,Ecologie Systematique Evolution,False,True,True
PRJEB13870,excluded,age_adult_only,2,Tisza MJ,Buck CB,1,0,1,Beijing Chaoyang Hospita,True,True,True
PRJEB27545,excluded,host_nonhuman,0,,,0,0,0,MGRAST,False,True,True
PRJNA1294541,excluded,host_environmental,0,,,0,0,0,"""Sapienza"" University of Rome",False,True,True
PRJNA1042967,excluded,host_environmental,0,,,0,0,0,University of Queensland,False,True,True
PRJEB6616,excluded,host_environmental,0,,,0,0,0,UNIMIB,False,True,True
PRJNA1309836,excluded,host_environmental,0,,,0,0,0,Zhengzhou University,False,True,True
PRJNA1420845,excluded,host_environmental,0,,,0,0,0,North-West University,False,True,True
PRJEB47358,excluded,age_adult_only,0,,,0,0,0,Universidad San Francisco de Quito,False,True,True
PRJEB64334,excluded,host_nonhuman,16,Brealey JC,Limborg MT,1,0,1,"Norwegian Institute for Nature Research, Hogskoleringen 9, NO-7047 Trondheim; Norwegian Institute for Nature Research",True,True,True
PRJEB26778,excluded,host_environmental,0,,,0,0,0,MPI-MM,False,True,True
PRJNA482015,excluded,host_environmental,0,,,0,0,0,University of Waterloo,False,True,True
PRJEB44214,excluded,age_adult_only,11,Abbas M,Lazarevic V,1,0,1,HUG,True,True,True
PRJNA1455576,excluded,host_environmental,0,,,0,0,0,Florida Gulf Coast University,False,True,True
PRJEB1798,excluded,host_environmental,0,,,0,0,0,Linnaeus University,False,True,True
PRJNA1359392,excluded,host_environmental,0,,,0,0,0,Shanghai Academy of Environmental Sciences,False,True,True
PRJNA795278,excluded,host_environmental,0,,,0,0,0,University of Essex,False,True,True
PRJEB29238,excluded,host_environmental,0,,,0,0,0,Centre for Structural and Functional Genomics,False,True,True
PRJNA1142390,excluded,age_unknown_no_evidence,0,,,0,0,0,Chinese Academy of Medical Sciences and Peking Union Medical College,False,True,True
PRJEB28480,excluded,host_environmental,0,,,0,0,0,MGRAST,False,True,True
PRJEB18679,excluded,age_unknown_no_evidence,0,,,0,0,0,National Food Institute,False,True,True
PRJNA487362,excluded,host_environmental,0,,,0,0,0,University of Puerto Rico at Mayaguez,False,True,True
PRJNA1430137,excluded,host_environmental,0,,,0,0,0,Beijing Academy of Agriculture and Forestry Sciences,False,True,True
PRJNA869028,excluded,host_nonhuman,0,,,0,0,0,Federal Research and Clinical Centre of Physical-Chemical Medicine,False,True,True
PRJNA682926,excluded,host_environmental,0,,,0,0,0,NORCE Norwegian Research Centre AS,False,True,True
PRJNA1390667,excluded,age_adult_only,16,Guo S,He Z,1,1,0,Sun Yat-sen University,True,True,True
PRJNA1190189,excluded,host_environmental,0,,,0,0,0,China Medical University Hospital,False,True,True
PRJNA1150940,excluded,host_environmental,0,,,0,0,0,SIKKIM UNIVERSITY,False,True,True
PRJEB13117,excluded,host_environmental,0,,,0,0,0,Naseer,False,True,True
PRJEB12949,excluded,host_environmental,0,,,0,0,0,"Center for Biotechnology, Bielefeld University; Center for Biotechnology",False,True,True
PRJNA1244318,excluded,host_environmental,0,,,0,0,0,University of Sao Paulo Luiz de Queiroz College of Agriculture,False,True,True
PRJEB18041,excluded,age_adult_only,0,,,0,0,0,Federal Research Clinical Centre of Physical-Chemical Medicine,False,True,True
PRJEB37431,excluded,host_environmental,0,,,0,0,0,UNIVERSITY OF HONG KONG,False,True,True
PRJEB110279,excluded,host_environmental,0,,,0,0,0,YORK UNIVERSITY,False,True,True
PRJEB35343,excluded,host_nonhuman,0,,,0,0,0,UNIVERSITY OF WARWICK,False,True,True
PRJNA322166,excluded,site_unknown,0,,,0,0,0,Universite d'Auvergne,False,True,True
PRJNA900314,excluded,host_environmental,0,,,0,0,0,Nanjing Agricultural University,False,True,True
PRJNA1005703,excluded,assay_other_nonshotgun,0,,,0,0,0,The Pennsylvania State University,False,True,True
PRJEB28830,excluded,host_environmental,0,,,0,0,0,MGRAST,False,True,True
PRJNA1424715,excluded,host_nonhuman,0,,,0,0,0,Bangor University,False,True,True
PRJDB39578,excluded,host_environmental,0,,,0,0,0,"Research Center for Eco-Environmental Sciences, Chinese Academy of Sciences; NGDC",False,True,True
PRJEB9579,excluded,host_environmental,0,,,0,0,0,Centre National de la Recherche Scientifique,False,True,True
PRJEB63309,excluded,site_excluded,0,,,0,0,0,Wellcome Sanger Institute,False,True,True
PRJNA633302,excluded,host_environmental,0,,,0,0,0,Houhai University,False,True,True
PRJNA1394705,excluded,host_environmental,0,,,0,0,0,Hebei GEO University,False,True,True
PRJEB54740,excluded,host_environmental,0,,,0,0,0,Centre National de la Recherche Scientifique,False,True,True
PRJDB38973,excluded,host_nonhuman,0,,,0,0,0,Fudan University,False,True,True
PRJNA653389,excluded,host_environmental,0,,,0,0,0,DOE Joint Genome Institute,False,True,True
PRJEB33675,excluded,host_environmental,0,,,0,0,0,DTU-CFB,False,True,True
PRJEB22782,excluded,host_environmental,0,,,0,0,0,Geological Survey of Finland,False,True,True
PRJNA1338579,excluded,host_environmental,0,,,0,0,0,National University of Singapore,False,True,True
PRJNA305995,excluded,host_environmental,0,,,0,0,0,Peking University,False,True,True
PRJNA873110,excluded,host_environmental,0,,,0,0,0,KTH Royal Institute of Technology,False,True,True
PRJEB30896,excluded,host_environmental,0,,,0,0,0,European Molecular Biology Laboratory,False,True,True
PRJNA1404893,excluded,host_environmental,0,,,0,0,0,Dalian University,False,True,True
PRJEB102391,excluded,host_nonhuman,0,,,0,0,0,UNIVERSITY OF GLASGOW,False,True,True
PRJNA1069881,excluded,assay_isolate_genome,0,,,0,0,0,Anhui Normal University,False,True,True
PRJNA607664,excluded,host_nonhuman,0,,,0,0,0,North-West University,False,True,True
PRJNA738174,excluded,site_excluded,0,,,0,0,0,UMass Medical School,False,True,True
PRJEB20527,excluded,assay_amplicon,11,Denner DR,White SR,1,0,1,UNIVERSITY OF CHICAGO,True,True,True
PRJEB32184,excluded,age_child_over_36m,0,,,0,0,0,WASHINGTON UNIVERSITY CENTER FOR GENOME SCIENCES,False,True,True
PRJEB87291,excluded,site_excluded,0,,,0,0,0,GENOME INSTITUTE OF SINGAPORE,False,True,True
PRJEB30819,excluded,host_environmental,0,,,0,0,0,MGRAST,False,True,True
PRJNA874672,excluded,host_environmental,0,,,0,0,0,National Energy Technology Laboratory | Leidos,False,True,True
PRJNA1117763,excluded,host_environmental,0,,,0,0,0,Roma 3,False,True,True
PRJEB105562,excluded,site_excluded,0,,,0,0,0,Southern Medical University,False,True,True
PRJDB12993,excluded,host_environmental,0,,,0,0,0,Okayama University; OKA_MDPS,False,True,True
PRJNA489229,excluded,host_environmental,0,,,0,0,0,"Inner Mongolia agricultural university, college of life science",False,True,True
PRJNA852537,excluded,host_environmental,0,,,0,0,0,Center of Innovative and Applied Bioprocessing (CIAB),False,True,True
PRJEB44108,excluded,site_excluded,7,Nguyen A,Berkane N,1,0,1,HUG,True,True,True
PRJNA883831,excluded,host_environmental,0,,,0,0,0,NORCE (Norwegian Research Centre ),False,True,True
PRJNA1521118,excluded,host_environmental,0,,,0,0,0,Jinan university,False,True,True
PRJEB37023,excluded,host_environmental,0,,,0,0,0,LEIBNIZ INSTITUTE FOR BALTIC SEA RESEARCH,False,True,True
PRJNA644361,excluded,host_environmental,0,,,0,0,0,Univeristy of Veterinary Medicine Budapest,False,True,True
PRJNA1362958,excluded,host_environmental,0,,,0,0,0,North West University,False,True,True
PRJNA1225594,excluded,site_excluded,0,,,0,0,0,Soochow University,False,True,True
PRJEB37772,excluded,host_environmental,0,,,0,0,0,Max Planck Institute of Molecular Cell Biology and Genetics,False,True,True
PRJEB18063,excluded,host_environmental,0,,,0,0,0,UNIVERSITY OF CAMBRIDGE,False,True,True
PRJNA1034090,excluded,age_adult_only,0,,,0,0,0,Peking University People's Hospital,False,True,True
PRJEB25320,excluded,host_nonhuman,0,,,0,0,0,Chengdu research base of giant panda breeding,False,True,True
PRJEB89273,excluded,site_excluded,0,,,0,0,0,GENOME INSTITUTE OF SINGAPORE,False,True,True
PRJNA937258,excluded,host_environmental,0,,,0,0,0,Northwestern University; NUSeq Core Facility Northwestern University,False,True,True
PRJNA1033528,excluded,host_environmental,0,,,0,0,0,Guangxi University,False,True,True
PRJNA695014,excluded,host_environmental,0,,,0,0,0,University of Waterloo,False,True,True
PRJEB81735,human_review,,0,,,0,0,0,sothern medical university; Sothern Medical University,False,True,True
PRJNA1272773,excluded,host_environmental,0,,,0,0,0,Jinan University,False,True,True
PRJNA816614,excluded,host_nonhuman,0,,,0,0,0,Jeonbuk National University,False,True,True
PRJNA1081790,excluded,host_environmental,6,Jia P,Zhang W,1,0,1,Chinese Academy of Sciences,True,True,True
PRJEB72287,excluded,host_nonhuman,0,,,0,0,0,faculty of forestry and wood sciences; Faculty of Forestry and Wood Sciences,False,True,True
PRJEB56877,excluded,host_environmental,0,,,0,0,0,"biology centre of the czech academy of sciences, institute of hydrobiology; Biology Centre of the Czech Academy of Sciences, Institute of Hydrobiology",False,True,True
PRJEB25303,excluded,host_nonhuman,0,,,0,0,0,Chengdu research base of giant panda breeding,False,True,True
PRJEB25316,excluded,host_nonhuman,0,,,0,0,0,Chengdu research base of giant panda breeding,False,True,True
PRJNA176586,excluded,host_nonhuman,0,,,0,0,0,Anand Agricultural University,False,True,True
PRJEB25270,excluded,host_nonhuman,0,,,0,0,0,Chengdu research base of giant panda breeding,False,True,True
PRJNA1102006,excluded,host_environmental,0,,,0,0,0,Baskent University,False,True,True
PRJEB85659,excluded,host_environmental,0,,,0,0,0,sun yat-sen university,False,True,True
PRJNA1336410,excluded,host_environmental,0,,,0,0,0,Virginia Tech,False,True,True
PRJNA1371656,excluded,host_environmental,0,,,0,0,0,Chinese Academy of Agricultural Sciences,False,True,True
PRJNA991280,excluded,host_environmental,0,,,0,0,0,Shanghai Jiao Tong University,False,True,True
PRJNA704056,excluded,host_nonhuman,4,Beyi AF,Plummer PJ,1,0,1,Iowa State University,True,True,True
PRJNA847771,excluded,host_environmental,0,,,0,0,0,Bangor University,False,True,True
PRJNA1474270,excluded,host_environmental,0,,,0,0,0,Beijing University of Technology,False,True,True
PRJDB35788,excluded,site_excluded,0,,,0,0,0,"Department of Infectious Diseases, Kobe Institute of Health; Kobe Institute of Health",False,True,True
PRJNA478120,excluded,host_environmental,0,,,0,0,0,Sun Yat-sen University,False,True,True
PRJEB46763,excluded,host_environmental,0,,,0,0,0,Aarhus University,False,True,True
PRJNA1311500,excluded,host_environmental,0,,,0,0,0,Molecular Biology Laboratory,False,True,True
PRJNA1420060,excluded,host_environmental,0,,,0,0,0,Tsinghua university,False,True,True
PRJEB29175,excluded,host_environmental,0,,,0,0,0,MGRAST,False,True,True
PRJNA749030,excluded,host_environmental,0,,,0,0,0,Chinese Academy of Sciences,False,True,True
PRJNA1123258,excluded,host_environmental,0,,,0,0,0,University of Chemistry and Technology Prague,False,True,True
PRJEB82662,excluded,host_nonhuman,0,,,0,0,0,University of Exeter; UNIVERSITY OF EXETER,False,True,True
PRJEB27144,excluded,host_environmental,0,,,0,0,0,KU LEUVEN - UNIVERSITY OF LEUVEN,False,True,True
PRJNA694851,excluded,host_environmental,0,,,0,0,0,Sikkim University (central university),False,True,True
PRJNA694361,excluded,host_environmental,0,,,0,0,0,Tianjin University,False,True,True
PRJEB27896,excluded,host_environmental,0,,,0,0,0,YORK UNIVERSITY,False,True,True
PRJEB25672,human_review,,0,,,0,0,0,Unilever,False,True,True
PRJNA803473,excluded,host_environmental,0,,,0,0,0,PROIMI-CONICET,False,True,True
PRJNA1163511,excluded,host_environmental,0,,,0,0,0,ICAR-National Rice Research Institute,False,True,True
PRJEB97175,excluded,host_environmental,0,,,0,0,0,Norwegian University of Life Sciences,False,True,True
PRJEB19890,excluded,host_environmental,0,,,0,0,0,FUDAN UNIVERSITY,False,True,True
PRJNA1016429,excluded,host_environmental,0,,,0,0,0,McGill University,False,True,True
PRJEB93969,excluded,host_environmental,0,,,0,0,0,Department of clinical science University of Bergen,False,True,True
PRJEB41865,human_review,,0,,,0,0,0,GENOME INSTITUTE OF SINGAPORE,False,True,True
PRJEB20877,excluded,site_excluded,7,Leo S,Schrenzel J,1,0,1,HUG,True,True,True
PRJNA1021400,excluded,host_environmental,0,,,0,0,0,CNR,False,True,True
PRJNA1130617,excluded,host_environmental,24,Leung PM,Greening C,3,0,3,Monash University,True,True,True
PRJEB20562,excluded,host_environmental,0,,,0,0,0,"SCIENCE FOR LIFE LABORATORY, KTH ROYAL INSTITUTE OF TECHNOLOGY",False,True,True
PRJNA1403823,excluded,host_environmental,0,,,0,0,0,"China University of Geosciences, Beijing",False,True,True
PRJEB60740,excluded,host_nonhuman,0,,,0,0,0,University of California San Diego Microbiome Initiative,False,True,True
PRJEB97942,excluded,site_excluded,0,,,0,0,0,"Institut fuer Medizinische Mikrobiologie und Hygiene, Universitaetsklinikum Freiburg; Institut fuer Medizinische Mikrobiologie und Hygiene",False,True,True
PRJNA629517,excluded,host_environmental,13,Schreiber L,Greer CW,1,0,1,National Research Council Canada,True,True,True
PRJEB37532,excluded,host_environmental,0,,,0,0,0,"RADBOUD UNIVERSITY, Department Microbiology",False,True,True
PRJNA1054491,excluded,site_unknown,0,,,0,0,0,Center for Disease Prevention and Control of PLA,False,True,True
PRJNA992360,excluded,host_environmental,0,,,0,0,0,Shanghai Jiao Tong University,False,True,True
PRJEB20768,excluded,host_environmental,0,,,0,0,0,RADBOUD UNIVERSITY,False,True,True
PRJNA1316775,excluded,host_environmental,0,,,0,0,0,DOE Joint Genome Institute,False,True,True
PRJNA643787,excluded,host_nonhuman,0,,,0,0,0,National Research Council Canada,False,True,True
PRJEB13329,excluded,host_environmental,0,,,0,0,0,CENTRE FOR GEOGENETICS,False,True,True
PRJEB31033,excluded,host_nonhuman,0,,,0,0,0,"Center for Biotechnology, Bielefeld University; Center for Biotechnology",False,True,True
PRJNA592050,excluded,host_environmental,9,Stauning MA,Opintan JA,1,0,1,Rigshospitalet,True,True,True
PRJNA906950,excluded,host_nonhuman,0,,,0,0,0,Robert Koch Institute,False,True,True
PRJNA1105849,excluded,host_environmental,0,,,0,0,0,Indian Institute of Technology Delhi,False,True,True
PRJNA1315961,excluded,host_nonhuman,0,,,0,0,0,DOE Joint Genome Institute,False,True,True
PRJEB12762,excluded,host_environmental,0,,,0,0,0,UNIVERSIDAD NACIONAL AUTONOMA DE MEXICO,False,True,True
PRJNA978980,excluded,host_environmental,0,,,0,0,0,East China Normal University,False,True,True
PRJNA1023507,excluded,assay_amplicon,0,,,0,0,0,Foundation for Research and Technology Hellas,False,True,True
PRJNA982692,excluded,host_environmental,0,,,0,0,0,Chalmers University of Technology,False,True,True
PRJNA1400228,excluded,host_environmental,0,,,0,0,0,Shantou University,False,True,True
PRJNA490486,excluded,host_environmental,0,,,0,0,0,Queens University Belfast,False,True,True
PRJNA1095672,excluded,host_environmental,0,,,0,0,0,University of Newcastle,False,True,True
PRJNA1058373,excluded,host_environmental,0,,,0,0,0,"China University of Geosciences, Wuhan",False,True,True
PRJNA889689,excluded,host_environmental,0,,,0,0,0,Warsaw University of Technology,False,True,True
PRJNA880369,excluded,assay_rna,0,,,0,0,0,National Research Council Canada,False,True,True
PRJNA1401941,excluded,host_environmental,0,,,0,0,0,Huazhong Agricultural University,False,True,True
PRJEB6559,excluded,host_environmental,0,,,0,0,0,"Haifa University, Leon H. Charney School of Marine Sciences - Israel",False,True,True
PRJEB114667,excluded,host_environmental,0,,,0,0,0,AALBORG UNIVERSITY,False,True,True
PRJNA1237693,excluded,host_environmental,0,,,0,0,0,Tsinghua university,False,True,True
PRJEB21503,excluded,site_excluded,0,,,0,0,0,NATIONAL FOOD INSTITUTE - DTU,False,True,True
PRJNA811528,excluded,host_environmental,0,,,0,0,0,Georgetown University,False,True,True
PRJNA475330,excluded,host_environmental,0,,,0,0,0,University of Duisburg-Essen,False,True,True
PRJNA506850,excluded,host_environmental,9,Fogler K,Ponder MA,1,0,1,7362178464,True,True,True
PRJNA1062905,excluded,host_environmental,0,,,0,0,0,Tsinghua University,False,True,True
PRJNA640737,excluded,host_environmental,0,,,0,0,0,Agricultural Biotechnology Research Institute of Iran (ABRII),False,True,True
PRJNA1151839,excluded,site_excluded,12,Zhang Q,Ma L,1,0,1,Shenzhen University,True,True,True
PRJNA1221291,excluded,host_nonhuman,0,,,0,0,0,Bowie State University,False,True,True
PRJNA1454001,excluded,host_environmental,0,,,0,0,0,China University of Geosciences (Beijing),False,True,True
PRJNA1377671,excluded,host_nonhuman,0,,,0,0,0,University of Al Dhaid,False,True,True
PRJNA449814,excluded,host_environmental,0,,,0,0,0,Hamburg University of Technology,False,True,True
PRJNA1206304,human_review,,0,,,0,0,0,ZHEJIANG A&F UNIVERSITY,False,True,True
PRJNA1283065,excluded,host_environmental,0,,,0,0,0,"Ram Lal Anand College, University of Delhi",False,True,True
PRJEB90452,excluded,host_nonhuman,45,Papaiakovou M,Doyle SR,1,0,0,Wellcome Sanger Institute,True,True,False
PRJEB95926,excluded,host_environmental,0,,,0,0,0,University of Antwerp,False,True,True
PRJEB29579,excluded,host_environmental,0,,,0,0,0,UNIVERSITY OF CAPE TOWN,False,True,True
PRJNA898068,excluded,host_nonhuman,0,,,0,0,0,China Agricultural University,False,True,True
PRJNA639411,excluded,host_environmental,0,,,0,0,0,The University of Hong Kong,False,True,True
PRJNA454878,excluded,host_nonhuman,0,,,0,0,0,Universidad de Chile,False,True,True
PRJNA1387195,excluded,assay_isolate_genome,0,,,0,0,0,Nanjing Agricultural University,False,True,True
PRJNA1117086,excluded,host_environmental,0,,,0,0,0,Dalian University of Technology,False,True,True
PRJEB85511,excluded,host_environmental,0,,,0,0,0,UNIVERSITY OF GLASGOW,False,True,True
PRJEB49144,excluded,host_environmental,0,,,0,0,0,"Center for Biotechnology, Bielefeld University; Center for Biotechnology",False,True,True
PRJEB45413,excluded,host_environmental,0,,,0,0,0,CONICET,False,True,True
PRJEB106892,included,,51,Espinosa CA,Childhood Acute Illness and Nutrition (CHAIN) Network,1,1,0,Wellcome Sanger Institute,True,True,True
PRJEB25318,excluded,host_nonhuman,0,,,0,0,0,Chengdu research base of giant panda breeding,False,True,True
PRJEB26357,excluded,age_adult_only,0,,,0,0,0,UNIVERSITY OF NEW SOUTH WALES,False,True,True
PRJNA1397319,excluded,host_environmental,0,,,0,0,0,Southwest University,False,True,True
PRJNA1008921,excluded,host_environmental,0,,,0,0,0,Zoological Survey of India,False,True,True
PRJNA673456,excluded,host_environmental,0,,,0,0,0,"Delft University of Technology, The Netherlands",False,True,True
PRJNA811790,excluded,host_environmental,10,Rahlff J,Probst AJ,1,0,1,University Duisburg-Essen,True,True,True
PRJNA1237329,excluded,host_nonhuman,0,,,0,0,0,University of Bologna,False,True,True
PRJNA46221,excluded,host_environmental,0,,,0,0,0,Yale Univ.,False,True,True
PRJNA508542,excluded,host_environmental,0,,,0,0,0,Universidad Autonoma de Nuevo Leon,False,True,True
PRJNA1024077,excluded,host_environmental,0,,,0,0,0,University of the Free State,False,True,True
PRJEB44898,excluded,site_excluded,11,Michel C,Hites M,1,0,1,HUG,True,True,True
PRJNA995807,excluded,age_adult_only,0,,,0,0,0,The Chinese University of Hong Kong,False,True,True
PRJEB8036,excluded,host_nonhuman,0,,,0,0,0,National Research Centre on Camel (ICAR) - India,False,True,True
PRJEB36155,excluded,host_environmental,0,,,0,0,0,WESTERN UNIVERSITY,False,True,True
PRJEB25239,excluded,host_nonhuman,0,,,0,0,0,Chengdu research base of giant panda breeding,False,True,True
PRJNA800532,excluded,host_environmental,0,,,0,0,0,DOE Joint Genome Institute,False,True,True
PRJNA1429343,excluded,host_environmental,0,,,0,0,0,Anhui Polytechnic University,False,True,True
PRJNA1327464,excluded,host_nonhuman,0,,,0,0,0,West Virginia State University,False,True,True
PRJEB63570,included,,15,Pearse O,Heinz E,2,0,0,Wellcome Sanger Institute,True,True,True
PRJEB7866,excluded,host_environmental,0,,,0,0,0,Marine Biological Laboratory,False,True,True
PRJEB55072,excluded,site_excluded,0,,,0,0,0,"the first affiliated hospital, zheng zhou university.; The First Affiliated Hospital, Zheng Zhou University.",False,True,True
PRJEB12757,excluded,host_nonhuman,0,,,0,0,0,Bangor University; BANGOR UNIVERSITY,False,True,True
PRJNA1291112,excluded,host_nonhuman,0,,,0,0,0,Chinese Academy of Agricultural Sciences,False,True,True
PRJNA1033173,excluded,host_environmental,0,,,0,0,0,Leibniz Institute of Freshwater Ecology and Inland Fisheries,False,True,True
PRJEB45443,included,,19,Lee MJ,Kim BS,2,2,0,Ewha Womans University,True,True,True
PRJNA1068933,excluded,host_environmental,0,,,0,0,0,China Agricultural University,False,True,True
PRJEB10867,excluded,host_nonhuman,0,,,0,0,0,Southern Medical University,False,True,True
PRJEB54966,excluded,site_excluded,0,,,0,0,0,instituto de investigacao e inovacao em saude; Instituto de Investigacao e Inovacao em Saude,False,True,True
PRJEB28097,excluded,age_adult_only,0,,,0,0,0,WEIZMANN INSTITUE OF SCIENCE,False,True,True
PRJNA380428,excluded,host_nonhuman,0,,,0,0,0,Universidad Cientifica del Sur,False,True,True
PRJEB25319,excluded,host_nonhuman,0,,,0,0,0,Chengdu research base of giant panda breeding,False,True,True
PRJEB87752,excluded,host_nonhuman,0,,,0,0,0,WELLCOME SANGER INSTITUTE; London School of Hygiene & Tropical Medicine,False,True,True
PRJNA1196425,excluded,host_environmental,0,,,0,0,0,DTU Fodevareinstituttet,False,True,True
PRJNA752793,excluded,host_environmental,0,,,0,0,0,Qingdao institute of bioenergy and biotechnology,False,True,True
PRJNA1107355,excluded,host_environmental,0,,,0,0,0,Quadram Institute Bioscience,False,True,True
PRJNA1302168,excluded,host_environmental,0,,,0,0,0,Oswaldo Cruz Foundation,False,True,True
PRJNA1348772,excluded,host_nonhuman,0,,,0,0,0,Hunan Agricultural University,False,True,True
PRJNA1258082,excluded,host_environmental,0,,,0,0,0,East China Normal University,False,True,True
PRJNA1216632,excluded,host_environmental,0,,,0,0,0,"1. Institute of Deep-sea Science and Engineering, The Chinese Academy of Sciences",False,True,True
PRJNA663846,excluded,host_nonhuman,0,,,0,0,0,Chinese Academy of Fishery Sciences,False,True,True
PRJEB38431,excluded,host_environmental,0,,,0,0,0,Dangchenyuan,False,True,True
PRJEB13833,excluded,host_environmental,0,,,0,0,0,"Centre for Genomic Epidemiology, National Food Institute, Technical University of Denmark (DTU), Denmark; Centre for Genomic Epidemiology",False,True,True
PRJNA559851,excluded,host_environmental,0,,,0,0,0,University of Missouri,False,True,True
PRJEB35816,excluded,age_adult_only,12,Leo S,Huttner BD,1,0,1,HUG,True,True,True
PRJNA922352,human_review,,0,,,0,0,0,Shanghai Tenth Peoples Hospital,False,True,True
PRJNA1279060,excluded,assay_isolate_genome,0,,,0,0,0,University of Qinghai,False,True,True
PRJNA1217837,excluded,host_nonhuman,0,,,0,0,0,University of Pittsburgh,False,True,True
PRJNA641785,excluded,host_environmental,0,,,0,0,0,University of Trento,False,True,True
PRJEB25511,excluded,host_nonhuman,0,,,0,0,0,Chengdu research base of giant panda breeding,False,True,True
PRJEB47445,excluded,age_unknown_no_evidence,0,,,0,0,0,Institut de Recherche pour le Developpement,False,True,True
PRJNA746311,excluded,host_environmental,0,,,0,0,0,University of Georgia,False,True,True
PRJNA1082878,excluded,host_environmental,0,,,0,0,0,UK Centre for Ecology and Hydrology,False,True,True
PRJEB27549,excluded,host_nonhuman,0,,,0,0,0,MGRAST,False,True,True
PRJEB108131,excluded,age_adult_only,0,,,0,0,0,Maastricht University Medical Center+,False,True,True
PRJNA431961,excluded,host_environmental,8,Herbold CW,Cary SC,1,0,1,"International Centre for Terrestrial Antarctic Research, University of Waikato, New Zealand",True,True,True
PRJNA1097007,excluded,host_environmental,0,,,0,0,0,"Institute of Special Animal and Plant Sciences, Chinese Academy of Agricultural Sciences",False,True,True
PRJEB60557,excluded,age_unknown_no_evidence,0,,,0,0,0,"the first affiliated hospital, zheng zhou university.; The First Affiliated Hospital, Zheng Zhou University.",False,True,True
PRJEB34085,excluded,site_excluded,0,,,0,0,0,WEIZMANN INSTITUE OF SCIENCE,False,True,True
PRJEB34536,excluded,site_excluded,0,,,0,0,0,"Teagasc Food Research Centre, Ireland; Teagasc Food Research Centre",False,True,True
PRJEB90061,excluded,host_nonhuman,0,,,0,0,0,NATIONAL INSTITUTE OF HEALTH DR. RICARDO JORGE,False,True,True
PRJNA666707,excluded,host_environmental,0,,,0,0,0,Guizhou university,False,True,True
PRJNA809321,excluded,host_environmental,0,,,0,0,0,ocean university of china,False,True,True
PRJNA1091038,excluded,host_nonhuman,0,,,0,0,0,Univeristy of Veterinary Medicine Budapest,False,True,True
PRJNA1103166,excluded,host_environmental,0,,,0,0,0,San Diego State Univesrity,False,True,True
PRJNA1317309,excluded,host_environmental,0,,,0,0,0,DOE Joint Genome Institute,False,True,True
PRJNA1195977,excluded,site_excluded,0,,,0,0,0,Genoxor Medical Science and Technology Inc,False,True,True
PRJNA1504582,excluded,host_nonhuman,0,,,0,0,0,Northwest A&F University,False,True,True
PRJNA940122,excluded,host_environmental,0,,,0,0,0,New York University,False,True,True
PRJNA1018083,excluded,host_environmental,7,Pan J,Zheng M,1,0,1,Tsinghua university,True,True,True
PRJEB25810,excluded,site_unknown,0,,,0,0,0,ICAR-Central Institute of Brackishwater Aquaculture,False,True,True
PRJNA1429089,excluded,host_environmental,0,,,0,0,0,China Agricultural University,False,True,True
PRJDB17400,excluded,host_environmental,0,,,0,0,0,"National Institute of Animal Health, NARO",False,True,True
PRJNA1338503,excluded,host_environmental,0,,,0,0,0,Rush University Medical Center,False,True,True
PRJNA1228497,excluded,host_nonhuman,0,,,0,0,0,South China Agricultural University,False,True,True
PRJEB25310,excluded,host_nonhuman,0,,,0,0,0,Chengdu research base of giant panda breeding,False,True,True
PRJNA1226540,excluded,host_environmental,0,,,0,0,0,University of Padova; National Biodiversity Future Center (NBFC),False,True,True
PRJNA1064698,excluded,host_environmental,0,,,0,0,0,HITS Solutions,False,True,True
PRJNA1078255,excluded,host_environmental,0,,,0,0,0,Oswaldo Cruz Foundation,False,True,True
PRJNA1027082,excluded,host_environmental,0,,,0,0,0,National University of Singapore,False,True,True
PRJEB27821,excluded,host_environmental,0,,,0,0,0,CEES - Centre for Ecological and Evolutionary Synthesis,False,True,True
PRJEB50609,excluded,host_nonhuman,0,,,0,0,0,university of salento; University of Salento,False,True,True
PRJEB34848,excluded,host_environmental,0,,,0,0,0,EMBL EBI,False,True,True
PRJEB52881,excluded,age_adult_only,0,,,0,0,1,Diversigen,False,True,True
PRJNA860042,excluded,host_environmental,0,,,0,0,0,Hunan University,False,True,True
PRJNA1256348,excluded,host_nonhuman,0,,,0,0,0,Shanghai Ocean University,False,True,True
PRJEB19254,excluded,host_environmental,0,,,0,0,0,Universidade Federal do Para - Brazil,False,True,True
PRJNA1437306,excluded,host_nonhuman,0,,,0,0,0,Chinese Academy of Agricultural Sciences,False,True,True
PRJEB45868,excluded,host_synthetic,0,,,0,0,0,BELGIAN NUCLEAR RESEARCH CENTER (SCK-CEN),False,True,True
PRJEB40095,excluded,host_nonhuman,0,,,0,0,0,WEIZMANN INSTITUE OF SCIENCE,False,True,True
PRJEB82796,excluded,assay_rna,0,,,0,0,0,GENOME INSTITUTE OF SINGAPORE,False,True,True
PRJEB60286,excluded,host_nonhuman,0,,,0,0,0,HUG,False,True,True
PRJEB36945,excluded,host_nonhuman,0,,,0,0,0,University of California San Diego Microbiome Initiative,False,True,True
PRJEB81554,excluded,host_synthetic,0,,,0,0,0,University of California San Diego Microbiome Initiative,False,True,True
PRJNA578177,excluded,host_environmental,0,,,0,0,0,"Jet Propulsion Laboratory, California Institute of Technology",False,True,True
PRJNA1335782,excluded,host_environmental,0,,,0,0,0,Fujian Agriculture and Forestry University,False,True,True
PRJNA493162,excluded,host_environmental,0,,,0,0,0,THE INSTITUTE OF CYTOLOGY AND GENETICS,False,True,True
PRJNA1211011,excluded,host_environmental,0,,,0,0,0,Fudan university,False,True,True
PRJNA669352,excluded,host_environmental,14,Deng Y,Zhang T,2,0,2,The University of Hong Kong,True,True,True
PRJEB60423,human_review,,0,,,0,0,0,"the first affiliated hospital, zheng zhou university.; The First Affiliated Hospital, Zheng Zhou University.",False,True,True
PRJNA527177,excluded,age_adult_only,0,,,0,0,0,"Centre for Microbial Ecology and Genomics, University of Pretoria,",False,True,True
PRJNA1435760,excluded,assay_amplicon,0,,,0,0,0,Fujian Agriculture and Forestry University,False,True,True
PRJEB23408,excluded,host_nonhuman,0,,,0,0,0,"SDAU, Sardarkrushinagar",False,True,True
PRJNA753514,excluded,host_nonhuman,0,,,0,0,0,University College Cork,False,True,True
PRJNA1100783,excluded,host_environmental,0,,,0,0,0,Nanyang Technological University,False,True,True
PRJEB28871,excluded,host_environmental,0,,,0,0,0,UNIMIB,False,True,True
PRJNA1316906,excluded,host_environmental,0,,,0,0,0,DOE Joint Genome Institute,False,True,True
PRJEB81450,excluded,site_excluded,7,Vetterli D,Schrenzel J,1,0,1,HUG,True,True,True
PRJEB59830,excluded,host_environmental,0,,,0,0,0,University of Copenhagen,False,True,True
PRJEB34460,excluded,site_excluded,0,,,0,0,0,"University of Copenhagen, Departement of Food Science",False,True,True
PRJNA941822,excluded,host_environmental,3,Achudhan AB,Saleena LM,2,0,2,SRM UNIVERSITY,True,True,True
PRJNA974197,excluded,host_nonhuman,0,,,0,0,0,"Hunan University of Humanities, Science and Technology",False,True,True
PRJNA1096446,excluded,host_environmental,0,,,0,0,0,Nanjing University,False,True,True
PRJNA791711,excluded,host_nonhuman,0,,,0,0,0,"Institute of Zoology, Guangdong Academic of Sciences",False,True,True
PRJEB76461,excluded,host_environmental,0,,,0,0,0,GFZ German Research Centre for Geosciences,False,True,True
PRJNA1509706,excluded,host_environmental,0,,,0,0,0,Nanchang Hangkong University,False,True,True
PRJEB27206,excluded,host_environmental,0,,,0,0,0,YORK UNIVERSITY,False,True,True
PRJNA1520086,excluded,host_environmental,0,,,0,0,0,Technical University of Liberec,False,True,True
PRJNA831879,excluded,host_environmental,0,,,0,0,0,Radboud University; CEC-partnership,False,True,True
PRJEB41222,excluded,site_unknown,0,,,0,0,0,DNASense,False,True,True
PRJNA1013960,excluded,host_environmental,0,,,0,0,0,Zhejiang University,False,True,True
PRJEB25237,excluded,host_nonhuman,0,,,0,0,0,Chengdu research base of giant panda breeding,False,True,True
PRJEB61958,excluded,host_environmental,0,,,0,0,0,University of Helsinki,False,True,True
PRJNA605836,excluded,host_nonhuman,5,Miller EA,VanderWaal KL,1,0,1,University of Minnesota,True,True,True
PRJEB50018,excluded,host_environmental,0,,,0,0,0,university of salento; University of Salento,False,True,True
PRJNA1206096,excluded,host_environmental,0,,,0,0,0,Southwest Forestry University,False,True,True
PRJNA832264,excluded,host_nonhuman,0,,,0,0,0,Beijing Forestry University,False,True,True
PRJNA617051,excluded,host_environmental,0,,,0,0,0,DOE Joint Genome Institute,False,True,True
PRJDB17097,excluded,host_environmental,9,Ho JY,Boucher YF,2,0,2,National University of Singapore; NUS,True,True,True
PRJEB4647,excluded,host_environmental,7,Rowe W,Pearce G,1,0,1,"University of Cambridge, UK; University of Cambridge",True,True,True
PRJDB15924,excluded,host_environmental,0,,,0,0,0,Collaborative Research Center of Okayama University for Infectious Diseases in India; NAGOYA,False,True,True
PRJEB91453,excluded,host_nonhuman,0,,,0,0,0,University of Edinburgh,False,True,True
PRJEB47870,excluded,site_excluded,0,,,0,0,0,UNIVERSITY OF CALGARY,False,True,True
PRJNA1328482,excluded,host_environmental,0,,,0,0,0,Anhui Agricultural University,False,True,True
PRJEB79832,excluded,age_unknown_no_evidence,0,,,0,0,0,Wellcome Sanger Institute,False,True,True
PRJNA553237,excluded,host_environmental,0,,,0,0,0,University of Colorado Boulder,False,True,True
PRJEB94382,excluded,site_excluded,0,,,0,0,0,EURAC Research,False,True,True
PRJEB102633,excluded,host_environmental,0,,,0,0,0,University of Helsinki,False,True,True
PRJNA1354607,excluded,host_environmental,0,,,0,0,0,Tongji University,False,True,True
PRJNA1512102,excluded,host_environmental,0,,,0,0,0,Shenzhen MSU-BIT University,False,True,True
PRJEB38000,excluded,age_adult_only,0,,,0,0,0,MAX PLANCK INSTITUTE FOR DEVELOPMENTAL BIOLOGY,False,True,True
PRJNA1311458,excluded,host_environmental,0,,,0,0,0,UMSS,False,True,True
PRJNA849974,excluded,host_environmental,0,,,0,0,0,Petersburg Nuclear Physics Institute named by B.P.Konstantinov of NRC 'Kurchatov Institute',False,True,True
PRJEB81436,excluded,host_environmental,0,,,0,0,0,Indian Biological Data Centre,False,True,True
PRJNA1317310,excluded,host_environmental,0,,,0,0,0,DOE Joint Genome Institute,False,True,True
PRJEB16770,excluded,host_environmental,0,,,0,0,0,"Teagasc Food Research Centre, Ireland; Teagasc Food Research Centre",False,True,True
PRJEB19676,excluded,host_environmental,4,Hedbavna P,Thornton SF,1,0,1,"UNIVERSITY OF SHEFFIELD, DEPARTMENT OF ANIMAL & PL",True,True,True
PRJNA695397,excluded,host_environmental,0,,,0,0,0,"UAB ""Thermo Fisher Scientific Baltics""",False,True,True
PRJNA1138057,excluded,host_environmental,0,,,0,0,0,Korea Institute of Ocean Science and Technology,False,True,True
PRJNA763902,excluded,host_environmental,0,,,0,0,0,Savannah River National Laboratory,False,True,True
PRJNA1393202,excluded,host_environmental,0,,,0,0,0,Tianjin Chengjian University,False,True,True
PRJEB37623,excluded,site_excluded,0,,,0,0,0,IHU - Mediterranee Infection,False,True,True
PRJNA898674,excluded,host_nonhuman,0,,,0,0,0,China Agricultural University,False,True,True
PRJNA883822,excluded,assay_amplicon,0,,,0,0,0,Zhejiang University of Technology,False,True,True
PRJNA1332590,excluded,host_nonhuman,0,,,0,0,0,ASSOCIACAO BIOPOLIS,False,True,True
PRJEB30260,excluded,host_environmental,0,,,0,0,0,"Center for Biotechnology, Bielefeld University; Center for Biotechnology",False,True,True
PRJNA1417778,excluded,host_nonhuman,0,,,0,0,0,USDA ARS,False,True,True
PRJNA1297435,excluded,host_environmental,0,,,0,0,0,Chinese Academy of Sciences,False,True,True
PRJNA1121900,excluded,host_environmental,0,,,0,0,0,Genomics for Climate Change Research Center,False,True,True
PRJNA1027363,excluded,host_environmental,0,,,0,0,0,Georgia Tech,False,True,True
PRJNA766251,excluded,host_environmental,0,,,0,0,0,University of Tasmania,False,True,True
PRJEB42592,excluded,site_excluded,0,,,0,0,0,"the first affiliated hospital, zheng zhou university.; the first affiliated hospital",False,True,True
PRJNA1121629,excluded,host_environmental,0,,,0,0,0,Purdue University,False,True,True
PRJNA1056888,excluded,age_adult_only,0,,,0,0,0,The Chinese University of Hong Kong,False,True,True
PRJNA660264,excluded,host_environmental,0,,,0,0,0,South China Agricultural University,False,True,True
PRJEB25466,excluded,host_nonhuman,0,,,0,0,0,Chengdu research base of giant panda breeding,False,True,True
PRJEB36382,excluded,host_environmental,0,,,0,0,0,UC BERKELEY,False,True,True
PRJEB35617,excluded,host_environmental,0,,,0,0,0,University of Exeter; UNIVERSITY OF EXETER,False,True,True
PRJNA1147664,excluded,host_environmental,0,,,0,0,0,Chinese Center for Disease Control and Prevention,False,True,True
PRJNA1234694,excluded,host_nonhuman,0,,,0,0,0,University of Puerto Rico,False,True,True
PRJEB46659,included,,55,McCauley KE,ECHO Children’s Respiratory and Environmental Workgroup,4,4,0,UNIVERSITY OF CALIFORNIA - SAN FRANCISCO,True,True,True
PRJNA1302152,excluded,host_environmental,0,,,0,0,0,University of Parma,False,True,True
PRJNA1001812,excluded,host_environmental,0,,,0,0,0,University of Warwick,False,True,True
PRJEB28384,excluded,age_adult_only,0,,,0,0,0,Beijing Chao-Yang Hospital,False,True,True
PRJNA958464,excluded,host_environmental,0,,,0,0,0,"Research Center for Eco-Environmental Sciences, Chinese Academy of Sciences",False,True,True
PRJNA489226,excluded,host_environmental,0,,,0,0,0,"Inner Mongolia agricultural university, college of life science",False,True,True
PRJEB47877,excluded,host_nonhuman,6,Lazarevic V,Schrenzel J,1,0,1,HUG,True,True,True
PRJEB72662,excluded,assay_isolate_genome,0,,,0,0,0,"ERASMUS MC, UNIVERSITY MEDICAL CENTER; ERASMUS MC",False,True,True
PRJEB26999,excluded,host_nonhuman,0,,,0,0,0,UNIVERSITA DEGLI STUDI DI MILANO,False,True,True
PRJNA1322414,excluded,host_environmental,0,,,0,0,0,UMSS,False,True,True
PRJEB64517,excluded,host_nonhuman,0,,,0,0,0,The Roslin Institute (University of Edinburgh),False,True,True
PRJNA1028410,excluded,host_environmental,0,,,0,0,0,"National Institute of Molecular Biology a, College of Science, University of the Philippines Diliman",False,True,True
PRJNA515489,excluded,host_nonhuman,9,Burgsdorf I,Steindler L,3,0,6,University of Haifa,True,True,True
PRJNA524401,excluded,host_environmental,0,,,0,0,0,University of British Columbia,False,True,True
PRJEB24753,excluded,site_excluded,9,Choutko V,Schrenzel J,1,0,1,HUG,True,True,True
PRJNA1179635,excluded,host_environmental,0,,,0,0,0,University of Newcastle,False,True,True
PRJEB25177,excluded,host_nonhuman,0,,,0,0,0,Chengdu research base of giant panda breeding,False,True,True
PRJEB58634,excluded,host_environmental,14,Sereika M,Albertsen M,1,0,1,Center for Microbial Communities,True,True,True
PRJNA777773,excluded,host_environmental,0,,,0,0,0,soochow university,False,True,True
PRJNA784757,excluded,site_excluded,10,Fu M,Xia DQ,1,0,1,The First Affiliated Hospital of University of Science and Technology of China,True,True,True
PRJNA996548,excluded,host_nonhuman,0,,,0,0,0,Helmholtz Center Munich,False,True,True
PRJEB31100,excluded,host_nonhuman,0,,,0,0,0,Universidad Autonoma de Madrid,False,True,True
PRJNA612045,excluded,host_environmental,0,,,0,0,0,Johns Hopkins University,False,True,True
PRJNA1233236,excluded,host_environmental,0,,,0,0,0,Universidad Antonio Narino,False,True,True
PRJNA1250977,excluded,host_environmental,0,,,0,0,0,SPC Armbiotechnology of NAS; KAM,False,True,True
PRJNA691059,excluded,host_environmental,0,,,0,0,0,University of York,False,True,True
PRJEB51501,human_review,,7,Kircher B,Vital M,2,1,0,Hannover Medical School,True,True,True
PRJNA896864,excluded,host_environmental,0,,,0,0,0,Hunan University,False,True,True
PRJNA1192292,excluded,host_environmental,0,,,0,0,0,DTU,False,True,True
PRJEB49264,excluded,host_nonhuman,0,,,0,0,0,Wellcome Sanger Institute,False,True,True
PRJNA1226995,excluded,host_nonhuman,0,,,0,0,0,Yunnan Agricultural University,False,True,True
PRJNA1303121,excluded,host_environmental,0,,,0,0,0,"Faculty of Biology at Sofia University ""St. Kliment Ohridski""",False,True,True
PRJNA679775,excluded,host_environmental,0,,,0,0,0,University of Trento,False,True,True
PRJNA961062,excluded,host_environmental,0,,,0,0,0,Cornell University,False,True,True
PRJNA1275979,excluded,host_environmental,0,,,0,0,0,Yancheng Institute of Technology,False,True,True
PRJNA636619,excluded,host_environmental,6,Franciosa I,Cocolin L,1,0,1,Universita degli Studi di Torino,True,True,True
PRJNA655381,excluded,host_environmental,7,Piñar G,Sterflinger K,1,0,1,"Univeristy of Natural Resources and Life Sciences, Vienna",True,True,True
PRJNA448596,excluded,site_excluded,0,,,0,0,0,CDC Pathogen Discovery Team,False,True,True
PRJEB25299,excluded,host_nonhuman,0,,,0,0,0,Chengdu research base of giant panda breeding,False,True,True
PRJEB59568,excluded,site_excluded,0,,,0,0,0,guy's and st thomas' trust; Guy's and St Thomas' Trust,False,True,True
PRJNA1227991,excluded,host_environmental,0,,,0,0,0,Chinese Academy of Sciences,False,True,True
PRJEB14287,excluded,host_environmental,0,,,0,0,0,UNIVERSIDAD NACIONAL AUTONOMA DE MEXICO,False,True,True
PRJEB30888,excluded,host_environmental,0,,,0,0,0,European Molecular Biology Laboratory,False,True,True
PRJNA721938,excluded,host_environmental,0,,,0,0,0,alzahra university,False,True,True
PRJNA1478295,excluded,host_environmental,0,,,0,0,0,Sun Yat-sen University,False,True,True
PRJEB14607,excluded,host_environmental,12,Yan Q,Zhou J,1,0,1,Freshshwater Ecology,True,True,True
PRJNA1185009,excluded,host_nonhuman,0,,,0,0,0,Universita degli Studi di Torino,False,True,True
PRJEB25300,excluded,host_nonhuman,0,,,0,0,0,Chengdu research base of giant panda breeding,False,True,True
PRJNA702906,excluded,host_environmental,0,,,0,0,0,The University of Hong Kong,False,True,True
PRJEB83217,excluded,assay_isolate_genome,0,,,0,0,0,ETH ZURICH,False,True,True
PRJNA916537,excluded,host_environmental,0,,,0,0,0,Hohai University,False,True,True
PRJEB12000,excluded,host_environmental,0,,,0,0,0,Marine Biological Laboratory,False,True,True
PRJEB31632,excluded,host_environmental,0,,,0,0,0,GENOME INSTITUTE OF SINGAPORE,False,True,True
PRJNA1054395,excluded,host_environmental,0,,,0,0,0,Nanjing Agricultural University,False,True,True
PRJNA612669,excluded,host_environmental,0,,,0,0,0,The University of Hong Kong,False,True,True
PRJEB38771,excluded,host_environmental,0,,,0,0,0,DNASense,False,True,True
PRJEB105599,excluded,site_excluded,0,,,0,0,0,University Hospital of North Norway,False,True,True
PRJEB60679,excluded,site_unknown,0,,,0,0,0,"the first affiliated hospital, zheng zhou university.; The First Affiliated Hospital, Zheng Zhou University.",False,True,True
PRJNA1132744,excluded,host_environmental,0,,,0,0,0,Fujian Normal University,False,True,True
PRJNA1316867,excluded,host_environmental,0,,,0,0,0,DOE Joint Genome Institute,False,True,True
PRJEB27738,excluded,host_environmental,0,,,0,0,0,MGRAST,False,True,True
PRJNA495018,excluded,assay_amplicon,0,,,0,0,0,Knomics LLC; MetaSUB,False,True,True
PRJNA1311054,excluded,host_environmental,4,Di Gloria L,Ramazzotti M,1,0,1,University of Florence,True,True,True
PRJNA675914,excluded,host_environmental,7,Dong X,Wang Y,1,0,1,Sun Yat-sen University,True,True,True
PRJEB27550,excluded,host_nonhuman,0,,,0,0,0,MGRAST,False,True,True
PRJNA1262372,excluded,host_environmental,0,,,0,0,0,University of Sao Paulo,False,True,True
PRJNA506993,excluded,host_environmental,0,,,0,0,0,"Biotechnology Institute, UNAM",False,True,True
PRJEB27551,excluded,host_nonhuman,0,,,0,0,0,MGRAST,False,True,True
PRJNA842887,excluded,host_environmental,0,,,0,0,0,IIT Bombay,False,True,True
PRJNA750571,excluded,host_environmental,10,Li W,Gin KY,1,0,1,National University of Singapore,True,True,True
PRJNA861861,excluded,host_nonhuman,0,,,0,0,0,Massey University,False,True,True
PRJNA1189566,excluded,age_adult_only,0,,,0,0,0,Stanford University,False,True,True
PRJDB17239,excluded,host_environmental,0,,,0,0,0,"Division of Environmental Engineering, yonsei university; KOBIC",False,True,True
PRJNA1482124,excluded,host_environmental,0,,,0,0,0,Shanghai Academy of Agricultural Sciences,False,True,True
PRJEB13142,excluded,host_environmental,0,,,0,0,0,Max Planck Institute for Chemistry,False,True,True
PRJEB50285,excluded,host_environmental,0,,,0,0,0,VRIJE UNIVERSITEIT BRUSSEL,False,True,True
PRJNA1246254,excluded,host_nonhuman,0,,,0,0,0,USDA,False,True,True
PRJEB19359,excluded,host_environmental,0,,,0,0,0,KU LEUVEN,False,True,True
PRJEB52550,excluded,host_environmental,9,Sereika M,Albertsen M,1,0,1,Center for Microbial Communities,True,True,True
PRJNA1417927,excluded,host_nonhuman,0,,,0,0,0,Northeast Normal University,False,True,True
PRJNA550122,excluded,host_environmental,0,,,0,0,0,Los Alamos National Laboratory,False,True,True
PRJNA865292,excluded,host_environmental,0,,,0,0,0,BITS Pilani,False,True,True
PRJEB12083,excluded,host_environmental,7,Rowe WPM,,1,1,1,"University of Cambridge, UK; University of Cambridge",True,True,True
PRJNA922518,excluded,host_environmental,0,,,0,0,0,University of Guelph,False,True,True
PRJNA627699,excluded,host_environmental,0,,,0,0,0,Umea University,False,True,True
PRJNA1033612,excluded,host_environmental,0,,,0,0,0,Institute of Hydrogeology and Environmental Geology,False,True,True
PRJNA1201339,excluded,host_environmental,0,,,0,0,0,SIKKIM UNIVERSITY,False,True,True
PRJNA825695,excluded,host_nonhuman,0,,,0,0,0,"Department of Veterinary and Animal Sciences, University of Copenhagen, Denmark",False,True,True
PRJNA1294403,excluded,host_environmental,0,,,0,0,0,KTH,False,True,True
PRJNA1235110,excluded,host_environmental,13,Silvester R,Jones DL,1,0,1,Bangor University,True,True,True
PRJNA665350,excluded,host_environmental,0,,,0,0,0,Matridx,False,True,True
PRJNA1132894,excluded,host_environmental,0,,,0,0,0,Tsinghua university,False,True,True
PRJEB28728,excluded,host_environmental,0,,,0,0,0,MGRAST,False,True,True
PRJEB25240,excluded,host_nonhuman,0,,,0,0,0,Chengdu research base of giant panda breeding,False,True,True
PRJNA1052376,excluded,host_nonhuman,0,,,0,0,0,Shanghai Jiao Tong University,False,True,True
PRJNA474574,excluded,host_nonhuman,0,,,0,0,0,Yanbian University,False,True,True
PRJNA1280160,excluded,host_nonhuman,0,,,0,0,0,University of Puerto Rico,False,True,True
PRJEB29581,excluded,host_environmental,0,,,0,0,0,UNIVERSITY OF CAPE TOWN,False,True,True
PRJEB55075,excluded,assay_isolate_genome,15,Casimiro-Soriguer CS,Garcia F,1,0,1,Clinical Bioinformatics Area,True,True,True
PRJEB48897,excluded,age_adult_only,0,,,0,0,0,Clinical Microbiomics,False,True,True
PRJNA608611,excluded,host_environmental,0,,,0,0,0,Nanyang Technological University,False,True,True
PRJNA788644,excluded,site_excluded,0,,,0,0,0,Matridx,False,True,True
PRJEB43573,excluded,host_environmental,0,,,0,0,0,"the first affiliated hospital, zheng zhou university.; the first affiliated hospital",False,True,True
PRJNA562396,excluded,host_nonhuman,0,,,0,0,0,Blood Systems Research Institute,False,True,True
PRJNA904684,excluded,assay_other_nonshotgun,0,,,0,0,0,Johns Hopkins University Applied Physics Lab,False,True,True
PRJNA1391916,excluded,host_environmental,0,,,0,0,0,Sichuan Normal University,False,True,True
PRJEB24797,excluded,host_environmental,0,,,0,0,0,UNIVERSITY OF NOTTINGHAM,False,True,True
PRJEB28847,excluded,age_child_over_36m,0,,,0,0,0,Centre for Translational Microbiome Research (CTMR),False,True,True
PRJNA1183595,excluded,age_adult_only,0,,,0,0,0,Universita degli Studi di Torino,False,True,True
PRJEB8065,excluded,host_nonhuman,0,,,0,0,0,National Research Centre on Camel (ICAR) - India,False,True,True
PRJNA719719,excluded,host_environmental,0,,,0,0,0,East China Normal University,False,True,True
PRJEB66721,excluded,host_environmental,6,Vuillemin A,Kallmeyer J,1,0,1,GFZ German Research Centre for Geosciences,True,True,True
PRJNA609054,excluded,host_environmental,4,Busch P,Antranikian G,1,0,1,Hamburg University of Technology,True,True,True
PRJEB26686,excluded,host_environmental,0,,,0,0,0,MGRAST,False,True,True
PRJNA838711,excluded,host_environmental,0,,,0,0,0,Shantou University Medical College,False,True,True
PRJNA1065496,excluded,host_environmental,0,,,0,0,0,The university of Hong Kong,False,True,True
PRJEB61771,excluded,age_adult_only,2,Wang S,Xing L,1,1,0,"the first affiliated hospital, zheng zhou university.; The First Affiliated Hospital, Zheng Zhou University.",True,True,True
PRJNA1052402,excluded,host_nonhuman,0,,,0,0,0,Yunnan Agricultural University,False,True,True
PRJNA639305,excluded,host_nonhuman,0,,,0,0,0,Zhejiang Academy of Agricultural Sciences,False,True,True
PRJNA941032,excluded,host_environmental,0,,,0,0,0,Anhui Medical University,False,True,True
PRJNA545796,excluded,host_environmental,0,,,0,0,0,Weill Cornell Medical College,False,True,True
PRJEB27552,excluded,host_nonhuman,0,,,0,0,0,MGRAST,False,True,True
PRJNA1437050,excluded,host_environmental,0,,,0,0,0,Shandong University,False,True,True
PRJEB25317,excluded,host_nonhuman,0,,,0,0,0,Chengdu research base of giant panda breeding,False,True,True
PRJNA1056656,excluded,host_environmental,0,,,0,0,0,"Research Centre for Eco-Environmental Sciences, Chinese Academy of Sciences",False,True,True
PRJEB90226,excluded,assay_other_nonshotgun,0,,,0,0,0,Wellcome Sanger Institute,False,True,True
PRJNA1247200,excluded,host_nonhuman,0,,,0,0,0,Fudan University,False,True,True
PRJEB25269,excluded,host_nonhuman,0,,,0,0,0,Chengdu research base of giant panda breeding,False,True,True
PRJEB40662,excluded,host_environmental,13,Krohn I,Streit WR,1,0,1,University Medical Center Hamburg-Eppendorf,True,True,True
PRJNA1172944,excluded,host_nonhuman,0,,,0,0,0,China West Normal University,False,True,True
PRJNA481140,excluded,host_environmental,0,,,0,0,0,Gyeongsang national university,False,True,True
PRJNA760800,excluded,site_excluded,0,,,0,0,0,Ruijin Hospital,False,True,True
PRJEB51405,excluded,host_environmental,0,,,0,0,0,GFZ German Research Centre for Geosciences,False,True,True
PRJEB33794,excluded,assay_amplicon,9,Dorsaz S,Lazarevic V,1,0,1,HUG,True,True,True
PRJEB41665,excluded,host_nonhuman,0,,,0,0,0,"Microbiome Science and Biotechnology Unit, University of Bologna; Microbiome Science and Biotechnology Unit",False,True,True
PRJNA630213,excluded,host_environmental,0,,,0,0,0,Chung-Ang University,False,True,True
PRJEB25302,excluded,host_nonhuman,0,,,0,0,0,Chengdu research base of giant panda breeding,False,True,True
PRJEB34919,excluded,assay_amplicon,0,,,0,0,0,LONDON SCHOOL OF HYGIENE AND TROPICAL MEDICINE,False,True,True
PRJEB21816,excluded,site_excluded,9,Foulex A,Schrenzel J,1,0,1,HUG,True,True,True
PRJNA1462353,excluded,host_environmental,0,,,0,0,0,Alagappa university,False,True,True
PRJNA892768,excluded,site_unknown,0,,,0,0,0,China Agricultural University,False,True,True
PRJNA881785,excluded,host_environmental,0,,,0,0,0,City University of Hong Kong,False,True,True
PRJNA1455199,excluded,host_environmental,0,,,0,0,0,Shandong University,False,True,True
PRJNA611521,excluded,host_environmental,0,,,0,0,0,Universitaet Goettingen; CHARON- DFG Forschergruppe 1644 - Phase II,False,True,True
PRJEB33861,excluded,host_nonhuman,0,,,0,0,0,"GOETHE UNIVERSITY OF FRANKFURT AM MAIN, INSTITUTE OF MOLECULAR BIOSCIENCES",False,True,True
PRJNA977107,excluded,age_unknown_no_evidence,0,,,0,0,0,China agricultural university,False,True,True
PRJNA1095702,excluded,site_unknown,0,,,0,0,0,BIT Mesra Ranchi-835215,False,True,True
PRJNA841786,excluded,age_unknown_no_evidence,0,,,0,0,0,The Chinese University of Hong Kong,False,True,True
PRJEB39500,excluded,age_adult_only,0,,,0,0,0,Latvian Biomedical Research and Study Centre,False,True,True
PRJEB63604,excluded,host_environmental,0,,,0,0,0,Institute of Agrochemistry and Food Technology - National Research Council (IATA-CSIC),False,True,True
PRJNA781406,excluded,host_environmental,17,Busi SB,Battin TJ,1,0,1,EPFL,True,True,True
PRJNA657837,excluded,host_nonhuman,0,,,0,0,0,University of Oklahoma,False,True,True
PRJNA951394,excluded,host_environmental,0,,,0,0,0,Sikkim University,False,True,True
PRJNA1315850,excluded,host_environmental,0,,,0,0,0,DOE Joint Genome Institute,False,True,True
PRJEB43858,excluded,site_excluded,0,,,0,0,0,"University of Tromso, NORWAY; University of Tromso",False,True,True
PRJEB28158,excluded,site_excluded,0,,,0,0,0,Hannover Medical School,False,True,True
PRJEB34059,excluded,host_environmental,0,,,0,0,0,Leibniz Institute for freshwater ecology and inland fisheries,False,True,True
PRJEB52295,included,,13,Yong GJM,Lynch SV,1,1,0,"University of California, San Francisco",True,True,True
PRJNA1197583,excluded,host_environmental,0,,,0,0,0,The University of Queensland,False,True,True
PRJNA1347130,excluded,host_environmental,0,,,0,0,0,Georgia Institute of Technology,False,True,True
PRJEB25242,excluded,host_nonhuman,0,,,0,0,0,Chengdu research base of giant panda breeding,False,True,True
PRJNA1001052,excluded,host_nonhuman,0,,,0,0,0,jiangnan university,False,True,True
PRJNA997800,excluded,host_environmental,49,Barcenilla C,Alvarez-Ordóñez A,4,0,4,Universidad de Leon,True,True,True
PRJEB25308,excluded,host_nonhuman,0,,,0,0,0,Chengdu research base of giant panda breeding,False,True,True
PRJNA448190,excluded,host_environmental,0,,,0,0,0,National Research Council Canada; Genome Quebec Innovation Centre,False,True,True
PRJEB51660,excluded,host_environmental,72,Pavloudi C,Pade N,2,0,2,European Marine Biological Resource Centre; Genoscope,True,True,True
PRJNA1116623,excluded,host_environmental,0,,,0,0,0,Inner Mongolia University,False,True,True
PRJNA1097006,excluded,host_nonhuman,0,,,0,0,0,Univeristy of Veterinary Medicine Budapest,False,True,True
PRJNA792495,excluded,host_nonhuman,0,,,0,0,0,Yunnan University,False,True,True
PRJNA589220,excluded,host_environmental,0,,,0,0,0,University of Copenhagen,False,True,True
PRJNA1377265,excluded,host_environmental,0,,,0,0,0,Korea Polar Research Institute,False,True,True
PRJNA649681,excluded,host_environmental,0,,,0,0,0,University of Bristol,False,True,True
PRJDB40896,excluded,host_nonhuman,0,,,0,0,0,"Chinese Academy of Agricultural Sciences, Shenzhen, Guangdong; HUGO biotech company ltd.",False,True,True
PRJEB28832,excluded,host_nonhuman,0,,,0,0,0,LSA-DISTAL-UNIBO,False,True,True
PRJEB44766,excluded,age_unknown_no_evidence,0,,,0,0,0,LUXEMBOURG CENTRE FOR SYSTEMS BIOMEDICINE,False,True,True
PRJNA686191,excluded,host_environmental,0,,,0,0,0,ICAR-Central Institute of Brackishwater Aquaculture,False,True,True
PRJNA1053845,excluded,host_environmental,0,,,0,0,0,Division of Medical Bioinformatics,False,True,True
PRJEB25241,excluded,host_nonhuman,0,,,0,0,0,Chengdu research base of giant panda breeding,False,True,True
PRJNA1240815,excluded,host_environmental,0,,,0,0,0,Erciyes University,False,True,True
PRJNA564649,excluded,host_environmental,0,,,0,0,0,University of Oregon,False,True,True
PRJEB14718,excluded,host_environmental,7,Vázquez-Campos X,Waite TD,3,0,3,THE UNIVERSITY OF NEW SOUTH WALES,True,True,True
PRJEB25185,excluded,host_nonhuman,0,,,0,0,0,"Center for Biotechnology, Bielefeld University; Center for Biotechnology",False,True,True
PRJEB78736,excluded,site_excluded,0,,,0,0,0,Wellcome Sanger Institute,False,True,True
PRJNA753990,excluded,host_environmental,0,,,0,0,0,University of Copenhagen,False,True,True
PRJEB41816,excluded,host_environmental,0,,,0,0,0,Norwegian University of Life Sciences,False,True,True
PRJNA973019,excluded,host_environmental,0,,,0,0,0,Chalmers University of Technology,False,True,True
PRJNA1330278,excluded,host_environmental,0,,,0,0,0,Karslruhe Institute of Technology (KIT),False,True,True
PRJNA1305703,excluded,host_environmental,0,,,0,0,0,University of Debrecen,False,True,True
PRJNA1257299,excluded,host_environmental,0,,,0,0,0,Georgia Institute of Technology,False,True,True
PRJNA1378476,excluded,host_environmental,0,,,0,0,0,Nanjing Agricultural University,False,True,True
PRJEB22943,excluded,host_environmental,0,,,0,0,0,"Center for Biotechnology, Bielefeld University; Center for Biotechnology",False,True,True
PRJNA1429832,excluded,host_environmental,0,,,0,0,0,Hebei University of Technology,False,True,True
PRJNA1183358,excluded,host_environmental,0,,,0,0,0,Ram Nageena Singh,False,True,True
PRJNA729624,excluded,host_nonhuman,0,,,0,0,0,Yellow Sea Fisheries Research Institute,False,True,True
PRJEB7459,excluded,host_environmental,0,,,0,0,0,Instituto de Bioquimica,False,True,True
PRJEB11853,excluded,age_child_over_36m,0,,,0,0,0,,False,False,True
PRJNA1520335,excluded,host_environmental,0,,,0,0,0,University of Calgary,False,True,True
PRJNA762364,excluded,host_environmental,0,,,0,0,0,Weill Cornell Medicine,False,True,True
PRJNA978509,excluded,host_nonhuman,0,,,0,0,0,Nanjing University,False,True,True
PRJNA1228609,excluded,host_environmental,0,,,0,0,0,Barnard College,False,True,True
PRJNA795992,excluded,host_nonhuman,7,Lwande OW,Ecke F,1,0,1,Swedish Defence Research Agency (FOI),True,True,True
PRJEB6542,excluded,age_unknown_no_evidence,0,,,0,0,0,San Diego State University,False,True,True
PRJNA1310651,excluded,host_environmental,0,,,0,0,0,Yale University,False,True,True
PRJNA1490378,excluded,host_environmental,0,,,0,0,0,Ocean university of China,False,True,True
PRJEB32683,excluded,host_environmental,0,,,0,0,0,"Department of Plant Sciences, Oxford",False,True,True
PRJNA1273702,excluded,host_environmental,0,,,0,0,0,University of Pretoria,False,True,True
PRJEB46988,excluded,host_environmental,0,,,0,0,0,University Clermont Auvergne,False,True,True
PRJNA1092846,excluded,host_environmental,0,,,0,0,0,CNPC environment and safety technology limited,False,True,True
PRJEB31077,excluded,host_environmental,0,,,0,0,0,Department of Biology (University of York),False,True,True
PRJNA916979,excluded,host_environmental,0,,,0,0,0,East China Normal University,False,True,True
PRJNA875084,excluded,host_nonhuman,0,,,0,0,0,Colorado State University,False,True,True
PRJEB47540,excluded,host_environmental,0,,,0,0,0,CICESE,False,True,True
PRJNA498951,excluded,host_environmental,0,,,0,0,0,FDA,False,True,True
PRJEB66261,excluded,host_nonhuman,0,,,0,0,0,"Centre for Genomic Epidemiology, National Food Institute, Technical University of Denmark (DTU), Denmark; Centre for Genomic Epidemiology",False,True,True
PRJEB71147,excluded,site_excluded,0,,,0,0,0,Wellcome Sanger Institute,False,True,True
PRJEB22811,excluded,host_environmental,0,,,0,0,0,J CRAIG VENTER INSTITUTE,False,True,True
PRJNA1156557,excluded,host_environmental,0,,,0,0,0,Hong Kong University of Science and Technology,False,True,True
PRJEB75454,excluded,site_excluded,0,,,0,0,0,"Institut fuer Medizinische Mikrobiologie und Hygiene, Universitaetsklinikum Freiburg; Institut fuer Medizinische Mikrobiologie und Hygiene",False,True,True
PRJNA428537,excluded,age_unknown_no_evidence,0,,,0,0,0,IMAU,False,True,True
PRJEB77596,excluded,age_adult_only,0,,,0,0,0,Latvian Biomedical Research and Study Centre,False,True,True
PRJEB77846,excluded,host_nonhuman,0,,,0,0,0,European Bioinformatics Institute; VRIJE UNIVERSITEIT BRUSSEL,False,True,True
PRJNA1511471,excluded,host_environmental,0,,,0,0,0,SUNY College of Environmental Science and Forestry,False,True,True
PRJEB26567,excluded,host_nonhuman,0,,,0,0,0,MGRAST,False,True,True
PRJEB12283,excluded,host_environmental,0,,,0,0,0,UWA,False,True,True
PRJEB29861,excluded,host_environmental,8,Centurion VB,Oliveira VM,1,0,1,"Research Center for Chemistry, Biology, and Agriculture (CPQBA)",True,True,True
PRJNA1237940,excluded,host_environmental,0,,,0,0,0,Qufu Normal University,False,True,True
PRJEB60591,excluded,host_nonhuman,0,,,0,0,0,NORWEGIAN UNIVERSITY OF LIFE SCIENCES,False,True,True
PRJNA1404686,excluded,host_environmental,0,,,0,0,0,Hebei GEO University,False,True,True
PRJNA822052,excluded,host_environmental,0,,,0,0,0,University of Newcastle,False,True,True
PRJEB14155,excluded,age_adult_only,0,,,0,0,0,SHANGHAI JIAO TONG UNIVERSITY,False,True,True
PRJNA1380911,excluded,host_environmental,0,,,0,0,0,university of padua,False,True,True
PRJEB23206,excluded,host_environmental,0,,,0,0,0,KU LEUVEN - UNIVERSITY OF LEUVEN,False,True,True
PRJEB33442,excluded,host_environmental,0,,,0,0,0,WDRC KAUST,False,True,True
PRJNA1330899,excluded,host_environmental,0,,,0,0,0,"SBCP LAB, HANYANG UNIVERSITY",False,True,True
PRJNA816633,excluded,host_nonhuman,0,,,0,0,0,Jeonbuk National University,False,True,True
PRJNA943417,excluded,host_environmental,5,Kothe CI,Evans J,1,0,1,DTU,True,True,True
PRJNA81855,excluded,assay_isolate_genome,0,,,0,0,0,"University of California, Berkeley",False,True,True
PRJNA1338037,excluded,host_environmental,0,,,0,0,0,Henan Institute of Science and Technology,False,True,True
PRJDB25960,excluded,host_environmental,0,,,0,0,0,Sun Yat-sen University; NGDC,False,True,True
PRJEB42061,excluded,host_environmental,0,,,0,0,0,Wellcome Sanger Institute,False,True,True
PRJEB56213,excluded,host_environmental,0,,,0,0,0,Max Planck Institute for Evolutionary Anthropology,False,True,True
PRJNA1049472,excluded,host_nonhuman,0,,,0,0,0,Fiocruz,False,True,True
PRJNA993188,excluded,host_environmental,0,,,0,0,0,Chalmers University of Technology,False,True,True
PRJNA1219970,excluded,site_excluded,0,,,0,0,0,Soochow University,False,True,True
PRJEB18453,excluded,host_environmental,0,,,0,0,0,Department of Microbiology and Plant Pathology,False,True,True
PRJNA815337,excluded,host_environmental,0,,,0,0,0,Battelle Memorial Institute,False,True,True
PRJNA809015,excluded,host_environmental,0,,,0,0,0,"Biological Research Institute ""Clemente Estable""",False,True,True
PRJEB30900,excluded,host_environmental,0,,,0,0,0,European Molecular Biology Laboratory,False,True,True
PRJEB57287,excluded,host_environmental,0,,,0,0,0,Radboud University Nijmegen,False,True,True
PRJNA869067,excluded,host_nonhuman,0,,,0,0,0,Federal Research and Clinical Centre of Physical-Chemical Medicine,False,True,True
PRJNA793838,excluded,host_environmental,0,,,0,0,0,European Commission DG Joint Research Centre,False,True,True
PRJNA1463651,excluded,host_nonhuman,0,,,0,0,0,Kiel University,False,True,True
PRJNA1273451,excluded,host_environmental,0,,,0,0,0,SIKKIM UNIVERSITY,False,True,True
PRJEB11402,excluded,host_environmental,0,,,0,0,0,UNIVERSITY OF GOTHENBURG,False,True,True
PRJEB45779,excluded,host_environmental,0,,,0,0,0,WARWICK UNIVERSITY,False,True,True
PRJNA1136496,excluded,age_adult_only,0,,,0,0,0,University of Birmingham,False,True,True
PRJNA911846,excluded,host_environmental,0,,,0,0,0,Macquarie University,False,True,True
PRJNA1336454,excluded,host_environmental,0,,,0,0,0,shenzhen university,False,True,True
PRJNA997801,excluded,host_environmental,47,De Filippis F,Ercolini D,3,0,3,Universidad de Leon,True,True,True
PRJEB81288,excluded,assay_other_nonshotgun,0,,,0,0,0,European Molecular Biology Laboratory - Microbial Ecosystems Transversal Theme,False,True,True
PRJNA1065085,excluded,host_nonhuman,0,,,0,0,0,Nanjing Agricultural University,False,True,True
PRJEB6116,excluded,host_environmental,0,,,0,0,0,"Radboud University Nijmegen, The Netherlands; Radboud University Nijmegen",False,True,True
PRJEB8076,excluded,host_nonhuman,0,,,0,0,0,National Research Centre on Camel (ICAR) - India,False,True,True
PRJNA1254092,excluded,host_environmental,0,,,0,0,0,Michigan State University,False,True,True
PRJNA1466874,excluded,host_environmental,0,,,0,0,0,Slovak Academy of Sciences,False,True,True
PRJEB29198,excluded,site_unknown,0,,,0,0,0,LSA-DISTAL-UNIBO,False,True,True
PRJEB31809,excluded,host_environmental,0,,,0,0,0,WESTERN UNIVERSITY,False,True,True
PRJNA671748,excluded,host_environmental,0,,,0,0,0,City University of Hong Kong,False,True,True
PRJNA1273116,excluded,host_environmental,0,,,0,0,0,Chinese Academy of Tropical Agricultural Sciences,False,True,True
PRJEB88618,excluded,assay_assembly_only,0,,,0,0,0,Warwick Medical School,False,True,True
PRJEB15510,excluded,host_environmental,0,,,0,0,0,University of Massachusetts,False,True,True
PRJNA1192032,excluded,host_environmental,0,,,0,0,0,nanjing agricultural university,False,True,True
PRJEB49516,excluded,age_adult_only,0,,,0,0,0,Wellcome Sanger Institute,False,True,True
PRJEB35472,excluded,site_unknown,0,,,0,0,0,UNIVERSITY OF CALIFORNIA AT BERKELEY,False,True,True
PRJNA830821,excluded,host_environmental,0,,,0,0,0,Biological Research Center,False,True,True
PRJEB25170,excluded,host_nonhuman,0,,,0,0,0,Chengdu research base of giant panda breeding,False,True,True
PRJEB39466,excluded,host_environmental,0,,,0,0,0,RADBOUD UNIVERSITY NIJMEGEN,False,True,True
PRJEB31886,excluded,assay_isolate_genome,0,,,0,0,0,"WELLCOME CENTRE FOR HUMAN GENETICS, UNIVERSITY OF OXFORD",False,True,True
PRJNA497963,excluded,host_environmental,0,,,0,0,0,ADSSC,False,True,True
PRJNA1278895,excluded,host_environmental,0,,,0,0,0,"Chengdu Institute of Biology, Chinese Academy of Sciences",False,True,True
PRJNA784435,excluded,host_environmental,0,,,0,0,0,"Institute of Deep Sea Science and Engineering, Chines Academy of Sciences",False,True,True
PRJEB12831,excluded,site_excluded,0,,,0,0,0,Wellcome Sanger Institute,False,True,True
PRJNA1337908,excluded,host_environmental,0,,,0,0,0,Nankai university,False,True,True
PRJNA647473,excluded,host_environmental,0,,,0,0,0,Inner Mongolia Agricultrual University,False,True,True
PRJNA1315501,excluded,assay_isolate_genome,0,,,0,0,0,DOE Joint Genome Institute,False,True,True
PRJNA1212716,excluded,host_environmental,0,,,0,0,0,Universidad de Leon,False,True,True
PRJNA862694,excluded,host_nonhuman,0,,,0,0,0,Nanjing normal university,False,True,True
PRJEB33756,excluded,age_adult_only,0,,,0,0,0,Leibniz Institute for Natural Product Research and Infection Biology,False,True,True
PRJEB83215,excluded,host_environmental,0,,,0,0,0,Norwegian University of Life Sciences,False,True,True
PRJNA1493813,excluded,host_environmental,0,,,0,0,0,Yangtze University,False,True,True
PRJNA913821,excluded,host_nonhuman,0,,,0,0,0,University of Oslo,False,True,True
PRJNA1166127,excluded,host_nonhuman,0,,,0,0,0,Government of Canada,False,True,True
PRJEB40629,excluded,assay_amplicon_misfiled,0,,,0,0,0,,False,False,True
PRJNA445389,excluded,assay_isolate_genome,18,Johnson RC,Segre JA,1,0,1,NHGRI/NIH,True,True,True
PRJNA744354,excluded,site_excluded,0,,,0,0,0,Peking University People's Hospital,False,True,True
PRJNA817827,excluded,host_environmental,0,,,0,0,0,Universitat de Valencia,False,True,True
PRJEB49368,excluded,age_adult_only,0,,,0,0,0,NOTTINGHAM TRENT UNIVERSITY,False,True,True
PRJEB36558,excluded,host_environmental,0,,,0,0,0,UNIVERSITY OF CAMBRIDGE,False,True,True
PRJEB48068,excluded,age_adult_only,0,,,0,0,0,Loughborough University,False,True,True
PRJNA785410,excluded,host_environmental,6,Eltokhy MA,Ashour MSE,1,0,1,HITS Solutions,True,True,True
PRJNA1435882,excluded,host_environmental,0,,,0,0,0,University of Tras os Montes e Alto Douro,False,True,True
PRJEB1389,excluded,age_adult_only,0,,,0,0,0,"Center for Public Health Research, University of Valencia; Center for Public Health Research",False,True,True
PRJEB26659,excluded,dup_reanalysis,0,,,0,0,0,Unilever,False,True,True
PRJNA1128026,excluded,host_nonhuman,0,,,0,0,0,Chinese Academy of Sciences,False,True,True
PRJEB23207,included,,12,Gigliucci F,Morabito S,1,1,0,ISTITUTO SUPERIORE DI SANITA,True,True,True
PRJEB25467,excluded,host_nonhuman,0,,,0,0,0,Chengdu research base of giant panda breeding,False,True,True
PRJNA1364325,excluded,host_environmental,0,,,0,0,0,Southwest University,False,True,True
PRJEB26080,excluded,assay_amplicon,8,Bouillaguet S,Lazarevic V,1,0,1,HUG,True,True,True
PRJEB33186,excluded,host_environmental,0,,,0,0,0,Max Planck Institute of Molecular Cell Biology and Genetics,False,True,True
PRJNA1064587,excluded,host_environmental,0,,,0,0,0,The university of Hong Kong,False,True,True
PRJNA1062331,excluded,host_environmental,4,Stocker MD,Blaustein RA,1,0,1,University of Maryland,True,True,True
PRJEB28336,excluded,host_environmental,0,,,0,0,0,Medical Univeristy of Graz,False,True,True
PRJNA566416,excluded,host_nonhuman,0,,,0,0,0,Agriculture and Agri-Food Canada,False,True,True
PRJNA644779,excluded,host_environmental,12,Tóth AG,Solymosi N,1,0,1,Univeristy of Veterinary Medicine Budapest,True,True,True
PRJEB27547,excluded,host_nonhuman,0,,,0,0,0,MGRAST,False,True,True
PRJNA691155,excluded,host_nonhuman,0,,,0,0,0,University of Wisconsin-Madison,False,True,True
PRJEB24462,excluded,host_environmental,0,,,0,0,0,UNIVERSITY OF VIENNA,False,True,True
PRJNA1230694,excluded,host_environmental,0,,,0,0,0,BCNU,False,True,True
PRJEB43406,excluded,host_environmental,0,,,0,0,0,AALBORG UNIVERSITY,False,True,True
PRJNA1073546,excluded,host_environmental,0,,,0,0,0,"Rosenstiel School of Marine, Atmospheric, and Earth Science",False,True,True
PRJNA488159,excluded,host_environmental,0,,,0,0,0,Technion - Israel Institute of Technology,False,True,True
PRJEB20386,excluded,host_environmental,0,,,0,0,0,AALBORG UNIVERSITY,False,True,True
PRJNA894999,excluded,host_environmental,0,,,0,0,0,"Laurentian Forestry Centre, Natural Resources Canada",False,True,True
PRJEB55487,excluded,site_excluded,0,,,0,0,0,"the first affiliated hospital, zheng zhou university.; The First Affiliated Hospital, Zheng Zhou University.",False,True,True
PRJNA1344450,excluded,host_nonhuman,4,Prusty G,Mereddy S,1,0,1,GIET University,True,True,True
PRJNA1346893,excluded,host_environmental,0,,,0,0,0,Zhejiang University,False,True,True
PRJNA1362404,excluded,host_environmental,0,,,0,0,0,Shandong University,False,True,True
PRJNA1283971,excluded,host_environmental,0,,,0,0,0,Shandong university,False,True,True
PRJNA864104,excluded,host_environmental,0,,,0,0,0,Dongguan University of Technology,False,True,True
PRJEB24660,excluded,site_unknown,0,,,0,0,0,SHANGHAI JIAO TONG UNIVERSITY,False,True,True
PRJNA656796,excluded,host_environmental,0,,,0,0,0,Institute of Ecology,False,True,True
PRJNA883521,excluded,assay_amplicon,0,,,0,0,0,Zhejiang University of Technology,False,True,True
PRJNA981689,excluded,host_environmental,0,,,0,0,0,Chongqing university,False,True,True
PRJNA1372377,excluded,host_nonhuman,0,,,0,0,0,Chengdu research base of giant panda breeding,False,True,True
PRJNA747808,excluded,host_environmental,0,,,0,0,0,Eotvos Lorand University; Versatile Emerging infectious disease Observatory,False,True,True
PRJNA1416875,excluded,site_excluded,0,,,0,0,0,Erciyes University,False,True,True
PRJNA1221995,excluded,host_environmental,0,,,0,0,0,Nanjing Normal University,False,True,True
PRJNA989085,excluded,host_nonhuman,0,,,0,0,0,Zhejiang University,False,True,True
PRJEB106469,excluded,host_environmental,0,,,0,0,0,"university of ljubljana, biotechnical faculty; University of Ljubljana, Biotechnical faculty",False,True,True
PRJNA1057829,excluded,host_environmental,0,,,0,0,0,University of Puerto Rico at Mayaguez,False,True,True
PRJEB29511,excluded,host_environmental,0,,,0,0,0,MGRAST,False,True,True
PRJNA1246246,excluded,host_environmental,0,,,0,0,0,University of Galway,False,True,True
PRJEB9081,excluded,host_nonhuman,0,,,0,0,0,National Research Centre on Camel (ICAR) - India,False,True,True
PRJEB25297,excluded,host_nonhuman,0,,,0,0,0,Chengdu research base of giant panda breeding,False,True,True
PRJNA1307391,excluded,host_nonhuman,0,,,0,0,0,Chinese Academy of Agricultural Sciences,False,True,True
PRJEB92108,excluded,host_environmental,0,,,0,0,0,UNIVERSITY OF GLASGOW,False,True,True
PRJEB45418,excluded,host_environmental,0,,,0,0,0,European Molecular Biology Laboratory,False,True,True
PRJNA230567,excluded,host_environmental,44,Muller EE,Wilmes P,6,0,6,Luxembourg Centre for Systems Biomedicine,True,True,True
PRJNA799030,excluded,host_environmental,0,,,0,0,0,"Addis Ababa University,",False,True,True
PRJNA844015,excluded,assay_isolate_genome,0,,,0,0,0,University of Parma,False,True,True
PRJNA1077994,excluded,site_excluded,0,,,0,0,0,Arizona State University,False,True,True
PRJEB51658,excluded,host_environmental,72,Pavloudi C,Pade N,2,0,2,European Marine Biological Resource Centre; Genoscope,True,True,True
PRJEB15459,excluded,host_nonhuman,0,,,0,0,0,University of California San Diego Microbiome Initiative,False,True,True
PRJEB18746,excluded,host_environmental,0,,,0,0,0,faculty of science,False,True,True
PRJEB46131,excluded,host_environmental,0,,,0,0,0,Aarhus University,False,True,True
PRJNA768091,excluded,host_environmental,0,,,0,0,0,China National Research Institute of Food & Fermentation Industries Corporation Limited,False,True,True
PRJEB33151,excluded,host_environmental,0,,,0,0,0,INSTITUT UNIVERSITAIRE EUROPEEN DE LA MER,False,True,True
PRJNA879251,excluded,host_nonhuman,0,,,0,0,0,University of Connecticut,False,True,True
PRJNA716088,excluded,host_nonhuman,0,,,0,0,0,"ENES-Morelia, UNAM",False,True,True
PRJNA1215349,excluded,host_environmental,0,,,0,0,0,Trent University,False,True,True
PRJNA952520,excluded,host_environmental,0,,,0,0,0,FDA,False,True,True
PRJEB37914,excluded,site_excluded,28,Ardelean CF,Willerslev E,1,0,1,CENTRE FOR GEOGENETICS,True,True,True
PRJEB88793,excluded,host_environmental,0,,,0,0,0,Australian_Centre_for_Ecogenomics,False,True,True
PRJEB73343,excluded,site_excluded,0,,,0,0,0,DGA CBRN Defence Center,False,True,True
PRJEB45396,excluded,host_nonhuman,0,,,0,0,0,WASHINGTON UNIVERSITY CENTER FOR GENOME SCIENCES,False,True,True
PRJNA1344455,excluded,host_nonhuman,0,,,0,0,0,GIET University,False,True,True
PRJNA1060911,excluded,host_environmental,0,,,0,0,0,Quadram Institute Bioscience,False,True,True
PRJEB39861,excluded,host_environmental,0,,,0,0,0,Warwick Medical School,False,True,True
PRJEB25296,excluded,host_nonhuman,0,,,0,0,0,Chengdu research base of giant panda breeding,False,True,True
PRJDB29030,excluded,host_environmental,5,Kong D,Tan X,1,0,1,Zhejiang Academy of Agricultural Sciences; NGDC,True,True,True
PRJNA1348932,excluded,host_environmental,0,,,0,0,0,University of Jinan,False,True,True
PRJEB39306,excluded,host_environmental,0,,,0,0,0,UNIVERSITY OF BIRMINGHAM,False,True,True
PRJEB12735,excluded,assay_amplicon_misfiled,0,,,0,0,0,"Center for Biotechnology, Bielefeld University; Center for Biotechnology",False,True,True
PRJNA1303430,excluded,host_environmental,0,,,0,0,0,"Institute of Biology, Vietnam Academy of Science and Technology (VAST)",False,True,True
PRJNA1248186,excluded,host_environmental,0,,,0,0,0,NUIG,False,True,True
PRJNA991979,excluded,host_environmental,0,,,0,0,0,Elizade University,False,True,True
PRJNA914730,excluded,host_environmental,0,,,0,0,0,Sikkim University,False,True,True
PRJNA1153729,excluded,host_environmental,0,,,0,0,0,AgResearch,False,True,True
PRJNA659479,excluded,host_environmental,0,,,0,0,0,"University of Tennessee, Knoxville",False,True,True
PRJNA1177769,excluded,host_environmental,0,,,0,0,0,Liaoning Normal University,False,True,True
PRJNA1191374,excluded,host_environmental,0,,,0,0,0,Northwestern Polytechnical University,False,True,True
PRJNA1168082,excluded,host_environmental,0,,,0,0,0,LABAQUA,False,True,True
PRJNA1219247,excluded,host_environmental,0,,,0,0,0,Shenzhen University,False,True,True
PRJEB28072,excluded,host_environmental,0,,,0,0,0,Beijing University of Technology,False,True,True
PRJEB81276,excluded,host_environmental,0,,,0,0,0,VRIJE UNIVERSITEIT BRUSSEL,False,True,True
PRJNA943687,excluded,age_child_over_36m,0,,,0,0,0,The Chinese University of Hong Kong,False,True,True
PRJNA343765,excluded,host_environmental,0,,,0,0,0,"University of Puerto Rico, Mayaguez Campus",False,True,True
PRJEB48021,excluded,host_environmental,7,Sereika M,Albertsen M,1,0,1,Center for Microbial Communities,True,True,True
PRJNA914281,excluded,host_environmental,5,Schoelmerich MC,Banfield JF,1,0,1,Jill Banfield's Lab at Berkeley,True,True,True
PRJEB27544,excluded,host_nonhuman,0,,,0,0,0,MGRAST,False,True,True
PRJNA1363182,excluded,host_environmental,0,,,0,0,0,Reckitt Health US LLC,False,True,True
PRJEB4968,excluded,site_unknown,0,,,0,0,0,European Bioinformatics Institute,False,True,True
PRJNA1463885,excluded,host_nonhuman,0,,,0,0,0,Ocean University of China,False,True,True
PRJEB35712,excluded,host_environmental,0,,,0,0,0,Eidgenossische Technische Hochschule Zurich,False,True,True
PRJNA1133055,excluded,host_environmental,0,,,0,0,0,University of Tasmania,False,True,True
PRJNA559605,excluded,host_nonhuman,0,,,0,0,0,Indian Institute of Science Education and Research Bhopal,False,True,True
PRJEB40014,excluded,host_environmental,0,,,0,0,0,WARWICK UNIVERSITY,False,True,True
PRJNA948024,excluded,host_nonhuman,0,,,0,0,0,USDA,False,True,True
PRJEB17643,excluded,age_adult_only,0,,,0,0,0,WEIZMANN INSTITUE OF SCIENCE,False,True,True
PRJNA816647,excluded,host_nonhuman,0,,,0,0,0,Jeonbuk National University,False,True,True
PRJNA1336447,excluded,host_environmental,0,,,0,0,0,The University of Queensland,False,True,True
PRJEB18115,excluded,host_nonhuman,0,,,0,0,0,LSA-DISTAL-UNIBO,False,True,True
PRJEB70508,excluded,age_adult_only,0,,,0,0,0,Latvian Biomedical Research and Study Centre,False,True,True
PRJEB90074,excluded,host_environmental,0,,,0,0,0,Wellcome Sanger Institute,False,True,True
PRJNA1316965,excluded,host_environmental,0,,,0,0,0,DOE Joint Genome Institute,False,True,True
PRJEB75437,excluded,host_environmental,0,,,0,0,0,University of Copenhagen,False,True,True
PRJNA573108,excluded,host_environmental,9,Dommain R,Campana MG,1,0,1,Smithsonian Institution,True,True,True
PRJNA1223043,excluded,host_environmental,0,,,0,0,0,Cornell University,False,True,True
PRJNA693652,excluded,age_adult_only,0,,,0,0,0,"The Institute of Medical Science, The University of Tokyo",False,True,True
PRJEB105207,excluded,host_environmental,0,,,0,0,0,University of Vienna,False,True,True
PRJNA887742,excluded,host_environmental,0,,,0,0,0,National Research Council Canada,False,True,True
PRJNA1305555,excluded,host_environmental,0,,,0,0,0,Nankai University,False,True,True
PRJEB47251,excluded,site_excluded,0,,,0,0,0,Latvian Biomedical Research and Study Centre,False,True,True
PRJNA527100,excluded,assay_rna,0,,,0,0,0,UC Davis,False,True,True
PRJEB37811,excluded,host_environmental,0,,,0,0,0,ZHEJIANG UNIVERSITY,False,True,True
PRJEB15376,excluded,host_environmental,11,Krohn-Molt I,Streit WR,1,0,1,University Medical Center Hamburg-Eppendorf,True,True,True
PRJNA1345412,excluded,age_adult_only,0,,,0,0,0,"Navsari Agricultural University and ICAR-Indian Agricultural Research Institute, New Delhi-110012",False,True,True
PRJNA488877,excluded,host_nonhuman,0,,,0,0,0,China Agricultural University,False,True,True
PRJNA1181612,excluded,host_environmental,0,,,0,0,0,nankai university,False,True,True
PRJEB108113,excluded,host_environmental,0,,,0,0,0,Ecole Polytechnique Federale de Lausanne,False,True,True
PRJNA778559,excluded,site_unknown,0,,,0,0,0,Jinan University,False,True,True
PRJEB28009,excluded,host_environmental,0,,,0,0,0,MGRAST,False,True,True
PRJNA1023618,excluded,host_environmental,0,,,0,0,0,University of Birmingham,False,True,True
PRJEB49334,excluded,age_adult_only,0,,,0,0,0,GENOME INSTITUTE OF SINGAPORE,False,True,True
PRJNA698754,excluded,host_environmental,0,,,0,0,0,Nanyang Technological University,False,True,True
PRJNA893000,excluded,host_nonhuman,0,,,0,0,0,Montana State University,False,True,True
PRJNA646785,excluded,host_environmental,0,,,0,0,0,Zhejiang University,False,True,True
PRJNA926348,excluded,host_environmental,0,,,0,0,0,Research Center of Biotechnology RAS,False,True,True
PRJEB102793,excluded,host_environmental,0,,,0,0,0,UNIVERSITY OF VETERINARY MEDICINE VIENNA,False,True,True
PRJNA1411669,excluded,host_environmental,0,,,0,0,0,CNR,False,True,True
PRJNA1242419,excluded,host_environmental,0,,,0,0,0,Nanjing Center for Disease Control and Prevention,False,True,True
PRJNA1286151,excluded,host_environmental,0,,,0,0,0,"Guangzhou Institute of Energy Conversion, Chinese Academy of Sciences Guangzhou China",False,True,True
PRJNA776087,excluded,host_nonhuman,20,Su J,Wu H,1,0,1,South China Agricultural University,True,True,True
PRJEB38650,excluded,site_unknown,0,,,0,0,0,GENOME INSTITUTE OF SINGAPORE,False,True,True
PRJNA781745,excluded,host_nonhuman,0,,,0,0,0,CIAD,False,True,True
PRJNA1387285,excluded,host_environmental,0,,,0,0,0,"China University of Geosciences, Beijing",False,True,True
PRJEB8072,excluded,host_nonhuman,0,,,0,0,0,National Research Centre on Camel (ICAR) - India,False,True,True
PRJEB25295,excluded,host_nonhuman,0,,,0,0,0,Chengdu research base of giant panda breeding,False,True,True
PRJEB55113,excluded,site_excluded,0,,,0,0,0,"the first affiliated hospital, zheng zhou university.; The First Affiliated Hospital, Zheng Zhou University.",False,True,True
PRJEB111154,excluded,assay_other_nonshotgun,0,,,0,0,0,Centre for Infectious Diseases and Microbiology - Public Health,False,True,True
PRJNA1249945,excluded,host_nonhuman,0,,,0,0,0,King Abdulaziz University,False,True,True
PRJEB101035,excluded,host_environmental,0,,,0,0,0,King Abdullah University of Science and Technology (KAUST),False,True,True
PRJNA739078,excluded,host_environmental,0,,,0,0,0,Sichuan Academy of Agricultural Sciences,False,True,True
PRJEB25298,excluded,host_nonhuman,0,,,0,0,0,Chengdu research base of giant panda breeding,False,True,True
PRJEB15239,excluded,host_environmental,0,,,0,0,0,,False,False,True
PRJNA833319,excluded,host_environmental,0,,,0,0,0,University of Duisburg-Essen,False,True,True
PRJNA1347951,excluded,host_environmental,0,,,0,0,0,Monash University,False,True,True
PRJEB65720,excluded,site_excluded,7,de Lorenzi-Tognon M,Schrenzel J,1,0,1,HUG,True,True,True
PRJNA1217790,excluded,host_nonhuman,0,,,0,0,0,Universidade Federal de Minas Gerais,False,True,True
PRJEB31837,excluded,host_environmental,0,,,0,0,0,Microbiomas Foundation,False,True,True
PRJNA1092353,excluded,host_environmental,7,Zheng X,Zhang XX,1,0,1,Nanjing University,True,True,True
PRJNA1107349,excluded,host_environmental,12,Shan X,Cordero OX,1,0,1,Massachusetts Institute of Technology,True,True,True
PRJEB59277,excluded,site_excluded,6,Niu J,Wei E,2,2,0,"the first affiliated hospital, zheng zhou university.; The First Affiliated Hospital, Zheng Zhou University.",True,True,True
PRJDB40870,excluded,host_environmental,0,,,0,0,0,Fudan University,False,True,True
PRJNA935699,excluded,host_nonhuman,0,,,0,0,0,University of Exeter,False,True,True
PRJNA495173,excluded,host_synthetic,0,,,0,0,0,CosmosID,False,True,True
PRJEB34001,excluded,host_environmental,0,,,0,0,0,"Institute of Molecular Genetic, University of Mainz; Institute of Molecular Genetic",False,True,True
PRJNA714459,excluded,age_adult_only,0,,,0,0,0,Chinese University of Hong Kong,False,True,True
PRJEB25292,excluded,host_nonhuman,0,,,0,0,0,Chengdu research base of giant panda breeding,False,True,True
PRJNA1182286,excluded,host_environmental,0,,,0,0,0,FDA,False,True,True
PRJNA1474522,excluded,host_environmental,0,,,0,0,0,Laboratory of Molecular Genetics and Microbiology Methods,False,True,True
PRJEB14798,excluded,host_nonhuman,0,,,0,0,0,University of California San Diego Microbiome Initiative,False,True,True
PRJNA478406,excluded,host_environmental,0,,,0,0,0,University of Montana,False,True,True
PRJEB15179,excluded,age_adult_only,0,,,0,0,0,SHANGHAI JIAO TONG UNIVERSITY,False,True,True
PRJNA401033,excluded,assay_other_nonshotgun,0,,,0,0,0,The University of Arizona,False,True,True
PRJEB25301,excluded,host_nonhuman,0,,,0,0,0,Chengdu research base of giant panda breeding,False,True,True
PRJEB77081,excluded,host_nonhuman,0,,,0,0,0,University of California San Diego Microbiome Initiative,False,True,True
PRJEB10929,excluded,host_environmental,0,,,0,0,0,AALBORG UNIVERSITY,False,True,True
PRJNA722771,excluded,host_environmental,0,,,0,0,0,City University of Hong Kong,False,True,True
PRJNA1480433,excluded,host_environmental,0,,,0,0,0,University of Chinese Academy of Sciences,False,True,True
PRJEB101092,excluded,host_environmental,0,,,0,0,0,"College of Life Science, Shaanxi Normal University; College of Life Science",False,True,True
PRJEB47746,excluded,host_environmental,0,,,0,0,0,Centre National de la Recherche Scientifique,False,True,True
PRJNA1016375,excluded,host_environmental,0,,,0,0,0,New York University,False,True,True
PRJEB33194,excluded,age_adult_only,0,,,0,0,0,CHALMERS UNIVERSITY OF TECHNOLOGY,False,True,True
PRJEB57970,excluded,age_adult_only,8,Li SL,Zhao XY,2,2,0,"the first affiliated hospital, zheng zhou university.; The First Affiliated Hospital, Zheng Zhou University.",True,True,True
PRJNA871036,excluded,age_adult_only,0,,,0,0,0,The Chinese University of Hong Kong,False,True,True
PRJNA982618,excluded,host_environmental,0,,,0,0,0,Sichuan Academy of Agricultural Sciences,False,True,True
PRJNA1315162,excluded,host_environmental,0,,,0,0,0,Arizona State University,False,True,True
PRJEB51655,excluded,host_environmental,56,Pavloudi C,Pade N,1,0,1,European Marine Biological Resource Centre; Genoscope,True,True,True
PRJNA1268359,excluded,host_environmental,0,,,0,0,0,South China University of Technology,False,True,True
PRJNA1184734,excluded,host_environmental,0,,,0,0,0,Donghua University,False,True,True
PRJNA1011899,excluded,host_environmental,15,Chin PJ,Khan AS,1,0,1,Advanced Virus Detection Interest Group 2B; Advanced Virus Detection Technologies Interest Group (AVDTIG)-2B,True,True,True
PRJNA1252002,excluded,host_environmental,4,Di Gloria L,Ramazzotti M,1,0,1,University of Florence,True,True,True
PRJNA1315964,excluded,host_environmental,0,,,0,0,0,DOE Joint Genome Institute,False,True,True
PRJNA782474,excluded,host_environmental,0,,,0,0,0,National University of Agriculture and Life Sciences,False,True,True
PRJNA681370,excluded,host_environmental,0,,,0,0,0,Peking University,False,True,True
PRJNA843132,excluded,host_environmental,0,,,0,0,0,"Institute of Hydrobiology, Chinese Academy of Sciences",False,True,True
PRJEB88808,excluded,host_nonhuman,0,,,0,0,0,Centre for Palaeogenetics,False,True,True
PRJNA1238764,excluded,host_nonhuman,0,,,0,0,0,"Bose Institute ,UAC",False,True,True
PRJNA598458,excluded,host_environmental,0,,,0,0,0,Deakin University,False,True,True
PRJEB28736,excluded,host_environmental,0,,,0,0,0,UNIVERSITY OF LEICESTER,False,True,True
PRJEB24418,excluded,host_environmental,0,,,0,0,0,Universidad Autonoma de Madrid,False,True,True
PRJNA1370486,excluded,host_environmental,0,,,0,0,0,University of Szeged,False,True,True
PRJEB76457,excluded,host_nonhuman,0,,,0,0,0,Department of Zoology,False,True,True
PRJNA1265441,excluded,host_environmental,0,,,0,0,0,hainan university,False,True,True
PRJEB53676,excluded,site_unknown,0,,,0,0,0,"the first affiliated hospital, zheng zhou university.; The First Affiliated Hospital, Zheng Zhou University.",False,True,True
PRJEB25228,excluded,site_excluded,11,Kolb M,Schrenzel J,1,0,1,HUG,True,True,True
PRJNA1276146,excluded,host_environmental,0,,,0,0,0,Yancheng Institute of Technology,False,True,True
PRJNA752935,excluded,host_environmental,0,,,0,0,0,Israel Oceanographic and Limnological Research,False,True,True
PRJNA527768,excluded,host_environmental,0,,,0,0,0,University of Sao Paulo/Faculty of Pharmaceultical Sciences of Ribeirao Preto,False,True,True
PRJNA732886,excluded,host_environmental,0,,,0,0,0,University of Toronto,False,True,True
PRJNA842863,excluded,host_environmental,0,,,0,0,0,Shandong University,False,True,True
PRJEB36988,excluded,host_environmental,0,,,0,0,0,KING ABDULAZIZ UNIVERSITY,False,True,True
PRJNA1152108,excluded,host_environmental,0,,,0,0,0,SIKKIM UNIVERSITY,False,True,True
PRJNA1398875,excluded,host_nonhuman,0,,,0,0,0,Naturalis Biodiversity Center,False,True,True
PRJNA630822,excluded,host_environmental,16,Ortiz M,Greening C,2,0,2,"Monash University; Australian Centre for Ecogenomics, University of Queensland",True,True,True
PRJNA587635,excluded,host_environmental,0,,,0,0,0,University of Virginia,False,True,True
PRJNA1356911,excluded,host_nonhuman,0,,,0,0,0,MiDOG Animal Diagnostics,False,True,True
PRJEB22775,excluded,host_environmental,0,,,0,0,0,,False,False,True
PRJNA1134269,excluded,host_environmental,0,,,0,0,0,Chungnam National University,False,True,True
PRJEB22200,excluded,host_environmental,4,Arıkan M,Gürel F,1,0,1,ISTANBUL MEDIPOL UNIVERSITY,True,True,True
PRJEB47226,excluded,host_environmental,0,,,0,0,0,IGB BERLIN,False,True,True
PRJNA830591,excluded,host_environmental,0,,,0,0,0,Inner Mongolia Agricultural University,False,True,True
PRJNA816637,excluded,host_nonhuman,0,,,0,0,0,Jeonbuk National University,False,True,True
PRJNA1192725,excluded,host_environmental,0,,,0,0,0,Fujian Normal University,False,True,True
PRJNA495928,excluded,site_excluded,0,,,0,0,0,FDA; USAMRIID,False,True,True
PRJNA850266,excluded,host_environmental,0,,,0,0,0,National Research Council Canada,False,True,True
PRJNA770100,excluded,host_environmental,0,,,0,0,0,CINVESTAV,False,True,True
PRJNA989586,excluded,host_environmental,0,,,0,0,0,Brown University,False,True,True
PRJEB47788,excluded,host_environmental,0,,,0,0,0,Radboud University Nijmegen; RADBOUD UNIVERSITY NIJMEGEN,False,True,True
PRJEB72821,excluded,age_adult_only,0,,,0,0,0,Wellcome Sanger Institute,False,True,True
PRJNA529966,excluded,host_environmental,0,,,0,0,0,Center of Innovative and Applied Bioprocessing (CIAB),False,True,True
PRJEB90179,excluded,host_nonhuman,0,,,0,0,0,"friedrich-loeffler-institut, institute of epidemiology; Friedrich-Loeffler-Institut, Institute of Epidemiology",False,True,True
PRJNA916223,excluded,host_nonhuman,0,,,0,0,0,Chengdu Medical College,False,True,True
PRJNA1011216,excluded,host_environmental,0,,,0,0,0,Aarhus University,False,True,True
PRJNA1062397,excluded,host_environmental,0,,,0,0,0,Aalborg University,False,True,True
PRJNA1317115,excluded,host_environmental,0,,,0,0,0,DOE Joint Genome Institute,False,True,True
PRJEB96952,excluded,site_excluded,0,,,0,0,0,Amsterdam UMC,False,True,True
PRJEB81553,excluded,host_nonhuman,0,,,0,0,0,University of California San Diego Microbiome Initiative,False,True,True
PRJEB26344,excluded,host_environmental,0,,,0,0,0,"Center for Biotechnology, Bielefeld University; Center for Biotechnology",False,True,True
PRJNA479576,excluded,host_environmental,0,,,0,0,0,Center of Innovative and Applied Bioprocessing (CIAB),False,True,True
PRJNA1437092,excluded,host_environmental,0,,,0,0,0,"Institute of Biology, Vietnam Academy of Science and Technology",False,True,True
PRJNA1328686,excluded,host_environmental,0,,,0,0,0,National Energy Technology Laboratory | Leidos,False,True,True
PRJNA996188,excluded,host_environmental,0,,,0,0,0,Universidad de Leon,False,True,True
PRJEB25321,excluded,host_nonhuman,0,,,0,0,0,Chengdu research base of giant panda breeding,False,True,True
PRJNA1061805,excluded,host_nonhuman,0,,,0,0,0,University of Puerto Rico at Mayaguez,False,True,True
PRJEB38107,excluded,site_excluded,0,,,0,0,0,ACADEMIC MEDICAL CENTER AMSTERDAM,False,True,True
PRJEB82963,excluded,site_excluded,0,,,0,0,0,"King Abdulaziz Medical City, Jeddah; King Abdulaziz Medical City",False,True,True
PRJEB40995,excluded,age_adult_only,8,Leo S,Huttner A,1,0,1,HUG,True,True,True
PRJEB6141,excluded,host_environmental,0,,,0,0,0,Veer Narmad South Gujarat University - Surat,False,True,True
PRJEB1602,excluded,host_environmental,0,,,0,0,0,"International Centre for Terrestrial Antarctic Research, University of Waikato, New Zealand; International Centre for Terrestrial Antarctic Research",False,True,True
PRJEB27149,excluded,host_environmental,0,,,0,0,0,FRAUNHOFER IGB,False,True,True
PRJEB11420,excluded,host_environmental,0,,,0,0,0,CNRS and university of Rennes 1,False,True,True
PRJNA1128416,excluded,host_environmental,0,,,0,0,0,Univeristy of Veterinary Medicine Budapest,False,True,True
PRJNA870164,excluded,host_environmental,0,,,0,0,0,Hubei University of Technology,False,True,True
PRJNA992782,excluded,host_environmental,0,,,0,0,0,central south university,False,True,True
PRJEB35991,excluded,age_adult_only,0,,,0,0,0,"National Clinical Research Center for Infectious Diseases, Collaborative Innovation Center for Diagnosis and Treatment of Infectious Diseases, The First Affiliated Hospital, College of Medicine, Zhejiang University",False,True,True
PRJNA1402132,excluded,host_environmental,0,,,0,0,0,University of West London,False,True,True
PRJNA1197568,excluded,host_environmental,0,,,0,0,0,"Institute of Urban Environment, CAS",False,True,True
PRJNA976814,excluded,host_environmental,0,,,0,0,0,Southeast University,False,True,True
PRJEB25307,excluded,host_nonhuman,0,,,0,0,0,Chengdu research base of giant panda breeding,False,True,True
PRJEB34399,excluded,site_excluded,0,,,0,0,0,QLD Health,False,True,True
PRJNA794356,excluded,host_nonhuman,0,,,0,0,0,UniKlinik RWTH Aachen,False,True,True
PRJNA885286,excluded,host_environmental,0,,,0,0,0,Universidade de Vigo,False,True,True
PRJNA1365460,excluded,host_environmental,0,,,0,0,0,Stockholm University,False,True,True
PRJDB14322,excluded,host_environmental,0,,,0,0,0,Kyushu University; KYUSHU,False,True,True
PRJNA757625,excluded,host_environmental,0,,,0,0,0,Shenzhen University,False,True,True
PRJEB29077,excluded,host_environmental,0,,,0,0,0,"TIANJIN UNIVERSITY, TIANJIN, CHINA",False,True,True
PRJEB52753,excluded,host_environmental,0,,,0,0,0,"Centre for Ecology and Hydrology, United Kingdom; Centre for Ecology and Hydrology",False,True,True
PRJNA1337002,excluded,assay_other_nonshotgun,0,,,0,0,0,Geneplus,False,True,True
PRJNA522027,excluded,host_nonhuman,3,Liu J,Li H,1,0,1,Fudan University,True,True,True
PRJEB13219,excluded,age_adult_only,0,,,0,0,0,University medical center groningen,False,True,True
PRJNA1362726,excluded,host_environmental,0,,,0,0,0,Jinan University,False,True,True
PRJEB38099,excluded,site_excluded,0,,,0,0,0,"Teagasc Food Research Centre, Ireland; Teagasc Food Research Centre",False,True,True
PRJEB18042,excluded,site_excluded,0,,,0,0,0,ACADEMIC MEDICAL CENTER AMSTERDAM,False,True,True
PRJNA1166733,excluded,host_environmental,0,,,0,0,0,University of Otago,False,True,True
PRJEB36447,excluded,host_environmental,0,,,0,0,0,RADBOUD UNIVERSITY; RADBOUD UNIVERSITY NIJMEGEN,False,True,True
PRJEB7981,excluded,host_nonhuman,0,,,0,0,0,National Research Centre on Camel (ICAR) - India,False,True,True
PRJEB45419,excluded,host_environmental,0,,,0,0,0,European Molecular Biology Laboratory,False,True,True
PRJEB14903,excluded,host_environmental,0,,,0,0,0,University of California San Diego Microbiome Initiative,False,True,True
PRJEB16064,excluded,host_environmental,0,,,0,0,0,RUHR UNIVERSITY BOCHUM,False,True,True
PRJNA596069,excluded,host_nonhuman,0,,,0,0,0,Institute of Genome Research,False,True,True
PRJEB50897,excluded,site_excluded,9,Bérard A,Lazarevic V,1,0,1,HUG,True,True,True
PRJNA448773,excluded,host_environmental,0,,,0,0,0,National Research Council Canada; Genome Quebec Innovation Centre,False,True,True
PRJNA695407,excluded,age_unknown_no_evidence,0,,,0,0,0,"Institute of Microbiology, Guangdong Academy of Science (Guang Dong Detection Center of Microbiolog",False,True,True
PRJDB28774,excluded,host_environmental,0,,,0,0,0,East China Normal University,False,True,True
PRJNA1308617,excluded,host_environmental,0,,,0,0,0,Instituto evandro Chagas,False,True,True
PRJNA904523,excluded,host_environmental,0,,,0,0,0,Tianjin Chengjian University,False,True,True
PRJEB61932,excluded,age_unknown_no_evidence,0,,,0,0,0,"the first affiliated hospital, zheng zhou university.; The First Affiliated Hospital, Zheng Zhou University.",False,True,True
PRJEB43026,excluded,host_synthetic,0,,,0,0,0,BELGIAN NUCLEAR RESEARCH CENTER (SCK-CEN),False,True,True
PRJNA1379142,excluded,site_unknown,0,,,0,0,0,Jinan University,False,True,True
PRJEB41171,excluded,host_environmental,0,,,0,0,0,NATIONAL FOOD INSTITUTE - DTU,False,True,True
PRJNA705894,excluded,host_nonhuman,7,Wang L,Delang L,1,0,1,KU Leuven,True,True,True
PRJNA1293157,excluded,host_nonhuman,0,,,0,0,0,Yunnan Agricultural University,False,True,True
PRJNA1477232,excluded,host_environmental,0,,,0,0,0,"Institute of process engineering, Chinese academy of sciences",False,True,True
PRJNA1150280,excluded,host_environmental,0,,,0,0,0,Universidad Nacional Autonoma de Mexico. Facultad de Medicina Veterinaria y Zootecnia,False,True,True
PRJNA1275560,excluded,host_environmental,0,,,0,0,0,Yancheng Institute of Technology,False,True,True
PRJNA863091,excluded,host_environmental,0,,,0,0,0,Lanzhou University,False,True,True
PRJNA738162,excluded,host_environmental,0,,,0,0,0,Oswaldo Cruz Foundation,False,True,True
PRJEB39870,excluded,site_excluded,13,Fleury V,Burkhard PR,1,0,1,HUG,True,True,True
PRJNA1188529,excluded,host_environmental,0,,,0,0,0,University of Maryland,False,True,True
PRJEB63998,excluded,host_environmental,0,,,0,0,0,University of Vienna,False,True,True
PRJNA680161,excluded,host_environmental,0,,,0,0,0,Princeton University,False,True,True
PRJNA1036395,excluded,host_environmental,0,,,0,0,0,NTU,False,True,True
PRJEB10519,excluded,host_environmental,0,,,0,0,0,Uppsala University,False,True,True
PRJNA505516,excluded,host_environmental,0,,,0,0,0,Princeton University,False,True,True
PRJNA699406,excluded,host_environmental,0,,,0,0,0,The University of Hong Kong,False,True,True
PRJNA1279970,excluded,host_environmental,5,Saha PK,Kazy SK,1,0,1,National Institute of Technology Durgapur,True,True,True
PRJNA867664,excluded,host_environmental,0,,,0,0,0,Tongji University,False,True,True
PRJNA1219086,excluded,host_environmental,0,,,0,0,0,Norwegian University of Life Sciences,False,True,True
PRJNA1099262,excluded,host_nonhuman,0,,,0,0,0,Lithuanian University of Health Sciences,False,True,True
PRJEB28815,excluded,host_environmental,0,,,0,0,0,MGRAST,False,True,True
PRJEB80560,excluded,age_adult_only,0,,,0,0,0,HUG,False,True,True
PRJNA1388162,excluded,host_environmental,0,,,0,0,0,Shantou University,False,True,True
PRJNA1111281,excluded,host_environmental,0,,,0,0,0,University of the Phillipines Diliman,False,True,True
PRJEB30955,excluded,host_environmental,5,Costeira R,Kulakov LA,1,0,1,"Queen's University Belfast, Belfast, Northern Ireland, UK; Queen's University Belfast",True,True,True
PRJNA1099466,excluded,host_environmental,0,,,0,0,0,Anhui Agricultural University,False,True,True
PRJEB11730,excluded,assay_isolate_genome,0,,,0,0,0,SHANGHAI JIAO TONG UNIVERSITY,False,True,True
PRJNA640235,excluded,host_environmental,0,,,0,0,0,University of Arizona,False,True,True
PRJNA1114959,excluded,host_environmental,0,,,0,0,0,University of Hyderabad,False,True,True
PRJEB43770,excluded,host_nonhuman,0,,,0,0,0,"Teagasc Food Research Centre, Ireland; Teagasc Food Research Centre",False,True,True
PRJNA1357995,excluded,host_environmental,0,,,0,0,0,Tongji University,False,True,True
PRJNA758802,excluded,host_environmental,0,,,0,0,0,University of Szeged,False,True,True
PRJNA954467,excluded,site_unknown,0,,,0,0,0,Sun Yat-sen University,False,True,True
PRJNA1263537,excluded,host_environmental,0,,,0,0,0,Los Alamos National Laboratory,False,True,True
PRJEB42456,excluded,site_excluded,0,,,0,0,0,"the first affiliated hospital, zheng zhou university.; the first affiliated hospital",False,True,True
PRJNA1206728,excluded,host_environmental,0,,,0,0,0,Sun Yat-sen University,False,True,True
PRJEB90053,excluded,host_environmental,0,,,0,0,0,Harbin Institute of Technology,False,True,True
PRJNA816618,excluded,host_nonhuman,0,,,0,0,0,Jeonbuk National University,False,True,True
PRJNA1370953,excluded,host_nonhuman,0,,,0,0,0,Arizona State University,False,True,True
PRJEB25954,excluded,age_adult_only,0,,,0,0,0,Hannover Medical School,False,True,True
PRJNA1156359,excluded,host_nonhuman,0,,,0,0,0,University of Padova,False,True,True
PRJNA1221977,excluded,site_unknown,0,,,0,0,0,Dalian University of Technology,False,True,True
PRJNA1089132,excluded,host_nonhuman,0,,,0,0,0,Cornell University,False,True,True
PRJEB26542,excluded,host_environmental,0,,,0,0,0,MGRAST,False,True,True
PRJNA1119392,excluded,host_environmental,0,,,0,0,0,UNESCO,False,True,True
PRJEB11852,excluded,age_child_over_36m,0,,,0,0,0,,False,False,True
PRJEB26473,excluded,assay_rna,0,,,0,0,0,UNIVERSITY OF NEW SOUTH WALES,False,True,True
PRJNA944403,excluded,age_adult_only,0,,,0,0,0,Nankai University,False,True,True
PRJNA748224,excluded,host_environmental,0,,,0,0,0,Feng Chia University,False,True,True
PRJNA754506,excluded,host_environmental,0,,,0,0,0,Michigan State University,False,True,True
PRJEB30781,excluded,site_unknown,0,,,0,0,0,"UNIVERSITY OF EAST ANGLIA, UK",False,True,True
PRJEB25200,excluded,host_nonhuman,0,,,0,0,0,Chengdu research base of giant panda breeding,False,True,True
PRJEB107177,excluded,age_unknown_no_evidence,0,,,0,0,0,HUN-REN Biological Research Centre,False,True,True
PRJEB46943,included,,45,Johansen J,Rasmussen S,8,7,0,University of Copenhagen,True,True,True
PRJEB56382,excluded,site_excluded,0,,,0,0,0,inserm paris nord bichat; INSERM Paris nord Bichat,False,True,True
PRJEB85905,excluded,site_excluded,0,,,0,0,0,Wellcome Sanger Institute,False,True,True
PRJNA1003883,excluded,host_nonhuman,0,,,0,0,0,Biotechnology Institute,False,True,True
PRJNA1018111,excluded,host_nonhuman,0,,,0,0,0,Naresuan University,False,True,True
PRJNA1051083,excluded,host_environmental,0,,,0,0,0,Universidade de Sao Paulo,False,True,True
PRJNA1145458,excluded,age_unknown_no_evidence,0,,,0,0,0,McGill University,False,True,True
PRJNA1177266,excluded,host_nonhuman,0,,,0,0,0,Veterinary Faculty,False,True,True
PRJNA398713,excluded,host_nonhuman,0,,,0,0,0,China animal health and epidemiology center,False,True,True
PRJNA599270,excluded,host_nonhuman,5,Bonilla-Rosso G,Engel P,1,0,1,University of Lausanne,True,True,True
PRJNA616026,excluded,host_environmental,0,,,0,0,0,Montana State University,False,True,True
PRJNA801109,excluded,host_nonhuman,0,,,0,0,0,UNSW Microbiome Research Centre,False,True,True
PRJNA944100,excluded,age_adult_only,0,,,0,0,0,Jiangsu University,False,True,True
PRJNA1067830,excluded,host_nonhuman,32,Chang HW,Gordon JI,1,0,1,Washington University in St. Louis,True,True,True
PRJEB54962,excluded,host_nonhuman,0,,,0,0,0,QLD Health,False,True,True
PRJNA692042,excluded,host_nonhuman,0,,,0,0,0,Kiel University,False,True,True
PRJEB29697,excluded,host_nonhuman,0,,,0,0,0,WASHINGTON UNIVERSITY CENTER FOR GENOME SCIENCES,False,True,True
PRJNA1000227,excluded,host_nonhuman,0,,,0,0,0,jiangnan university,False,True,True
PRJNA1336773,excluded,host_nonhuman,0,,,0,0,0,Leiden University,False,True,True
PRJEB15296,excluded,host_nonhuman,0,,,0,0,0,Breeding and Reproduction,False,True,True
PRJEB88183,excluded,host_nonhuman,0,,,0,0,0,University Hospital of North Norway,False,True,True
PRJNA733600,excluded,host_nonhuman,0,,,0,0,0,Washington University School of Medicine,False,True,True
PRJNA701157,excluded,host_nonhuman,0,,,0,0,0,University Medical Center Groningen; Food Pro-tec-ts project,False,True,True
PRJNA736075,excluded,host_nonhuman,0,,,0,0,0,Texas A&M University,False,True,True
PRJNA1140205,excluded,host_nonhuman,0,,,0,0,0,University of Regina,False,True,True
PRJNA1335804,excluded,host_nonhuman,0,,,0,0,0,Universite Claude Bernard Laboratoire d'Ecologie Microbienne,False,True,True
PRJNA1148079,excluded,host_synthetic,3,Mao Y,Nguyen TH,1,0,1,University of Illinois,True,True,True
PRJNA523253,excluded,host_nonhuman,0,,,0,0,0,University of Missouri,False,True,True
PRJEB57055,excluded,host_nonhuman,0,,,0,0,0,addis ababa university; Addis Ababa University,False,True,True
PRJEB64247,excluded,host_nonhuman,0,,,0,0,0,GENOME INSTITUTE OF SINGAPORE,False,True,True
PRJEB61647,excluded,host_nonhuman,0,,,0,0,0,WASHINGTON UNIVERSITY CENTER FOR GENOME SCIENCES,False,True,True
PRJNA1122166,excluded,host_nonhuman,0,,,0,0,0,University of Regina,False,True,True
PRJNA1143569,excluded,host_nonhuman,0,,,0,0,0,Canadian Food Inspection Agency,False,True,True
PRJEB35838,excluded,host_nonhuman,0,,,0,0,0,ALFRED WEGENER INSTITUTE FOR POLAR AND MARINE RESEARCH,False,True,True
PRJEB64231,excluded,host_nonhuman,0,,,0,0,0,GENOME INSTITUTE OF SINGAPORE,False,True,True
PRJEB83776,excluded,host_nonhuman,0,,,0,0,0,Duke-NUS,False,True,True
PRJEB8920,excluded,host_nonhuman,0,,,0,0,0,NIOO KNAW,False,True,True
PRJEB38990,excluded,host_nonhuman,0,,,0,0,0,UNIVERSITY OF NOTTINGHAM,False,True,True
PRJEB9549,excluded,host_nonhuman,0,,,0,0,0,University of Galway,False,True,True
PRJEB51049,excluded,host_nonhuman,0,,,0,0,0,University of Galway,False,True,True
PRJEB10528,excluded,host_nonhuman,0,,,0,0,0,the Netherlands Institute of Ecology,False,True,True
PRJNA591315,excluded,host_nonhuman,9,Tóth AG,Solymosi N,1,0,1,Univeristy of Veterinary Medicine Budapest,True,True,True
PRJNA602583,excluded,host_nonhuman,0,,,0,0,0,"China university of Geosciences, Wuhan",False,True,True
PRJNA607369,excluded,host_nonhuman,0,,,0,0,0,AgResearch,False,True,True
PRJNA616183,excluded,host_nonhuman,0,,,0,0,0,The University of Texas Southwestern Medical Center,False,True,True
PRJNA655556,excluded,host_nonhuman,0,,,0,0,0,Shanghai Academy of Agricultral Sciences,False,True,True
PRJNA713532,excluded,host_nonhuman,0,,,0,0,0,Nanjing University,False,True,True
PRJNA716350,excluded,host_nonhuman,0,,,0,0,0,University of Texas Medical Branch at Galveston,False,True,True
PRJNA777763,excluded,host_nonhuman,0,,,0,0,0,soochow university,False,True,True
PRJNA782068,excluded,host_nonhuman,0,,,0,0,0,University of Barcelona,False,True,True
PRJNA768438,excluded,host_nonhuman,0,,,0,0,0,UC Riverside,False,True,True
PRJNA854158,excluded,host_nonhuman,0,,,0,0,0,New York University,False,True,True
PRJNA856479,excluded,host_nonhuman,0,,,0,0,0,Xiamen University,False,True,True
PRJNA856843,excluded,host_nonhuman,0,,,0,0,0,CSIR-NATIONAL BOTANICAL RESEARCH INSTITUTE,False,True,True
PRJNA880821,excluded,host_nonhuman,0,,,0,0,0,University of Iowa,False,True,True
PRJNA884508,excluded,host_nonhuman,0,,,0,0,0,University of Bologna,False,True,True
PRJNA939257,excluded,host_nonhuman,0,,,0,0,0,Zhejiang University of Technology,False,True,True
PRJNA954593,excluded,host_nonhuman,0,,,0,0,0,University of Bologna,False,True,True
PRJNA974918,excluded,host_nonhuman,0,,,0,0,0,Peking University,False,True,True
PRJNA1000096,excluded,host_nonhuman,0,,,0,0,0,Reva University,False,True,True
PRJNA1006003,excluded,host_nonhuman,0,,,0,0,0,University of Minnesota,False,True,True
PRJNA1013755,excluded,host_nonhuman,0,,,0,0,0,Aventure AB,False,True,True
PRJNA1007440,excluded,host_nonhuman,0,,,0,0,0,Fudan University,False,True,True
PRJNA1262545,excluded,host_nonhuman,0,,,0,0,0,Harbin University of Commerce,False,True,True
PRJNA1274190,excluded,host_nonhuman,0,,,0,0,0,"Heilongjiang River Fisheries Research Institute, Chinese Academy of Fishery Sciences",False,True,True
PRJNA1282062,excluded,host_nonhuman,0,,,0,0,0,"Institute of Geochemistry,Chinese Academy of Sciences",False,True,True
PRJNA1288233,excluded,host_nonhuman,0,,,0,0,0,,False,False,True
PRJNA1369815,excluded,host_nonhuman,0,,,0,0,0,Peking University Third Hospital,False,True,True
PRJNA1376232,excluded,host_nonhuman,0,,,0,0,0,Shantou University,False,True,True
PRJNA1405241,excluded,host_nonhuman,0,,,0,0,0,Chinese Academy of Sciences,False,True,True
PRJNA1414918,excluded,host_nonhuman,0,,,0,0,0,Division of Medical Bioinformatics,False,True,True
PRJEB40461,excluded,host_nonhuman,0,,,0,0,0,WASHINGTON UNIVERSITY IN ST. LOUIS,False,True,True
PRJEB8179,excluded,host_synthetic,6,Schirmer M,Quince C,1,0,1,University of Liverpool,True,True,True
PRJNA895187,excluded,host_nonhuman,0,,,0,0,0,Xiamen University,False,True,True
PRJNA900426,excluded,host_nonhuman,0,,,0,0,0,Tarim University,False,True,True
PRJNA906729,excluded,host_nonhuman,0,,,0,0,0,Don State Technical University,False,True,True
PRJNA928248,excluded,host_nonhuman,0,,,0,0,0,University of Bologna,False,True,True
PRJNA1139327,excluded,host_nonhuman,0,,,0,0,0,University of Minnesota,False,True,True
PRJNA1152128,excluded,host_nonhuman,0,,,0,0,0,Chinese Academy of Sciences,False,True,True
PRJNA812704,excluded,host_nonhuman,0,,,0,0,0,Peking University,False,True,True
PRJNA866088,excluded,host_nonhuman,0,,,0,0,0,Nirma University,False,True,True
PRJNA1163741,excluded,host_nonhuman,0,,,0,0,0,Shanghai Ocean University,False,True,True
PRJNA1168933,excluded,host_nonhuman,0,,,0,0,0,University of Palermo,False,True,True
PRJNA1181661,excluded,host_nonhuman,0,,,0,0,0,Fujian Normal University,False,True,True
PRJNA974980,excluded,host_nonhuman,0,,,0,0,0,Korea university,False,True,True
PRJNA978540,excluded,host_nonhuman,0,,,0,0,0,Ruzzini Lab,False,True,True
PRJNA939134,excluded,host_nonhuman,0,,,0,0,0,"University of California, Davis",False,True,True
PRJEB12330,excluded,host_nonhuman,0,,,0,0,0,ARO,False,True,True
PRJEB13232,excluded,host_nonhuman,0,,,0,0,0,EAWAG,False,True,True
PRJNA1198029,excluded,host_nonhuman,0,,,0,0,0,LIED UMR 8236,False,True,True
PRJNA1215968,excluded,host_nonhuman,0,,,0,0,0,Universidad de Antofagasta,False,True,True
PRJNA1225454,excluded,host_nonhuman,0,,,0,0,0,University of Bologna,False,True,True
PRJEB13736,excluded,host_nonhuman,0,,,0,0,0,University of California San Diego Microbiome Initiative,False,True,True
PRJNA1245096,excluded,host_nonhuman,0,,,0,0,0,University of Bologna,False,True,True
PRJNA1253189,excluded,host_nonhuman,0,,,0,0,0,Southwest Minzu University,False,True,True
PRJEB13802,excluded,host_nonhuman,0,,,0,0,0,University of California San Diego Microbiome Initiative,False,True,True
PRJEB15673,excluded,host_nonhuman,0,,,0,0,0,WASHINGTON UNIVERSITY CENTER FOR GENOME SCIENCES,False,True,True
PRJNA1304740,excluded,host_nonhuman,0,,,0,0,0,Nantong University,False,True,True
PRJEB20625,excluded,host_nonhuman,0,,,0,0,0,WEIZMANN INSTITUE OF SCIENCE,False,True,True
PRJNA1314460,excluded,host_nonhuman,0,,,0,0,0,Chongqing University,False,True,True
PRJNA1321110,excluded,host_nonhuman,0,,,0,0,0,Harbin Institute of Technology (Shenzhen),False,True,True
PRJEB22115,excluded,host_nonhuman,0,,,0,0,0,Universita degli studi di Milano,False,True,True
PRJEB22242,excluded,host_nonhuman,0,,,0,0,0,"Teagasc Food Research Centre, Ireland; Teagasc Food Research Centre",False,True,True
PRJNA1025901,excluded,host_nonhuman,0,,,0,0,0,Key Laboratory of Tropical Aquatic Germplasm of Hainan Province,False,True,True
PRJEB22995,excluded,host_nonhuman,0,,,0,0,0,MPI-MM,False,True,True
PRJEB26815,excluded,host_nonhuman,0,,,0,0,0,University of Jaen,False,True,True
PRJEB27458,excluded,host_nonhuman,0,,,0,0,0,University of California San Diego Microbiome Initiative,False,True,True
PRJNA1034280,excluded,host_nonhuman,0,,,0,0,0,Quadram Institute Bioscience,False,True,True
PRJEB27666,excluded,host_nonhuman,0,,,0,0,0,ZHEJIANG UNIVERSITY,False,True,True
PRJEB29072,excluded,host_nonhuman,0,,,0,0,0,"TIANJIN UNIVERSITY, TIANJIN, CHINA",False,True,True
PRJEB33404,excluded,host_nonhuman,0,,,0,0,0,INHA UNIV.,False,True,True
PRJEB33888,excluded,host_nonhuman,0,,,0,0,0,University of California San Diego Microbiome Initiative,False,True,True
PRJNA1321915,excluded,host_nonhuman,0,,,0,0,0,University of Bologna,False,True,True
PRJEB35194,excluded,host_nonhuman,0,,,0,0,0,ZHEJIANG UNIVERSITY,False,True,True
PRJNA1326499,excluded,host_nonhuman,0,,,0,0,0,Shihezi University,False,True,True
PRJNA1473135,excluded,host_nonhuman,0,,,0,0,0,Beijing University of Technology,False,True,True
PRJNA1476146,excluded,host_nonhuman,0,,,0,0,0,zhejiang academy of agricultural sciences,False,True,True
PRJNA387102,excluded,host_nonhuman,0,,,0,0,0,THERAGENETEX BIOINSTITUTE,False,True,True
PRJEB39697,excluded,host_nonhuman,0,,,0,0,0,Swiss Federal Institute of Aquatic Science and Technology,False,True,True
PRJEB33396,excluded,host_nonhuman,0,,,0,0,0,sruc veterinary services,False,True,True
PRJEB38446,excluded,host_nonhuman,14,Chang HW,Gordon JI,1,0,1,WASHINGTON UNIVERSITY SCHOOL OF MEDICINE,True,True,True
PRJNA472635,excluded,host_nonhuman,0,,,0,0,0,Yanbian University,False,True,True
PRJNA560666,excluded,host_nonhuman,0,,,0,0,0,Zhejiang Mariculture Research Institute,False,True,True
PRJEB14460,excluded,host_nonhuman,0,,,0,0,0,University of California San Diego Microbiome Initiative,False,True,True
PRJEB14534,excluded,host_nonhuman,0,,,0,0,0,UMR5557,False,True,True
PRJEB14696,excluded,host_nonhuman,0,,,0,0,0,University of California San Diego Microbiome Initiative,False,True,True
PRJEB14795,excluded,host_nonhuman,0,,,0,0,0,University of California San Diego Microbiome Initiative,False,True,True
PRJNA1166713,excluded,host_nonhuman,0,,,0,0,0,Beijing university of Technology,False,True,True
PRJNA1177975,excluded,host_nonhuman,0,,,0,0,0,Zhejiang University of Science and Technology,False,True,True
PRJEB14822,excluded,host_nonhuman,0,,,0,0,0,University of California San Diego Microbiome Initiative,False,True,True
PRJEB15194,excluded,host_nonhuman,0,,,0,0,0,University of California San Diego Microbiome Initiative,False,True,True
PRJEB15215,excluded,host_nonhuman,0,,,0,0,0,University of California San Diego Microbiome Initiative,False,True,True
PRJNA985882,excluded,host_nonhuman,0,,,0,0,0,Harbin Institute of Technology(Shenzhen),False,True,True
PRJEB44367,excluded,host_nonhuman,0,,,0,0,0,UNIVERSITY OF WESTERN ONTARIO,False,True,True
PRJNA683594,excluded,host_nonhuman,0,,,0,0,0,Michigan State University,False,True,True
PRJNA1506851,excluded,host_nonhuman,0,,,0,0,0,Beijing University of technology,False,True,True
PRJNA526108,excluded,host_nonhuman,0,,,0,0,0,University of Hawaii at Manoa,False,True,True
PRJNA506488,excluded,host_nonhuman,0,,,0,0,0,"ShanDong University,Weihai",False,True,True
PRJEB14343,excluded,host_nonhuman,0,,,0,0,0,UMR5557,False,True,True
PRJEB14346,excluded,host_nonhuman,0,,,0,0,0,UMR5557,False,True,True
PRJNA1206557,excluded,host_nonhuman,0,,,0,0,0,"Chengdu Institute of Biology, Chinese Academy of Science",False,True,True
PRJEB14347,excluded,host_nonhuman,0,,,0,0,0,UMR5557,False,True,True
PRJEB15612,excluded,host_nonhuman,0,,,0,0,0,University of California San Diego Microbiome Initiative,False,True,True
PRJEB18425,excluded,host_nonhuman,0,,,0,0,0,THE UNIVERSITY OF ADELAIDE,False,True,True
PRJEB14786,excluded,host_nonhuman,0,,,0,0,0,University of California San Diego Microbiome Initiative,False,True,True
PRJEB110419,excluded,host_nonhuman,0,,,0,0,0,Universita degli studi di Milano,False,True,True
PRJNA783142,excluded,host_nonhuman,0,,,0,0,0,Okayama University,False,True,True
PRJNA1053271,excluded,host_nonhuman,0,,,0,0,0,Yunnan Agricultural University,False,True,True
PRJNA1058964,excluded,host_nonhuman,0,,,0,0,0,Yunnan agricultural university,False,True,True
PRJNA1168083,excluded,host_nonhuman,0,,,0,0,0,Delft University of Technology,False,True,True
PRJNA813570,excluded,host_nonhuman,0,,,0,0,0,Nova Southeastern University,False,True,True
PRJEB57214,excluded,host_nonhuman,0,,,0,0,0,Leibniz Institute for Natural Product Research and Infection Biology,False,True,True
PRJEB53155,excluded,host_nonhuman,0,,,0,0,0,VRIJE UNIVERSITEIT BRUSSEL,False,True,True
PRJEB57859,excluded,host_nonhuman,4,Allsing N,Sant KE,1,0,1,San Diego State University,True,True,True
PRJEB62878,excluded,host_nonhuman,0,,,0,0,0,"Centre for Genomic Epidemiology, National Food Institute, Technical University of Denmark (DTU), Denmark; Centre for Genomic Epidemiology",False,True,True
PRJEB64278,excluded,host_nonhuman,0,,,0,0,0,University of California San Diego Microbiome Initiative,False,True,True
PRJEB64331,excluded,host_nonhuman,0,,,0,0,0,VRIJE UNIVERSITEIT BRUSSEL,False,True,True
PRJNA682602,excluded,host_nonhuman,0,,,0,0,0,Blood Systems Research Institute,False,True,True
PRJEB65366,excluded,host_nonhuman,0,,,0,0,0,AALBORG UNIVERSITY,False,True,True
PRJNA646738,excluded,host_nonhuman,0,,,0,0,0,Blood Systems Research Institute,False,True,True
PRJNA475280,excluded,host_nonhuman,0,,,0,0,0,Blood Systems Research Institute,False,True,True
PRJNA547824,excluded,host_nonhuman,0,,,0,0,0,Blood Systems Research Institute,False,True,True
PRJEB66294,excluded,host_nonhuman,0,,,0,0,0,"Centre for Ecology and Hydrology, United Kingdom; Centre for Ecology and Hydrology",False,True,True
PRJEB67586,excluded,host_nonhuman,0,,,0,0,0,NATIONAL VETERINARY INSTITUTE (SVA),False,True,True
PRJEB67532,excluded,host_nonhuman,0,,,0,0,0,Centre for Structural and Functional Genomics,False,True,True
PRJEB70517,excluded,host_nonhuman,0,,,0,0,0,University of California San Diego Microbiome Initiative,False,True,True
PRJEB28363,excluded,host_nonhuman,0,,,0,0,0,VRIJE UNIVERSITEIT BRUSSEL,False,True,True
PRJEB15034,excluded,host_nonhuman,0,,,0,0,0,UNIVERSITY OF SZEGED,False,True,True
PRJEB73321,excluded,host_synthetic,0,,,0,0,0,Warwick Medical School,False,True,True
PRJEB73453,excluded,host_nonhuman,0,,,0,0,0,Warwick Medical School,False,True,True
PRJEB73477,excluded,host_nonhuman,0,,,0,0,0,Warwick Medical School,False,True,True
PRJEB73485,excluded,host_synthetic,0,,,0,0,0,Warwick Medical School,False,True,True
PRJEB73565,excluded,host_nonhuman,0,,,0,0,0,Warwick Medical School,False,True,True
PRJEB57876,excluded,host_nonhuman,0,,,0,0,0,"institute of microbiology, eth zurich; Institute of Microbiology, ETH Zurich",False,True,True
PRJEB25144,excluded,host_nonhuman,6,Seppey CV,Lara E,1,0,1,,True,False,True
PRJEB74482,excluded,host_nonhuman,0,,,0,0,0,University of California San Diego Microbiome Initiative,False,True,True
PRJEB76409,excluded,host_nonhuman,0,,,0,0,0,University of California San Diego Microbiome Initiative,False,True,True
PRJEB77048,excluded,host_nonhuman,0,,,0,0,0,University of Basel,False,True,True
PRJEB77875,excluded,host_nonhuman,7,Tinta T,Herndl G,1,0,1,national institute of biology; National Institute of Biology,True,True,True
PRJEB80377,excluded,host_nonhuman,0,,,0,0,0,University of California San Diego Microbiome Initiative,False,True,True
PRJEB81156,excluded,host_nonhuman,0,,,0,0,0,University of Copenhagen,False,True,True
PRJEB70657,excluded,host_nonhuman,0,,,0,0,0,QUEEN'S UNIVERSITY BELFAST,False,True,True
PRJEB82106,excluded,host_nonhuman,0,,,0,0,0,Leibniz Institute for Natural Product Research and Infection Biology,False,True,True
PRJEB75939,excluded,host_nonhuman,0,,,0,0,0,Leibniz Institute for Natural Product Research and Infection Biology,False,True,True
PRJEB83610,excluded,host_nonhuman,0,,,0,0,0,"Centre for Genomic Epidemiology, National Food Institute, Technical University of Denmark (DTU), Denmark; Centre for Genomic Epidemiology",False,True,True
PRJEB82663,excluded,host_nonhuman,0,,,0,0,0,University of Exeter; UNIVERSITY OF EXETER,False,True,True
PRJEB85785,excluded,host_nonhuman,8,Orel N,Tinta T,1,0,1,national institute of biology; National Institute of Biology,True,True,True
PRJEB85861,excluded,host_nonhuman,0,,,0,0,0,Environment Agency CSG Research,False,True,True
PRJEB88012,excluded,host_nonhuman,0,,,0,0,0,London School of Hygiene & Tropical Medicine,False,True,True
PRJNA550124,excluded,host_nonhuman,0,,,0,0,0,Blood Systems Research Institute,False,True,True
PRJEB85523,excluded,host_nonhuman,0,,,0,0,0,GFZ German Research Centre for Geosciences,False,True,True
PRJEB88842,excluded,host_nonhuman,0,,,0,0,0,Sun Yat-sen University,False,True,True
PRJEB52149,excluded,host_nonhuman,0,,,0,0,0,UNIVERSITY OF NOTTINGHAM,False,True,True
PRJEB90218,excluded,host_nonhuman,0,,,0,0,0,University of California San Diego Microbiome Initiative,False,True,True
PRJEB90275,excluded,host_nonhuman,0,,,0,0,0,University of Exeter,False,True,True
PRJEB96239,excluded,host_nonhuman,0,,,0,0,0,QUEEN'S UNIVERSITY BELFAST,False,True,True
PRJEB98077,excluded,host_nonhuman,0,,,0,0,0,Leibniz Institute for Freshwater Ecology and Inland Fisheries,False,True,True
PRJEB98232,excluded,host_nonhuman,6,Ruiz-Blas F,Vuillemin A,1,0,1,GFZ German Research Centre for Geosciences,True,True,True
PRJEB98595,excluded,host_nonhuman,0,,,0,0,0,"Centre for Ecology and Hydrology, United Kingdom; Centre for Ecology and Hydrology",False,True,True
PRJEB100857,excluded,host_nonhuman,0,,,0,0,0,Microbiology Institute of the Czech Academy of Sciences,False,True,True
PRJEB80097,excluded,host_nonhuman,0,,,0,0,0,ISTITUTO SUPERIORE DI SANITA,False,True,True
PRJEB102381,excluded,host_nonhuman,0,,,0,0,0,UNIVERSITY OF GLASGOW,False,True,True
PRJEB102839,excluded,host_nonhuman,0,,,0,0,0,Indian Biological Data Centre,False,True,True
PRJEB72360,excluded,host_nonhuman,0,,,0,0,0,Inselspital,False,True,True
PRJEB49339,excluded,host_nonhuman,0,,,0,0,0,"friedrich-loeffler-institut, institute of epidemiology; Friedrich-Loeffler-Institut, Institute of Epidemiology",False,True,True
PRJEB105240,excluded,host_synthetic,0,,,0,0,0,"Biomedical Engineering Department, Brown University; Biomedical Engineering Department",False,True,True
PRJEB50284,excluded,host_nonhuman,0,,,0,0,0,King Abdullah University of Science and Technology (KAUST),False,True,True
PRJEB105113,excluded,host_nonhuman,0,,,0,0,0,"friedrich-loeffler-institut, institute of epidemiology; Friedrich-Loeffler-Institut, Institute of Epidemiology",False,True,True
PRJEB106491,excluded,host_nonhuman,0,,,0,0,0,Indian Biological Data Centre,False,True,True
PRJEB107912,excluded,host_nonhuman,0,,,0,0,0,Indian Biological Data Centre,False,True,True
PRJEB102564,excluded,host_nonhuman,0,,,0,0,0,Max Delbrueck Center for Molecular Medicine,False,True,True
PRJEB107961,excluded,host_synthetic,0,,,0,0,0,QUEEN'S UNIVERSITY BELFAST,False,True,True
PRJEB110203,excluded,host_nonhuman,0,,,0,0,0,"the First affiliated hospital, Sun yat-sen university; the First affiliated hospital",False,True,True
PRJEB112570,excluded,host_nonhuman,0,,,0,0,0,Institute for Archaeological Sciences,False,True,True
PRJEB96782,excluded,host_nonhuman,0,,,0,0,0,Swedish University of Agricultural Sciences,False,True,True
PRJEB89185,excluded,host_nonhuman,0,,,0,0,0,Weill Cornell Medicine Department of Systems and Computational Biomedicine,False,True,True
PRJEB8286,excluded,host_synthetic,0,,,0,0,0,University of Canterbury,False,True,True
PRJEB49428,excluded,host_nonhuman,0,,,0,0,0,INSERM,False,True,True
PRJEB48101,excluded,host_nonhuman,0,,,0,0,0,WASHINGTON UNIVERSITY CENTER FOR GENOME SCIENCES,False,True,True
PRJEB42966,excluded,host_nonhuman,0,,,0,0,0,Institut de Recherche pour le Developpement,False,True,True
PRJEB8939,excluded,host_nonhuman,6,Rubino F,Creevey CJ,1,0,1,ABERSYTWYTH UNIVERSITY,True,True,True
PRJEB9018,excluded,host_nonhuman,0,,,0,0,0,TOXRUN-UCIBIO,False,True,True
PRJEB50688,excluded,host_nonhuman,5,Lamurias A,Nielsen TD,1,0,1,Center for Microbial Communities,True,True,True
PRJEB9118,excluded,host_synthetic,0,,,0,0,0,University of Liverpool,False,True,True
PRJEB9171,excluded,host_nonhuman,0,,,0,0,0,"Anand Agricultural University, India; Anand Agricultural University",False,True,True
PRJEB33338,excluded,host_nonhuman,0,,,0,0,0,THE ROSLIN INSTITUTE,False,True,True
PRJEB21624,excluded,host_nonhuman,12,Stewart RD,Watson M,1,0,1,THE ROSLIN INSTITUTE,True,True,True
PRJEB47977,excluded,host_nonhuman,0,,,0,0,0,"the first affiliated hospital, zheng zhou university.; the first affiliated hospital",False,True,True
PRJEB6314,excluded,host_nonhuman,16,Almeida M,Renault P,1,0,1,Institut National pour la Recherche Agronomique (FRANCE),True,True,True
PRJEB47975,excluded,host_nonhuman,0,,,0,0,0,UNIVERSITY OF HELSINKI,False,True,True
PRJEB48191,excluded,host_nonhuman,0,,,0,0,0,CSIR- National Institute of Oceanography,False,True,True
PRJEB48692,excluded,host_synthetic,7,Sereika M,Albertsen M,1,0,1,Center for Microbial Communities,True,True,True
PRJEB8240,excluded,host_nonhuman,0,,,0,0,0,"Center for Biotechnology, Bielefeld University; Center for Biotechnology",False,True,True
PRJEB47041,excluded,host_nonhuman,0,,,0,0,0,"NEWCASTLE UNIVERSITY, UK",False,True,True
PRJEB9068,excluded,host_nonhuman,0,,,0,0,0,WEIWEI XIA,False,True,True
PRJEB9661,excluded,host_nonhuman,0,,,0,0,0,UBC,False,True,True
PRJEB9412,excluded,host_nonhuman,0,,,0,0,0,"the first affiliated hospital, zheng zhou university.; the first affiliated hospital",False,True,True
PRJEB10338,excluded,host_nonhuman,0,,,0,0,0,University of Edinburgh,False,True,True
PRJEB10064,excluded,host_nonhuman,0,,,0,0,0,PUBLIC HEALTH ENGLAND,False,True,True
PRJNA50781,excluded,host_nonhuman,0,,,0,0,0,J. Craig Venter Institute; JCVI,False,True,True
PRJNA50699,excluded,host_nonhuman,0,,,0,0,0,J. Craig Venter Institute,False,True,True
PRJNA563009,excluded,host_nonhuman,0,,,0,0,0,NanJing University,False,True,True
PRJNA565559,excluded,host_nonhuman,0,,,0,0,0,Jiangnan University,False,True,True
PRJNA572554,excluded,host_nonhuman,0,,,0,0,0,University of Szeged; Department of Biotechnology,False,True,True
PRJNA577255,excluded,host_nonhuman,0,,,0,0,0,The First Affiliated Hospital of Jiaxing College,False,True,True
PRJNA592741,excluded,host_nonhuman,0,,,0,0,0,"ARO-Agricultural Research Organization, Volcani Center",False,True,True
PRJNA596977,excluded,host_nonhuman,0,,,0,0,0,Federal Unniversity of Rio de Janeiro,False,True,True
PRJNA598014,excluded,host_nonhuman,11,Gupta CL,Cytryn E,1,0,1,Agricultural Research Organization,True,True,True
PRJNA598878,excluded,host_nonhuman,0,,,0,0,0,Oregon State University,False,True,True
PRJNA598881,excluded,host_nonhuman,0,,,0,0,0,UC Irvine,False,True,True
PRJNA599939,excluded,host_nonhuman,0,,,0,0,0,Bangor University,False,True,True
PRJNA607332,excluded,host_nonhuman,0,,,0,0,0,Vitalant Reseach Institute,False,True,True
PRJNA526405,excluded,host_nonhuman,0,,,0,0,0,University of Technology Sydney; Daniela Gaio,False,True,True
PRJNA608547,excluded,host_nonhuman,0,,,0,0,0,Vitalant Reseach Institute,False,True,True
PRJNA615335,excluded,host_nonhuman,0,,,0,0,0,South China University of Technology,False,True,True
PRJNA506137,excluded,host_nonhuman,5,Gupta SK,Unno T,1,0,1,Jeju National University,True,True,True
PRJNA630108,excluded,host_nonhuman,0,,,0,0,0,NYU Tandon School of Engineering,False,True,True
PRJNA630534,excluded,host_nonhuman,0,,,0,0,0,University of Nebraska-Lincoln,False,True,True
PRJNA632941,excluded,host_nonhuman,0,,,0,0,0,The Ohio State University,False,True,True
PRJNA634917,excluded,host_nonhuman,0,,,0,0,0,California Institute of Technology,False,True,True
PRJNA634975,excluded,host_nonhuman,0,,,0,0,0,Yokohama City University,False,True,True
PRJNA638876,excluded,host_nonhuman,5,Rubiola S,Civera T,1,0,1,University of Turin,True,True,True
PRJNA639218,excluded,host_nonhuman,0,,,0,0,0,National Institute of Oceanography,False,True,True
PRJNA644022,excluded,host_nonhuman,5,Lin Y,,1,0,1,"Nanjing University; School of the environment, Nanjing University",True,True,True
PRJNA644244,excluded,host_nonhuman,0,,,0,0,0,Nanjing University,False,True,True
PRJNA644399,excluded,host_nonhuman,0,,,0,0,0,Cincinnati Childrens Hospital,False,True,True
PRJNA646095,excluded,host_nonhuman,0,,,0,0,0,The Jackson Laboratory,False,True,True
PRJNA505148,excluded,host_nonhuman,0,,,0,0,0,Princeton University,False,True,True
PRJNA625695,excluded,host_nonhuman,0,,,0,0,0,"University of Szeged; Biological Research Center, Hungary",False,True,True
PRJNA661164,excluded,host_nonhuman,5,Marano RBM,Cytryn E,1,0,1,Agricultural Research Organization,True,True,True
PRJNA633424,excluded,host_nonhuman,0,,,0,0,0,University of Arizona,False,True,True
PRJNA646650,excluded,host_nonhuman,7,Yeoman CJ,Mosoni P,1,0,1,"HPCBio, Roy J. Carver Biotechnology Center",True,True,True
PRJNA660349,excluded,host_nonhuman,0,,,0,0,0,"University of California, Irvine",False,True,True
PRJNA666055,excluded,host_nonhuman,0,,,0,0,0,Biological Research Center,False,True,True
PRJNA670130,excluded,host_nonhuman,0,,,0,0,0,Federal University of Rio de Janeiro,False,True,True
PRJNA673792,excluded,host_nonhuman,0,,,0,0,0,North-West University,False,True,True
PRJNA674485,excluded,host_nonhuman,0,,,0,0,0,North-West University,False,True,True
PRJNA675135,excluded,host_nonhuman,0,,,0,0,0,University of Michigan,False,True,True
PRJNA660155,excluded,host_nonhuman,0,,,0,0,0,Federal Unniversity of Rio de Janeiro,False,True,True
PRJNA682610,excluded,host_nonhuman,0,,,0,0,0,DESA/UFMG,False,True,True
PRJNA683608,excluded,host_nonhuman,0,,,0,0,0,HelmholtzZentrum Muenchen,False,True,True
PRJNA679730,excluded,host_nonhuman,13,Den Uyl PA,Goodwin KD,1,0,1,University of Michigan,True,True,True
PRJNA685398,excluded,host_nonhuman,8,Papp M,Solymosi N,1,0,1,Univeristy of Veterinary Medicine Budapest,True,True,True
PRJNA689661,excluded,host_nonhuman,0,,,0,0,0,Hebrew University,False,True,True
PRJNA677897,excluded,host_nonhuman,0,,,0,0,0,University of Messina,False,True,True
PRJNA690816,excluded,host_nonhuman,0,,,0,0,0,University of Nebraska-Lincoln,False,True,True
PRJNA691897,excluded,host_nonhuman,0,,,0,0,0,University of Luxembourg,False,True,True
PRJNA702770,excluded,host_nonhuman,11,Liu Y,Zhang S,1,0,1,Shenyang Agricultural University,True,True,True
PRJNA377096,excluded,host_nonhuman,15,Sharp CE,Strous M,3,0,3,University of Calgary,True,True,True
PRJNA504043,excluded,host_nonhuman,0,,,0,0,0,University of Minnesota,False,True,True
PRJNA703749,excluded,host_nonhuman,0,,,0,0,0,"Diversite, Ecologie et Evolution Microbienne, Unite Ecologie Systematique et Evolution",False,True,True
PRJNA623111,excluded,host_nonhuman,0,,,0,0,0,University of Vienna,False,True,True
PRJNA687411,excluded,host_nonhuman,0,,,0,0,0,NHGRI/NIH,False,True,True
PRJNA689669,excluded,host_nonhuman,0,,,0,0,0,"Kunming Institute of Botany, Chinese Academy of Sciences",False,True,True
PRJNA726965,excluded,host_nonhuman,0,,,0,0,0,The Pennsylvania State University,False,True,True
PRJNA727554,excluded,host_nonhuman,0,,,0,0,0,Nottingham Trent University,False,True,True
PRJNA728956,excluded,host_nonhuman,0,,,0,0,0,Hebei University,False,True,True
PRJNA730932,excluded,host_nonhuman,0,,,0,0,0,Dalian Ocean University,False,True,True
PRJNA732239,excluded,host_nonhuman,0,,,0,0,0,DSM,False,True,True
PRJNA727939,excluded,host_nonhuman,0,,,0,0,0,National Research Institute of Cultural Heritage,False,True,True
PRJNA667736,excluded,host_nonhuman,9,Ganda E,Wiedmann M,1,0,1,The Pennsylvania State University,True,True,True
PRJNA734720,excluded,host_nonhuman,0,,,0,0,0,Chinese PLA General Hospital,False,True,True
PRJNA737178,excluded,host_nonhuman,0,,,0,0,0,Xinjiang University,False,True,True
PRJNA724996,excluded,host_nonhuman,0,,,0,0,0,Sun Yat-sen University,False,True,True
PRJNA741363,excluded,host_nonhuman,0,,,0,0,0,CSIR-IHBT PALAMPUR,False,True,True
PRJNA743541,excluded,host_nonhuman,0,,,0,0,0,DSM,False,True,True
PRJNA748454,excluded,host_nonhuman,0,,,0,0,0,Affiliated Foshan Maternity & Child Healthcare Hospital,False,True,True
PRJNA749165,excluded,host_nonhuman,0,,,0,0,0,Chinese Academy of Sciences,False,True,True
PRJNA761116,excluded,host_nonhuman,0,,,0,0,0,Vanderbilt University,False,True,True
PRJNA761967,excluded,host_nonhuman,0,,,0,0,0,Biomin Research center,False,True,True
PRJNA703060,excluded,host_nonhuman,0,,,0,0,0,East China University of Science and Technology,False,True,True
PRJNA766489,excluded,host_nonhuman,0,,,0,0,0,NORTH-WEST UNIVERSITY,False,True,True
PRJNA751165,excluded,host_nonhuman,0,,,0,0,0,Guangdong Laboratory Animals Monitoring Institute,False,True,True
PRJNA675607,excluded,host_nonhuman,13,Ehrenfels B,Wehrli B,1,0,1,"EAWAG, Swiss Federal Institute of Aquatic Science and Technology",True,True,True
PRJNA753493,excluded,host_nonhuman,0,,,0,0,0,APC Microbiome Ireland,False,True,True
PRJNA542320,excluded,host_nonhuman,14,Singer JR,Weaver CT,1,0,1,University of Alabama at Birmingham,True,True,True
PRJNA775821,excluded,host_nonhuman,0,,,0,0,0,University of Pretoria,False,True,True
PRJNA777435,excluded,host_nonhuman,0,,,0,0,0,Andres Bello University,False,True,True
PRJNA784430,excluded,host_nonhuman,0,,,0,0,0,"Institute of Deep Sea Science and Engineering, Chines Academy of Sciences",False,True,True
PRJNA786644,excluded,host_nonhuman,0,,,0,0,0,Shanghai Jiaotong University,False,True,True
PRJNA786485,excluded,host_nonhuman,0,,,0,0,0,University of Copenhagen,False,True,True
PRJNA787435,excluded,host_nonhuman,0,,,0,0,0,China Agricultural University,False,True,True
PRJNA788656,excluded,host_nonhuman,0,,,0,0,0,Nanjing University,False,True,True
PRJNA791128,excluded,host_nonhuman,0,,,0,0,0,National Institute of Animal Nutrition and Physiology,False,True,True
PRJNA793774,excluded,host_nonhuman,0,,,0,0,0,University of Copenhagen,False,True,True
PRJNA795684,excluded,host_nonhuman,0,,,0,0,0,University of Brasilia,False,True,True
PRJNA796108,excluded,host_nonhuman,0,,,0,0,0,University of Brasilia,False,True,True
PRJNA805531,excluded,host_nonhuman,0,,,0,0,0,Pontificia Universidad Catolica de Chile,False,True,True
PRJNA809384,excluded,host_nonhuman,0,,,0,0,0,University of Alberta,False,True,True
PRJNA813168,excluded,host_nonhuman,0,,,0,0,0,University of Chicago,False,True,True
PRJNA812891,excluded,host_nonhuman,0,,,0,0,0,University of Hong Kong,False,True,True
PRJNA812770,excluded,host_nonhuman,5,Koeppel AF,Turner SD,1,0,1,ERI,True,True,True
PRJNA812346,excluded,host_nonhuman,0,,,0,0,0,University of Washington,False,True,True
PRJNA816841,excluded,host_nonhuman,0,,,0,0,0,University of Kentucky,False,True,True
PRJNA768945,excluded,host_nonhuman,0,,,0,0,0,University of Manitoba,False,True,True
PRJNA823538,excluded,host_nonhuman,0,,,0,0,0,Luxembourg Institute of Science and Technology,False,True,True
PRJNA821718,excluded,host_nonhuman,0,,,0,0,0,North-West University,False,True,True
PRJNA702522,excluded,host_nonhuman,13,Den Uyl PA,Goodwin KD,1,0,1,University of Michigan,True,True,True
PRJNA828263,excluded,host_nonhuman,0,,,0,0,0,University College Cork,False,True,True
PRJNA830999,excluded,host_nonhuman,0,,,0,0,0,Nankai University,False,True,True
PRJNA784525,excluded,host_nonhuman,0,,,0,0,0,University of Minnesota,False,True,True
PRJNA831615,excluded,host_nonhuman,0,,,0,0,0,ICM-CSIC,False,True,True
PRJNA807808,excluded,host_nonhuman,7,Ovis-Sánchez JO,Carrillo-Reyes J,1,0,1,"Instituto de Ingenieria, Universidad Nacional Autonoma de Mexico",True,True,True
PRJNA828360,excluded,host_nonhuman,0,,,0,0,0,"Northwest A&F University, Yangling",False,True,True
PRJNA835523,excluded,host_nonhuman,0,,,0,0,0,Florida Atlantic University Harbor Branch Oceanographic Institute,False,True,True
PRJNA839571,excluded,host_nonhuman,0,,,0,0,0,Nankai University,False,True,True
PRJNA844538,excluded,host_nonhuman,0,,,0,0,0,Westlake University,False,True,True
PRJNA844935,excluded,host_nonhuman,0,,,0,0,0,University of Colorado - Anschutz,False,True,True
PRJNA854743,excluded,host_nonhuman,0,,,0,0,0,Tongji University,False,True,True
PRJNA854750,excluded,host_nonhuman,0,,,0,0,0,Tongji University,False,True,True
PRJNA855163,excluded,host_nonhuman,0,,,0,0,0,East China Normal University,False,True,True
PRJNA854800,excluded,host_nonhuman,0,,,0,0,0,South-Central University for Nationalities,False,True,True
PRJNA794308,excluded,host_nonhuman,0,,,0,0,0,The University of Adelaide,False,True,True
PRJNA857474,excluded,host_nonhuman,0,,,0,0,0,Westlake University,False,True,True
PRJNA576751,excluded,host_nonhuman,0,,,0,0,0,California Institute of Technology,False,True,True
PRJNA858966,excluded,host_nonhuman,0,,,0,0,0,Bose Institute,False,True,True
PRJNA741258,excluded,host_nonhuman,0,,,0,0,0,Stanford University,False,True,True
PRJNA865096,excluded,host_nonhuman,0,,,0,0,0,University of Parma,False,True,True
PRJNA705176,excluded,host_nonhuman,0,,,0,0,0,PROIMI,False,True,True
PRJNA821436,excluded,host_nonhuman,0,,,0,0,0,Georg-August-University Goettingen,False,True,True
PRJNA868775,excluded,host_nonhuman,0,,,0,0,0,Bangor University,False,True,True
PRJNA874348,excluded,host_nonhuman,0,,,0,0,0,China Agricultural University,False,True,True
PRJNA873262,excluded,host_nonhuman,0,,,0,0,0,Chinese Academy of Sciences,False,True,True
PRJNA875879,excluded,host_nonhuman,0,,,0,0,0,Cornell University,False,True,True
PRJNA876378,excluded,host_nonhuman,0,,,0,0,0,Ocean University of China,False,True,True
PRJNA876842,excluded,host_nonhuman,0,,,0,0,0,BITS Pilani KK Birla Goa Campus,False,True,True
PRJNA837705,excluded,host_nonhuman,0,,,0,0,0,Guangzhou University,False,True,True
PRJNA754380,excluded,host_nonhuman,0,,,0,0,0,Ecologie Systematique Evolution,False,True,True
PRJNA728719,excluded,host_nonhuman,0,,,0,0,0,University of Minnesota,False,True,True
PRJNA878851,excluded,host_nonhuman,0,,,0,0,0,Kansas State University,False,True,True
PRJNA879784,excluded,host_nonhuman,0,,,0,0,0,YONSEI UNIVERSITY,False,True,True
PRJNA880558,excluded,host_nonhuman,0,,,0,0,0,University of Kentucky,False,True,True
PRJNA847951,excluded,host_nonhuman,0,,,0,0,0,Peking University,False,True,True
PRJNA853148,excluded,host_nonhuman,0,,,0,0,0,Junagadh Agricultural University,False,True,True
PRJNA881852,excluded,host_nonhuman,0,,,0,0,0,CNR,False,True,True
PRJNA876377,excluded,host_nonhuman,11,Liu H,Guo W,1,0,1,Inner Mongolia University,True,True,True
PRJNA883728,excluded,host_nonhuman,0,,,0,0,0,University of Missouri Columbia,False,True,True
PRJNA786261,excluded,host_nonhuman,0,,,0,0,0,CAU,False,True,True
PRJNA886670,excluded,host_nonhuman,0,,,0,0,0,University of Veterinary Medicine Vienna,False,True,True
PRJNA887364,excluded,host_nonhuman,0,,,0,0,0,LAGOS STATE UNIVERSITY,False,True,True
PRJNA883215,excluded,host_nonhuman,0,,,0,0,0,granular sludge,False,True,True
PRJNA888399,excluded,host_nonhuman,0,,,0,0,0,Federal Research and Clinical Centre of Physical-Chemical Medicine,False,True,True
PRJNA888079,excluded,host_nonhuman,0,,,0,0,0,Lagos state university,False,True,True
PRJNA889342,excluded,host_nonhuman,0,,,0,0,0,Northwest A&F University,False,True,True
PRJNA891434,excluded,host_nonhuman,0,,,0,0,0,Northwest Agriculture & Forestry University,False,True,True
PRJNA892918,excluded,host_nonhuman,0,,,0,0,0,Shandong Academy of Agricultural Sciences,False,True,True
PRJNA922379,excluded,host_nonhuman,0,,,0,0,0,University of Padova,False,True,True
PRJNA864791,excluded,host_nonhuman,0,,,0,0,0,Fundacao Oswaldo Cruz,False,True,True
PRJNA929687,excluded,host_nonhuman,0,,,0,0,0,IICT,False,True,True
PRJNA841806,excluded,host_nonhuman,0,,,0,0,0,University of Nottingham,False,True,True
PRJNA933895,excluded,host_nonhuman,0,,,0,0,0,"CSIR-NEERI, Nagpur",False,True,True
PRJNA935076,excluded,host_nonhuman,0,,,0,0,0,University of Cambridge,False,True,True
PRJNA939514,excluded,host_nonhuman,0,,,0,0,0,Royal Canin,False,True,True
PRJNA940065,excluded,host_nonhuman,0,,,0,0,0,The Pennsylvania State University,False,True,True
PRJNA944095,excluded,host_nonhuman,0,,,0,0,0,Tarim University,False,True,True
PRJNA944808,excluded,host_nonhuman,0,,,0,0,0,University of Saskatchewan,False,True,True
PRJNA949407,excluded,host_nonhuman,0,,,0,0,0,The University of Jinan,False,True,True
PRJNA950955,excluded,host_nonhuman,0,,,0,0,0,"Northeast Institute of Geography and Agroecology, Chinese Academy of Sciences",False,True,True
PRJNA952315,excluded,host_nonhuman,0,,,0,0,0,Huazhong Agriculture University,False,True,True
PRJNA953804,excluded,host_nonhuman,0,,,0,0,0,Fujian Academy of Agricultural Sciences,False,True,True
PRJNA961982,excluded,host_nonhuman,0,,,0,0,0,Indiana University School of Medicine,False,True,True
PRJNA962119,excluded,host_nonhuman,0,,,0,0,0,Indiana University School of Medicine,False,True,True
PRJNA950991,excluded,host_nonhuman,0,,,0,0,0,North Carolina State University College of Veterinary Medicine,False,True,True
PRJNA966095,excluded,host_nonhuman,0,,,0,0,0,Wageningen University & Research,False,True,True
PRJNA879921,excluded,host_nonhuman,0,,,0,0,0,Agricultural Genomics Institute at Shenzhen,False,True,True
PRJNA877812,excluded,host_nonhuman,0,,,0,0,0,Universita degli Studi di Firenze,False,True,True
PRJNA970524,excluded,host_nonhuman,0,,,0,0,0,Norwegian University of Life Sciences,False,True,True
PRJNA967649,excluded,host_nonhuman,0,,,0,0,0,UAE University,False,True,True
PRJNA971778,excluded,host_nonhuman,0,,,0,0,0,Institute of Urban Environment,False,True,True
PRJNA975618,excluded,host_nonhuman,0,,,0,0,0,China agricultural university,False,True,True
PRJNA842493,excluded,host_nonhuman,0,,,0,0,0,"Wastewater surveillance sequencing data for Houston, Texas, 2021",False,True,True
PRJNA792592,excluded,host_nonhuman,0,,,0,0,0,College of Charleston,False,True,True
PRJNA779404,excluded,host_nonhuman,3,Holman DB,Kommadath A,1,0,1,Agriculture and Agri-Food Canada,True,True,True
PRJNA882739,excluded,host_nonhuman,0,,,0,0,0,North-West University,False,True,True
PRJNA952100,excluded,host_nonhuman,0,,,0,0,0,North-West University,False,True,True
PRJNA833914,excluded,host_nonhuman,0,,,0,0,0,Beijing University of Technology,False,True,True
PRJNA850792,excluded,host_nonhuman,0,,,0,0,0,Cornell University,False,True,True
PRJNA971915,excluded,host_nonhuman,0,,,0,0,0,Universidad de Chile,False,True,True
PRJNA979807,excluded,host_nonhuman,0,,,0,0,0,institute of soil science,False,True,True
PRJNA982403,excluded,host_nonhuman,0,,,0,0,0,Cincinnati Childrens Hosp.,False,True,True
PRJNA983521,excluded,host_nonhuman,0,,,0,0,0,University of Minnesota,False,True,True
PRJNA986325,excluded,host_nonhuman,0,,,0,0,0,Australian Wine Research Institute,False,True,True
PRJNA993975,excluded,host_nonhuman,0,,,0,0,0,Bangor University,False,True,True
PRJNA882120,excluded,host_nonhuman,0,,,0,0,0,University of Oklahoma,False,True,True
PRJNA900227,excluded,host_nonhuman,0,,,0,0,0,University of Illinois at Chicago,False,True,True
PRJNA901887,excluded,host_nonhuman,0,,,0,0,0,Microbial Biotechnology Laboratory (Prof. O.O. Babalola,False,True,True
PRJNA903182,excluded,host_nonhuman,0,,,0,0,0,University of Kentucky,False,True,True
PRJNA922380,excluded,host_nonhuman,0,,,0,0,0,University of Padova,False,True,True
PRJNA925931,excluded,host_nonhuman,2,Ettinger CL,Laforgia ML,1,0,1,"University of California, Riverside",True,True,True
PRJNA926253,excluded,host_nonhuman,0,,,0,0,0,CSIR-National Environmental Engineering Research Institute (NEERI),False,True,True
PRJNA908759,excluded,host_nonhuman,0,,,0,0,0,GenoScreen,False,True,True
PRJNA909292,excluded,host_nonhuman,0,,,0,0,0,National Research Council Canada,False,True,True
PRJNA988414,excluded,host_nonhuman,0,,,0,0,0,CSIR-NEERI,False,True,True
PRJNA699333,excluded,host_nonhuman,0,,,0,0,0,The University of Hong Kong,False,True,True
PRJNA720801,excluded,host_nonhuman,0,,,0,0,0,IPB University,False,True,True
PRJNA998844,excluded,host_nonhuman,0,,,0,0,0,Robert Koch-Institute,False,True,True
PRJNA999488,excluded,host_nonhuman,0,,,0,0,0,Uniwersytet Warminsko-Mazurski w Olsztynie,False,True,True
PRJNA1004601,excluded,host_nonhuman,0,,,0,0,0,CEBAS-CSIC,False,True,True
PRJNA1001128,excluded,host_nonhuman,0,,,0,0,0,Yunnan Agricultural University,False,True,True
PRJNA1007597,excluded,host_nonhuman,0,,,0,0,0,Peking Union Medical College Hospital,False,True,True
PRJNA995040,excluded,host_nonhuman,0,,,0,0,0,south china agricultural university,False,True,True
PRJNA1010388,excluded,host_nonhuman,0,,,0,0,0,National Chung-Hsing University,False,True,True
PRJNA1025926,excluded,host_nonhuman,0,,,0,0,0,Shanghai Jiao Tong University School of Medicine,False,True,True
PRJNA1031997,excluded,host_nonhuman,33,AbuOun M,On Behalf Of The Rehab Consortium,2,0,2,Sciensano,True,True,True
PRJNA1033365,excluded,host_nonhuman,0,,,0,0,0,Cawthron Institue,False,True,True
PRJNA1033225,excluded,host_nonhuman,0,,,0,0,0,Ben Gurion University,False,True,True
PRJNA1001011,excluded,host_nonhuman,0,,,0,0,0,Berkeley National Lab; ENIGMA (Ecosystems and Networks Integrated with Genes and Molecular Assemblies),False,True,True
PRJNA1037140,excluded,host_nonhuman,0,,,0,0,0,University of Amsterdam,False,True,True
PRJNA1040009,excluded,host_nonhuman,0,,,0,0,0,University of Bologna,False,True,True
PRJNA1042834,excluded,host_nonhuman,0,,,0,0,0,Huazhong Agricultural University,False,True,True
PRJNA1043094,excluded,host_nonhuman,0,,,0,0,0,Northwestern Polytechnical University,False,True,True
PRJNA1043835,excluded,host_nonhuman,0,,,0,0,0,Ram Lal Anand College,False,True,True
PRJNA1042833,excluded,host_nonhuman,0,,,0,0,0,Huazhong Agricultural University,False,True,True
PRJNA1046061,excluded,host_nonhuman,0,,,0,0,0,Institut Pasteur Montevideo,False,True,True
PRJNA1046661,excluded,host_nonhuman,0,,,0,0,0,"Qingdao Institute of Bioenergy and Bioprocess Technology, Chinese Academy of Sciences",False,True,True
PRJNA1048529,excluded,host_nonhuman,0,,,0,0,0,University of Lausanne,False,True,True
PRJNA1048719,excluded,host_nonhuman,0,,,0,0,0,South China University of Technology,False,True,True
PRJNA749807,excluded,host_nonhuman,0,,,0,0,0,"University of California, Riverside",False,True,True
PRJNA1051081,excluded,host_synthetic,0,,,0,0,0,Data Analytics and Algorithm Development Group,False,True,True
PRJNA1055283,excluded,host_nonhuman,0,,,0,0,0,nanjing university,False,True,True
PRJNA1054518,excluded,host_nonhuman,0,,,0,0,0,University of Pennsylvania,False,True,True
PRJNA1048174,excluded,host_nonhuman,0,,,0,0,0,Nanjing Normal University,False,True,True
PRJNA1055888,excluded,host_nonhuman,0,,,0,0,0,University of Oxford,False,True,True
PRJNA1262814,excluded,host_nonhuman,0,,,0,0,0,China Agricultural University,False,True,True
PRJNA1263385,excluded,host_nonhuman,0,,,0,0,0,NJAU,False,True,True
PRJNA1264687,excluded,host_nonhuman,0,,,0,0,0,Gyeongsang National University,False,True,True
PRJNA1264756,excluded,host_nonhuman,0,,,0,0,0,University of Bologna,False,True,True
PRJNA1264511,excluded,host_nonhuman,0,,,0,0,0,University of Gothenburg,False,True,True
PRJNA914731,excluded,host_nonhuman,0,,,0,0,0,Sikkim University,False,True,True
PRJNA916364,excluded,host_nonhuman,0,,,0,0,0,Technion - Israel Institute of Technology,False,True,True
PRJNA862187,excluded,host_nonhuman,0,,,0,0,0,Gwangju Institue of Science and Technology,False,True,True
PRJNA1266479,excluded,host_nonhuman,0,,,0,0,0,Nile University,False,True,True
PRJNA1266614,excluded,host_nonhuman,0,,,0,0,0,zhejiang university,False,True,True
PRJNA1266846,excluded,host_nonhuman,0,,,0,0,0,The Ohio State University,False,True,True
PRJNA918527,excluded,host_nonhuman,0,,,0,0,0,Hunan Agricultural University,False,True,True
PRJNA922117,excluded,host_nonhuman,0,,,0,0,0,"University of Public Service,Faculty of Water Sciences",False,True,True
PRJNA1269215,excluded,host_nonhuman,0,,,0,0,0,Shanghai University of Traditional Chinese Medicine,False,True,True
PRJNA1270172,excluded,host_nonhuman,0,,,0,0,0,guangzhou university,False,True,True
PRJNA1271462,excluded,host_nonhuman,0,,,0,0,0,Michigan State University,False,True,True
PRJNA1171192,excluded,host_nonhuman,0,,,0,0,0,"P.D. Patel Institute of Applied Sciences, CHARUSAT University",False,True,True
PRJNA1272344,excluded,host_nonhuman,0,,,0,0,0,Shenyang Agricultural University,False,True,True
PRJNA1268148,excluded,host_nonhuman,0,,,0,0,0,NODE,False,True,True
PRJNA1273317,excluded,host_nonhuman,0,,,0,0,0,Tianjin University of Traditional Chinese Medicine,False,True,True
PRJNA1014771,excluded,host_nonhuman,0,,,0,0,0,Sun Yat-sen University,False,True,True
PRJNA1274447,excluded,host_nonhuman,0,,,0,0,0,Collevatti Lab,False,True,True
PRJNA1275591,excluded,host_nonhuman,0,,,0,0,0,Liaocheng University,False,True,True
PRJNA1276286,excluded,host_nonhuman,0,,,0,0,0,University of Trier,False,True,True
PRJNA1279340,excluded,host_nonhuman,0,,,0,0,0,Sichuan Agricultural University,False,True,True
PRJNA936569,excluded,host_nonhuman,0,,,0,0,0,Elizade University,False,True,True
PRJNA1024877,excluded,host_nonhuman,0,,,0,0,0,Shandong Peanut Research Institute,False,True,True
PRJNA1279254,excluded,host_nonhuman,10,Kos D,Ruzzini A,1,0,1,Ruzzini Lab,True,True,True
PRJNA1280513,excluded,host_nonhuman,0,,,0,0,0,Xuzhou Medical University,False,True,True
PRJNA1280746,excluded,host_nonhuman,0,,,0,0,0,Anhui Normal University,False,True,True
PRJNA1284408,excluded,host_nonhuman,0,,,0,0,0,Texas A&M University,False,True,True
PRJNA1288150,excluded,host_nonhuman,0,,,0,0,0,Northwest A&F University,False,True,True
PRJNA875570,excluded,host_nonhuman,7,Chernitsyna SM,Zemskaya TI,1,0,1,Limnological Institute SB RAS,True,True,True
PRJNA1337626,excluded,host_nonhuman,0,,,0,0,0,Chinese Academy of Sciences,False,True,True
PRJNA1338506,excluded,host_nonhuman,0,,,0,0,0,University of Minnesota Duluth,False,True,True
PRJNA1338796,excluded,host_nonhuman,0,,,0,0,0,Hainan University,False,True,True
PRJNA1344079,excluded,host_nonhuman,0,,,0,0,0,CENTER FOR MARINE LIVING RESOURCES,False,True,True
PRJNA1344417,excluded,host_nonhuman,0,,,0,0,0,Shanghai Jiao Tong University,False,True,True
PRJNA1344777,excluded,host_nonhuman,0,,,0,0,0,Alagappa University,False,True,True
PRJNA1344786,excluded,host_nonhuman,0,,,0,0,0,Alagappa University,False,True,True
PRJNA1344894,excluded,host_nonhuman,0,,,0,0,0,University of Bologna,False,True,True
PRJNA1345524,excluded,host_synthetic,0,,,0,0,0,Chinese Academy of Fishery Sciences,False,True,True
PRJNA1347079,excluded,host_nonhuman,0,,,0,0,0,Penn State University,False,True,True
PRJNA1347078,excluded,host_nonhuman,0,,,0,0,0,BioFigR,False,True,True
PRJNA1347482,excluded,host_nonhuman,0,,,0,0,0,Hohai University,False,True,True
PRJNA1348892,excluded,host_nonhuman,0,,,0,0,0,Elizade University,False,True,True
PRJNA1353592,excluded,host_nonhuman,0,,,0,0,0,Sichuan University,False,True,True
PRJNA1353899,excluded,host_nonhuman,0,,,0,0,0,"China university of geoscience,Wuhan",False,True,True
PRJNA1355442,excluded,host_nonhuman,0,,,0,0,0,HangZhou Normal University,False,True,True
PRJNA1357316,excluded,host_nonhuman,0,,,0,0,0,Lanzhou University,False,True,True
PRJNA1063731,excluded,host_nonhuman,0,,,0,0,0,Senckenberg Biodiversity and Climate Research Centre,False,True,True
PRJNA1065621,excluded,host_nonhuman,0,,,0,0,0,Centre for Cellular and Molecular Biology; Alliance for Pathogen Surveillance Innovations- India,False,True,True
PRJNA1067430,excluded,host_nonhuman,0,,,0,0,0,Shantou University,False,True,True
PRJNA1069328,excluded,host_nonhuman,0,,,0,0,0,Xinjiang Institute of Ecology and Geography,False,True,True
PRJNA1073286,excluded,host_nonhuman,0,,,0,0,0,University of Dhaka,False,True,True
PRJNA1358238,excluded,host_nonhuman,0,,,0,0,0,UFRGS,False,True,True
PRJNA1358741,excluded,host_nonhuman,0,,,0,0,0,China Agricultural University,False,True,True
PRJNA1077927,excluded,host_nonhuman,0,,,0,0,0,NCI/CCR/LICI,False,True,True
PRJNA1361219,excluded,host_nonhuman,0,,,0,0,0,Southern Methodist University,False,True,True
PRJNA1362963,excluded,host_nonhuman,0,,,0,0,0,Dalian University of Technology,False,True,True
PRJNA1367325,excluded,host_nonhuman,0,,,0,0,0,Nanjing university,False,True,True
PRJNA1369828,excluded,host_nonhuman,0,,,0,0,0,Qilu Hospital of Shandong University,False,True,True
PRJNA1370260,excluded,host_nonhuman,0,,,0,0,0,Chengdu research base of giant panda breeding,False,True,True
PRJNA1370788,excluded,host_nonhuman,0,,,0,0,0,Qilu Hospital of Shandong University,False,True,True
PRJNA1370591,excluded,host_nonhuman,0,,,0,0,0,Gansu Agricultural University,False,True,True
PRJNA1373209,excluded,host_nonhuman,0,,,0,0,0,shanxi agriculture university,False,True,True
PRJNA844179,excluded,host_nonhuman,0,,,0,0,0,National Environmental Engineering Research Institute,False,True,True
PRJNA1375750,excluded,host_nonhuman,0,,,0,0,0,"Bangladesh Agricultural University, Mymensingh",False,True,True
PRJNA1378522,excluded,host_nonhuman,0,,,0,0,0,South China Sea Fisheries Research Institute,False,True,True
PRJNA1379300,excluded,host_nonhuman,0,,,0,0,0,Newcastle University,False,True,True
PRJNA1390513,excluded,host_nonhuman,0,,,0,0,0,Federal University of Rio Grande do Norte,False,True,True
PRJNA1393226,excluded,host_nonhuman,0,,,0,0,0,Tongji University,False,True,True
PRJNA850162,excluded,host_nonhuman,0,,,0,0,0,Bard College at Simon's Rock,False,True,True
PRJNA1394194,excluded,host_nonhuman,0,,,0,0,0,Hebei Geo University,False,True,True
PRJNA1313400,excluded,host_nonhuman,0,,,0,0,0,NanChang University,False,True,True
PRJNA1395332,excluded,host_nonhuman,0,,,0,0,0,"Institute of Oceanology, Chinese Academy of Sciences",False,True,True
PRJNA1413893,excluded,host_nonhuman,0,,,0,0,0,Shanghai Academy of Agricultural Sciences,False,True,True
PRJNA1415085,excluded,host_nonhuman,24,Singh NK,Tallapaka KB,1,0,1,CSIR-Center for Cellular and Molecular Biology,True,True,True
PRJNA1082221,excluded,host_nonhuman,0,,,0,0,0,Uniwersytet Warminsko-Mazurski w Olsztynie,False,True,True
PRJNA1416814,excluded,host_nonhuman,0,,,0,0,0,China Agricultural University,False,True,True
PRJNA885126,excluded,host_nonhuman,0,,,0,0,0,Elizade University,False,True,True
PRJNA1084095,excluded,host_nonhuman,0,,,0,0,0,Institute,False,True,True
PRJNA1416788,excluded,host_nonhuman,0,,,0,0,0,Canadian Food Inspection Agency,False,True,True
PRJNA1087008,excluded,host_nonhuman,8,Xu W,Yung CCM,1,0,1,HKUST,True,True,True
PRJNA1089555,excluded,host_nonhuman,0,,,0,0,0,UiT The Arctic University of Norway,False,True,True
PRJNA1089370,excluded,host_nonhuman,0,,,0,0,0,INSTITUT PASTEUR,False,True,True
PRJNA1090675,excluded,host_nonhuman,0,,,0,0,0,University of Exeter,False,True,True
PRJNA1420244,excluded,host_nonhuman,0,,,0,0,0,"Faculty of Veterinary Science, Mahidol University",False,True,True
PRJNA1421978,excluded,host_nonhuman,0,,,0,0,0,University of Minnesota,False,True,True
PRJNA894350,excluded,host_nonhuman,0,,,0,0,0,University of Pretoria,False,True,True
PRJNA894488,excluded,host_nonhuman,0,,,0,0,0,Elizade University,False,True,True
PRJNA1052986,excluded,host_nonhuman,0,,,0,0,0,"MGU, Nalgonda",False,True,True
PRJNA1420735,excluded,host_nonhuman,0,,,0,0,0,Sichuan University,False,True,True
PRJNA1423891,excluded,host_nonhuman,0,,,0,0,0,Colorado State University,False,True,True
PRJNA1424189,excluded,host_nonhuman,0,,,0,0,0,Tongji University,False,True,True
PRJNA1422770,excluded,host_nonhuman,0,,,0,0,0,Sequencing data from Amy Pruden's lab at Virginia Tech,False,True,True
PRJNA1169643,excluded,host_nonhuman,0,,,0,0,0,Tongji University,False,True,True
PRJNA1214893,excluded,host_nonhuman,0,,,0,0,0,Lanzhou University,False,True,True
PRJNA1207694,excluded,host_nonhuman,0,,,0,0,0,Icahn School of Medicine at Mount Sinai,False,True,True
PRJNA1429035,excluded,host_nonhuman,0,,,0,0,0,Huazhong agricultural university,False,True,True
PRJNA1429038,excluded,host_nonhuman,0,,,0,0,0,Scientific Veterinary Institute Novi Sad,False,True,True
PRJNA1197353,excluded,host_nonhuman,0,,,0,0,0,Chinese Academy of Sciences,False,True,True
PRJNA1435883,excluded,host_nonhuman,0,,,0,0,0,Saint Louis University,False,True,True
PRJNA1436740,excluded,host_nonhuman,0,,,0,0,0,"Qingdao Institute of Bioenergy and Bioprocess Technology, Chinese Academy of Sciences",False,True,True
PRJNA1441994,excluded,host_nonhuman,0,,,0,0,0,Churches Health Association of Zambia; Zambia Genomics Surveillance Consortium,False,True,True
PRJNA1096345,excluded,host_nonhuman,0,,,0,0,0,University of Illinois at Urbana Champaign,False,True,True
PRJNA1097802,excluded,host_nonhuman,0,,,0,0,0,Yangzhou University,False,True,True
PRJNA1336632,excluded,host_nonhuman,0,,,0,0,0,Liaoning Normal University,False,True,True
PRJNA1444697,excluded,host_nonhuman,0,,,0,0,0,Hebei Agricultural University,False,True,True
PRJNA1437847,excluded,host_nonhuman,0,,,0,0,0,Shanghai Jiao Tong University,False,True,True
PRJNA1103354,excluded,host_nonhuman,0,,,0,0,0,Zhejiang University,False,True,True
PRJNA1448286,excluded,host_synthetic,0,,,0,0,0,Huzhou Shenkebio,False,True,True
PRJNA1104418,excluded,host_nonhuman,0,,,0,0,0,Nanjing University of Chinese Medicine,False,True,True
PRJNA529503,excluded,host_nonhuman,0,,,0,0,0,University of Oxford; REHAB,False,True,True
PRJNA1104253,excluded,host_nonhuman,0,,,0,0,0,University of Nottingham,False,True,True
PRJNA1108463,excluded,host_nonhuman,0,,,0,0,0,Nanjing Agricultural University,False,True,True
PRJEB44844,excluded,host_synthetic,0,,,0,0,0,The Genome Analysis Centre,False,True,True
PRJNA1110046,excluded,host_nonhuman,0,,,0,0,0,North-West University,False,True,True
PRJNA1108865,excluded,host_nonhuman,0,,,0,0,0,Sun Yat-sen University,False,True,True
PRJNA901126,excluded,host_nonhuman,0,,,0,0,0,Microbial Biotechnology Laboratory (Prof. O.O. Babalola,False,True,True
PRJNA1113194,excluded,host_nonhuman,0,,,0,0,0,"Instituto de Ingenieria, Universidad Nacional Autonoma de Mexico",False,True,True
PRJNA1113386,excluded,host_nonhuman,0,,,0,0,0,Korea Institute of Oriental Medicine,False,True,True
PRJNA1114758,excluded,host_nonhuman,0,,,0,0,0,Instituto Tecnologico Vale,False,True,True
PRJNA902665,excluded,host_nonhuman,0,,,0,0,0,Shenzhen Institute of Advanced Technology Chinese Academy of Sciences,False,True,True
PRJNA1400757,excluded,host_nonhuman,0,,,0,0,0,Sichuan University,False,True,True
PRJNA1118481,excluded,host_nonhuman,0,,,0,0,0,CEBAS-CSIC,False,True,True
PRJNA1117482,excluded,host_nonhuman,0,,,0,0,0,University of Michigan,False,True,True
PRJNA909009,excluded,host_nonhuman,0,,,0,0,0,Nanyang Technological University,False,True,True
PRJNA1119581,excluded,host_nonhuman,0,,,0,0,0,Nanjing University,False,True,True
PRJNA1118426,excluded,host_nonhuman,0,,,0,0,0,"Guangxi UBIT Biotechnology Co,.Ltd",False,True,True
PRJNA1121954,excluded,host_nonhuman,0,,,0,0,0,Chinese Academy of Sciences,False,True,True
PRJNA1125394,excluded,host_nonhuman,0,,,0,0,0,McGill University,False,True,True
PRJNA1244934,excluded,host_nonhuman,0,,,0,0,0,Dali University,False,True,True
PRJNA817706,excluded,host_nonhuman,0,,,0,0,0,"Colledge of Environmental Sciences and Engineering, Peking University",False,True,True
PRJNA1128356,excluded,host_nonhuman,0,,,0,0,0,sygenta group china,False,True,True
PRJNA1130143,excluded,host_nonhuman,0,,,0,0,0,University of Exeter,False,True,True
PRJNA1131609,excluded,host_nonhuman,0,,,0,0,0,North West University,False,True,True
PRJNA1133026,excluded,host_nonhuman,0,,,0,0,0,USDA,False,True,True
PRJNA1135081,excluded,host_nonhuman,0,,,0,0,0,Max Planck Institute for Evolutionary Anthropology,False,True,True
PRJNA924045,excluded,host_nonhuman,0,,,0,0,0,university of tehran,False,True,True
PRJNA1436795,excluded,host_nonhuman,0,,,0,0,0,Hohai University,False,True,True
PRJNA1140288,excluded,host_nonhuman,0,,,0,0,0,Emory University,False,True,True
PRJNA1099934,excluded,host_nonhuman,0,,,0,0,0,Sun Yat-sen University,False,True,True
PRJNA1054185,excluded,host_nonhuman,0,,,0,0,0,nanjing agricultural university,False,True,True
PRJNA1144440,excluded,host_nonhuman,0,,,0,0,0,Massachusetts Institute of Technology,False,True,True
PRJNA445836,excluded,host_nonhuman,0,,,0,0,0,Fujian Agriculture and Forestry University,False,True,True
PRJNA449738,excluded,host_nonhuman,0,,,0,0,0,West Virginia State University,False,True,True
PRJNA437202,excluded,host_nonhuman,9,Ngugi DK,Voolstra CR,2,0,2,KAUST,True,True,True
PRJNA453374,excluded,host_nonhuman,0,,,0,0,0,Colorado State University,False,True,True
PRJNA450791,excluded,host_nonhuman,0,,,0,0,0,University of Naples Federico II,False,True,True
PRJNA464171,excluded,host_nonhuman,0,,,0,0,0,Beijing University of Technology,False,True,True
PRJNA472628,excluded,host_nonhuman,0,,,0,0,0,Centro de Investigacion y de Estudios Avanzados del IPN,False,True,True
PRJNA472818,excluded,host_nonhuman,0,,,0,0,0,Qufu Normal University,False,True,True
PRJNA473380,excluded,host_nonhuman,0,,,0,0,0,Northwest A&F University,False,True,True
PRJNA480881,excluded,host_nonhuman,0,,,0,0,0,Vale Institute of Technology,False,True,True
PRJNA482503,excluded,host_nonhuman,0,,,0,0,0,University of Parma,False,True,True
PRJNA492489,excluded,host_nonhuman,0,,,0,0,0,Southwest University of Science and Technology,False,True,True
PRJNA507739,excluded,host_nonhuman,0,,,0,0,0,USDA ARS,False,True,True
PRJNA509142,excluded,host_nonhuman,0,,,0,0,0,University of Liverpool,False,True,True
PRJNA517745,excluded,host_nonhuman,0,,,0,0,0,UC Irvine,False,True,True
PRJNA522699,excluded,host_nonhuman,21,Williams BT,Todd JD,1,0,1,Heriot-Watt University,True,True,True
PRJNA1114772,excluded,host_nonhuman,0,,,0,0,0,ISEM,False,True,True
PRJNA525146,excluded,host_nonhuman,0,,,0,0,0,"Prof. OO Babalola's Microbial Biotechnology Lab, North-West University",False,True,True
PRJNA528766,excluded,host_nonhuman,0,,,0,0,0,Aberystwyth University,False,True,True
PRJNA543718,excluded,host_nonhuman,0,,,0,0,0,The First Affiliated Hospital of Jiaxing College,False,True,True
PRJNA1105395,excluded,host_nonhuman,0,,,0,0,0,memorial university of newfoundland,False,True,True
PRJNA1130019,excluded,host_nonhuman,0,,,0,0,0,Shandong University of Science and Technology,False,True,True
PRJNA552479,excluded,host_nonhuman,0,,,0,0,0,"Universidade Federal de Minas Gerais; PROCAD: Rede Integrada de Programas de Pós-Graduação em Biotecnologia para o Desenvolvimento Científico, Tecnológico, de Inovação e Formação de Recursos na Cadeia Produtiva do Cacau - BIOCAU",False,True,True
PRJNA557509,excluded,host_nonhuman,0,,,0,0,0,Henan Institute of Science and Technology,False,True,True
PRJNA558683,excluded,host_nonhuman,0,,,0,0,0,The University of Adelaide,False,True,True
PRJNA559759,excluded,host_nonhuman,0,,,0,0,0,Aberystwyth University,False,True,True
PRJNA1136654,excluded,host_nonhuman,0,,,0,0,0,Bits Pilani K K Birla Goa Campus,False,True,True
PRJEB14741,excluded,host_synthetic,0,,,0,0,0,Department of Aquatic Sciences and Assessment,False,True,True
PRJEB14814,excluded,host_nonhuman,0,,,0,0,0,"National Food Institute, Denmark; National Food Institute",False,True,True
PRJEB14811,excluded,host_nonhuman,0,,,0,0,0,Korea Basic Science Institute,False,True,True
PRJEB15294,excluded,host_nonhuman,0,,,0,0,0,GIFS,False,True,True
PRJEB15519,excluded,host_nonhuman,0,,,0,0,0,WDRC KAUST,False,True,True
PRJEB16317,excluded,host_nonhuman,0,,,0,0,0,KYOTO UNIVERSITY,False,True,True
PRJEB16362,excluded,host_nonhuman,0,,,0,0,0,TEXAS A&M CORPUS CHRISTI,False,True,True
PRJEB17637,excluded,host_nonhuman,0,,,0,0,0,LSA-DISTAL-UNIBO,False,True,True
PRJEB17916,excluded,host_nonhuman,0,,,0,0,0,CICESE,False,True,True
PRJEB18068,excluded,host_nonhuman,0,,,0,0,0,Royal Netherlands Institute for Sea Research,False,True,True
PRJEB18470,excluded,host_nonhuman,0,,,0,0,0,"RESEARCH CENTER FOR ECO-ENVIRONMENTAL SCIENCES, CHINESE ACADEMY OF SCIENCES",False,True,True
PRJEB18675,excluded,host_nonhuman,0,,,0,0,0,UBC,False,True,True
PRJEB18680,excluded,host_nonhuman,0,,,0,0,0,National Food Institute,False,True,True
PRJEB32444,excluded,host_nonhuman,0,,,0,0,0,Ewha Womans University,False,True,True
PRJEB40824,excluded,host_nonhuman,0,,,0,0,0,NATIONAL VETERINARY RESEARCH INSTITUTE,False,True,True
PRJEB41030,excluded,host_synthetic,0,,,0,0,0,the ohio state university,False,True,True
PRJEB26531,excluded,host_nonhuman,0,,,0,0,0,Genome&Company,False,True,True
PRJNA1141889,excluded,host_nonhuman,0,,,0,0,0,Scientific Center for Anti-infectious Drugs (SCAID),False,True,True
PRJEB41538,excluded,host_nonhuman,0,,,0,0,0,Hochschule Rhein-Waal,False,True,True
PRJEB36889,excluded,host_nonhuman,0,,,0,0,0,University of California Santa Cruz,False,True,True
PRJEB41137,excluded,host_nonhuman,0,,,0,0,0,STANFORD UNIVERESITY,False,True,True
PRJEB42020,excluded,host_nonhuman,0,,,0,0,0,UNIVERSITY OF ALASKA FAIRBANKS,False,True,True
PRJEB17887,excluded,host_nonhuman,0,,,0,0,0,UNIVERSITY OF SOUTHERN CALIFORNIA,False,True,True
PRJEB42320,excluded,host_nonhuman,0,,,0,0,0,HANYANG UNIVERSITY,False,True,True
PRJEB42321,excluded,host_nonhuman,0,,,0,0,0,HANYANG UNIVERSITY,False,True,True
PRJEB42463,excluded,host_nonhuman,0,,,0,0,0,VTT Technical Research Centre of Finland,False,True,True
PRJEB42789,excluded,host_nonhuman,0,,,0,0,0,Guizhou University of Traditional Chinese Medicine,False,True,True
PRJEB42466,excluded,host_synthetic,0,,,0,0,0,LUXEMBOURG CENTRE FOR SYSTEMS BIOMEDICINE,False,True,True
PRJEB42967,excluded,host_nonhuman,0,,,0,0,0,Institut de Recherche pour le Developpement,False,True,True
PRJEB44146,excluded,host_nonhuman,0,,,0,0,0,NORWEGIAN UNIVERSITY OF LIFE SCIENCES,False,True,True
PRJEB44815,excluded,host_nonhuman,0,,,0,0,0,"Research Center for Chemistry, Biology, and Agriculture (CPQBA)",False,True,True
PRJEB44905,excluded,host_nonhuman,0,,,0,0,0,University of California San Diego Microbiome Initiative,False,True,True
PRJEB45363,excluded,host_synthetic,0,,,0,0,0,ACADEMIC MEDICAL CENTER AMSTERDAM,False,True,True
PRJEB43581,excluded,host_nonhuman,21,Michel C,Hites M,2,0,2,HUG,True,True,True
PRJEB36797,excluded,host_nonhuman,11,Somm E,Jornayvaz FR,1,0,1,HUG,True,True,True
PRJEB43822,excluded,host_nonhuman,0,,,0,0,0,CENTRE FOR GEOGENETICS,False,True,True
PRJEB47257,excluded,host_nonhuman,0,,,0,0,0,University of California San Diego Microbiome Initiative,False,True,True
PRJNA892955,excluded,host_nonhuman,0,,,0,0,0,Presidency University,False,True,True
PRJNA1164203,excluded,host_nonhuman,0,,,0,0,0,Quadram Institute Bioscience,False,True,True
PRJNA1168703,excluded,host_nonhuman,14,Riva A,Ravizza T,1,0,1,University of Genoa,True,True,True
PRJNA1175466,excluded,host_nonhuman,0,,,0,0,0,University of Duisburg Essen,False,True,True
PRJNA1178105,excluded,host_nonhuman,0,,,0,0,0,University of Edinburgh,False,True,True
PRJNA1182825,excluded,host_nonhuman,0,,,0,0,0,New York University Grossman School of Medicine,False,True,True
PRJNA1184185,excluded,host_nonhuman,0,,,0,0,0,Tekirdag Namik Kemal University,False,True,True
PRJNA1186244,excluded,host_nonhuman,0,,,0,0,0,Montana Technological University,False,True,True
PRJNA1182851,excluded,host_nonhuman,0,,,0,0,0,"Sinochem Agriculture (Linyi) R&D Center Co., Ltd.",False,True,True
PRJNA1191634,excluded,host_nonhuman,0,,,0,0,0,University of Turin,False,True,True
PRJNA1192041,excluded,host_nonhuman,0,,,0,0,0,Affiliated Hospital of North Sichuan Medical College,False,True,True
PRJNA1191680,excluded,host_nonhuman,0,,,0,0,0,Universita degli Studi di Torino,False,True,True
PRJNA1196983,excluded,host_nonhuman,0,,,0,0,0,University of Pennsylvania,False,True,True
PRJNA1198196,excluded,host_nonhuman,0,,,0,0,0,Novogene,False,True,True
PRJNA1199886,excluded,host_nonhuman,0,,,0,0,0,Nanjing Agricultural University,False,True,True
PRJNA1182340,excluded,host_nonhuman,0,,,0,0,0,JCVI,False,True,True
PRJNA1212766,excluded,host_nonhuman,0,,,0,0,0,Ningxia University,False,True,True
PRJNA1138941,excluded,host_nonhuman,0,,,0,0,0,University of Pretoria,False,True,True
PRJNA1212835,excluded,host_nonhuman,0,,,0,0,0,The Hong Kong University of Science and Technology,False,True,True
PRJNA1213121,excluded,host_nonhuman,0,,,0,0,0,University of Costa Rica,False,True,True
PRJNA1211867,excluded,host_nonhuman,0,,,0,0,0,Nanjing Agricultural University,False,True,True
PRJNA1215998,excluded,host_nonhuman,0,,,0,0,0,Shenyang agricultural university,False,True,True
PRJNA1219824,excluded,host_nonhuman,0,,,0,0,0,,False,False,True
PRJNA1221226,excluded,host_nonhuman,0,,,0,0,0,Nanjing Agricultural University,False,True,True
PRJNA1221097,excluded,host_nonhuman,0,,,0,0,0,Fudan University,False,True,True
PRJNA1225767,excluded,host_nonhuman,0,,,0,0,0,Shenzhen University,False,True,True
PRJNA1231490,excluded,host_nonhuman,0,,,0,0,0,NJAU,False,True,True
PRJNA1233203,excluded,host_synthetic,11,Fernandes PM,Fredriksen S,1,0,1,Norwegian University of Science and Technology,True,True,True
PRJNA1233468,excluded,host_nonhuman,0,,,0,0,0,south university of science and technology of china,False,True,True
PRJNA1234712,excluded,host_nonhuman,0,,,0,0,0,Southern California Coastal Water Research Project,False,True,True
PRJNA1222594,excluded,host_nonhuman,0,,,0,0,0,Northwest A&F University,False,True,True
PRJNA1240074,excluded,host_nonhuman,0,,,0,0,0,CNR,False,True,True
PRJNA1240040,excluded,host_nonhuman,0,,,0,0,0,"University of California, San Diego",False,True,True
PRJNA1240938,excluded,host_nonhuman,0,,,0,0,0,Chung-Ang University,False,True,True
PRJNA1154823,excluded,host_nonhuman,0,,,0,0,0,Bidhan Chandra Krishi Viswavidyalaya,False,True,True
PRJNA1247888,excluded,host_nonhuman,0,,,0,0,0,Hubei University of Technology,False,True,True
PRJNA1250749,excluded,host_nonhuman,0,,,0,0,0,Northwest A&F University,False,True,True
PRJNA1176169,excluded,host_nonhuman,0,,,0,0,0,RAMAKRISHNA MISSION VIVEKANANDA CENTENARY COLLEGE,False,True,True
PRJNA1271762,excluded,host_nonhuman,0,,,0,0,0,KMCH Research Foundation,False,True,True
PRJNA1275659,excluded,host_nonhuman,0,,,0,0,0,Shanghai Jiao Tong University,False,True,True
PRJNA1180545,excluded,host_nonhuman,0,,,0,0,0,Tongji University,False,True,True
PRJNA1288706,excluded,host_nonhuman,0,,,0,0,0,Sichuan Agricultural University,False,True,True
PRJNA1289400,excluded,host_nonhuman,0,,,0,0,0,Xinjiang Agricultural University,False,True,True
PRJNA1290290,excluded,host_nonhuman,0,,,0,0,0,Sichuan Agricultural University,False,True,True
PRJNA1291113,excluded,host_nonhuman,0,,,0,0,0,Universidade Federal da Bahia,False,True,True
PRJNA1293833,excluded,host_nonhuman,0,,,0,0,0,Yunnan University,False,True,True
PRJNA1287356,excluded,host_nonhuman,0,,,0,0,0,University of Dhaka,False,True,True
PRJNA1205768,excluded,host_nonhuman,0,,,0,0,0,Norwegian Private Veterinary Services,False,True,True
PRJNA1257062,excluded,host_nonhuman,0,,,0,0,0,University of Copenhagen,False,True,True
PRJNA1293747,excluded,host_nonhuman,0,,,0,0,0,Shanxi Medical University,False,True,True
PRJNA1297951,excluded,host_nonhuman,0,,,0,0,0,Universita degli Studi di Torino,False,True,True
PRJNA1298833,excluded,host_nonhuman,0,,,0,0,0,Sichuan angriculture univeristy,False,True,True
PRJNA1286779,excluded,host_nonhuman,0,,,0,0,0,University of Turin,False,True,True
PRJNA1301530,excluded,host_nonhuman,0,,,0,0,0,South China University of Technology,False,True,True
PRJNA1301802,excluded,host_nonhuman,0,,,0,0,0,shandong university of science and technology,False,True,True
PRJNA1037309,excluded,host_nonhuman,0,,,0,0,0,Joint Microbiome Facility,False,True,True
PRJNA1305218,excluded,host_nonhuman,0,,,0,0,0,Universidad de Antioquia,False,True,True
PRJNA1307823,excluded,host_nonhuman,0,,,0,0,0,Zhejiang Academy of Agricultural Sciences,False,True,True
PRJNA1251998,excluded,host_nonhuman,0,,,0,0,0,East China Normal University,False,True,True
PRJNA1307965,excluded,host_nonhuman,0,,,0,0,0,University of Shanghai for Science and Technology,False,True,True
PRJNA1255304,excluded,host_nonhuman,0,,,0,0,0,Colorado State University,False,True,True
PRJNA1307227,excluded,host_nonhuman,0,,,0,0,0,Peking University,False,True,True
PRJNA17391,excluded,host_nonhuman,6,Turnbaugh PJ,Gordon JI,1,0,1,Washington University; Washington University Genome Sequencing Center,True,True,True
PRJNA1257864,excluded,host_nonhuman,0,,,0,0,0,Escuela Superior Politecnica del Litoral,False,True,True
PRJNA1257963,excluded,host_nonhuman,0,,,0,0,0,University of Tartu,False,True,True
PRJNA1257468,excluded,host_nonhuman,0,,,0,0,0,San Diego State University,False,True,True
PRJNA1309569,excluded,host_nonhuman,0,,,0,0,0,,False,False,True
PRJNA1310186,excluded,host_nonhuman,0,,,0,0,0,University of Shanghai for Science and Technology,False,True,True
PRJNA1311753,excluded,host_nonhuman,0,,,0,0,0,Northwest A&F University,False,True,True
PRJNA1263017,excluded,host_nonhuman,0,,,0,0,0,UMBC Biological Sciences,False,True,True
PRJNA1098502,excluded,host_nonhuman,0,,,0,0,0,Astrobiology Center Inta,False,True,True
PRJNA1313625,excluded,host_nonhuman,0,,,0,0,0,Institute of Feed Research of Chinese Academy of Agricultural Sciences,False,True,True
PRJNA1314408,excluded,host_nonhuman,0,,,0,0,0,National Agri-food Biomanufacturing Institute,False,True,True
PRJNA1320715,excluded,host_nonhuman,0,,,0,0,0,Cincinnati Childrens Hospital,False,True,True
PRJNA1314173,excluded,host_nonhuman,0,,,0,0,0,IOCAS,False,True,True
PRJNA1320941,excluded,host_nonhuman,0,,,0,0,0,Guizhou University,False,True,True
PRJNA1321170,excluded,host_nonhuman,0,,,0,0,0,Queen's University Belfast,False,True,True
PRJNA1244596,excluded,host_nonhuman,0,,,0,0,0,School of Life Sciences,False,True,True
PRJNA1321505,excluded,host_nonhuman,0,,,0,0,0,jilin university,False,True,True
PRJNA1328727,excluded,host_nonhuman,0,,,0,0,0,BioFigR,False,True,True
PRJNA1299149,excluded,host_nonhuman,0,,,0,0,0,China University of Geosciences Beijing,False,True,True
PRJNA1305539,excluded,host_nonhuman,0,,,0,0,0,University of Exeter,False,True,True
PRJNA1328050,excluded,host_nonhuman,0,,,0,0,0,Dalian University of Technology,False,True,True
PRJNA1332278,excluded,host_nonhuman,0,,,0,0,0,Peking university,False,True,True
PRJNA1332938,excluded,host_nonhuman,0,,,0,0,0,Tongji University,False,True,True
PRJNA1332955,excluded,host_nonhuman,0,,,0,0,0,Tongji University,False,True,True
PRJNA1332405,excluded,host_nonhuman,0,,,0,0,0,"South China Botanical Garden, Chinese Academy of Sciences",False,True,True
PRJNA1333360,excluded,host_nonhuman,0,,,0,0,0,Shanghai University Of Engineering Science,False,True,True
PRJNA1333415,excluded,host_nonhuman,0,,,0,0,0,Great Lakes Bioenergy Research Center,False,True,True
PRJNA1333848,excluded,host_nonhuman,0,,,0,0,0,Hubei University of Technology,False,True,True
PRJNA1328842,excluded,host_nonhuman,0,,,0,0,0,University of Minnesota,False,True,True
PRJNA1333622,excluded,host_nonhuman,0,,,0,0,0,Peking University,False,True,True
PRJNA1336988,excluded,host_nonhuman,0,,,0,0,0,Liaoning Normal University,False,True,True
PRJNA1337107,excluded,host_nonhuman,0,,,0,0,0,USDA,False,True,True
PRJNA1310783,excluded,host_nonhuman,0,,,0,0,0,Nanyang Technological University,False,True,True
PRJNA1320985,excluded,host_nonhuman,0,,,0,0,0,Hebei University of Science and Technology,False,True,True
PRJNA1333826,excluded,host_nonhuman,0,,,0,0,0,Moscow State University,False,True,True
PRJNA923741,excluded,host_nonhuman,0,,,0,0,0,Chinese Academy of Sciences,False,True,True
PRJNA1454942,excluded,host_nonhuman,0,,,0,0,0,Dana Farber Cancer Institute; OPTIMISTICC,False,True,True
PRJNA1454578,excluded,host_nonhuman,0,,,0,0,0,Chinese Academy of Agricultural Sciences,False,True,True
PRJNA1455995,excluded,host_nonhuman,0,,,0,0,0,City University of Hong Kong,False,True,True
PRJNA1150326,excluded,host_nonhuman,0,,,0,0,0,University of Illinois Urbana Champaign,False,True,True
PRJNA1076081,excluded,host_nonhuman,0,,,0,0,0,Elizade University,False,True,True
PRJNA1462485,excluded,host_nonhuman,0,,,0,0,0,Shenyang Agricultural University,False,True,True
PRJNA1456870,excluded,host_nonhuman,0,,,0,0,0,Jinan University,False,True,True
PRJNA1456844,excluded,host_nonhuman,0,,,0,0,0,Jinan University,False,True,True
PRJNA1463487,excluded,host_nonhuman,0,,,0,0,0,Zhejiang University,False,True,True
PRJNA1464359,excluded,host_nonhuman,0,,,0,0,0,East China Normal University,False,True,True
PRJNA1466407,excluded,host_nonhuman,0,,,0,0,0,"Agro-Environmental Protection Institute, Ministry of Agriculture and Rural Affairs",False,True,True
PRJNA1463652,excluded,host_nonhuman,0,,,0,0,0,PreBiomics s.r.l,False,True,True
PRJNA1467164,excluded,host_nonhuman,0,,,0,0,0,Scientific Center for Anti-infectious Drugs (SCAID),False,True,True
PRJNA1471536,excluded,host_nonhuman,0,,,0,0,0,Hangzhou First People's Hospital,False,True,True
PRJNA1474118,excluded,host_nonhuman,0,,,0,0,0,"Northwest Minzu University, Lanzhou 730030, China",False,True,True
PRJNA1472550,excluded,host_nonhuman,0,,,0,0,0,Sichuan university,False,True,True
PRJNA1475270,excluded,host_nonhuman,0,,,0,0,0,"the Second Institute of Oceanography, MNR, China",False,True,True
PRJNA1475589,excluded,host_nonhuman,0,,,0,0,0,The Chinese University of Hong Kong,False,True,True
PRJNA1475815,excluded,host_nonhuman,0,,,0,0,0,Beijing Normal University,False,True,True
PRJNA1332977,excluded,host_nonhuman,0,,,0,0,0,Julius Kuehn-Institute,False,True,True
PRJNA1479921,excluded,host_nonhuman,0,,,0,0,0,Yunnan University of Chinese Medicine,False,True,True
PRJNA1480092,excluded,host_nonhuman,0,,,0,0,0,IIT ROORKEE,False,True,True
PRJNA1481360,excluded,host_nonhuman,0,,,0,0,0,Nanchang University,False,True,True
PRJNA1466533,excluded,host_nonhuman,0,,,0,0,0,Swiss Federal Research Institute WSL,False,True,True
PRJNA1076812,excluded,host_nonhuman,0,,,0,0,0,TU Kaiserslautern,False,True,True
PRJNA1482333,excluded,host_nonhuman,0,,,0,0,0,Liaoning Normal University,False,True,True
PRJNA1484761,excluded,host_nonhuman,0,,,0,0,0,Kohat University of Science and Technology,False,True,True
PRJNA1493102,excluded,host_nonhuman,0,,,0,0,0,Northwest A&F University,False,True,True
PRJNA1493780,excluded,host_nonhuman,0,,,0,0,0,Assam Downtown University,False,True,True
PRJNA1491609,excluded,host_nonhuman,0,,,0,0,0,College of the Environment and Ecology,False,True,True
PRJNA1497617,excluded,host_nonhuman,0,,,0,0,0,Guizhou University,False,True,True
PRJNA1508935,excluded,host_nonhuman,0,,,0,0,0,University of Jammu,False,True,True
PRJNA1510607,excluded,host_nonhuman,0,,,0,0,0,Xizang Agriculture and Animal Husbandry Univesity,False,True,True
PRJNA1512620,excluded,host_nonhuman,0,,,0,0,0,Nanjing agricultural university,False,True,True
PRJNA1520102,excluded,host_nonhuman,0,,,0,0,0,Jiangsu Academy of Agricultural Sciences,False,True,True
PRJNA1494104,excluded,host_nonhuman,0,,,0,0,0,Shandong Laboratory of Yantai Drug Discovery,False,True,True
PRJNA1505473,excluded,host_nonhuman,0,,,0,0,0,Fundacion Universitaria San Pablo CEU,False,True,True
PRJNA1504235,excluded,host_nonhuman,0,,,0,0,0,Second Affiliated Hospital Zhejiang University,False,True,True
PRJNA1192238,excluded,host_nonhuman,0,,,0,0,0,University of Pretoria,False,True,True
PRJNA1195376,excluded,host_nonhuman,0,,,0,0,0,Sichuan Normal University,False,True,True
PRJNA473068,excluded,host_nonhuman,0,,,0,0,0,University of Szeged,False,True,True
PRJNA474795,excluded,host_nonhuman,0,,,0,0,0,National Environmental Engineering Research Institute,False,True,True
PRJNA475121,excluded,host_nonhuman,0,,,0,0,0,Langebio Cinvestav Irapuato,False,True,True
PRJNA478143,excluded,host_nonhuman,0,,,0,0,0,Radboud Univeristy,False,True,True
PRJNA492298,excluded,host_nonhuman,3,Dunivin TK,Shade A,1,0,1,Michigan State University,True,True,True
PRJNA510104,excluded,host_nonhuman,0,,,0,0,0,University of Vienna,False,True,True
PRJNA516998,excluded,host_nonhuman,0,,,0,0,0,NanJing University,False,True,True
PRJNA1205186,excluded,host_nonhuman,0,,,0,0,0,Southwest University,False,True,True
PRJNA896721,excluded,host_nonhuman,0,,,0,0,0,"University of California, Berkeley",False,True,True
PRJNA1206536,excluded,host_nonhuman,0,,,0,0,0,Fudan University,False,True,True
PRJNA1211324,excluded,host_nonhuman,0,,,0,0,0,Huazhong University of Science and Technology,False,True,True
PRJNA1215350,excluded,host_nonhuman,7,Rigutto IML,Jetten MSM,1,0,1,Radboud University Nijmegen,True,True,True
PRJNA1223678,excluded,host_nonhuman,0,,,0,0,0,Indian Institute of Technology Guwahati (IITG),False,True,True
PRJNA1229785,excluded,host_nonhuman,0,,,0,0,0,Central South University,False,True,True
PRJNA447890,excluded,host_nonhuman,0,,,0,0,0,Sun Yat-sen University,False,True,True
PRJNA483870,excluded,host_nonhuman,0,,,0,0,0,Universidad de Antioquia,False,True,True
PRJNA1255870,excluded,host_nonhuman,0,,,0,0,0,,False,False,True
PRJNA526912,excluded,host_nonhuman,0,,,0,0,0,"Prof. OO Babalola's Microbial Biotechnology Lab, North-West University",False,True,True
PRJNA1308134,excluded,host_nonhuman,0,,,0,0,0,MiDOG Animal Diagnostics,False,True,True
PRJNA1283558,excluded,host_nonhuman,0,,,0,0,0,"ICAR-Central Institute for Research on Cotton Technology, Amravati Road, Wa",False,True,True
PRJDB15922,excluded,host_nonhuman,0,,,0,0,0,Collaborative Research Center of Okayama University for Infectious Diseases in India; NAGOYA,False,True,True
PRJDB16871,excluded,host_nonhuman,0,,,0,0,0,Kobe Institute of Health; KIH | Kobe Institute of Health,False,True,True
PRJDB17287,excluded,host_nonhuman,0,,,0,0,0,"Gastroenterology of hepatology, Kyorin University; Kyorin University",False,True,True
PRJDB28434,excluded,host_nonhuman,8,Chen Q,Xiao Y,1,0,1,"Institute of Agro-product Safety and Nutrition, Zhejiang Academy of Agricultural Sciences",True,True,True
PRJDB28511,excluded,host_nonhuman,0,,,0,0,0,"Peking Union Medical College Hospital, Peking Union Medical College, Chinese Academy of Medical Sciences; NGDC",False,True,True
PRJDB28743,excluded,host_nonhuman,0,,,0,0,0,Shanghai Sixth People's Hospital Affiliated to Shanghai Jiao Tong University School of Medicine; NGDC,False,True,True
PRJDB36217,excluded,host_nonhuman,0,,,0,0,0,"College of Life Sciences, Sichuan University, Chengdu, Sichuan, China",False,True,True
PRJDB24577,excluded,host_nonhuman,0,,,0,0,0,CAAS,False,True,True
PRJEB11494,excluded,host_nonhuman,0,,,0,0,0,"School of Computing Science, Newcastle University",False,True,True
PRJEB12287,excluded,host_synthetic,0,,,0,0,0,University of Liverpool,False,True,True
PRJEB12987,excluded,host_nonhuman,0,,,0,0,0,Food safety laboratory,False,True,True
PRJEB13220,excluded,host_nonhuman,0,,,0,0,0,Food biotechnology,False,True,True
PRJEB12502,excluded,host_nonhuman,0,,,0,0,0,purdue university,False,True,True
PRJEB13455,excluded,host_nonhuman,0,,,0,0,0,Max Planck Institute for Chemistry,False,True,True
PRJNA1332351,excluded,host_nonhuman,0,,,0,0,0,Xi'an University of Architecture and Technology,False,True,True
PRJEB19935,excluded,host_nonhuman,0,,,0,0,0,"RESEARCH CENTER FOR ECO-ENVIRONMENTAL SCIENCES, CHINESE ACADEMY OF SCIENCES",False,True,True
PRJEB20194,excluded,host_nonhuman,0,,,0,0,0,"Anand Agricultural University, India; Anand Agricultural University",False,True,True
PRJEB20796,excluded,host_nonhuman,0,,,0,0,0,HUG,False,True,True
PRJEB21168,excluded,host_nonhuman,0,,,0,0,0,National Food Institute,False,True,True
PRJEB21076,excluded,host_nonhuman,0,,,0,0,0,LSA-DISTAL-UNIBO,False,True,True
PRJEB22097,excluded,host_nonhuman,0,,,0,0,0,HANYANG UNIVERSITY,False,True,True
PRJEB23200,excluded,host_nonhuman,0,,,0,0,0,LSA-DISTAL-UNIBO,False,True,True
PRJEB24129,excluded,host_nonhuman,0,,,0,0,0,VRIJE UNIVERSITEIT BRUSSEL,False,True,True
PRJEB22062,excluded,host_nonhuman,0,,,0,0,0,"Centre for Genomic Epidemiology, National Food Institute, Technical University of Denmark (DTU), Denmark; Centre for Genomic Epidemiology",False,True,True
PRJEB24431,excluded,host_nonhuman,0,,,0,0,0,Beijing University of Technology,False,True,True
PRJEB25171,excluded,host_nonhuman,0,,,0,0,0,Universidade Federal de Sao Carlos - UFSCar,False,True,True
PRJEB22376,excluded,host_nonhuman,0,,,0,0,0,UNIVERSITY OF HELSINKI,False,True,True
PRJEB1725,excluded,host_nonhuman,0,,,0,0,0,Ecole Centrale de Lyon,False,True,True
PRJEB26614,excluded,host_nonhuman,8,Nathani NM,Dave BP,2,0,2,Maharaja Krishnakumarsinhji BHavnagar University,True,True,True
PRJEB26615,excluded,host_nonhuman,8,Nathani NM,Dave BP,2,0,2,Maharaja Krishnakumarsinhji BHavnagar University,True,True,True
PRJEB27578,excluded,host_nonhuman,0,,,0,0,0,INHA UNIVERSITY,False,True,True
PRJEB28178,excluded,host_nonhuman,0,,,0,0,0,,False,False,True
PRJEB28207,excluded,host_nonhuman,0,,,0,0,0,,False,False,True
PRJEB28482,excluded,host_nonhuman,0,,,0,0,0,MGRAST,False,True,True
PRJEB29075,excluded,host_nonhuman,0,,,0,0,0,"TIANJIN UNIVERSITY, TIANJIN, CHINA",False,True,True
PRJEB27971,excluded,host_synthetic,0,,,0,0,0,,False,False,True
PRJEB29513,excluded,host_nonhuman,0,,,0,0,0,TAMPERE UNIVERSITY OF TECHNOLOGY,False,True,True
PRJEB29504,excluded,host_synthetic,0,,,0,0,0,"University of Birmingham, UK; University of Birmingham",False,True,True
PRJEB29731,excluded,host_nonhuman,0,,,0,0,0,Guangzhou Jinan Biomedicine Research and Development Center,False,True,True
PRJEB30886,excluded,host_nonhuman,0,,,0,0,0,LSA-DISTAL-UNIBO,False,True,True
PRJEB31415,excluded,host_nonhuman,0,,,0,0,0,Saurashtra University,False,True,True
PRJEB4391,excluded,host_nonhuman,0,,,0,0,0,"Waltham Centre for Pet Nutrition, England; Waltham Centre for Pet Nutrition",False,True,True
PRJEB31298,excluded,host_nonhuman,0,,,0,0,0,National Key Laboratory of Agricultural Microbiology,False,True,True
PRJEB29139,excluded,host_synthetic,0,,,0,0,0,GENOME INSTITUTE OF SINGAPORE,False,True,True
PRJEB31848,excluded,host_nonhuman,0,,,0,0,0,GEORGIA INSTITUTE OF TECHNOLOGY,False,True,True
PRJEB32494,excluded,host_nonhuman,0,,,0,0,0,MGRAST,False,True,True
PRJEB23349,excluded,host_nonhuman,0,,,0,0,0,GEORGIA INSTITUTE OF TECHNOLOGY,False,True,True
PRJEB29544,excluded,host_nonhuman,0,,,0,0,0,HUG,False,True,True
PRJEB34458,excluded,host_nonhuman,0,,,0,0,0,THE ROSLIN INSTITUTE,False,True,True
PRJEB4753,excluded,host_nonhuman,0,,,0,0,0,Max-Planck-Institute for marine Microbiology,False,True,True
PRJEB34736,excluded,host_nonhuman,0,,,0,0,0,sruc veterinary services,False,True,True
PRJEB34875,excluded,host_nonhuman,0,,,0,0,0,University of Rome Tor Vergata,False,True,True
PRJEB35877,excluded,host_nonhuman,0,,,0,0,0,"Institute of Oceanology, Chinese Academy of Sciences",False,True,True
PRJEB36484,excluded,host_nonhuman,0,,,0,0,0,NETHERLANDS INSTITUTE OF ECOLOGY,False,True,True
PRJNA1463576,excluded,host_nonhuman,0,,,0,0,0,University of Science & Technology of China,False,True,True
PRJEB33145,excluded,host_nonhuman,0,,,0,0,0,Liverpool John Moores University,False,True,True
PRJEB36644,excluded,host_synthetic,0,,,0,0,0,"Deep Seq department, Centre for Genetics and Genomics, The University of Nottingham, United Kingdom; Deep Seq department",False,True,True
PRJNA1197141,excluded,host_nonhuman,0,,,0,0,0,GITAM (Deemed to be University),False,True,True
PRJEB37199,excluded,host_nonhuman,0,,,0,0,0,LEIBNIZ INSTITUTE FOR BALTIC SEA RESEARCH,False,True,True
PRJEB37889,excluded,host_nonhuman,0,,,0,0,0,Universidad Mayor de San Simon,False,True,True
PRJEB37430,excluded,host_nonhuman,0,,,0,0,0,Directorate of Poultry Research,False,True,True
PRJEB38669,excluded,host_nonhuman,0,,,0,0,0,"Research Center for Chemistry, Biology, and Agriculture (CPQBA)",False,True,True
PRJEB39105,excluded,host_nonhuman,0,,,0,0,0,Tan,False,True,True
PRJEB39106,excluded,host_nonhuman,0,,,0,0,0,Tan,False,True,True
PRJEB39126,excluded,host_nonhuman,0,,,0,0,0,Tan,False,True,True
PRJEB31266,excluded,host_nonhuman,0,,,0,0,0,THE ROSLIN INSTITUTE,False,True,True
PRJEB39681,excluded,host_nonhuman,0,,,0,0,0,University of California San Diego Microbiome Initiative,False,True,True
PRJEB40748,excluded,host_nonhuman,0,,,0,0,0,RADBOUD UNIVERSITY,False,True,True
PRJNA493952,excluded,host_nonhuman,0,,,0,0,0,THE INSTITUTE OF CYTOLOGY AND GENETICS,False,True,True
PRJEB44042,excluded,host_nonhuman,12,van de Wouw M,Cryan JF,1,0,1,TEAGASC FOOD RESEARCH CENTRE,True,True,True
PRJNA1205094,excluded,host_nonhuman,0,,,0,0,0,Northwest A& F University,False,True,True
PRJNA427267,excluded,host_nonhuman,11,Xie W,Zhang CL,1,0,1,Tongji University,True,True,True
PRJNA1208698,excluded,host_nonhuman,0,,,0,0,0,GURU ANGAD DEV VETERINARY AND ANIMAL SCIENCES UNIVERSITY,False,True,True
PRJNA1302737,excluded,host_nonhuman,0,,,0,0,0,University Alexandru Ioan Cuza of Iasi,False,True,True
PRJNA1305385,excluded,host_nonhuman,0,,,0,0,0,Delft University Of Technology,False,True,True
PRJNA1305474,excluded,host_nonhuman,0,,,0,0,0,"Saint-Jean-sur-Richelieu Research and Development Centre, Agriculture and Agri-Food Canada",False,True,True
PRJDB19621,excluded,host_nonhuman,0,,,0,0,0,"Center of Biotechnology, Universidad Mayor de San Simon; Universidad Mayor de San Simon",False,True,True
PRJNA1297088,excluded,host_nonhuman,0,,,0,0,0,IBPM PSCBR RAS; Anopheles_plumbeus_team; VKM,False,True,True
PRJEB19485,excluded,host_nonhuman,0,,,0,0,0,Universidade Federal do Para - Brazil,False,True,True
PRJEB12913,excluded,host_nonhuman,0,,,0,0,0,,False,False,True
PRJEB9761,excluded,host_nonhuman,0,,,0,0,0,purdue university,False,True,True
PRJNA17397,excluded,host_nonhuman,6,Turnbaugh PJ,Gordon JI,1,0,1,Washington University; Washington University Genome Sequencing Center,True,True,True
PRJEB7840,excluded,host_nonhuman,0,,,0,0,0,"Commonwealth Scientific and Industrial Research Organisation (CSIRO), Australia; Commonwealth Scientific and Industrial Research Organisation (CSIRO)",False,True,True
PRJNA1211846,excluded,host_nonhuman,0,,,0,0,0,Jiangsu University,False,True,True
PRJEB16771,excluded,host_nonhuman,0,,,0,0,0,DISTAL (University of Bologna),False,True,True
PRJNA1344783,excluded,host_nonhuman,0,,,0,0,0,Alagappa University,False,True,True
PRJNA1337782,excluded,host_nonhuman,0,,,0,0,0,Jiangsu University,False,True,True
PRJEB18795,excluded,host_nonhuman,0,,,0,0,0,Veer Narmad South Gujarat University,False,True,True
PRJEB20586,excluded,host_nonhuman,0,,,0,0,0,KYOTO UNIVERSITY,False,True,True
PRJEB31746,excluded,host_nonhuman,0,,,0,0,0,VRIJE UNIVERSITEIT BRUSSEL,False,True,True
PRJNA1243678,excluded,host_nonhuman,0,,,0,0,0,Beijing University of Technology,False,True,True
PRJDB16823,excluded,host_nonhuman,0,,,0,0,0,"Graduate School of Frontier Sciences, The University of Tokyo; MIYAZAKI",False,True,True
PRJEB24780,excluded,host_nonhuman,0,,,0,0,0,Chengdu research base of giant panda breeding,False,True,True
PRJNA1456583,excluded,host_nonhuman,0,,,0,0,0,University of Florida,False,True,True
PRJEB25791,excluded,host_synthetic,0,,,0,0,0,KING'S COLLEGE LONDON,False,True,True
PRJEB12940,excluded,host_nonhuman,0,,,0,0,0,ESTACION EXPERIMENTAL DE ZONAS ARIDAS. CSIC.,False,True,True
PRJEB20160,excluded,host_nonhuman,0,,,0,0,0,FUDAN UNIVERSITY,False,True,True
PRJNA1292255,excluded,host_nonhuman,0,,,0,0,0,Bharathidasan university,False,True,True
PRJEB27181,excluded,host_nonhuman,0,,,0,0,0,UNIVERSITY OF EXETER,False,True,True
PRJEB24831,excluded,host_nonhuman,0,,,0,0,0,VRIJE UNIVERSITEIT BRUSSEL,False,True,True
PRJNA1346286,excluded,host_nonhuman,0,,,0,0,0,Beijing University of Technology,False,True,True
PRJEB29020,excluded,host_nonhuman,0,,,0,0,0,HANYANG UNIVERSITY,False,True,True
PRJEB30868,excluded,host_synthetic,0,,,0,0,0,"Institute of Biological, Environmental and Rural Sciences, Aberystwyth University, United Kingdom; Institute of Biological",False,True,True
PRJEB31208,excluded,host_nonhuman,0,,,0,0,0,"Escola de Engenharia de São Carlos, Universidade de São Paulo - São Carlos, SP, Brazil; Escola de Engenharia de São Carlos",False,True,True
PRJEB14825,excluded,host_nonhuman,0,,,0,0,0,NORWEGIAN VETERINARY INSTITUTE,False,True,True
PRJEB31979,excluded,host_nonhuman,0,,,0,0,0,"Research Center for Chemistry, Biology, and Agriculture (CPQBA)",False,True,True
PRJEB32379,excluded,host_nonhuman,0,,,0,0,0,MGRAST,False,True,True
PRJEB30865,excluded,host_nonhuman,0,,,0,0,0,European Molecular Biology Laboratory,False,True,True
PRJEB33889,excluded,host_nonhuman,0,,,0,0,0,HANYANG UNIVERSITY,False,True,True
PRJEB7422,excluded,host_nonhuman,0,,,0,0,0,IQ/USP,False,True,True
PRJEB37137,excluded,host_nonhuman,0,,,0,0,0,RADBOUD UNIVERSITY NIJMEGEN,False,True,True
PRJEB47333,excluded,host_nonhuman,0,,,0,0,0,APC Microbiome Institute,False,True,True
PRJNA1477761,excluded,host_nonhuman,0,,,0,0,0,UNIVERSITY OF KALYANI,False,True,True
PRJEB33278,excluded,host_nonhuman,0,,,0,0,0,"Institute of Biological, Environmental & Rural Sciences, Aberystwyth University; Institute of Biological",False,True,True
PRJEB38213,excluded,host_nonhuman,0,,,0,0,0,Tromsoe Ecosystem Genomics,False,True,True
PRJEB39102,excluded,host_nonhuman,0,,,0,0,0,Tan,False,True,True
PRJEB39357,excluded,host_nonhuman,0,,,0,0,0,VRIJE UNIVERSITEIT,False,True,True
PRJEB39738,excluded,host_nonhuman,0,,,0,0,0,KING ABDULAZIZ UNIVERSITY,False,True,True
PRJEB24626,excluded,host_nonhuman,0,,,0,0,0,Maine Biological Association of the UK,False,True,True
PRJEB25309,excluded,host_nonhuman,0,,,0,0,0,Chengdu research base of giant panda breeding,False,True,True
PRJEB26333,excluded,host_synthetic,0,,,0,0,0,KING'S COLLEGE LONDON,False,True,True
PRJEB38149,excluded,host_nonhuman,0,,,0,0,0,Universidade Federal do Para - Brazil,False,True,True
PRJEB39853,excluded,host_nonhuman,0,,,0,0,0,"Center for Biotechnology, Bielefeld University; Center for Biotechnology",False,True,True
PRJNA1393868,excluded,host_nonhuman,0,,,0,0,0,CSIR-National Institute of Oceanography,False,True,True
PRJNA528687,excluded,host_nonhuman,0,,,0,0,0,"Institute of Oceanography, Shanghai Jiao Tong University, China",False,True,True
PRJEB40601,excluded,host_nonhuman,0,,,0,0,0,,False,False,True
PRJEB24788,excluded,host_nonhuman,0,,,0,0,0,CERELA,False,True,True
PRJEB31029,excluded,host_nonhuman,0,,,0,0,0,European Molecular Biology Laboratory,False,True,True
PRJEB41039,excluded,host_nonhuman,0,,,0,0,0,Universidad Mayor de San Simon,False,True,True
PRJDB10675,included,,10,Takahashi E,Okamoto K,1,1,0,Genome Information Research Center; GIRC,True,True,True
PRJDB10841,excluded,host_nonhuman,0,,,0,0,0,Japan Racing Association; JRA,False,True,True
PRJDB13569,excluded,site_excluded,0,,,0,0,0,"Genome Information Research Center, Osaka University; GIRC",False,True,True
PRJDB14637,excluded,assay_isolate_genome,0,,,0,0,0,"Department of Biological Sciences, Graduate School of Science, University of Tokyo; UT_SCI",False,True,True
PRJDB17737,excluded,age_unknown_no_evidence,0,,,0,0,0,"Okamoto Lab, Kanazawa University; Osaka University",False,True,True
PRJDB17852,excluded,assay_amplicon,0,,,0,0,0,"Division of Periodontology, Niigata University Graduate School of Medical and Dental Sciences; Niigata University Graduate School of Medical and Dental Sciences",False,True,True
PRJDB20643,excluded,assay_other_nonshotgun,0,,,0,0,0,Japan Institute for Health Security,False,True,True
PRJDB3161,excluded,host_nonhuman,0,,,0,0,0,"Food Science and Technology Institute, Morinaga Milk Industry Co., Ltd.; MORINAGA",False,True,True
PRJDB3601,excluded,age_unknown_no_evidence,0,,,0,0,0,The University of Tokyo; UT_COB,False,True,True
PRJDB3819,excluded,host_nonhuman,4,Ushida K,Murata K,1,0,1,Kyoto Prefectural University; KYOTO_PREF,True,True,True
PRJDB41027,excluded,host_nonhuman,0,,,0,0,0,"Institute of Food and Nutrition Development , Ministry of Agriculture and Rural Affairs",False,True,True
PRJDB41250,excluded,site_excluded,0,,,0,0,0,Jiangsu University,False,True,True
PRJDB5860,excluded,age_unknown_no_evidence,0,,,0,0,0,"Lab. of Microbial Technology, Faculty of Agriculture, Kyushu University; Asian Microbiome Project; KYUSHU",False,True,True
PRJEB101152,excluded,assay_other_nonshotgun,0,,,0,0,0,Instituto de Salud Carlos III,False,True,True
PRJEB10283,excluded,site_excluded,0,,,0,0,0,UNIVERSITY COLLEGE LONDON,False,True,True
PRJEB10293,excluded,site_excluded,0,,,0,0,0,UNIVERSITY COLLEGE LONDON,False,True,True
PRJEB10885,excluded,assay_isolate_genome,0,,,0,0,0,Technical University of Denmark,False,True,True
PRJEB112862,excluded,assay_isolate_genome,0,,,0,0,0,Copenhagen University,False,True,True
PRJEB121170,excluded,host_nonhuman,0,,,0,0,0,Cardiff University,False,True,True
PRJEB13747,excluded,assay_amplicon,0,,,0,0,0,"Cornell University, USA; Cornell University",False,True,True
PRJEB13830,excluded,age_child_over_36m,0,,,0,0,0,Wellcome Sanger Institute,False,True,True
PRJEB13979,excluded,assay_amplicon,0,,,0,0,0,Wellcome Sanger Institute,False,True,True
PRJEB14082,excluded,age_adult_only,0,,,0,0,0,Wellcome Sanger Institute,False,True,True
PRJEB14083,excluded,assay_other_nonshotgun,0,,,0,0,0,Wellcome Sanger Institute,False,True,True
PRJEB14084,excluded,age_child_over_36m,0,,,0,0,0,Wellcome Sanger Institute,False,True,True
PRJEB14410,excluded,assay_other_nonshotgun,0,,,0,0,0,"ERASMUS MC, UNIVERSITY MEDICAL CENTER; ERASMUS MC",False,True,True
PRJEB14869,excluded,site_excluded,0,,,0,0,0,Wellcome Sanger Institute,False,True,True
PRJEB15303,excluded,age_adult_only,0,,,0,0,0,Wellcome Sanger Institute,False,True,True
PRJEB1775,excluded,age_unknown_no_evidence,12,Loman NJ,Pallen MJ,1,0,1,"University of Birmingham, UK; University of Birmingham",True,True,True
PRJEB19188,excluded,site_excluded,0,,,0,0,0,MGRAST,False,True,True
PRJEB19857,excluded,age_adult_only,0,,,0,0,0,Wellcome Sanger Institute,False,True,True
PRJEB20539,excluded,age_adult_only,0,,,0,0,0,Wellcome Sanger Institute,False,True,True
PRJEB2054,excluded,age_adult_only,0,,,0,0,0,Beijing Genome Institute,False,True,True
PRJEB22481,excluded,age_adult_only,0,,,0,0,0,Wellcome Sanger Institute,False,True,True
PRJEB22515,excluded,age_adult_only,0,,,0,0,0,Wellcome Sanger Institute,False,True,True
PRJEB22882,excluded,site_excluded,0,,,0,0,0,FISABIO,False,True,True
PRJEB23757,excluded,assay_isolate_genome,0,,,0,0,0,Wellcome Sanger Institute,False,True,True
PRJEB25227,excluded,age_unknown_no_evidence,0,,,0,0,0,Wellcome Sanger Institute,False,True,True
PRJEB26810,excluded,site_excluded,15,Dinleyici M,Dinleyici EC,3,3,0,FISABIO,True,True,True
PRJEB37883,included,,35,Kurath-Koller S,Resch B,6,3,1,MEDICAL UNIVERSITY GRAZ,True,True,True
PRJEB41867,excluded,age_adult_only,0,,,0,0,0,MEDICAL UNIVERSITY GRAZ,False,True,True
PRJEB42384,excluded,age_adult_only,0,,,0,0,0,"IrsiCaixa Institute for AIDS Research, Badalona, Spain; IrsiCaixa Institute for AIDS Research",False,True,True
PRJEB42572,excluded,site_excluded,0,,,0,0,0,Max Planck Institute for Evolutionary Anthropology,False,True,True
PRJEB49383,included,,12,Beck LC,Stewart CJ,2,2,0,Newcastle University,True,True,True
PRJEB54673,excluded,site_excluded,0,,,0,0,0,CPC,False,True,True
PRJEB55714,included,,8,Leo S,Zimmermann P,2,2,0,microbiota and children laboratory; Microbiota and Children Laboratory,True,True,True
PRJEB56022,excluded,age_adult_only,0,,,0,0,0,"IrsiCaixa Institute for AIDS Research, Badalona, Spain; IrsiCaixa Institute for AIDS Research",False,True,True
PRJEB59250,excluded,site_excluded,0,,,0,0,0,Wellcome Sanger Institute,False,True,True
PRJEB64128,excluded,site_excluded,0,,,0,0,0,Trinity College Dublin,False,True,True
PRJEB6693,excluded,assay_isolate_genome,0,,,0,0,0,Wellcome Sanger Institute,False,True,True
PRJEB6921,included,,0,,,0,0,0,Wellcome Sanger Institute,False,True,True
PRJEB72300,excluded,age_adult_only,0,,,0,0,0,University of Bath,False,True,True
PRJEB72536,excluded,assay_amplicon,0,,,0,0,0,Newcastle University,False,True,True
PRJEB75175,excluded,assay_isolate_genome,0,,,0,0,0,"diagnostic and research institute of hygiene, microbiology and environmental medicine; Diagnostic and Research Institute of Hygiene, Microbiology and Environmental Medicine",False,True,True
PRJEB75571,excluded,assay_isolate_genome,0,,,0,0,0,Haukeland University Hospital,False,True,True
PRJEB76817,excluded,age_adult_only,0,,,0,0,0,"IrsiCaixa Institute for AIDS Research, Badalona, Spain; IrsiCaixa Institute for AIDS Research",False,True,True
PRJEB79382,included,,3,Momo Cabrera P,Zimmermann P,2,1,0,Swiss Federal Institutes of Technology,True,True,True
PRJEB7949,excluded,age_unknown_no_evidence,0,,,0,0,0,"Cardiff University, School of Biosciences; Cardiff University",False,True,True
PRJEB80390,excluded,age_adult_only,0,,,0,0,0,University of Bath,False,True,True
PRJEB81562,excluded,site_excluded,0,,,0,0,0,Wellcome Sanger Institute,False,True,True
PRJEB82667,excluded,site_excluded,0,,,0,0,0,Universitaetsklinikum Freiburg,False,True,True
PRJEB9488,excluded,host_nonhuman,0,,,0,0,0,WASHINGTON UNIVERSITY SCHOOL OF MEDICINE,False,True,True
PRJEB96487,excluded,age_child_over_36m,0,,,0,0,0,"Centre for Genomic Research, Institute of Integrative Biology, University of Liverpool, UK; Centre for Genomic Research",False,True,True
PRJNA1012717,excluded,host_nonhuman,0,,,0,0,0,South China Agricultural University,False,True,True
PRJNA1024085,excluded,host_nonhuman,7,Zhang S,Xu L,1,0,1,ZHEJIANG A&F UNIVERSITY,True,True,True
PRJNA1025259,excluded,age_unknown_no_evidence,0,,,0,0,0,Xinhua Hospital Affiliated to the Medica,False,True,True
PRJNA1031616,excluded,age_adult_only,0,,,0,0,0,"FitBiomics, Inc",False,True,True
PRJNA1032468,excluded,host_nonhuman,0,,,0,0,0,Veterinary Medical Research Institute,False,True,True
PRJNA1034944,excluded,host_nonhuman,0,,,0,0,0,Yangzhou univeristy,False,True,True
PRJNA1037262,excluded,host_nonhuman,0,,,0,0,0,Fujian Maternity and Child Health Hospital,False,True,True
PRJNA1056444,excluded,site_excluded,0,,,0,0,0,University of Oklahoma,False,True,True
PRJNA1060661,excluded,host_nonhuman,0,,,0,0,0,University of Louisville,False,True,True
PRJNA1063492,excluded,site_excluded,0,,,0,0,0,,False,False,True
PRJNA1074773,excluded,assay_isolate_genome,0,,,0,0,0,National Institute of Standards and Technology,False,True,True
PRJNA1078885,excluded,host_nonhuman,0,,,0,0,0,China Agricultural University,False,True,True
PRJNA1090850,excluded,age_adult_only,0,,,0,0,0,"University of California, Davis",False,True,True
PRJNA1093083,excluded,host_nonhuman,0,,,0,0,0,University of York,False,True,True
PRJNA1093493,excluded,host_nonhuman,0,,,0,0,0,Yale medical school,False,True,True
PRJNA1103157,excluded,site_excluded,0,,,0,0,0,Chinese Academy of Medical Sciences and Peking Union Medical College,False,True,True
PRJNA1119243,excluded,host_nonhuman,7,Li Y,Wei L,1,0,1,Guizhou Medical University,True,True,True
PRJNA1123913,excluded,assay_isolate_genome,0,,,0,0,0,Tshwane University of Technology,False,True,True
PRJNA1130356,excluded,host_nonhuman,0,,,0,0,0,Northwest Agriculture & Forestry University,False,True,True
PRJNA1131442,excluded,age_unknown_no_evidence,0,,,0,0,0,National Institute of Standards and Technology,False,True,True
PRJNA1135790,excluded,host_nonhuman,0,,,0,0,0,NWAFU,False,True,True
PRJNA1140367,excluded,site_excluded,0,,,0,0,0,Cancer Hospital Affiliated to Zhengzhou University,False,True,True
PRJNA1146937,excluded,host_nonhuman,0,,,0,0,0,Jilin University,False,True,True
PRJNA1153046,excluded,age_adult_only,0,,,0,0,0,UT MD Anderson Cancer Center,False,True,True
PRJNA1156457,excluded,site_excluded,19,Banerjee CT,Cuellar-Rodriguez J,1,0,1,NHGRI/NIH,True,True,True
PRJNA1158700,excluded,age_child_over_36m,0,,,0,0,0,Indiana University School of Medicine,False,True,True
PRJNA1159791,excluded,host_nonhuman,0,,,0,0,0,Yale medical school,False,True,True
PRJNA1169175,excluded,age_adult_only,0,,,0,0,0,UCSF,False,True,True
PRJNA1171107,excluded,age_adult_only,0,,,0,0,0,UCSF,False,True,True
PRJNA1174735,excluded,site_excluded,0,,,0,0,0,Seoul National University college of medicine,False,True,True
PRJNA1179321,excluded,host_nonhuman,0,,,0,0,0,Qufu Normal University,False,True,True
PRJNA1182537,excluded,age_unknown_no_evidence,0,,,0,0,0,Soochow University,False,True,True
PRJNA1190407,excluded,age_adult_only,0,,,0,0,0,RashidiLab,False,True,True
PRJNA1190411,excluded,age_adult_only,0,,,0,0,0,Memorial Sloan Kettering Cancer Center HCT Microbiota,False,True,True
PRJNA1200901,excluded,site_excluded,0,,,0,0,0,"The Second Affiliated Hospital, Chongqing Medical",False,True,True
PRJNA1201226,excluded,age_adult_only,0,,,0,0,0,UT MD Anderson Cancer Center,False,True,True
PRJNA1202512,excluded,host_nonhuman,0,,,0,0,0,Tongji University,False,True,True
PRJNA1206528,human_review,,0,,,0,0,0,Nanjing Agricultural University,False,True,True
PRJNA1209112,excluded,age_adult_only,0,,,0,0,0,RashidiLab,False,True,True
PRJNA1210849,excluded,assay_amplicon,0,,,0,0,0,Guizhou University,False,True,True
PRJNA1220309,excluded,host_nonhuman,0,,,0,0,0,Changchun University of Chinese Medicine,False,True,True
PRJNA1221121,excluded,host_nonhuman,0,,,0,0,0,Chinese Academy of Tropical Agricultural Sciences,False,True,True
PRJNA1221217,excluded,host_nonhuman,0,,,0,0,0,Huazhong University of Science and Technology,False,True,True
PRJNA1221235,excluded,age_adult_only,0,,,0,0,0,Tohoku University,False,True,True
PRJNA1230826,excluded,host_nonhuman,0,,,0,0,0,Shanghai University of Chinese Medicine,False,True,True
PRJNA1234841,excluded,assay_isolate_genome,0,,,0,0,0,Helmholtz Centre for Infection Research,False,True,True
PRJNA1240583,excluded,host_nonhuman,0,,,0,0,0,Lan zhou university,False,True,True
PRJNA1250561,excluded,assay_isolate_genome,0,,,0,0,0,University of South Florida,False,True,True
PRJNA1252674,excluded,age_child_over_36m,0,,,0,0,0,Guangdong Sanjiu Brain Hospital,False,True,True
PRJNA1265886,excluded,age_adult_only,0,,,0,0,0,RashidiLab,False,True,True
PRJNA1274602,included,,0,,,0,0,0,University of Chicago,False,True,True
PRJNA1277443,excluded,host_nonhuman,0,,,0,0,0,Chinese Academy of Sciences,False,True,True
PRJNA1277733,excluded,assay_isolate_genome,0,,,0,0,0,Fudan University,False,True,True
PRJNA1282887,excluded,assay_amplicon,0,,,0,0,0,Beijing Academy of Science and Technology,False,True,True
PRJNA1283561,excluded,host_nonhuman,0,,,0,0,0,Affiliated Hospital of North Sichuan Medical College,False,True,True
PRJNA1294401,excluded,assay_isolate_genome,0,,,0,0,0,"Fondazione Policlinico Universitario Gemelli, IRCCS",False,True,True
PRJNA1294521,excluded,assay_amplicon,0,,,0,0,0,Harvard Medical School,False,True,True
PRJNA1298311,excluded,host_nonhuman,0,,,0,0,0,Yale medical school,False,True,True
PRJNA1299771,excluded,site_excluded,0,,,0,0,0,China Three Gorges University,False,True,True
PRJNA1303667,excluded,host_nonhuman,0,,,0,0,0,Yale medical school,False,True,True
PRJNA1308792,excluded,age_adult_only,0,,,0,0,0,Ningxia Medical University General Hospital,False,True,True
PRJNA1313015,excluded,assay_other_nonshotgun,0,,,0,0,0,Guangzhou Eighth People's Hosipal,False,True,True
PRJNA1332117,excluded,assay_isolate_genome,0,,,0,0,0,Kwame Nkrumah University of Science and Technology,False,True,True
PRJNA1347473,excluded,host_nonhuman,0,,,0,0,0,University of Sydney,False,True,True
PRJNA1354204,excluded,assay_amplicon_misfiled,0,,,0,0,0,Huazhong University of Science and Technology,False,True,True
PRJNA1367192,excluded,age_adult_only,0,,,0,0,0,Memorial Sloan Kettering Cancer Center,False,True,True
PRJNA1370459,excluded,assay_isolate_genome,0,,,0,0,0,Jiangxi Agricultural University,False,True,True
PRJNA1394697,excluded,host_nonhuman,0,,,0,0,0,Southwest University,False,True,True
PRJNA1413511,excluded,host_nonhuman,0,,,0,0,0,Harbin Medical University-University of Calgary Cumming School of Medicine Centre for Infection and,False,True,True
PRJNA1419793,excluded,host_nonhuman,0,,,0,0,0,Department of Joint Osteopathy,False,True,True
PRJNA1424673,excluded,host_nonhuman,0,,,0,0,0,Zhongkai University of Agriculture and Engineering,False,True,True
PRJNA1444143,excluded,host_nonhuman,0,,,0,0,0,University of Calgary,False,True,True
PRJNA1445946,excluded,age_unknown_no_evidence,0,,,0,0,0,Sun Yat-sen University,False,True,True
PRJNA287929,excluded,site_excluded,0,,,0,0,0,San Diego State University,False,True,True
PRJNA33049,excluded,age_unknown_no_evidence,0,,,0,0,0,Genoscope; MetaHit,False,True,True
PRJNA33053,excluded,age_unknown_no_evidence,0,,,0,0,0,Genoscope; MetaHit,False,True,True
PRJNA33055,excluded,age_unknown_no_evidence,0,,,0,0,0,Genoscope; MetaHit,False,True,True
PRJNA33057,excluded,age_unknown_no_evidence,0,,,0,0,0,Genoscope; MetaHit,False,True,True
PRJNA33059,excluded,age_unknown_no_evidence,0,,,0,0,0,Genoscope; MetaHit,False,True,True
PRJNA33061,excluded,age_unknown_no_evidence,0,,,0,0,0,Genoscope; MetaHit,False,True,True
PRJNA33063,excluded,age_unknown_no_evidence,0,,,0,0,0,Genoscope; MetaHit,False,True,True
PRJNA33113,excluded,age_unknown_no_evidence,0,,,0,0,0,Genoscope; MetaHit,False,True,True
PRJNA33305,excluded,age_adult_only,0,,,0,0,0,Genoscope; Micro-Obes,False,True,True
PRJNA33307,excluded,age_adult_only,0,,,0,0,0,Genoscope; Micro-Obes,False,True,True
PRJNA33309,excluded,age_adult_only,0,,,0,0,0,Genoscope; Micro-Obes,False,True,True
PRJNA33311,excluded,age_adult_only,0,,,0,0,0,Genoscope; Micro-Obes,False,True,True
PRJNA33313,excluded,age_adult_only,0,,,0,0,0,Genoscope; Micro-Obes,False,True,True
PRJNA38231,excluded,age_adult_only,0,,,0,0,0,Genoscope; Micro-Obes,False,True,True
PRJNA38233,excluded,age_adult_only,0,,,0,0,0,Genoscope; Micro-Obes,False,True,True
PRJNA384246,excluded,age_adult_only,0,,,0,0,0,Broad Institute of MIT and Harvard,False,True,True
PRJNA417283,included,,25,Hourigan SK,Colwell RR,3,3,0,CosmosID,True,True,True
PRJNA429990,excluded,age_adult_only,0,,,0,0,0,"Nanfang Hospital, Southern Medical University",False,True,True
PRJNA45929,excluded,age_adult_only,0,,,0,0,0,Genoscope; Micro-Obes,False,True,True
PRJNA474601,excluded,age_adult_only,9,Wang W,Geng J,1,0,1,"The First People's Hospital of Yunnan Province, Kuming 650032, Yunnan, China",True,True,True
PRJNA478457,excluded,host_nonhuman,0,,,0,0,0,FDA,False,True,True
PRJNA483343,excluded,age_unknown_no_evidence,16,Piewngam P,Otto M,1,0,1,NIH,True,True,True
PRJNA484031,excluded,age_adult_only,0,,,0,0,0,"Institute of Microbiology, CAS",False,True,True
PRJNA486341,excluded,host_nonhuman,0,,,0,0,0,CNRS,False,True,True
PRJNA493153,excluded,age_adult_only,0,,,0,0,0,UAMS,False,True,True
PRJNA503710,excluded,assay_amplicon,0,,,0,0,0,Shanghai Jiao Tong University,False,True,True
PRJNA505228,excluded,age_adult_only,0,,,0,0,0,Realbio,False,True,True
PRJNA517297,excluded,host_nonhuman,0,,,0,0,0,Nanjing Agricultural University,False,True,True
PRJNA540314,excluded,host_nonhuman,0,,,0,0,0,Chinese Academy of Sciences,False,True,True
PRJNA543979,excluded,host_environmental,0,,,0,0,0,Swedish University of Agricultural Sciences,False,True,True
PRJNA554501,excluded,age_adult_only,0,,,0,0,0,Hainan university,False,True,True
PRJNA555205,excluded,host_nonhuman,0,,,0,0,0,Columbia University,False,True,True
PRJNA556790,excluded,host_nonhuman,0,,,0,0,0,Institute Of Microbiology Chinese Academy of Sciences,False,True,True
PRJNA563508,excluded,host_environmental,0,,,0,0,0,Institute Of Microbiology Chinese Academy of Sciences,False,True,True
PRJNA574517,excluded,age_adult_only,0,,,0,0,0,Qingdao University of Science technology,False,True,True
PRJNA574542,excluded,age_adult_only,0,,,0,0,0,Qingdao University of Science technology,False,True,True
PRJNA578933,excluded,site_excluded,0,,,0,0,0,University of Washington Laboratory Medicine,False,True,True
PRJNA590369,human_review,,0,,,0,0,0,Institute Of Microbiology Chinese Academy of Sciences,False,True,True
PRJNA593365,excluded,host_nonhuman,0,,,0,0,0,"Guang'anmen Hospital, China academy of Chinese medical sciences",False,True,True
PRJNA597371,excluded,age_adult_only,15,Huang S,Zhang J,1,1,0,Hainan university,True,True,True
PRJNA597424,excluded,host_nonhuman,0,,,0,0,0,southern medical university,False,True,True
PRJNA599536,excluded,assay_isolate_genome,0,,,0,0,0,Center for Industrialization of Agricultural and Livestock Microorganisms,False,True,True
PRJNA602729,excluded,age_adult_only,22,Zhu Q,Zhang J,3,3,0,Hainan university,True,True,True
PRJNA602731,excluded,age_unknown_no_evidence,0,,,0,0,0,Hainan university,False,True,True
PRJNA602732,excluded,age_unknown_no_evidence,0,,,0,0,0,Hainan university,False,True,True
PRJNA607328,excluded,host_nonhuman,6,Wan KH,Celniker SE,1,0,2,Lawrence Berkeley National Laboratory,True,True,True
PRJNA607574,excluded,age_adult_only,0,,,0,0,0,Memorial Sloan Kettering Cancer Center HCT Microbiota,False,True,True
PRJNA611095,excluded,assay_amplicon,0,,,0,0,0,Dalian Medical university,False,True,True
PRJNA624720,excluded,host_nonhuman,0,,,0,0,0,Beijing Forestry University,False,True,True
PRJNA629353,human_review,,0,,,0,0,0,The University Of Auckland,False,True,True
PRJNA63073,excluded,age_adult_only,0,,,0,0,0,Genoscope,False,True,True
PRJNA63075,excluded,age_adult_only,0,,,0,0,0,Genoscope,False,True,True
PRJNA63077,excluded,age_adult_only,0,,,0,0,0,Genoscope,False,True,True
PRJNA634503,excluded,age_unknown_no_evidence,0,,,0,0,0,Shanghai Jiao Tong University,False,True,True
PRJNA636935,excluded,host_nonhuman,0,,,0,0,0,Nanjing Agricultural University,False,True,True
PRJNA638403,excluded,age_unknown_no_evidence,0,,,0,0,0,Hainan university,False,True,True
PRJNA638404,excluded,age_unknown_no_evidence,0,,,0,0,0,Hainan university,False,True,True
PRJNA638405,excluded,age_unknown_no_evidence,0,,,0,0,0,Hainan university,False,True,True
PRJNA641245,excluded,host_nonhuman,0,,,0,0,0,ICAR-DPR,False,True,True
PRJNA641779,excluded,host_nonhuman,0,,,0,0,0,ICAR-DPR,False,True,True
PRJNA643396,excluded,host_nonhuman,0,,,0,0,0,ITACYL,False,True,True
PRJNA644763,excluded,age_child_over_36m,0,,,0,0,0,Shanghai Jiao Tong University,False,True,True
PRJNA647065,excluded,age_adult_only,0,,,0,0,0,Bao'an District People's Hospital of Shenzhen,False,True,True
PRJNA647538,excluded,host_nonhuman,0,,,0,0,0,City University of Hong Kong,False,True,True
PRJNA648321,excluded,age_adult_only,0,,,0,0,0,BIOASTER,False,True,True
PRJNA650272,excluded,site_excluded,0,,,0,0,0,University of Szeged,False,True,True
PRJNA656577,excluded,age_adult_only,0,,,0,0,0,"University of California, San Francisco",False,True,True
PRJNA656949,excluded,site_excluded,0,,,0,0,0,Medical University of Warsaw,False,True,True
PRJNA661722,excluded,site_excluded,0,,,0,0,0,Mengchao Hepatobiliary Hospital of Fujian Medical University,False,True,True
PRJNA665245,excluded,age_adult_only,0,,,0,0,0,Quadram Institute Bioscience,False,True,True
PRJNA674522,excluded,age_unknown_no_evidence,0,,,0,0,0,fudan university,False,True,True
PRJNA681703,excluded,assay_amplicon,0,,,0,0,0,Dalian Medical university,False,True,True
PRJNA684919,excluded,site_excluded,0,,,0,0,0,The University of Queensland,False,True,True
PRJNA692605,excluded,age_child_over_36m,0,,,0,0,0,Shanghai Jiao Tong University,False,True,True
PRJNA700131,excluded,host_nonhuman,0,,,0,0,0,Yangzhou University,False,True,True
PRJNA706366,excluded,host_nonhuman,0,,,0,0,0,Quadram Institute Bioscience,False,True,True
PRJNA706606,included,,13,Montealegre MC,Julian TR,1,1,0,Tufts University,True,True,True
PRJNA715668,excluded,age_adult_only,0,,,0,0,0,Shanghai Jiao Tong University,False,True,True
PRJNA717910,excluded,host_nonhuman,0,,,0,0,0,Nanchang normal university,False,True,True
PRJNA723624,excluded,host_nonhuman,0,,,0,0,0,Universidad Autonoma Metropolitana,False,True,True
PRJNA726052,included,,16,Nadimpalli ML,Pickering AJ,1,1,0,Tufts University,True,True,True
PRJNA729199,excluded,host_nonhuman,0,,,0,0,0,Indian Council of Agricultural research_Directorate of Poultry Research,False,True,True
PRJNA730210,excluded,host_nonhuman,0,,,0,0,0,Indian Council of Agricultural research_Directorate of Poultry Research,False,True,True
PRJNA730407,excluded,site_excluded,0,,,0,0,0,Jilin University,False,True,True
PRJNA731973,excluded,host_nonhuman,0,,,0,0,0,Huazhong Agricultural University,False,True,True
PRJNA736213,excluded,age_adult_only,0,,,0,0,0,University of Genoa,False,True,True
PRJNA741688,excluded,site_excluded,0,,,0,0,0,Nanjing Stomatological Hospital,False,True,True
PRJNA745552,excluded,host_nonhuman,0,,,0,0,0,,False,False,True
PRJNA746114,excluded,age_unknown_no_evidence,0,,,0,0,0,"Institute Of Microbiology,Guangdong Academy of sciences",False,True,True
PRJNA746290,excluded,site_excluded,16,Woerner J,LaFramboise T,1,0,1,Case Western Reserve University,True,True,True
PRJNA748214,excluded,site_excluded,0,,,0,0,0,"Department of Preventive Dentistry, Peking University School and Hospital of Stomatology",False,True,True
PRJNA757133,excluded,assay_isolate_genome,0,,,0,0,0,University of Queensland,False,True,True
PRJNA761867,excluded,host_nonhuman,0,,,0,0,0,China Pharmaceutical University,False,True,True
PRJNA762484,excluded,age_adult_only,9,Chen SJ,Lin CH,1,0,1,Natioinal Taiwan University,True,True,True
PRJNA762616,excluded,age_unknown_no_evidence,0,,,0,0,0,,False,False,True
PRJNA764009,excluded,host_nonhuman,0,,,0,0,0,Feline Research Center of National Forestry and Grassland Administration,False,True,True
PRJNA764017,excluded,site_excluded,0,,,0,0,0,Shenzhen Center for Disease Control and Prevention,False,True,True
PRJNA766776,excluded,age_adult_only,7,Jayanama K,Sungkanuparph S,1,0,1,Mahidol University,True,True,True
PRJNA773142,excluded,host_nonhuman,0,,,0,0,0,Southwest Medical University,False,True,True
PRJNA778397,included,,4,Wang M,Donovan SM,1,1,0,University of Illinois at Urbana-Champaign,True,True,True
PRJNA78025,excluded,site_excluded,0,,,0,0,0,Center for Bioinformatics and Computational Biology,False,True,True
PRJNA782454,excluded,host_nonhuman,0,,,0,0,0,UFRJ,False,True,True
PRJNA786015,excluded,age_child_over_36m,0,,,0,0,0,First Affiliated Hospital of Guangzhou Medical University,False,True,True
PRJNA787396,excluded,age_adult_only,0,,,0,0,0,University of Applied Sciences and Arts Western Switzerland,False,True,True
PRJNA787398,excluded,age_unknown_no_evidence,0,,,0,0,0,University of Applied Sciences and Arts Western Switzerland,False,True,True
PRJNA789138,excluded,host_nonhuman,0,,,0,0,0,Chinese Academy of Sciences,False,True,True
PRJNA793167,excluded,host_nonhuman,0,,,0,0,0,"Sichuan Agriculture University; National Natural Science Foundation of China (NSFC, grant number 31730091, 31872369 and 31672436)",False,True,True
PRJNA795985,excluded,age_adult_only,0,,,0,0,0,United States Department of Agriculture,False,True,True
PRJNA797846,excluded,age_unknown_no_evidence,0,,,0,0,0,"The First People's Hospital of Yunnan Province, Kuming 650032, Yunnan, China",False,True,True
PRJNA803937,excluded,assay_isolate_genome,0,,,0,0,0,MIT,False,True,True
PRJNA808259,excluded,host_nonhuman,0,,,0,0,0,ANSES,False,True,True
PRJNA808657,excluded,host_nonhuman,0,,,0,0,0,College of Marine Sciences,False,True,True
PRJNA810891,excluded,age_adult_only,0,,,0,0,0,Memorial Sloan Kettering Cancer Center HCT Microbiota,False,True,True
PRJNA810955,excluded,age_adult_only,0,,,0,0,0,Vall d'Hebron Research Institute,False,True,True
PRJNA811648,excluded,host_nonhuman,0,,,0,0,0,Shanghai Stomatological Hospital & School of Stomatology,False,True,True
PRJNA812758,excluded,assay_amplicon,0,,,0,0,0,Shanghai Jiao Tong University,False,True,True
PRJNA816918,excluded,age_adult_only,0,,,0,0,0,"University of California, Davis",False,True,True
PRJNA817336,excluded,site_excluded,0,,,0,0,0,The First Affiliated Hospital of Guangxi Medical University,False,True,True
PRJNA818423,excluded,assay_isolate_genome,0,,,0,0,0,"School of Environment, South China Normal University",False,True,True
PRJNA819247,included,,10,Sindi AS,Payne MS,1,1,0,The University of Western Australia,True,True,True
PRJNA821621,excluded,age_unknown_no_evidence,0,,,0,0,0,The Chinese University of Hong Kong,False,True,True
PRJNA824704,excluded,host_nonhuman,0,,,0,0,0,Soochow University,False,True,True
PRJNA827919,excluded,host_nonhuman,0,,,0,0,0,Qinghai University,False,True,True
PRJNA834762,included,,16,Parker CT,Kosek MN,3,3,2,"United States Department of Agriculture, Agricultural Research Service",True,True,True
PRJNA836632,excluded,host_nonhuman,0,,,0,0,0,City University of Hong Kong,False,True,True
PRJNA837236,included,,16,Parker CT,Kosek MN,3,2,3,"United States Department of Agriculture, Agricultural Research Service",True,True,True
PRJNA838841,excluded,age_adult_only,0,,,0,0,0,University of Groningen,False,True,True
PRJNA841181,excluded,age_adult_only,0,,,0,0,0,General Hospital of Ningxia Medical University,False,True,True
PRJNA841251,excluded,age_adult_only,0,,,0,0,0,"Institute Of Microbiology,Guangdong Academy of sciences",False,True,True
PRJNA843681,excluded,site_excluded,0,,,0,0,0,"The First People's Hospital of Yunnan Province, Kuming 650032, Yunnan, China",False,True,True
PRJNA843783,excluded,host_nonhuman,0,,,0,0,0,Nanjing Agricultural University,False,True,True
PRJNA846861,excluded,host_nonhuman,0,,,0,0,0,China West Normal University,False,True,True
PRJNA846941,excluded,host_nonhuman,0,,,0,0,0,West China School of Public Health and West China Forth Hospital,False,True,True
PRJNA852281,excluded,site_excluded,0,,,0,0,0,BGI-beijing Clinical Laboratory,False,True,True
PRJNA859374,excluded,host_nonhuman,0,,,0,0,0,Tangdu hospital,False,True,True
PRJNA860718,excluded,host_environmental,0,,,0,0,0,,False,False,True
PRJNA861306,excluded,host_nonhuman,0,,,0,0,0,Northern Arizona University,False,True,True
PRJNA871798,excluded,host_nonhuman,0,,,0,0,0,,False,False,True
PRJNA878528,excluded,age_adult_only,0,,,0,0,0,Memorial Sloan Kettering Cancer Center HCT Microbiota,False,True,True
PRJNA885489,excluded,age_adult_only,0,,,0,0,0,Memorial Sloan Kettering Cancer Center HCT Microbiota,False,True,True
PRJNA892228,excluded,host_nonhuman,0,,,0,0,0,Peking University Health Science Center,False,True,True
PRJNA895372,included,,9,Oliphant K,Claud EC,1,1,0,University of Chicago,True,True,True
PRJNA896537,excluded,assay_isolate_genome,0,,,0,0,0,Icahn School of Medicine at Mount Sinai,False,True,True
PRJNA903921,included,,14,Heisel T,Gale CA,1,1,0,University of Minnesota,True,True,True
PRJNA908638,excluded,host_nonhuman,0,,,0,0,0,Qufu Normal University,False,True,True
PRJNA908771,excluded,host_nonhuman,0,,,0,0,0,"State Key Laboratory of Plateau Ecology and Agriculture, Qinghai University",False,True,True
PRJNA911758,excluded,age_adult_only,0,,,0,0,0,University of Wisconsin -- Stout,False,True,True
PRJNA912638,excluded,age_adult_only,17,Chaudhari DS,Yadav H,1,0,1,University of South Florida,True,True,True
PRJNA925842,excluded,age_unknown_no_evidence,11,Dridi L,Castagner B,1,0,1,Mcgill University,True,True,True
PRJNA926022,human_review,,0,,,0,0,0,"Shanghai Institute of Plant Physiology and Ecology, Chinese Academy of Sciences (CAS)",False,True,True
PRJNA928311,excluded,age_adult_only,0,,,0,0,0,University of Groningen,False,True,True
PRJNA929530,excluded,host_nonhuman,0,,,0,0,0,Wayne State University,False,True,True
PRJNA932541,excluded,host_nonhuman,0,,,0,0,0,Yonsei University College of Medicine,False,True,True
PRJNA939400,excluded,host_nonhuman,0,,,0,0,0,ANSES,False,True,True
PRJNA939937,excluded,assay_rna,0,,,0,0,0,Central South University,False,True,True
PRJNA950396,excluded,host_nonhuman,0,,,0,0,0,University of Montana,False,True,True
PRJNA953761,excluded,host_nonhuman,0,,,0,0,0,Henan Agricultural University,False,True,True
PRJNA961175,excluded,age_adult_only,0,,,0,0,0,Memorial Sloan Kettering Cancer Center HCT Microbiota,False,True,True
PRJNA961747,excluded,age_unknown_no_evidence,0,,,0,0,0,University of Puerto Rico,False,True,True
PRJNA971381,excluded,host_nonhuman,0,,,0,0,0,ANSES,False,True,True
PRJNA972747,excluded,age_adult_only,0,,,0,0,0,Memorial Sloan Kettering Cancer Center HCT Microbiota,False,True,True
PRJNA974858,excluded,age_adult_only,0,,,0,0,0,Stanford,False,True,True
PRJNA978941,excluded,host_nonhuman,0,,,0,0,0,Wuhan Institute of Technology,False,True,True
PRJNA993293,excluded,host_nonhuman,0,,,0,0,0,Affiliated Hospital of Guizhou Medical University,False,True,True
PRJNA997572,excluded,age_adult_only,0,,,0,0,0,China Agricultural University,False,True,True
PRJNA998458,excluded,host_nonhuman,0,,,0,0,0,University of Florida,False,True,True
PRJNA553834,excluded,host_nonhuman,0,,,0,0,0,University of Missouri,False,True,True
PRJEB56639,excluded,age_unknown_no_evidence,0,,,0,0,0,UNIVERSITY OF LEICESTER,False,True,True
PRJEB102709,excluded,host_environmental,0,,,0,0,0,Ghent University,False,True,True
PRJEB42516,excluded,age_unknown_no_evidence,0,,,0,0,0,CSIR INSTITUTE OF MICROBIAL TECHNOLOGY,False,True,True
PRJNA650224,excluded,host_environmental,0,,,0,0,0,Hainan Medical University; Feifei Yin; Chuanning Tang,False,True,True
PRJNA465250,excluded,host_environmental,0,,,0,0,0,DOE Joint Genome Institute,False,True,True
PRJNA465252,excluded,host_environmental,0,,,0,0,0,DOE Joint Genome Institute,False,True,True
PRJNA465256,excluded,host_environmental,0,,,0,0,0,DOE Joint Genome Institute,False,True,True
PRJNA465257,excluded,host_environmental,0,,,0,0,0,DOE Joint Genome Institute,False,True,True
PRJNA465258,excluded,host_environmental,0,,,0,0,0,DOE Joint Genome Institute,False,True,True
PRJNA465259,excluded,host_environmental,0,,,0,0,0,DOE Joint Genome Institute,False,True,True
PRJNA465261,excluded,host_environmental,0,,,0,0,0,DOE Joint Genome Institute,False,True,True
PRJNA465262,excluded,host_environmental,0,,,0,0,0,DOE Joint Genome Institute,False,True,True
PRJNA465263,excluded,host_environmental,0,,,0,0,0,DOE Joint Genome Institute,False,True,True
PRJNA465266,excluded,host_environmental,0,,,0,0,0,DOE Joint Genome Institute,False,True,True
PRJNA465280,excluded,host_environmental,0,,,0,0,0,DOE Joint Genome Institute,False,True,True
PRJNA465288,excluded,host_environmental,0,,,0,0,0,DOE Joint Genome Institute,False,True,True
PRJNA660537,excluded,age_unknown_no_evidence,0,,,0,0,0,Hainan Medical University,False,True,True
PRJNA784737,excluded,age_unknown_no_evidence,0,,,0,0,0,Swedish University of Agricultural Sciences (SLU); SNP&SEQ Technology Platform in Uppsala,False,True,True
PRJNA837383,excluded,age_unknown_no_evidence,0,,,0,0,0,Georg-August-University Goettingen,False,True,True
PRJNA465245,excluded,host_environmental,0,,,0,0,0,DOE Joint Genome Institute,False,True,True
PRJNA465249,excluded,host_environmental,0,,,0,0,0,DOE Joint Genome Institute,False,True,True
PRJNA465260,excluded,host_environmental,0,,,0,0,0,DOE Joint Genome Institute,False,True,True
PRJNA465268,excluded,host_environmental,0,,,0,0,0,DOE Joint Genome Institute,False,True,True
PRJNA465272,excluded,host_environmental,0,,,0,0,0,DOE Joint Genome Institute,False,True,True
PRJNA465286,excluded,host_environmental,0,,,0,0,0,DOE Joint Genome Institute,False,True,True
PRJNA465285,excluded,host_environmental,0,,,0,0,0,DOE Joint Genome Institute,False,True,True
PRJNA597258,excluded,age_unknown_no_evidence,0,,,0,0,0,Institute of Military Veterinary Medicine,False,True,True
PRJNA1176342,excluded,age_unknown_no_evidence,0,,,0,0,0,University College Cork,False,True,True
PRJNA340320,excluded,age_unknown_no_evidence,0,,,0,0,0,Ocean University of China,False,True,True
PRJNA341754,excluded,age_unknown_no_evidence,0,,,0,0,0,Ocean University of China,False,True,True
PRJNA397458,excluded,age_unknown_no_evidence,0,,,0,0,0,Florida State University,False,True,True
PRJNA416705,excluded,age_unknown_no_evidence,0,,,0,0,0,"1. Institute of Deep-sea Science and Engineering, The Chinese Academy of Sciences",False,True,True
PRJNA512250,excluded,host_nonhuman,0,,,0,0,0,Institute of Military Veterinary Medicine,False,True,True
PRJNA465271,excluded,host_environmental,0,,,0,0,0,DOE Joint Genome Institute,False,True,True
PRJNA465244,excluded,host_environmental,0,,,0,0,0,DOE Joint Genome Institute,False,True,True
PRJNA465270,excluded,host_environmental,0,,,0,0,0,DOE Joint Genome Institute,False,True,True
PRJNA465251,excluded,host_environmental,0,,,0,0,0,DOE Joint Genome Institute,False,True,True
PRJNA465246,excluded,host_environmental,0,,,0,0,0,DOE Joint Genome Institute,False,True,True
PRJNA465278,excluded,host_environmental,0,,,0,0,0,DOE Joint Genome Institute,False,True,True
PRJNA465253,excluded,host_environmental,0,,,0,0,0,DOE Joint Genome Institute,False,True,True
PRJNA465287,excluded,host_environmental,0,,,0,0,0,DOE Joint Genome Institute,False,True,True
PRJNA465301,excluded,host_environmental,0,,,0,0,0,DOE Joint Genome Institute,False,True,True
PRJNA526291,excluded,age_unknown_no_evidence,0,,,0,0,0,National Institute of High Security Animal Diseases,False,True,True
PRJNA526439,excluded,age_unknown_no_evidence,0,,,0,0,0,National Institute of High Security Animal Diseases,False,True,True
PRJNA465254,excluded,host_environmental,0,,,0,0,0,DOE Joint Genome Institute,False,True,True
PRJNA465255,excluded,host_environmental,0,,,0,0,0,DOE Joint Genome Institute,False,True,True
PRJNA465264,excluded,host_environmental,0,,,0,0,0,DOE Joint Genome Institute,False,True,True
PRJNA465267,excluded,host_environmental,0,,,0,0,0,DOE Joint Genome Institute,False,True,True
PRJNA465283,excluded,host_environmental,0,,,0,0,0,DOE Joint Genome Institute,False,True,True
PRJNA465282,excluded,host_environmental,0,,,0,0,0,DOE Joint Genome Institute,False,True,True
PRJNA465277,excluded,host_environmental,0,,,0,0,0,DOE Joint Genome Institute,False,True,True
PRJNA465289,excluded,host_environmental,0,,,0,0,0,DOE Joint Genome Institute,False,True,True
PRJNA465300,excluded,host_environmental,0,,,0,0,0,DOE Joint Genome Institute,False,True,True
PRJNA465296,excluded,host_environmental,0,,,0,0,0,DOE Joint Genome Institute,False,True,True
PRJNA465298,excluded,host_environmental,0,,,0,0,0,DOE Joint Genome Institute,False,True,True
PRJNA339829,excluded,age_unknown_no_evidence,0,,,0,0,0,China Animal Health and Epidemiology Center,False,True,True
PRJNA465291,excluded,host_environmental,0,,,0,0,0,DOE Joint Genome Institute,False,True,True
PRJNA292741,excluded,age_unknown_no_evidence,0,,,0,0,0,China animal health and epidemiology center,False,True,True
PRJNA465276,excluded,host_environmental,0,,,0,0,0,DOE Joint Genome Institute,False,True,True
PRJNA465269,excluded,host_environmental,0,,,0,0,0,DOE Joint Genome Institute,False,True,True
PRJNA290809,excluded,age_unknown_no_evidence,0,,,0,0,0,China Animal Health and Epidemiology Center,False,True,True
PRJNA465243,excluded,host_environmental,0,,,0,0,0,DOE Joint Genome Institute,False,True,True
PRJNA465247,excluded,host_environmental,0,,,0,0,0,DOE Joint Genome Institute,False,True,True
PRJNA465265,excluded,host_environmental,0,,,0,0,0,DOE Joint Genome Institute,False,True,True
PRJNA465274,excluded,host_environmental,0,,,0,0,0,DOE Joint Genome Institute,False,True,True
PRJNA465279,excluded,host_environmental,0,,,0,0,0,DOE Joint Genome Institute,False,True,True
PRJNA465293,excluded,host_environmental,0,,,0,0,0,DOE Joint Genome Institute,False,True,True
PRJNA471212,excluded,age_unknown_no_evidence,0,,,0,0,0,University of New South Wales,False,True,True
PRJNA465284,excluded,host_environmental,0,,,0,0,0,DOE Joint Genome Institute,False,True,True
PRJNA465273,excluded,host_environmental,0,,,0,0,0,DOE Joint Genome Institute,False,True,True
PRJNA465275,excluded,host_environmental,0,,,0,0,0,DOE Joint Genome Institute,False,True,True
PRJNA465281,excluded,host_environmental,0,,,0,0,0,DOE Joint Genome Institute,False,True,True
PRJNA465292,excluded,host_environmental,0,,,0,0,0,DOE Joint Genome Institute,False,True,True
PRJNA644895,excluded,host_nonhuman,0,,,0,0,0,Research Institute of Physico-Chemical Medicine,False,True,True
PRJNA248239,excluded,host_environmental,0,,,0,0,0,"Loyola University Chicago; GeneWiz, Inc",False,True,True
PRJNA690782,excluded,age_unknown_no_evidence,0,,,0,0,0,Beatriz Diez lab at Pontificia Universidad Catolica de Chile,False,True,True
PRJNA724013,excluded,age_unknown_no_evidence,0,,,0,0,0,Copenhage University,False,True,True
PRJNA734712,excluded,host_environmental,0,,,0,0,0,Universidad Andres Bello,False,True,True
PRJNA733924,excluded,age_unknown_no_evidence,0,,,0,0,0,Copenhage University,False,True,True
PRJNA797266,excluded,age_unknown_no_evidence,0,,,0,0,0,Ocean University of China,False,True,True
PRJNA882666,excluded,age_unknown_no_evidence,22,Hansen F,Davison AJ,1,0,1,University of Glasgow; UC Davis PREEMPT Consortium,True,True,True
PRJNA950101,excluded,age_unknown_no_evidence,5,Rahlff J,Holmfeldt K,1,0,1,Linnaeus University,True,True,True
PRJNA294123,excluded,age_unknown_no_evidence,0,,,0,0,0,Korea Institute of ocean science & technology,False,True,True
PRJNA81851,excluded,host_environmental,7,Emerson JB,Banfield JF,2,0,2,"University of California, Berkeley",True,True,True
PRJNA1285886,excluded,host_nonhuman,0,,,0,0,0,Jiangsu University,False,True,True
PRJNA322592,excluded,age_unknown_no_evidence,0,,,0,0,0,Saurashtra University,False,True,True
PRJNA1348896,excluded,age_unknown_no_evidence,0,,,0,0,0,University of Pennsylvania,False,True,True
PRJNA682830,excluded,host_environmental,0,,,0,0,0,Colorado State University,False,True,True
PRJNA866269,excluded,host_environmental,0,,,0,0,0,Chinese Academy of Sciences,False,True,True
PRJNA801668,excluded,host_environmental,0,,,0,0,0,Universite Laval,False,True,True
PRJNA901878,excluded,age_unknown_no_evidence,39,Cui X,Shen Y,1,0,1,South China Agricultural University,True,True,True
PRJNA1063307,excluded,host_environmental,0,,,0,0,0,University of Miami,False,True,True
PRJNA1155242,excluded,host_nonhuman,0,,,0,0,0,Ningxia University,False,True,True
PRJNA1164145,excluded,age_unknown_no_evidence,0,,,0,0,0,I2SysBio,False,True,True
PRJNA1180908,excluded,host_nonhuman,0,,,0,0,0,Ningxia University,False,True,True
PRJNA1307196,excluded,age_unknown_no_evidence,0,,,0,0,0,"Changchun Veterinary Research Institute, Chinese Academy of Agricultural Sciences",False,True,True
PRJNA489143,excluded,host_environmental,0,,,0,0,0,AIMS,False,True,True
PRJNA381682,excluded,host_environmental,0,,,0,0,0,Universitat de Barcelona,False,True,True
PRJNA385134,excluded,age_unknown_no_evidence,0,,,0,0,0,APC Microbiome Institute,False,True,True
PRJNA388007,excluded,age_unknown_no_evidence,0,,,0,0,0,Australian Institute of Marince sciences; Ramaciotti centre for Genomics,False,True,True
PRJNA388294,excluded,age_unknown_no_evidence,0,,,0,0,0,Australian Institute of Marince sciences; Ramaciotti centre for Genomics,False,True,True
PRJNA388297,excluded,age_unknown_no_evidence,0,,,0,0,0,Australian Institute of Marince sciences; ramaciotti cetre for genomics,False,True,True
PRJNA400782,excluded,host_nonhuman,0,,,0,0,0,Columbia,False,True,True
PRJNA415911,excluded,age_unknown_no_evidence,0,,,0,0,0,KAUST,False,True,True
PRJNA437470,excluded,age_unknown_no_evidence,0,,,0,0,0,University of Washington,False,True,True
PRJNA522695,excluded,host_environmental,0,,,0,0,0,GEOMAR Helmholtz Centre for Ocean Research Kiel; Collaborative Research Centre 1182 Origin and Function of Metaorganisms,False,True,True
PRJNA523667,excluded,age_unknown_no_evidence,0,,,0,0,0,Australian Institute of Marince sciences; Ramaciotti Centre for Genomics,False,True,True
PRJNA545459,excluded,age_unknown_no_evidence,0,,,0,0,0,Universite Laval,False,True,True
PRJDB3979,excluded,age_unknown_no_evidence,3,Urayama S,Nunoura T,1,0,1,"Marine Functional Biology Group, Research and Development Center for Marine Biosciences, Japan Agency for Marine-Earth Science and Technology; JAMSTEC",True,True,True
PRJDB10879,excluded,age_unknown_no_evidence,7,Tominaga K,Yoshida T,1,0,1,Kyoto University; KYOTO_AG,True,True,True
PRJDB15196,excluded,host_environmental,0,,,0,0,0,Kyoto University; KYOTO_ENG,False,True,True
PRJDB33010,excluded,age_unknown_no_evidence,0,,,0,0,0,Ocean University of China; NGDC,False,True,True
PRJEB35919,included,,0,,,0,0,0,Newcastle University,False,True,True
PRJNA605028,excluded,age_unknown_no_evidence,14,Wolf YI,Koonin EV,2,0,2,University of California San Francisco,True,True,True
PRJNA398439,excluded,host_environmental,0,,,0,0,0,"Limnological Institute, SB RAS",False,True,True
PRJNA680460,excluded,age_unknown_no_evidence,0,,,0,0,0,Jiangsu University,False,True,True
PRJNA705204,excluded,age_unknown_no_evidence,0,,,0,0,0,McGill University,False,True,True
PRJNA714934,excluded,host_environmental,0,,,0,0,0,University of Utah,False,True,True
PRJNA729181,excluded,age_unknown_no_evidence,0,,,0,0,0,Medical University of Vienna,False,True,True
PRJNA387956,excluded,age_unknown_no_evidence,0,,,0,0,0,Australian Institute of Marince sciences; Ramaciotti centre for genomics,False,True,True
PRJNA387954,excluded,age_unknown_no_evidence,0,,,0,0,0,Australian Institute of Marince sciences; Rammaciotti Centre for Genomics,False,True,True
PRJNA417500,excluded,host_environmental,0,,,0,0,0,Michigan State University,False,True,True
PRJNA421101,excluded,host_environmental,0,,,0,0,0,Universidad de Alicante,False,True,True
PRJNA1000065,excluded,age_unknown_no_evidence,0,,,0,0,0,Research and Production Center for Microbiology and Virology,False,True,True
PRJNA1192410,excluded,host_environmental,0,,,0,0,0,Bogazici University,False,True,True
PRJNA1251294,excluded,host_nonhuman,0,,,0,0,0,jiangsu university,False,True,True
PRJNA321549,excluded,age_unknown_no_evidence,0,,,0,0,0,Vanderbilt University,False,True,True
PRJDB17464,excluded,host_environmental,0,,,0,0,0,Ritsumeikan University,False,True,True
PRJNA792496,excluded,age_unknown_no_evidence,0,,,0,0,0,Jiangsu University,False,True,True
PRJNA803787,excluded,age_unknown_no_evidence,0,,,0,0,0,jiangsu university,False,True,True
PRJNA906748,excluded,age_unknown_no_evidence,0,,,0,0,0,Goa Univeristy,False,True,True
PRJNA1115202,excluded,age_unknown_no_evidence,0,,,0,0,0,South China Agricultural University,False,True,True
PRJNA1214672,excluded,age_unknown_no_evidence,0,,,0,0,0,St. Francis University College of Health and Allied Sciences,False,True,True
PRJNA321548,excluded,age_unknown_no_evidence,0,,,0,0,0,Vanderbilt University,False,True,True
PRJNA388129,excluded,age_unknown_no_evidence,0,,,0,0,0,Australian Institute of Marince sciences; Ramaciotti Centre for Genomics,False,True,True
PRJDB4112,excluded,age_unknown_no_evidence,0,,,0,0,0,"Division of Collaboration and Education, Research Center for Zoonosis Control, Hokkaido University; HU-RCZC",False,True,True
PRJEB15535,excluded,host_environmental,0,,,0,0,0,SEOUL NAT'L UNIV.,False,True,True
PRJEB5347,excluded,age_unknown_no_evidence,0,,,0,0,0,Centro Biologia Molecular Severo Ochoa (CBMSO),False,True,True
PRJEB60492,excluded,age_unknown_no_evidence,0,,,0,0,0,,False,False,True
PRJEB49365,excluded,age_unknown_no_evidence,0,,,0,0,0,INRA,False,True,True
PRJNA577390,excluded,age_unknown_no_evidence,0,,,0,0,0,"Limnological Institute, SB RAS",False,True,True
PRJNA907146,excluded,age_unknown_no_evidence,0,,,0,0,0,James Cook University,False,True,True
PRJNA547700,excluded,host_environmental,8,Potapov SA,Belykh OI,1,0,1,Limnological Institute Siberian Branch of the Russian Academy of Sciences,True,True,True
PRJNA1224589,excluded,age_unknown_no_evidence,0,,,0,0,0,Inha University,False,True,True
PRJEB21210,excluded,age_unknown_no_evidence,4,Garin-Fernandez A,Wichels A,1,0,1,German Federation for Biological Data,True,True,True
PRJNA396958,excluded,host_environmental,0,,,0,0,0,Universidad de Alicante,False,True,True
PRJNA668046,excluded,age_unknown_no_evidence,0,,,0,0,0,Huazhong Agricultural University,False,True,True
PRJNA447857,excluded,age_unknown_no_evidence,0,,,0,0,0,Instituto de Biotecnologia,False,True,True
PRJNA357591,excluded,host_environmental,0,,,0,0,0,Bigelow Laboratory for Ocean Sciences,False,True,True
PRJNA725206,excluded,host_nonhuman,0,,,0,0,0,Colorado State University,False,True,True
PRJNA729136,excluded,host_nonhuman,0,,,0,0,0,Colorado State University,False,True,True
PRJNA898273,excluded,host_nonhuman,0,,,0,0,0,CREA,False,True,True
PRJEB55911,excluded,host_nonhuman,0,,,0,0,0,Quadram Institute Biosciences,False,True,True
PRJEB87696,excluded,host_nonhuman,0,,,0,0,0,"Food Biosciences Department, Teagasc Food Research Centre, Moorepark; Food Biosciences Department",False,True,True
PRJEB53378,excluded,host_environmental,0,,,0,0,0,Quadram Institute Biosciences,False,True,True
PRJNA608632,excluded,host_nonhuman,0,,,0,0,0,China Agricultural University,False,True,True
PRJNA612663,excluded,host_nonhuman,0,,,0,0,0,Cyprus University of Technology,False,True,True
PRJNA624962,excluded,host_nonhuman,0,,,0,0,0,Cyprus University of Technology,False,True,True
PRJNA726626,excluded,host_nonhuman,0,,,0,0,0,Ningxia University,False,True,True
PRJNA961318,excluded,host_nonhuman,0,,,0,0,0,Kalinga Institute of Industrial Technology; Genotypic Technology Pvt. Ltd.,False,True,True
PRJNA1084919,excluded,host_nonhuman,0,,,0,0,0,"Guangxi Buffalo Research Institute, Chinese Academy of Agricultural Science",False,True,True
PRJNA1210180,excluded,host_environmental,0,,,0,0,0,University College Cork,False,True,True
PRJEB42046,excluded,host_nonhuman,0,,,0,0,0,Quadram Institute Biosciences,False,True,True
PRJNA1356380,excluded,host_environmental,0,,,0,0,0,Shandong Normal University,False,True,True
PRJNA897707,excluded,assay_isolate_genome,0,,,0,0,0,Gansu Agricultural University,False,True,True
PRJEB111575,excluded,age_unknown_no_evidence,0,,,0,0,0,University of Copenhagen,False,True,True
PRJNA575106,excluded,host_environmental,0,,,0,0,0,"University of California, Davis",False,True,True
PRJNA687995,excluded,host_nonhuman,0,,,0,0,0,Inner Mongolia Agricultural University,False,True,True
PRJNA275517,excluded,host_nonhuman,0,,,0,0,0,Ashok and Rita Patel Institute of Integrated Study and Research in Biotechnology and Allied Sciences,False,True,True
PRJNA275823,excluded,host_nonhuman,0,,,0,0,0,Ashok and Rita Patel Institute of Integrated Study and Research in Biotechnology and Allied Sciences,False,True,True
PRJNA275232,excluded,host_environmental,0,,,0,0,0,"Banfield Lab, University of California, Berkeley",False,True,True
PRJNA830592,excluded,host_nonhuman,0,,,0,0,0,Inner Mongolia Agricultural University,False,True,True
PRJNA835223,excluded,host_nonhuman,0,,,0,0,0,ANSES,False,True,True
PRJNA895761,excluded,host_environmental,0,,,0,0,0,Inner Mongolia Agricultural University,False,True,True
PRJNA945243,excluded,age_unknown_no_evidence,0,,,0,0,0,Teagasc,False,True,True
PRJNA950968,excluded,host_nonhuman,2,Duarte VdS,Porcellato D,1,0,1,Norwegian University of Life Sciences,True,True,True
PRJNA1044939,excluded,host_nonhuman,0,,,0,0,0,Northwest A&F University,False,True,True
PRJNA275826,excluded,host_nonhuman,0,,,0,0,0,Ashok and Rita Patel Institute of Integrated Study and Research in Biotechnology and Allied Sciences,False,True,True
PRJNA1075302,excluded,host_nonhuman,0,,,0,0,0,Universidad Federal do Para,False,True,True
PRJNA1227304,excluded,host_nonhuman,0,,,0,0,0,Central Institute for Research on Buffaloes (ICAR),False,True,True
PRJNA1300823,excluded,host_nonhuman,0,,,0,0,0,China Agricultural University,False,True,True
PRJNA1455201,excluded,host_nonhuman,0,,,0,0,0,Chinese Academy of Agricultural Sciences,False,True,True
PRJNA529353,excluded,host_nonhuman,0,,,0,0,0,University of Dhaka,False,True,True
PRJNA1145576,excluded,host_nonhuman,0,,,0,0,0,Northeast Agricultural University,False,True,True
PRJNA1188839,excluded,host_nonhuman,0,,,0,0,0,Indian Institute of Science,False,True,True
PRJNA1189268,excluded,host_nonhuman,0,,,0,0,0,Indian Institute of Science,False,True,True
PRJNA275824,excluded,host_nonhuman,0,,,0,0,0,Ashok and Rita Patel Institute of Integrated Study and Research in Biotechnology and Allied Sciences,False,True,True
PRJNA775816,excluded,host_nonhuman,0,,,0,0,0,Research and Production Center for Microbiology and Virology,False,True,True
PRJNA725245,excluded,age_unknown_no_evidence,0,,,0,0,0,Federal University of Uberlandia,False,True,True
PRJNA508450,excluded,host_nonhuman,0,,,0,0,0,Inner Mongolia Agricultural University,False,True,True
PRJNA527179,excluded,host_nonhuman,0,,,0,0,0,Inner Mongolia Agricultural University,False,True,True
PRJNA275825,excluded,host_nonhuman,0,,,0,0,0,Ashok and Rita Patel Institute of Integrated Study and Research in Biotechnology and Allied Sciences,False,True,True
PRJNA773986,excluded,site_excluded,0,,,0,0,0,Fujian Maternity and Child Health Hospital,False,True,True
PRJNA882412,excluded,assay_other_nonshotgun,0,,,0,0,0,The University of Texas MD Anderson Cancer Center,False,True,True
PRJNA725946,excluded,site_excluded,0,,,0,0,0,Dalian Medical university,False,True,True
PRJNA841837,excluded,assay_isolate_genome,0,,,0,0,0,ICMR NATIONAL INSTITUTE FOR RESEARCH IN REPRODUCTIVE AND CHILD HEALTH,False,True,True
PRJNA1090602,excluded,site_excluded,0,,,0,0,0,University of Toronto,False,True,True
PRJEB64671,excluded,site_excluded,0,,,0,0,0,stanford univeristy; Stanford Univeristy,False,True,True
PRJEB122097,excluded,site_excluded,0,,,0,0,0,Kyungpook National University,False,True,True
PRJNA645620,excluded,site_excluded,0,,,0,0,0,Jiangsu University,False,True,True
PRJNA767784,excluded,site_excluded,0,,,0,0,0,University of Cape Town,False,True,True
PRJEB51898,excluded,site_excluded,0,,,0,0,0,Shenzhen Puensum Genetech Institute,False,True,True
PRJEB45093,excluded,site_excluded,0,,,0,0,0,UANTW,False,True,True
PRJNA1127777,excluded,age_maternal_only,0,,,0,0,0,Sun Yat-Sen University,False,True,True
PRJEB34744,excluded,site_excluded,0,,,0,0,0,"The University of the West Indies, CAve Hill Campus",False,True,True
PRJDB40014,excluded,assay_isolate_genome,0,,,0,0,0,HaystackAnalytics Pvt. Ltd.,False,True,True
PRJDB15796,excluded,site_excluded,0,,,0,0,0,"Genome Evolution Laboratory, Department of Informatics, National Institute of Genetics",False,True,True
PRJDB19255,excluded,age_unknown_no_evidence,0,,,0,0,0,"Department of Biology, Kyung Hee University",False,True,True
PRJDB16210,excluded,site_excluded,0,,,0,0,0,"Antimicrobial Resistance Research Center, National Institute of Infectious Diseases",False,True,True
PRJDB41842,excluded,host_nonhuman,0,,,0,0,0,Nantong University,False,True,True
PRJDB42230,excluded,site_excluded,0,,,0,0,0,Medical Mycology Research Center,False,True,True
PRJDB10817,excluded,host_synthetic,0,,,0,0,0,National Institute of Genetics,False,True,True
PRJDB37658,excluded,assay_isolate_genome,0,,,0,0,0,National Center for Child Health and Development,False,True,True
PRJDB39729,excluded,age_adult_only,0,,,0,0,0,"Laboratory for Symbiotic Microbiome Sciences Center for Integrative Medical Sciences, RIKEN",False,True,True
PRJDB39757,excluded,age_adult_only,0,,,0,0,0,"Laboratory for Symbiotic Microbiome Sciences Center for Integrative Medical Sciences, RIKEN",False,True,True
PRJDB39758,excluded,host_synthetic,0,,,0,0,0,"Laboratory for Symbiotic Microbiome Sciences Center for Integrative Medical Sciences, RIKEN",False,True,True
PRJDB40001,excluded,age_adult_only,0,,,0,0,0,Okinawa institute of science and technology,False,True,True
PRJDB41979,excluded,age_adult_only,0,,,0,0,0,Inner Mongolia Agricultural University,False,True,True
PRJDB42081,excluded,site_excluded,0,,,0,0,0,"Graduate School of Medicine, The University of Osaka",False,True,True
PRJDB41085,excluded,age_adult_only,0,,,0,0,0,Jinan University,False,True,True
PRJEB104199,excluded,host_environmental,7,Romero González B,Nakagome S,1,0,1,"Trinity College Dublin, Republic of Ireland; Trinity College Dublin",True,True,True
PRJEB113439,excluded,site_excluded,0,,,0,0,0,Karolinska Institutet,False,True,True
PRJEB112518,excluded,site_excluded,0,,,0,0,0,Max Planck Institute for Evolutionary Anthropology,False,True,True
PRJEB102985,excluded,site_excluded,0,,,0,0,0,HANYANG UNIVERSITY,False,True,True
PRJEB123949,excluded,site_excluded,0,,,0,0,0,National Taiwan University Hospital,False,True,True
PRJEB123938,excluded,age_adult_only,0,,,0,0,0,Complexo Hospitalario Universitario de Vigo,False,True,True
PRJDB43083,excluded,age_adult_only,0,,,0,0,0,Alphabiome.AI,False,True,True
PRJEB126105,excluded,age_adult_only,0,,,0,0,0,Seed Health,False,True,True
PRJEB107316,excluded,site_excluded,0,,,0,0,0,University of Inland Norway,False,True,True
PRJEB10295,excluded,site_excluded,0,,,0,0,0,LEIDEN UNIVERSITY MEDICAL CENTER,False,True,True
PRJEB104661,excluded,site_excluded,0,,,0,0,0,HANYANG UNIVERSITY,False,True,True
PRJEB102751,human_review,,0,,,0,0,0,01life,False,True,True
PRJEB102458,excluded,site_excluded,0,,,0,0,0,Centre for Translational Microbiome Research (CTMR),False,True,True
PRJEB110312,excluded,site_excluded,0,,,0,0,0,Geneton Ltd,False,True,True
PRJEB110894,included,,0,,,0,0,0,Newcastle University,False,True,True
PRJEB21195,excluded,host_nonhuman,0,,,0,0,0,Max Planck Institute for Evolutionary Anthropology,False,True,True
PRJEB23244,excluded,assay_other_nonshotgun,0,,,0,0,0,DTU Bioinformatics,False,True,True
PRJEB24289,excluded,site_excluded,0,,,0,0,0,PUBLIC HEALTH ENGLAND,False,True,True
PRJEB24525,excluded,host_environmental,0,,,0,0,0,MGRAST,False,True,True
PRJEB127029,excluded,age_adult_only,10,Kovatcheva-Datchary P,Bäckhed F,1,0,1,GOTHENBURG UNIVERISITY,True,True,True
PRJEB28182,excluded,assay_isolate_genome,0,,,0,0,0,KAZAN (VOLGA REGION) FEDERAL UNIVERSITY,False,True,True
PRJEB25422,excluded,site_excluded,0,,,0,0,0,UNIVERSITY OF NEW SOUTH WALES,False,True,True
PRJEB24383,excluded,site_excluded,1,Winokur G,Winokur G,1,0,1,"University of Oxford, Oxford, England, UK; University of Oxford",True,True,True
PRJEB29918,excluded,site_excluded,0,,,0,0,0,Wellcome Sanger Institute,False,True,True
PRJEB21157,excluded,host_nonhuman,0,,,0,0,0,Max Planck Institute for Evolutionary Anthropology,False,True,True
PRJEB12636,excluded,site_excluded,13,Mollerup S,Hansen AJ,1,0,1,University of Copenhagen,True,True,True
PRJEB21490,excluded,host_nonhuman,0,,,0,0,0,Michael Hooker Research Center,False,True,True
PRJEB29919,excluded,site_excluded,0,,,0,0,0,Wellcome Sanger Institute,False,True,True
PRJEB18780,excluded,age_child_over_36m,0,,,0,0,0,UNIVERSITY OF GLASGOW,False,True,True
PRJEB14440,excluded,site_excluded,0,,,0,0,0,Technical University of Denmark,False,True,True
PRJEB38060,excluded,site_excluded,0,,,0,0,0,King Abdullah University of Science and Technology,False,True,True
PRJEB40239,excluded,site_excluded,0,,,0,0,0,"University of Birmingham, UK; University of Birmingham",False,True,True
PRJEB39726,excluded,host_environmental,0,,,0,0,0,LEIBNIZ INSTITUTE FOR BALTIC SEA RESEARCH,False,True,True
PRJEB32062,excluded,site_excluded,0,,,0,0,0,"UNIVERSITY OF ZURICH, Institute of Molecular Life Sciences",False,True,True
PRJEB35979,excluded,host_environmental,0,,,0,0,0,,False,False,True
PRJEB35662,excluded,site_excluded,0,,,0,0,0,FISABIO- Public Health Research,False,True,True
PRJEB35483,excluded,site_excluded,0,,,0,0,0,Max Planck Institute for Evolutionary Anthropology,False,True,True
PRJEB39606,excluded,site_excluded,0,,,0,0,0,Quadram Institute Bioscience,False,True,True
PRJEB38129,excluded,site_excluded,0,,,0,0,0,"CENTER FOR GEOGENETICS, NATURAL HISTORY MUSEUM OF",False,True,True
PRJEB39614,excluded,site_excluded,0,,,0,0,0,KAROLINSKA INSITUTET,False,True,True
PRJEB29991,excluded,site_excluded,0,,,0,0,0,Max Planck Institute for Evolutionary Anthropology,False,True,True
PRJEB40358,excluded,site_excluded,0,,,0,0,0,NATIONAL INSTITUTE OF BIOMEDICAL GENOMICS,False,True,True
PRJEB38480,excluded,site_excluded,0,,,0,0,0,Institut National pour la Recherche Agronomique (FRANCE),False,True,True
PRJEB37382,excluded,site_excluded,0,,,0,0,0,Centre for Translational Microbiome Research (CTMR),False,True,True
PRJEB30594,excluded,site_excluded,0,,,0,0,0,Wellcome Sanger Institute,False,True,True
PRJEB47545,excluded,site_excluded,0,,,0,0,0,SIR RUN RUN SHAW HOSPITAL,False,True,True
PRJEB52041,excluded,site_excluded,0,,,0,0,0,henan provincial people's hosipital; Henan Provincial People's Hosipital,False,True,True
PRJEB52482,excluded,site_excluded,0,,,0,0,0,"Teagasc Food Research Centre, Ireland; Teagasc Food Research Centre",False,True,True
PRJEB47625,excluded,age_unknown_no_evidence,0,,,0,0,0,Quadram Institute Bioscience,False,True,True
PRJEB54649,excluded,site_excluded,0,,,0,0,0,Wellcome Sanger Institute,False,True,True
PRJEB54014,excluded,site_excluded,0,,,0,0,0,Leibniz Institute for Natural Product Research and Infection Biology,False,True,True
PRJEB42701,excluded,site_excluded,0,,,0,0,0,GRONINGEN UNIVERSITY,False,True,True
PRJEB44313,excluded,site_excluded,0,,,0,0,0,University of Rome Tor Vergata,False,True,True
PRJEB52317,excluded,site_excluded,0,,,0,0,0,Hannover Medical School,False,True,True
PRJEB52431,excluded,host_environmental,16,Etienne-Mesmin L,Almeida M,1,0,1,Institut National pour la Recherche Agronomique (FRANCE),True,True,True
PRJEB52394,excluded,site_excluded,0,,,0,0,0,Max Planck Institute for Evolutionary Anthropology,False,True,True
PRJEB52822,excluded,site_excluded,0,,,0,0,0,Hannover Medical School,False,True,True
PRJEB46619,excluded,host_synthetic,0,,,0,0,0,European Molecular Biology Laboratory,False,True,True
PRJEB47800,excluded,site_excluded,0,,,0,0,0,RUTGERS UNIVERISTY,False,True,True
PRJEB47794,human_review,,0,,,0,0,0,Newcastle University,False,True,True
PRJEB6014,excluded,host_nonhuman,0,,,0,0,0,Max Planck Institute for Evolutionary Anthropology,False,True,True
PRJEB55471,excluded,site_excluded,0,,,0,0,0,Rostock University Medical Center,False,True,True
PRJEB61886,excluded,site_excluded,0,,,0,0,0,Max Planck Institute for Evolutionary Anthropology,False,True,True
PRJEB59994,excluded,site_excluded,14,Meslier V,Almeida M,1,0,1,Institut National pour la Recherche Agronomique (FRANCE),True,True,True
PRJEB56144,excluded,age_child_over_36m,0,,,0,0,0,01life,False,True,True
PRJEB58774,excluded,site_excluded,0,,,0,0,0,Newcastle University,False,True,True
PRJEB54650,excluded,site_excluded,0,,,0,0,0,Wellcome Sanger Institute,False,True,True
PRJEB55897,excluded,site_excluded,0,,,0,0,0,STATENS SERUM INSTITUT,False,True,True
PRJEB59406,excluded,site_excluded,0,,,0,0,0,01life,False,True,True
PRJEB59347,excluded,site_excluded,0,,,0,0,0,,False,False,True
PRJEB55789,excluded,site_excluded,0,,,0,0,0,lundbeck foundation geogenetics centre; Lundbeck Foundation GeoGenetics Centre,False,True,True
PRJEB59811,excluded,age_maternal_only,0,,,0,0,0,Institut Pasteur,False,True,True
PRJEB60621,excluded,site_excluded,9,Licandro H,Neyraud E,1,0,1,Institut National pour la Recherche Agronomique (FRANCE),True,True,True
PRJEB55832,excluded,assay_assembly_only,0,,,0,0,0,dalhousie university; Dalhousie University,False,True,True
PRJEB55282,excluded,site_excluded,0,,,0,0,0,IHU - Mediterranee Infection,False,True,True
PRJEB75390,excluded,site_excluded,0,,,0,0,0,Wellcome Sanger Institute,False,True,True
PRJEB74139,excluded,site_excluded,0,,,0,0,0,"Centre for Host Microbiome Interactions, Faculty of Dentistry Oral and Craniofacial Sciences, Kings College London; Centre for Host Microbiome Interactions",False,True,True
PRJEB74559,excluded,host_synthetic,0,,,0,0,0,University College London,False,True,True
PRJEB76800,excluded,host_environmental,0,,,0,0,0,ISGlobal,False,True,True
PRJEB71368,excluded,host_synthetic,0,,,0,0,0,ACADEMIC MEDICAL CENTER AMSTERDAM,False,True,True
PRJEB64522,excluded,site_excluded,0,,,0,0,0,Quadram Institute Bioscience,False,True,True
PRJEB71693,excluded,site_excluded,0,,,0,0,0,University of Birmingham,False,True,True
PRJEB63144,excluded,site_excluded,0,,,0,0,0,UANTW,False,True,True
PRJEB67362,excluded,site_excluded,0,,,0,0,0,Ghent University,False,True,True
PRJEB64634,excluded,site_excluded,4,Nilsson A,Ternhag A,1,0,1,Public Health Agency of Sweden; PHAS,True,True,True
PRJEB62577,excluded,site_excluded,0,,,0,0,0,RUTGERS UNIVERISTY,False,True,True
PRJEB74558,excluded,site_excluded,0,,,0,0,0,Ewha Womans University,False,True,True
PRJEB6465,excluded,site_excluded,0,,,0,0,0,Inflammation,False,True,True
PRJEB65968,excluded,age_adult_only,0,,,0,0,0,Wellcome Sanger Institute,False,True,True
PRJEB77434,excluded,age_maternal_only,8,Baud A,Kennedy SP,1,0,1,Institut Pasteur,True,True,True
PRJEB89971,excluded,site_excluded,0,,,0,0,0,European Bioinformatics Institute; ArrayExpress,False,True,True
PRJEB79033,excluded,site_excluded,0,,,0,0,0,UANTW,False,True,True
PRJEB82665,excluded,site_unknown,0,,,0,0,0,Universitaetsklinikum Freiburg,False,True,True
PRJEB88546,excluded,site_excluded,0,,,0,0,0,"University of Zagreb, Faculty of Food Technology and Biotechnology",False,True,True
PRJEB86674,excluded,site_excluded,0,,,0,0,0,University Medical Center Utrecht,False,True,True
PRJEB80549,excluded,site_excluded,10,Plaza Oñate F,Pécastaings S,1,0,1,Institut National pour la Recherche Agronomique (FRANCE),True,True,True
PRJEB85994,excluded,site_excluded,0,,,0,0,0,TNO (Netherlands Organisation for Applied Scientific Research),False,True,True
PRJEB82823,excluded,site_excluded,0,,,0,0,0,Ewha Womans University,False,True,True
PRJEB78353,excluded,site_excluded,0,,,0,0,0,Wellcome Sanger Institute,False,True,True
PRJEB84424,excluded,site_excluded,0,,,0,0,0,noscendo gmbh; Noscendo GmbH,False,True,True
PRJEB87999,excluded,site_excluded,0,,,0,0,0,UANTW,False,True,True
PRJEB85927,excluded,site_excluded,0,,,0,0,0,noscendo gmbh; Noscendo GmbH,False,True,True
PRJEB77566,excluded,site_excluded,0,,,0,0,0,"Bambino Gesu Paediatric Hospital, Rome; Bambino Gesu Paediatric Hospital",False,True,True
PRJEB93999,excluded,site_excluded,0,,,0,0,0,AAA,False,True,True
PRJEB83572,excluded,site_excluded,0,,,0,0,0,TNO (Netherlands Organisation for Applied Scientific Research),False,True,True
PRJEB97493,excluded,site_excluded,0,,,0,0,0,Max Planck Institute for Evolutionary Anthropology,False,True,True
PRJEB96334,excluded,site_unknown,0,,,0,0,0,Universitaetsklinikum Freiburg,False,True,True
PRJNA1027813,excluded,host_nonhuman,0,,,0,0,0,Centers for Disease Control and Prevention,False,True,True
PRJNA1037120,excluded,site_excluded,0,,,0,0,0,Dartmouth College,False,True,True
PRJNA1010661,excluded,site_excluded,0,,,0,0,0,"Shanghai General Hospital, Nanjing Medical University",False,True,True
PRJNA1012505,excluded,host_environmental,0,,,0,0,0,University of Pennsylvania,False,True,True
PRJEB98485,excluded,age_adult_only,0,,,0,0,0,Latvian Biomedical Research and Study Centre,False,True,True
PRJEB98488,excluded,site_excluded,0,,,0,0,0,pusan national university; Pusan National University,False,True,True
PRJEB95928,excluded,site_excluded,0,,,0,0,0,University of Antwerp,False,True,True
PRJEB95929,excluded,site_excluded,0,,,0,0,0,University of Antwerp,False,True,True
PRJNA1005411,excluded,assay_other_nonshotgun,0,,,0,0,0,Jiangnan University,False,True,True
PRJNA1042675,excluded,age_adult_only,0,,,0,0,0,University of Naples Federico II,False,True,True
PRJEB95927,excluded,site_excluded,0,,,0,0,0,University of Antwerp,False,True,True
PRJEB98211,excluded,age_adult_only,0,,,0,0,0,Ewha Womans University,False,True,True
PRJEB96268,excluded,site_excluded,0,,,0,0,0,Cao lab,False,True,True
PRJNA1101745,excluded,fp_salmonella_infantis,0,,,0,0,0,ICAR-Central Institute of Fisheries Education,False,True,True
PRJNA1092880,excluded,host_nonhuman,0,,,0,0,0,Zhejiang Gongshang University,False,True,True
PRJNA1097358,excluded,age_adult_only,0,,,0,0,0,Shanxi University of Chinese Medicine,False,True,True
PRJNA1109584,excluded,age_adult_only,0,,,0,0,0,Quadram Institute Bioscience,False,True,True
PRJNA1106227,excluded,age_adult_only,0,,,0,0,0,"Shengjing Hospital, China Medical University",False,True,True
PRJNA1072595,excluded,site_excluded,0,,,0,0,0,The chinese univercity of hong kong,False,True,True
PRJNA1048868,excluded,host_environmental,0,,,0,0,0,University of Glasgow,False,True,True
PRJNA1071828,excluded,host_nonhuman,0,,,0,0,0,Chinese Academy of Agricultural Sciences,False,True,True
PRJNA1106411,excluded,host_nonhuman,0,,,0,0,0,Chengdu University of Traditional Chinese Medicine,False,True,True
PRJNA1092830,excluded,site_excluded,0,,,0,0,0,"Foshan Maternity and Chlid Healthcare Hospital, Foshan, China",False,True,True
PRJNA1074842,excluded,assay_isolate_genome,0,,,0,0,0,University of Washington,False,True,True
PRJNA1066509,excluded,host_nonhuman,0,,,0,0,0,Sichuan Agricultural University,False,True,True
PRJNA1057216,excluded,site_excluded,0,,,0,0,0,The University of Texas MD Anderson Cancer Center,False,True,True
PRJNA1050014,excluded,age_unknown_no_evidence,0,,,0,0,0,Beijing Institute of Genomics Chinese Acad of Sci - Key Lab,False,True,True
PRJNA1057679,excluded,age_adult_only,0,,,0,0,0,"Sheba Medical Center, Tel-Hashomer, Israel.",False,True,True
PRJNA1184705,excluded,site_excluded,0,,,0,0,0,Soochow University,False,True,True
PRJNA1125917,excluded,host_nonhuman,0,,,0,0,0,Sun Yat-sen University,False,True,True
PRJNA1114081,excluded,host_synthetic,0,,,0,0,0,Broad Institute,False,True,True
PRJNA1170939,excluded,assay_isolate_genome,0,,,0,0,0,Baylor College of Medicine,False,True,True
PRJNA1147120,excluded,age_adult_only,0,,,0,0,0,Zhongnan Hospital of Wuhan University,False,True,True
PRJNA1195214,excluded,host_nonhuman,0,,,0,0,0,Shanxi Medical University,False,True,True
PRJNA1196505,excluded,host_nonhuman,0,,,0,0,0,fudan university,False,True,True
PRJNA1118458,excluded,host_nonhuman,0,,,0,0,0,King Abdullah University of Science and Technology,False,True,True
PRJNA1192958,excluded,age_adult_only,0,,,0,0,0,Indian Institute of Science Education and Research Kolkata,False,True,True
PRJNA1154919,excluded,age_adult_only,0,,,0,0,0,Zhujiang hospital,False,True,True
PRJNA1195392,excluded,age_adult_only,0,,,0,0,0,"Tongji Medical College, Huazhong University of Science and Technology",False,True,True
PRJNA1146994,excluded,age_adult_only,9,Vega-Abellaneda S,Manichanh C,1,0,1,VHIR,True,True,True
PRJNA1125469,excluded,age_adult_only,0,,,0,0,0,The Jackson Laboratory,False,True,True
PRJNA1126024,excluded,site_excluded,0,,,0,0,0,Telethon Kids Institute,False,True,True
PRJNA1181840,excluded,host_synthetic,4,Chen X,Zhang T,1,0,1,HKU,True,True,True
PRJNA1261595,excluded,site_excluded,0,,,0,0,0,Jiangsu Univerisity,False,True,True
PRJNA1199568,excluded,host_nonhuman,0,,,0,0,0,University of Puerto Rico,False,True,True
PRJNA1224950,excluded,host_nonhuman,0,,,0,0,0,Sichuan Agricultural University,False,True,True
PRJNA1225344,excluded,host_nonhuman,0,,,0,0,0,Gorgas Memorial Institute,False,True,True
PRJNA1229836,excluded,site_excluded,0,,,0,0,0,Jiangsu University,False,True,True
PRJNA1263654,excluded,site_unknown,0,,,0,0,0,Tai'an Traditional Chinese Medicine Hospital,False,True,True
PRJNA1266762,excluded,site_excluded,0,,,0,0,0,San Diego State University,False,True,True
PRJNA1257530,excluded,site_excluded,0,,,0,0,0,Chengdu University,False,True,True
PRJNA1260065,excluded,host_nonhuman,0,,,0,0,0,"Institute of Microbiology, Guangdong Academy of Science",False,True,True
PRJNA1254622,excluded,age_adult_only,0,,,0,0,0,University of Debrecen,False,True,True
PRJNA1266093,excluded,host_synthetic,0,,,0,0,0,Barcelona Supercomputing Center (BSC-CNS),False,True,True
PRJNA1258603,excluded,age_unknown_no_evidence,0,,,0,0,0,Indian Institute of Science Education and Research Kolkata,False,True,True
PRJNA1245618,excluded,age_adult_only,0,,,0,0,0,"Wuhan Central Hospital Affiliated to Tongji Medical College, Huazhong University of Science and Tech",False,True,True
PRJNA1230889,included,,16,Seki D,Hall LJ,2,1,0,University of Birmingham,True,True,True
PRJNA1258733,included,,8,Parizadeh M,Arrieta MC,1,1,0,Cumming School of Medicine of the University of Calgary,True,True,True
PRJNA1296813,excluded,host_environmental,0,,,0,0,0,"Ram Lal Anand College, University of Delhi",False,True,True
PRJNA1306318,excluded,host_nonhuman,0,,,0,0,0,Universidad Austral de chile,False,True,True
PRJNA1298517,excluded,host_nonhuman,0,,,0,0,0,Shandong First Medical University & Shandong Academy of Medical Sciences,False,True,True
PRJNA1303992,excluded,host_nonhuman,0,,,0,0,0,UT Southwestern Medical Center,False,True,True
PRJNA1270948,excluded,host_synthetic,0,,,0,0,0,Innovation and Application Development,False,True,True
PRJNA1301024,excluded,host_nonhuman,0,,,0,0,0,UTSW Medical Center,False,True,True
PRJNA1293883,excluded,age_adult_only,27,Kaufhold G,Siebert N,1,0,1,Max-Delbrueck-Center,True,True,True
PRJNA1295015,excluded,site_excluded,0,,,0,0,0,Universidade Federal do Rio Grande do Sul,False,True,True
PRJNA1291254,excluded,assay_isolate_genome,0,,,0,0,0,Children's Hospital of Philadelphia,False,True,True
PRJNA1304733,excluded,site_excluded,0,,,0,0,0,University of Antwerp,False,True,True
PRJNA1295573,excluded,age_adult_only,18,Sammons SL,Tolaney SM,1,0,1,Harvard Microbiome Analysis Core,True,True,True
PRJNA1301887,included,,0,,,0,0,0,Children's Hospital of Philadelphia,False,True,True
PRJNA1280936,included,,8,Levy S,Hourigan SK,1,1,0,National Institute of Allergy and Infectious Diseases,True,True,True
PRJNA1291433,excluded,age_unknown_no_evidence,0,,,0,0,0,Affiliated Hospital of North Sichuan Medical College,False,True,True
PRJNA1306521,excluded,age_child_over_36m,0,,,0,0,0,Children's Hospital of Philadelphia,False,True,True
PRJNA1347231,excluded,host_nonhuman,0,,,0,0,0,Ningbo University,False,True,True
PRJNA1320802,excluded,age_adult_only,0,,,0,0,0,Shanghai Jiao Tong University School of Medicine,False,True,True
PRJNA1333642,excluded,age_adult_only,0,,,0,0,0,FHNW,False,True,True
PRJNA1310799,excluded,host_environmental,0,,,0,0,0,The University of Queensland,False,True,True
PRJNA1345159,excluded,site_excluded,0,,,0,0,0,Fujian Medical University,False,True,True
PRJNA1308598,excluded,host_nonhuman,0,,,0,0,0,Children's Hospital of Philadelphia,False,True,True
PRJNA1347038,excluded,site_unknown,0,,,0,0,0,University of Naples Federico II,False,True,True
PRJNA1328708,excluded,host_environmental,26,Yamaguchi J,Berg MG,1,0,1,Abbott Laboratories,True,True,True
PRJNA1355224,included,,16,Yang K,Schwartz DJ,1,1,0,Washginton University in St. Louis,True,True,True
PRJNA1308818,excluded,age_unknown_no_evidence,0,,,0,0,0,University of Trento,False,True,True
PRJNA1333653,excluded,site_excluded,0,,,0,0,0,Zhejiang Provincial People's Hospital,False,True,True
PRJNA1348300,excluded,host_nonhuman,0,,,0,0,0,Ningbo University,False,True,True
PRJNA1337562,excluded,age_child_over_36m,0,,,0,0,0,Inner Mongolia Agricultural University,False,True,True
PRJNA1337664,excluded,host_synthetic,0,,,0,0,0,Medicines and Healthcare products Regulatory Agency,False,True,True
PRJNA1312120,excluded,site_excluded,0,,,0,0,0,Instituto evandro Chagas,False,True,True
PRJNA1370592,excluded,site_excluded,0,,,0,0,0,Fujian Medical University,False,True,True
PRJNA1372432,excluded,site_excluded,0,,,0,0,0,Fujian medicine university,False,True,True
PRJNA1359349,excluded,age_child_over_36m,0,,,0,0,0,Shanghai Sanda University,False,True,True
PRJNA1366497,excluded,age_adult_only,8,Yunusbaeva M,Yunusbayev B,1,0,1,Russian Federation Healthcare Ministry Saint-Petersburg State Phthisiopulmonology Research Institute,True,True,True
PRJNA1371390,excluded,age_adult_only,0,,,0,0,0,Inha University,False,True,True
PRJNA1389836,excluded,site_excluded,0,,,0,0,0,Department of Gastroenterology,False,True,True
PRJNA1356335,excluded,age_adult_only,0,,,0,0,0,CUHK,False,True,True
PRJNA1364832,excluded,age_adult_only,0,,,0,0,0,University Hospital Cologne,False,True,True
PRJNA1368396,excluded,site_excluded,0,,,0,0,0,Hallym University,False,True,True
PRJNA1374131,excluded,age_adult_only,0,,,0,0,0,Massachusetts General Hospital,False,True,True
PRJNA1390327,excluded,age_maternal_only,0,,,0,0,0,"THE SECOND HOSPITAL & CLINICAL MEDICAL SCHOOL, LANZHOU UNIVERSITY",False,True,True
PRJNA1369741,excluded,site_excluded,0,,,0,0,0,Loyola University Chicago,False,True,True
PRJNA1371662,excluded,host_synthetic,0,,,0,0,0,"National Institute of Advanced Industrial Science and Technology, Biomedical Research Institute",False,True,True
PRJNA1380750,excluded,age_adult_only,0,,,0,0,0,Chinese Center for Disease Control and Prevention,False,True,True
PRJNA1356862,excluded,age_child_over_36m,0,,,0,0,0,UCSF,False,True,True
PRJNA1392894,excluded,assay_isolate_genome,0,,,0,0,0,The Second Affiliated Hospital of Nanjing Medical University,False,True,True
PRJNA1393300,excluded,site_excluded,0,,,0,0,0,Affiliated Hospital 6 of Nantong University,False,True,True
PRJNA1397958,excluded,site_unknown,0,,,0,0,0,School of Medical and Life Science of Chengdu University of Traditional Chinese Medicine,False,True,True
PRJNA1397891,excluded,host_nonhuman,0,,,0,0,0,Lanzhou University,False,True,True
PRJNA1397201,excluded,host_nonhuman,0,,,0,0,0,INDIAN AGRICULTURAL RESEARCH INSTITUTE,False,True,True
PRJNA1399407,excluded,assay_isolate_genome,0,,,0,0,0,The Second Affiliated Hospital of Nanjing Medical University,False,True,True
PRJNA1401532,excluded,age_child_over_36m,0,,,0,0,0,Guangdong Medical University,False,True,True
PRJNA1395841,excluded,age_adult_only,0,,,0,0,0,Hangzhou First People's Hospital,False,True,True
PRJNA1399086,excluded,site_excluded,0,,,0,0,0,"Nanfang College, Guangzhou",False,True,True
PRJNA1399054,excluded,host_nonhuman,0,,,0,0,0,Shihezi University,False,True,True
PRJNA1398003,excluded,site_excluded,0,,,0,0,0,Wenzhou Medical University,False,True,True
PRJNA1401505,excluded,host_nonhuman,0,,,0,0,0,Nanjing Forestry University,False,True,True
PRJNA1399671,excluded,age_adult_only,0,,,0,0,0,Hallym University,False,True,True
PRJNA1393457,excluded,age_adult_only,0,,,0,0,0,Mayo Clinic,False,True,True
PRJNA1395616,excluded,site_excluded,0,,,0,0,0,University of Rochester School of Medicine & Dentistry,False,True,True
PRJNA1403197,excluded,site_excluded,0,,,0,0,0,Shidong Hospital Affiliated to University of Shanghai for Science and Technology,False,True,True
PRJNA1403610,excluded,site_excluded,0,,,0,0,0,Centre Pasteur of Cameroon,False,True,True
PRJNA1420872,excluded,age_adult_only,17,Blank RB,Scher JU,1,0,1,Icahn School of Medicine at Mount Sinai,True,True,True
PRJNA1414115,excluded,site_excluded,0,,,0,0,0,Guangxi Medical University,False,True,True
PRJNA1405914,excluded,age_adult_only,0,,,0,0,0,Beijing Tiantan Hospital,False,True,True
PRJNA1402426,excluded,site_excluded,0,,,0,0,0,University of Regina,False,True,True
PRJNA1417598,excluded,assay_amplicon_misfiled,0,,,0,0,0,Erciyes University,False,True,True
PRJNA1417478,excluded,age_adult_only,0,,,0,0,0,"DiPROBIO (Shanghai) Co., Ltd., Shanghai, Chi",False,True,True
PRJNA1402431,excluded,site_excluded,0,,,0,0,0,Nguyen Tat Thanh University,False,True,True
PRJNA1403642,excluded,site_excluded,0,,,0,0,0,Shanghai Public Health Clinical Center,False,True,True
PRJNA1416478,excluded,age_adult_only,0,,,0,0,0,"Beijing Institute of Geriatrics, Institute of Geriatric Medicine, Chinese Academy of Medical Science",False,True,True
PRJNA1402308,excluded,age_adult_only,0,,,0,0,0,University Health Network,False,True,True
PRJNA1403004,included,,29,Midani FS,Danhof HA,1,0,0,University of British Columbia,True,True,True
PRJNA1419164,excluded,site_excluded,0,,,0,0,0,R V College of Engineering,False,True,True
PRJNA1420394,excluded,host_environmental,0,,,0,0,0,University of Chinese Academy of Sciences,False,True,True
PRJNA1431980,excluded,age_adult_only,0,,,0,0,0,Stellenbosch University,False,True,True
PRJNA1424208,excluded,site_excluded,0,,,0,0,0,University of South Florida,False,True,True
PRJNA1431449,excluded,age_adult_only,0,,,0,0,0,Boston Children's Hospital,False,True,True
PRJNA1423645,excluded,age_adult_only,0,,,0,0,0,University of Debrecen,False,True,True
PRJNA1425442,excluded,age_adult_only,0,,,0,0,0,ProClin Research,False,True,True
PRJNA1424962,excluded,host_nonhuman,0,,,0,0,0,Oklahoma State University,False,True,True
PRJNA1428229,excluded,host_nonhuman,0,,,0,0,0,College of Life Science,False,True,True
PRJNA1433876,excluded,assay_amplicon,0,,,0,0,0,Henan University of Chinese Medicine,False,True,True
PRJNA1433968,excluded,age_adult_only,0,,,0,0,0,Zhejiang University,False,True,True
PRJNA1435194,excluded,age_adult_only,0,,,0,0,0,University of Oslo,False,True,True
PRJNA1427647,excluded,age_adult_only,0,,,0,0,0,Mayo Clinic,False,True,True
PRJNA1430192,excluded,age_adult_only,0,,,0,0,0,Kookmin University,False,True,True
PRJNA1421112,excluded,age_adult_only,0,,,0,0,0,The First Affiliated Hospital of Harbin Medical University,False,True,True
PRJNA1425751,included,,13,Zhang F,,1,1,0,Shanghai Ocean University,True,True,True
PRJNA1437287,excluded,site_excluded,0,,,0,0,0,KU Leuven,False,True,True
PRJNA1440040,excluded,age_child_over_36m,0,,,0,0,0,Hebei Medical University,False,True,True
PRJNA1453454,excluded,host_nonhuman,0,,,0,0,0,Guangxi Normal University,False,True,True
PRJNA1447702,excluded,host_nonhuman,0,,,0,0,0,Arius Bioscience,False,True,True
PRJNA1441104,excluded,age_adult_only,0,,,0,0,0,Suqian First Hospital,False,True,True
PRJNA1439279,excluded,age_unknown_no_evidence,0,,,0,0,0,INSERM,False,True,True
PRJNA1438274,excluded,age_adult_only,0,,,0,0,0,University of Minnesota,False,True,True
PRJNA1437835,excluded,age_unknown_no_evidence,0,,,0,0,0,Zhujiang Hospital of Southern Medical University,False,True,True
PRJNA1445352,excluded,age_child_over_36m,0,,,0,0,0,Arizona State University,False,True,True
PRJNA1453174,excluded,age_adult_only,0,,,0,0,0,University of Naples Federico II,False,True,True
PRJNA1445932,included,,11,Huey SL,Mehta S,1,1,0,Cornell University,True,True,True
PRJNA1450729,excluded,site_excluded,0,,,0,0,0,Shandong University,False,True,True
PRJNA1449169,excluded,site_excluded,0,,,0,0,0,National University of Singapore,False,True,True
PRJNA1445880,included,,9,Goldstein C,Yassour M,1,1,0,The Hebrew University of Jerusalem,True,True,True
PRJNA1447735,excluded,site_excluded,0,,,0,0,0,Hangzhou Linping District Hospital of Traditional Chinese Medicine,False,True,True
PRJNA1443354,excluded,host_nonhuman,0,,,0,0,0,"CSK Himachal Pradesh Agricultural University, Palampur. HP",False,True,True
PRJNA1454313,excluded,site_excluded,0,,,0,0,0,KEMRI-Wellcome Trust,False,True,True
PRJNA1461404,excluded,age_adult_only,0,,,0,0,0,"Xinqiao Hospital, Third Military Medical University",False,True,True
PRJNA1454417,excluded,host_nonhuman,0,,,0,0,0,Shihezi university,False,True,True
PRJNA1458179,excluded,age_adult_only,0,,,0,0,0,The First Affiliated Hospital of Guangdong Pharmaceutical Universit,False,True,True
PRJNA1461389,excluded,age_adult_only,0,,,0,0,0,Tianjin Medical University,False,True,True
PRJNA1456031,excluded,age_unknown_no_evidence,8,Liu L,Van den Abbeele P,1,0,1,United States Department of Agriculture - ARS,True,True,True
PRJNA1460259,excluded,age_adult_only,0,,,0,0,0,AMILI Pte Ltd,False,True,True
PRJNA1459685,excluded,site_excluded,0,,,0,0,0,Tata Institue for Genetics and Society,False,True,True
PRJNA1455662,excluded,age_adult_only,0,,,0,0,0,H. Lee Moffitt Cancer Center,False,True,True
PRJNA1458341,excluded,age_adult_only,0,,,0,0,0,Yonsei University,False,True,True
PRJNA1456328,excluded,age_adult_only,0,,,0,0,0,Tianjin University of Traditional Chinese Medicine,False,True,True
PRJNA1457655,excluded,age_adult_only,0,,,0,0,0,Jingmen Central Hospital,False,True,True
PRJNA1457693,excluded,site_excluded,0,,,0,0,0,Shanghai Fifth People's Hospital,False,True,True
PRJNA1456383,excluded,age_adult_only,0,,,0,0,0,Nanfang Hospital,False,True,True
PRJNA1458854,excluded,site_excluded,7,Victorsen A,Hilt EE,1,0,1,University of Minnesota,True,True,True
PRJNA1461949,excluded,age_adult_only,0,,,0,0,0,Universidad de Oviedo,False,True,True
PRJNA1464019,excluded,host_synthetic,0,,,0,0,0,korea national institute of health,False,True,True
PRJNA1464200,excluded,age_adult_only,0,,,0,0,0,Ningxia Medical University,False,True,True
PRJNA1465196,excluded,host_nonhuman,0,,,0,0,0,Southern Marine Science and Engineering Guangdong Laboratory (Zhuhai),False,True,True
PRJNA1463012,excluded,age_adult_only,0,,,0,0,0,qilu hospital,False,True,True
PRJNA1466694,excluded,age_child_over_36m,0,,,0,0,0,Hubei Provincial Wuhan University Renmin Hospital,False,True,True
PRJNA1467363,excluded,site_excluded,0,,,0,0,0,Quzhou People Hospital,False,True,True
PRJNA1462858,excluded,site_excluded,0,,,0,0,0,Fuwai Central China Cardiovascular Hospital,False,True,True
PRJNA1467000,excluded,assay_isolate_genome,0,,,0,0,0,Center for Bio- and Medical Technologies,False,True,True
PRJNA1463324,excluded,age_adult_only,13,Silber JL,Lamousé-Smith E,1,0,1,"Vedanta Biosciences, Inc.",True,True,True
PRJNA1465364,excluded,age_adult_only,0,,,0,0,0,,False,False,True
PRJNA1464576,excluded,host_nonhuman,0,,,0,0,0,McGill University,False,True,True
PRJNA1465085,excluded,site_excluded,0,,,0,0,0,Masan National Tuberculosis Hospital,False,True,True
PRJNA1467299,excluded,host_nonhuman,0,,,0,0,0,Stanford University,False,True,True
PRJNA1464278,excluded,host_environmental,0,,,0,0,0,University of the Philippines Manila,False,True,True
PRJNA1468307,excluded,age_unknown_no_evidence,0,,,0,0,0,Shandong University,False,True,True
PRJNA1471312,excluded,site_excluded,0,,,0,0,0,Kansas State University,False,True,True
PRJNA1471479,excluded,age_adult_only,0,,,0,0,0,The Second Affiliated Hospital of Guangxi Medical University,False,True,True
PRJNA1467367,excluded,host_nonhuman,0,,,0,0,0,PreBiomics s.r.l,False,True,True
PRJNA1470913,excluded,age_adult_only,0,,,0,0,0,Leucine Rich Bio,False,True,True
PRJNA1469299,excluded,age_child_over_36m,0,,,0,0,0,"Union Hospital, Tongji Medical College, Huazhong University of Science and Technology",False,True,True
PRJNA1469454,excluded,age_adult_only,0,,,0,0,0,Lopukhin FRCC PCM,False,True,True
PRJNA1468465,excluded,age_adult_only,0,,,0,0,0,asan medical center,False,True,True
PRJNA1472528,excluded,age_adult_only,0,,,0,0,0,University of Minnesota,False,True,True
PRJNA1470177,excluded,age_adult_only,0,,,0,0,0,Central Ayurveda research Institute,False,True,True
PRJNA1472032,included,,0,,,0,0,0,University of Nebraska Medical Center,False,True,True
PRJNA1468761,excluded,age_adult_only,0,,,0,0,0,McGill University,False,True,True
PRJNA1468137,included,,39,Sinha T,Zhernakova A,1,1,0,University Medical Center Groningen,True,True,True
PRJNA1472971,excluded,host_nonhuman,0,,,0,0,0,Hubei University of Chinese Medicine,False,True,True
PRJNA1472735,excluded,age_unknown_no_evidence,0,,,0,0,0,Jinan University,False,True,True
PRJNA1480428,excluded,host_nonhuman,0,,,0,0,0,Lanzhou University,False,True,True
PRJNA1476743,excluded,site_excluded,0,,,0,0,0,Department of Otolaryngology,False,True,True
PRJNA1479303,excluded,age_adult_only,0,,,0,0,0,The Third People's Hospital of Bengbu,False,True,True
PRJNA1473304,excluded,age_adult_only,0,,,0,0,0,The First People's Hospital of Zunyi (The Third Affiliated Hospital of Zunyi Medical University),False,True,True
PRJNA1477002,excluded,age_adult_only,0,,,0,0,0,Anhui Medical University,False,True,True
PRJNA1477077,excluded,site_excluded,0,,,0,0,0,Shanghai Fifth People's Hospital,False,True,True
PRJNA1475796,excluded,age_unknown_no_evidence,0,,,0,0,0,"State Key Laboratory of Biotherapy and Cancer Center,",False,True,True
PRJNA1477516,excluded,assay_other_nonshotgun,0,,,0,0,0,University of Colorado Boulder,False,True,True
PRJNA1474435,excluded,host_synthetic,0,,,0,0,0,UNER,False,True,True
PRJNA1475610,excluded,age_adult_only,0,,,0,0,0,Shangqiu Medical College,False,True,True
PRJNA1475036,excluded,age_adult_only,0,,,0,0,0,Wenzhou Medical University,False,True,True
PRJNA1475086,excluded,site_excluded,0,,,0,0,0,Sun Yat-sen University,False,True,True
PRJNA1479378,excluded,age_unknown_no_evidence,0,,,0,0,0,Fred Hutch,False,True,True
PRJNA1474087,excluded,site_excluded,0,,,0,0,0,Children's Hospital of Philadelphia,False,True,True
PRJNA1478523,excluded,host_nonhuman,0,,,0,0,0,Beijing Academy of Agriculture and Forestry Sciences,False,True,True
PRJNA1480958,excluded,age_adult_only,0,,,0,0,0,Chinese University of Hong Kong,False,True,True
PRJNA1491625,excluded,site_excluded,0,,,0,0,0,Huadong Research Institute for Medicine and Biotechniques,False,True,True
PRJNA1483584,excluded,host_nonhuman,0,,,0,0,0,HUBEI ACADEMY OF AGRICULTURAL SCIENCES,False,True,True
PRJNA1484635,excluded,age_adult_only,0,,,0,0,0,Faculty of Applied Science - University of Campinas,False,True,True
PRJNA1484372,human_review,,0,,,0,0,0,Hainan Medical University,False,True,True
PRJNA1495175,excluded,age_adult_only,0,,,0,0,0,Shanxi Medical University,False,True,True
PRJNA1494783,excluded,host_nonhuman,0,,,0,0,0,The Third Affiliated Hospital of Zhengzhou University,False,True,True
PRJNA1483357,excluded,host_nonhuman,0,,,0,0,0,Sun Yat-sen University,False,True,True
PRJNA1494500,excluded,site_excluded,0,,,0,0,0,Cleveland Clinic,False,True,True
PRJNA1494781,excluded,host_nonhuman,0,,,0,0,0,the Chinese University of Hong Kong,False,True,True
PRJNA1484585,excluded,age_adult_only,0,,,0,0,0,Shanghai University of Sport,False,True,True
PRJNA1484673,excluded,age_unknown_no_evidence,0,,,0,0,0,NIST,False,True,True
PRJNA1495273,excluded,site_excluded,0,,,0,0,0,Cleveland Clinic,False,True,True
PRJNA1492216,excluded,site_excluded,0,,,0,0,0,Soochow University,False,True,True
PRJNA1481665,excluded,host_nonhuman,0,,,0,0,0,South China Agricultural University,False,True,True
PRJNA1502435,excluded,site_unknown,0,,,0,0,0,Columbia University Medical Center,False,True,True
PRJNA1514298,human_review,,0,,,0,0,0,Soochow University,False,True,True
PRJNA1502404,excluded,host_nonhuman,0,,,0,0,0,The Hong Kong Polytechnic University,False,True,True
PRJNA1498228,excluded,assay_amplicon_misfiled,0,,,0,0,0,Department of Gastroenterology,False,True,True
PRJNA1499369,excluded,age_unknown_no_evidence,0,,,0,0,0,University of Turin,False,True,True
PRJNA1503165,excluded,age_adult_only,0,,,0,0,0,University of Debrecen,False,True,True
PRJNA1514052,excluded,age_adult_only,0,,,0,0,0,"Beijing Friendship Hospital,Capital Medical University",False,True,True
PRJNA1495969,excluded,age_adult_only,0,,,0,0,0,Zhejiang Chinese Medical University,False,True,True
PRJNA1514834,excluded,age_adult_only,0,,,0,0,0,The Second Affiliated Hospital of Hainan Medical University,False,True,True
PRJNA1499213,excluded,age_adult_only,0,,,0,0,0,Universidade Federal de Santa Catarina,False,True,True
PRJNA1513446,included,,0,,,0,0,0,"Peking University Third Hospital, Beijing",False,True,True
PRJNA1499619,excluded,age_adult_only,0,,,0,0,0,Peking Union Medical College Hospital,False,True,True
PRJNA1502892,included,,6,Hendricks H,Banerjee R,1,1,1,Vanderbilt University Medical Center,True,True,True
PRJNA1506909,excluded,host_nonhuman,0,,,0,0,0,Sichuan University,False,True,True
PRJNA1504428,included,,0,,,0,0,0,UBC,False,True,True
PRJNA239173,excluded,age_adult_only,0,,,0,0,0,McMaster University,False,True,True
PRJNA1521393,excluded,age_adult_only,0,,,0,0,0,Institute of Chemical Biology and Fundamental Medicine SB RAS,False,True,True
PRJNA1521571,excluded,site_excluded,0,,,0,0,0,Dongguk University,False,True,True
PRJNA1521563,excluded,age_adult_only,0,,,0,0,0,University of Hong Kong,False,True,True
PRJNA1521038,excluded,host_nonhuman,0,,,0,0,0,Qingdao Agricultural University,False,True,True
PRJNA1517182,excluded,age_adult_only,0,,,0,0,0,Lanzhou University,False,True,True
PRJNA1516100,excluded,age_child_over_36m,0,,,0,0,0,General Hospital of Ningxia Medical University,False,True,True
PRJNA1518291,excluded,age_adult_only,0,,,0,0,0,Chung-Ang university,False,True,True
PRJNA1516965,excluded,age_adult_only,0,,,0,0,0,guangzhou university of chinese medicine,False,True,True
PRJNA1517268,human_review,,0,,,0,0,0,South China Normal University,False,True,True
PRJNA1517838,excluded,age_adult_only,0,,,0,0,0,Chungnam National University Hospital,False,True,True
PRJNA1516698,excluded,age_adult_only,0,,,0,0,0,The First Affiliated Hospital of Henan University of Traditional Chinese Medicine,False,True,True
PRJNA1522555,excluded,site_excluded,0,,,0,0,0,First Affiliated Hospital of Dalian Medical University,False,True,True
PRJNA1522603,excluded,site_excluded,0,,,0,0,0,the Second Affiliated Hospital of Guangzhou Medical University,False,True,True
PRJNA189842,excluded,site_excluded,0,,,0,0,0,University of Birmingham,False,True,True
PRJNA284223,excluded,assay_isolate_genome,0,,,0,0,0,Technical University of Denmark,False,True,True
PRJNA277916,excluded,host_environmental,4,Driscoll HE,Dolci ED,1,0,1,University of Vermont,True,True,True
PRJNA302605,excluded,site_excluded,0,,,0,0,0,CNRS,False,True,True
PRJNA390185,excluded,assay_other_nonshotgun,0,,,0,0,0,University of Wisconsin-Madison,False,True,True
PRJNA525517,excluded,host_environmental,8,Baker JL,Shi W,1,0,1,J. Craig Venter Institute,True,True,True
PRJNA516442,excluded,site_excluded,14,Nelson MT,Hoffman LR,1,0,1,University of Washington,True,True,True
PRJNA277905,excluded,site_excluded,0,,,0,0,0,Genome Institute of Singapore,False,True,True
PRJNA528031,excluded,host_environmental,0,,,0,0,0,University College Dublin,False,True,True
PRJNA530252,excluded,site_excluded,19,Nelson MT,Hoffman LR,1,0,1,University of Washington,True,True,True
PRJNA345281,excluded,site_excluded,0,,,0,0,0,The Ohio State University,False,True,True
PRJNA507824,excluded,site_excluded,23,Blauwkamp TA,Yang S,1,0,1,"Karius, Inc",True,True,True
PRJNA253533,excluded,site_excluded,0,,,0,0,0,The First Affiliated Hospital of Nanjing Medical University,False,True,True
PRJNA337915,excluded,site_excluded,0,,,0,0,0,Walter Reed Army Institute of Research,False,True,True
PRJNA270359,excluded,host_environmental,0,,,0,0,0,BSRI,False,True,True
PRJNA46309,excluded,site_excluded,0,,,0,0,0,New York University School of Medicine,False,True,True
PRJNA587584,excluded,host_synthetic,0,,,0,0,0,City University of Hong Kong,False,True,True
PRJNA765173,excluded,host_environmental,0,,,0,0,0,Dibrugarh University,False,True,True
PRJNA631351,excluded,host_environmental,0,,,0,0,0,The University of Queensland,False,True,True
PRJNA554271,excluded,site_excluded,0,,,0,0,0,"Karius, Inc.",False,True,True
PRJNA699420,excluded,host_environmental,0,,,0,0,0,Institute of Hydrogeology and Environmental Geology,False,True,True
PRJNA666984,excluded,site_excluded,0,,,0,0,0,Korea University,False,True,True
PRJNA804004,excluded,host_synthetic,0,,,0,0,0,The University of Hong Kong,False,True,True
PRJNA668104,excluded,host_nonhuman,0,,,0,0,0,University of Copenhagen,False,True,True
PRJNA759836,excluded,site_excluded,0,,,0,0,0,Hebrew University of Jerusalem,False,True,True
PRJNA747117,excluded,host_synthetic,0,,,0,0,0,"National Institute of Advanced Industrial Science and Technology, Biomedical Research Institute",False,True,True
PRJNA674643,excluded,host_synthetic,13,Dickson ZW,Poinar H,1,0,1,McMaster University,True,True,True
PRJNA587389,excluded,host_environmental,0,,,0,0,0,"Faculty of Medicine, Kuwait University",False,True,True
PRJNA685748,excluded,host_synthetic,0,,,0,0,0,Broad Institute,False,True,True
PRJNA655751,excluded,host_environmental,0,,,0,0,0,University of Maryland,False,True,True
PRJNA680590,excluded,host_synthetic,0,,,0,0,0,Pacific Biosciences,False,True,True
PRJNA80601,excluded,site_excluded,12,Mokili JL,Rohwer F,1,0,1,San Diego State University,True,True,True
PRJNA818349,excluded,host_environmental,0,,,0,0,0,University of Maryland Baltimore; Vaginal Microbiome Research Consortium; Institute for Genome Sciences,False,True,True
PRJNA915838,excluded,age_adult_only,0,,,0,0,0,Jiangnan University,False,True,True
PRJNA853496,excluded,site_excluded,0,,,0,0,0,Beijing Stomatological Hospital,False,True,True
PRJNA863432,excluded,site_excluded,0,,,0,0,0,Sichuan Normal University,False,True,True
PRJNA903933,excluded,host_synthetic,0,,,0,0,0,Stanford University School of Medicine,False,True,True
PRJNA859275,excluded,site_excluded,0,,,0,0,0,"Shanghai Tenth People Hospital, Tongji University",False,True,True
PRJNA903542,excluded,age_unknown_no_evidence,0,,,0,0,0,Zhejiang Gongshang University,False,True,True
PRJNA913982,excluded,age_adult_only,0,,,0,0,0,FMMU,False,True,True
PRJNA817248,excluded,assay_other_nonshotgun,0,,,0,0,0,OARSA/CFSAN/FDA,False,True,True
PRJNA890567,excluded,age_unknown_no_evidence,0,,,0,0,0,Shanghai Tenth People's hospital,False,True,True
PRJNA846104,excluded,site_excluded,0,,,0,0,0,Sichuan University,False,True,True
PRJNA901969,excluded,assay_isolate_genome,0,,,0,0,0,University of Pittsburgh,False,True,True
PRJNA902178,excluded,age_unknown_no_evidence,0,,,0,0,0,Zhejiang Gongshang University,False,True,True
PRJNA834887,excluded,site_excluded,0,,,0,0,0,Inner Mongolia Agricultural University,False,True,True
PRJNA978640,excluded,host_nonhuman,0,,,0,0,0,Stanford University,False,True,True
PRJNA970510,excluded,site_excluded,0,,,0,0,0,Mahidol University,False,True,True
PRJNA971352,excluded,site_excluded,0,,,0,0,0,Oxford Clinical Research Unit,False,True,True
PRJNA942341,excluded,assay_isolate_genome,0,,,0,0,0,Institute for Systems Biology,False,True,True
PRJNA977254,excluded,site_excluded,0,,,0,0,0,The Shanghai Skin Disease Hospital of Tongji Medical University,False,True,True
PRJNA954551,excluded,host_synthetic,5,Gand M,De Keersmaecker SCJ,1,0,1,Sciensano,True,True,True
PRJNA995024,excluded,host_nonhuman,0,,,0,0,0,Guiyang University,False,True,True
PRJEB77033,excluded,host_nonhuman,3,Leonard A,Alberdi A,1,0,1,earth hologenome iniatiative; Earth Hologenome Iniatiative,True,True,True
PRJEB121293,excluded,host_nonhuman,0,,,0,0,0,Department of Biosciences,False,True,True
PRJEB125103,excluded,host_nonhuman,0,,,0,0,0,Wetsus,False,True,True
PRJEB3145,excluded,assay_isolate_genome,0,,,0,0,0,University of Oslo,False,True,True
PRJEB43051,excluded,host_environmental,0,,,0,0,0,Max Planck Institute for Evolutionary Anthropology,False,True,True
PRJNA16209,excluded,assay_rna,10,Zhang T,Ruan Y,1,0,1,Genome Institute of Singapore; San Diego State University,True,True,True
PRJNA336315,excluded,site_excluded,0,,,0,0,0,UMCU,False,True,True
PRJNA600283,excluded,assay_amplicon,0,,,0,0,0,Inova Health Systems,False,True,True
PRJNA797011,excluded,assay_rna,5,Morton SU,O'Connell AE,1,0,1,Boston Children's Hospital,True,True,True
PRJDB19503,excluded,assay_amplicon,0,,,0,0,0,"School of Systems Biomedical Science, Soongsil University",False,True,True
PRJDB39894,excluded,assay_other_nonshotgun,0,,,0,0,0,Korea Research Institute of Bioscience and Biotechnology,False,True,True
PRJNA1119695,excluded,assay_amplicon,0,,,0,0,0,Kyung Hee University,False,True,True
PRJNA1175752,excluded,site_excluded,0,,,0,0,0,Seoul National University,False,True,True
PRJDB41627,excluded,age_adult_only,0,,,0,0,0,Shanghai Jiao Tong University,False,True,True
PRJEB110094,excluded,host_nonhuman,0,,,0,0,0,Helmholtz Institute for One Health,False,True,True
PRJEB32787,excluded,host_nonhuman,0,,,0,0,0,German Federation for Biological Data; GFBIO,False,True,True
PRJEB34878,excluded,host_nonhuman,0,,,0,0,0,UNIVERSITY OF GLASGOW,False,True,True
PRJEB39013,excluded,host_environmental,0,,,0,0,0,IHE Delft Institute for Water Education,False,True,True
PRJEB40383,human_review,,0,,,0,0,0,Wellcome Sanger Institute,False,True,True
PRJEB76619,excluded,host_nonhuman,0,,,0,0,0,"Swedish University of Agricultural Sciences, Department of Animal Biosciences; Swedish University of Agricultural Sciences",False,True,True
PRJNA1087526,excluded,age_adult_only,0,,,0,0,0,Affiliated Hospital of Hebei University of Engineering,False,True,True
PRJNA1222153,excluded,host_nonhuman,7,Castillo-Fernandez J,Amos GCA,1,0,1,Waltham Petcare Science Institute,True,True,True
PRJNA1244851,excluded,age_child_over_36m,0,,,0,0,0,Geisel School of Medicine at Dartmouth,False,True,True
PRJNA1258611,excluded,age_adult_only,0,,,0,0,0,Peking University,False,True,True
PRJNA1290322,excluded,host_nonhuman,0,,,0,0,0,Duke University,False,True,True
PRJNA1290398,excluded,host_nonhuman,0,,,0,0,0,"Telethon Institute of Genetics and Medicine (TIGEM); Leibniz Institute on Aging, Fritz Lipmann Institute (FLI), Jena, Germany",False,True,True
PRJNA1308181,excluded,host_nonhuman,0,,,0,0,0,the Ohio State University,False,True,True
PRJNA1320939,excluded,host_nonhuman,0,,,0,0,0,North Carolina State University,False,True,True
PRJNA1393891,excluded,host_nonhuman,0,,,0,0,0,Nanjing University of Chinese Medicine,False,True,True
PRJNA1405777,excluded,age_child_over_36m,0,,,0,0,0,The University of Arizona,False,True,True
PRJNA1406675,excluded,host_nonhuman,11,Solano-Aguilar G,Urban JF,1,0,1,USDA-ARS,True,True,True
PRJNA1423341,excluded,host_environmental,0,,,0,0,0,San Diego State University,False,True,True
PRJNA1445377,excluded,host_nonhuman,0,,,0,0,0,Chungbuk National University,False,True,True
PRJNA1445561,excluded,age_adult_only,0,,,0,0,0,The University of Tokyo; Japanese 4D,False,True,True
PRJNA1451933,excluded,host_nonhuman,0,,,0,0,0,University of Iowa,False,True,True
PRJNA1468430,excluded,host_nonhuman,0,,,0,0,0,Inner Mongolia University,False,True,True
PRJNA1474380,excluded,age_adult_only,0,,,0,0,0,Children's Hospital of Philadelphia,False,True,True
PRJNA1481872,excluded,host_nonhuman,0,,,0,0,0,"KU Leuven Kulak, Belgium",False,True,True
PRJNA1483805,excluded,host_nonhuman,0,,,0,0,0,Universidad del Magdalena,False,True,True
PRJNA1491285,excluded,age_adult_only,0,,,0,0,0,University of Michigan,False,True,True
PRJNA1503619,excluded,age_adult_only,0,,,0,0,0,UBC,False,True,True
PRJNA471979,excluded,host_nonhuman,0,,,0,0,0,Jiangsu University,False,True,True
PRJNA531201,excluded,host_nonhuman,0,,,0,0,0,UMass Medical School,False,True,True
PRJNA770726,excluded,host_nonhuman,0,,,0,0,0,University of Arkansas for Medical Sciences,False,True,True
PRJNA800265,excluded,host_nonhuman,0,,,0,0,0,Seoul National University,False,True,True
PRJNA846791,excluded,site_excluded,0,,,0,0,0,Stanford University School of Medicine,False,True,True
PRJNA880709,excluded,host_nonhuman,0,,,0,0,0,Jinan university,False,True,True
PRJNA949029,excluded,host_environmental,0,,,0,0,0,Mediterranean Institute of Oceanography,False,True,True
PRJNA975317,excluded,assay_isolate_genome,0,,,0,0,0,University of Shanghai for Science and Technology,False,True,True
PRJNA994039,excluded,host_nonhuman,0,,,0,0,0,Nom Nom,False,True,True
PRJNA994183,excluded,host_nonhuman,0,,,0,0,0,Nom Nom,False,True,True
PRJNA31013,excluded,assay_isolate_genome,0,,,0,0,0,J. Craig Venter Institute,False,True,True
PRJNA1077459,excluded,assay_isolate_genome,6,Harsono IW,Hafifah CN,1,0,1,Universitas Indonesia,True,True,True
PRJNA1430382,excluded,assay_isolate_genome,0,,,0,0,0,Consejo Superior de Investigaciones Cientificas (CSIC),False,True,True
PRJNA19663,excluded,assay_isolate_genome,0,,,0,0,0,Washington University Genome Sequencing Center,False,True,True
PRJNA1270758,excluded,assay_isolate_genome,0,,,0,0,0,Wenzhou Medical University,False,True,True
PRJNA1191226,excluded,assay_isolate_genome,0,,,0,0,0,University of Birmingham,False,True,True
PRJNA1389337,excluded,host_environmental,0,,,0,0,0,California Department of Public Health,False,True,True
PRJNA1145565,excluded,assay_isolate_genome,7,Sung CC,Hu CF,1,0,1,Tri-Service General Hospital,True,True,True
PRJEB9867,excluded,assay_isolate_genome,0,,,0,0,0,ROBERT KOCH-INSTITUTE,False,True,True
PRJEB24865,excluded,assay_isolate_genome,0,,,0,0,0,European Bioinformatics Institute; ArrayExpress,False,True,True
PRJNA1368374,included,,0,,,0,0,0,Fudan University,False,True,True
PRJNA1314725,excluded,host_environmental,54,Firsanov D,Gorbunova V,1,0,2,University of Rochester,True,True,True
PRJNA1010893,human_review,,0,,,0,0,0,UNIVERSITY OF MINNESOTA,False,True,True
PRJNA273428,excluded,assay_isolate_genome,0,,,0,0,0,The University of Sydney,False,True,True
PRJNA1142219,excluded,assay_isolate_genome,0,,,0,0,0,Chonnam National University,False,True,True
PRJNA1334008,excluded,host_environmental,0,,,0,0,0,Pennsylvania State University,False,True,True
PRJDB3402,excluded,assay_isolate_genome,0,,,0,0,0,Osaka Prefecture University,False,True,True
PRJEB39293,excluded,assay_isolate_genome,0,,,0,0,0,CARDIFF UNIVERSITY,False,True,True
PRJNA213036,excluded,assay_isolate_genome,8,Masood N,Forsythe S,1,0,1,"Nottingham Trent University, UK",True,True,True
PRJNA203137,excluded,assay_isolate_genome,4,Treven P,Rogelj I,1,0,1,"Institute of Dairy Science and Probiotics, Department of Animal Science, Biotechnical Faculty, University of Ljubljana",True,True,True
PRJNA801086,excluded,host_environmental,0,,,0,0,0,Shanghai Children's Medical Center,False,True,True
PRJNA772001,excluded,assay_isolate_genome,0,,,0,0,0,Health Canada,False,True,True
PRJNA669437,excluded,host_environmental,0,,,0,0,0,Guangxi University,False,True,True
PRJNA512395,excluded,assay_isolate_genome,0,,,0,0,0,The University of Queensland,False,True,True
PRJNA376580,excluded,host_environmental,12,Bhardwaj A,Wuest F,3,0,3,Banfield Lab,True,True,True
PRJNA450302,excluded,assay_isolate_genome,0,,,0,0,0,Pasteur Institute of Iran,False,True,True
PRJNA786382,excluded,host_environmental,21,Stevanovski I,Deveson IW,1,0,1,Garvan Institute of Medical Research,True,True,True
PRJNA847410,excluded,assay_isolate_genome,0,,,0,0,0,"West China Second University Hospital, Sichuan University",False,True,True
PRJNA912682,excluded,assay_isolate_genome,20,Schiaffino F,Kosek MN,3,0,3,AB PRISMA,True,True,True
PRJNA799072,excluded,assay_isolate_genome,0,,,0,0,0,Korea Advanced Institute of Science and Technology,False,True,True
PRJNA838803,excluded,assay_isolate_genome,0,,,0,0,0,RAJIV GANDHI CENTRE FOR BIOTECHNOLOGY,False,True,True
PRJNA759433,excluded,assay_isolate_genome,0,,,0,0,0,Health Canada,False,True,True
PRJNA407835,excluded,assay_other_nonshotgun,0,,,0,0,0,"Institute of Dermatology, Chinese Academy of Medical Sciences and Peking Union Medical College",False,True,True
PRJNA687137,included,,0,,,0,0,0,Jiangnan University,False,True,True
PRJNA984221,excluded,age_adult_only,0,,,0,0,0,Catholic University of Leuven,False,True,True
PRJEB62678,human_review,,13,Axfors C,Skalkidou A,1,0,1,Centre for Translational Microbiome Research (CTMR),True,True,True
PRJNA1434019,human_review,,0,,,0,0,0,University of Bern,False,True,True
PRJEB64357,excluded,assay_isolate_genome,0,,,0,0,0,paranaense university; Paranaense University,False,True,True
PRJEB13965,excluded,host_environmental,0,,,0,0,0,,False,False,True
PRJEB34384,excluded,assay_isolate_genome,0,,,0,0,0,Geological Survey of Finland,False,True,True
PRJEB43160,excluded,host_environmental,0,,,0,0,0,Department of evolutionary biology and environmental studies,False,True,True
PRJEB58755,excluded,host_environmental,0,,,0,0,0,leitat technological center; Leitat Technological Center,False,True,True
PRJNA504944,excluded,site_excluded,0,,,0,0,0,"CAU Kiel, Zoological Institute",False,True,True
PRJEB31185,excluded,assay_isolate_genome,0,,,0,0,0,Max Planck Institute for Evolutionary Anthropology,False,True,True
PRJEB7331,human_review,,0,,,0,0,0,"Wellcome Trust Sanger Institute, Wellcome Genome Campus; Wellcome Trust Sanger Institute",False,True,True
PRJEB11511,excluded,age_adult_only,23,Maixner F,Zink A,1,0,1,UNIVERSITY KIEL,True,True,True
PRJEB30331,excluded,host_environmental,0,,,0,0,0,Max Planck Institute for Evolutionary Anthropology,False,True,True
PRJNA171119,excluded,host_environmental,31,Tang P,Chiu C,4,0,4,"University of California, San Francisco",True,True,True
PRJEB26427,excluded,host_environmental,0,,,0,0,0,P&G Singapore Innovation Center,False,True,True
PRJEB1198,excluded,host_environmental,0,,,0,0,0,Uppsala University,False,True,True
PRJNA266117,excluded,site_excluded,0,,,0,0,0,University of Pennsylvania,False,True,True
PRJNA50563,excluded,assay_amplicon,0,,,0,0,0,NIH Human Microbiome Consortium,False,True,True
PRJNA48333,excluded,assay_amplicon,0,,,0,0,0,NIH Human Microbiome Consortium,False,True,True
PRJEB63324,excluded,assay_isolate_genome,0,,,0,0,0,leitat technological center; Leitat Technological Center,False,True,True
PRJEB13962,excluded,host_environmental,0,,,0,0,0,,False,False,True
PRJEB21696,excluded,host_synthetic,0,,,0,0,0,THE CATHOLIC UNIVERSITY OF KOREA,False,True,True
PRJNA1378052,excluded,assay_isolate_genome,0,,,0,0,0,IBPM PSCBR RAS,False,True,True
PRJNA623799,excluded,assay_isolate_genome,0,,,0,0,0,Clark University,False,True,True
PRJNA810773,excluded,host_environmental,0,,,0,0,0,Netherlands Institute of Ecology (NIOO-KNAW),False,True,True
PRJNA884026,excluded,host_environmental,13,Ngugi DK,Pester M,1,0,1,Leibniz Institute of Freshwater Ecology and Inland Fisheries,True,True,True
PRJNA61745,included,,7,Morowitz MJ,Banfield JF,1,0,1,Univ. of Calif. Berkeley,True,True,True
PRJNA715245,excluded,age_adult_only,0,,,0,0,0,Univeristy of California San Diego,False,True,True
